Datetime,open,high,low,close
2026-07-10 09:30:00-04:00,525.6400146484375,525.9199829101562,524.5999755859375,524.760009765625
2026-07-10 09:35:00-04:00,524.7100219726562,525.364990234375,524.5700073242188,525.3505249023438
2026-07-10 09:40:00-04:00,525.3599853515625,525.3900146484375,524.510009765625,525.0650024414062
2026-07-10 09:45:00-04:00,525.1799926757812,525.1799926757812,524.6500244140625,524.6799926757812
2026-07-10 09:50:00-04:00,524.6199951171875,525.030029296875,524.47998046875,524.9000244140625
2026-07-10 09:55:00-04:00,524.8200073242188,525.0399780273438,524.6199951171875,524.8400268554688
2026-07-10 10:00:00-04:00,524.8400268554688,524.969970703125,524.6199951171875,524.7999877929688
2026-07-10 10:05:00-04:00,524.8099975585938,524.9600219726562,524.4500122070312,524.5
2026-07-10 10:10:00-04:00,524.510009765625,524.5399780273438,523.8800048828125,523.8800048828125
2026-07-10 10:15:00-04:00,523.8800048828125,525.0,523.780029296875,524.97998046875
2026-07-10 10:20:00-04:00,524.9899291992188,525.22998046875,524.8900146484375,524.8900146484375
2026-07-10 10:25:00-04:00,524.7999877929688,525.27001953125,524.77001953125,525.0
2026-07-10 10:30:00-04:00,524.969970703125,525.1199951171875,521.739990234375,523.6699829101562
2026-07-10 10:35:00-04:00,523.6799926757812,524.7100219726562,523.4400024414062,524.27001953125
2026-07-10 10:40:00-04:00,524.2899780273438,524.97998046875,524.25,524.9500122070312
2026-07-10 10:45:00-04:00,524.9600219726562,525.02001953125,524.5700073242188,524.969970703125
2026-07-10 10:50:00-04:00,525.010009765625,525.1699829101562,524.9099731445312,524.9299926757812
2026-07-10 10:55:00-04:00,524.8900146484375,524.9400024414062,524.3499755859375,524.5499877929688
2026-07-10 11:00:00-04:00,524.6500244140625,524.9450073242188,524.5,524.719970703125
2026-07-10 11:05:00-04:00,524.72998046875,525.030029296875,524.6599731445312,525.030029296875
2026-07-10 11:10:00-04:00,525.0399780273438,525.1599731445312,524.8699951171875,525.1500244140625
2026-07-10 11:15:00-04:00,525.1900024414062,525.739990234375,525.1900024414062,525.5399780273438
2026-07-10 11:20:00-04:00,525.5399780273438,525.72998046875,525.1699829101562,525.5999755859375
2026-07-10 11:25:00-04:00,525.6649780273438,525.8900146484375,525.530029296875,525.6799926757812
2026-07-10 11:30:00-04:00,525.719970703125,525.7291259765625,525.3800048828125,525.4500122070312
2026-07-10 11:35:00-04:00,525.4600219726562,525.4949951171875,525.2100219726562,525.22998046875
2026-07-10 11:40:00-04:00,525.22998046875,525.469970703125,525.0599975585938,525.369384765625
2026-07-10 11:45:00-04:00,525.2899780273438,525.3300170898438,525.0800170898438,525.2100219726562
2026-07-10 11:50:00-04:00,525.2000122070312,525.6099853515625,525.1400146484375,525.6099853515625
2026-07-10 11:55:00-04:00,525.5800170898438,525.6599731445312,525.3350219726562,525.3499755859375
2026-07-10 12:00:00-04:00,525.3400268554688,525.6400146484375,525.2000122070312,525.2949829101562
2026-07-10 12:05:00-04:00,525.25,525.2579956054688,524.989990234375,525.1199951171875
2026-07-10 12:10:00-04:00,525.0800170898438,525.3800048828125,525.0599975585938,525.3800048828125
2026-07-10 12:15:00-04:00,525.4299926757812,525.6099853515625,525.239990234375,525.2999877929688
2026-07-10 12:20:00-04:00,525.2899780273438,525.2899780273438,524.969970703125,525.010009765625
2026-07-10 12:25:00-04:00,525.030029296875,525.0900268554688,524.8699951171875,525.0700073242188
2026-07-10 12:30:00-04:00,525.10498046875,525.3900146484375,525.0999755859375,525.1599731445312
2026-07-10 12:35:00-04:00,525.0999755859375,525.1699829101562,524.8200073242188,525.1300048828125
2026-07-10 12:40:00-04:00,525.1099853515625,525.3900146484375,525.0914916992188,525.3800048828125
2026-07-10 12:45:00-04:00,525.4099731445312,525.5499877929688,525.39501953125,525.5031127929688
2026-07-10 12:50:00-04:00,525.510009765625,525.6699829101562,525.47998046875,525.6300048828125
2026-07-10 12:55:00-04:00,525.6400146484375,525.760009765625,525.6300048828125,525.64501953125
2026-07-10 13:00:00-04:00,525.6799926757812,525.6799926757812,525.4849853515625,525.5599975585938
2026-07-10 13:05:00-04:00,525.5900268554688,525.6099853515625,525.52001953125,525.52001953125
2026-07-10 13:10:00-04:00,525.52001953125,525.72998046875,525.4600219726562,525.719970703125
2026-07-10 13:15:00-04:00,525.70751953125,525.9299926757812,525.7000122070312,525.7949829101562
2026-07-10 13:20:00-04:00,525.8200073242188,525.8200073242188,525.5900268554688,525.6300048828125
2026-07-10 13:25:00-04:00,525.6199951171875,525.6599731445312,525.5200805664062,525.6400146484375
2026-07-10 13:30:00-04:00,525.6400146484375,525.780029296875,525.6099853515625,525.760009765625
2026-07-10 13:35:00-04:00,525.77001953125,525.9400024414062,525.75,525.75
2026-07-10 13:40:00-04:00,525.760009765625,525.8200073242188,525.6599731445312,525.7100219726562
2026-07-10 13:45:00-04:00,525.7100219726562,525.97998046875,525.6900024414062,525.8800048828125
2026-07-10 13:50:00-04:00,525.8699951171875,525.989990234375,525.8400268554688,525.969970703125
2026-07-10 13:55:00-04:00,525.969970703125,525.97998046875,525.7100219726562,525.7100219726562
2026-07-10 14:00:00-04:00,525.719970703125,525.77001953125,525.5800170898438,525.6599731445312
2026-07-10 14:05:00-04:00,525.7000122070312,525.8900146484375,525.6799926757812,525.8900146484375
2026-07-10 14:10:00-04:00,525.8599853515625,526.0700073242188,525.8099975585938,525.8400268554688
2026-07-10 14:15:00-04:00,525.8400268554688,525.9199829101562,525.7949829101562,525.8400268554688
2026-07-10 14:20:00-04:00,525.8499755859375,525.9600219726562,525.8300170898438,525.9199829101562
2026-07-10 14:25:00-04:00,525.9400024414062,526.1699829101562,525.9000244140625,526.0150146484375
2026-07-10 14:30:00-04:00,526.030029296875,526.1699829101562,525.9749755859375,525.989990234375
2026-07-10 14:35:00-04:00,525.97998046875,526.0599975585938,525.9199829101562,526.0
2026-07-10 14:40:00-04:00,525.989990234375,526.1799926757812,525.97998046875,526.0999755859375
2026-07-10 14:45:00-04:00,526.1199951171875,526.1749877929688,526.0999755859375,526.1199951171875
2026-07-10 14:50:00-04:00,526.0999755859375,526.0999755859375,525.969970703125,526.0800170898438
2026-07-10 14:55:00-04:00,526.0599975585938,526.1400146484375,526.02001953125,526.0800170898438
2026-07-10 15:00:00-04:00,526.0800170898438,526.239990234375,526.030029296875,526.1900024414062
2026-07-10 15:05:00-04:00,526.2000122070312,526.3699951171875,526.1799926757812,526.3699951171875
2026-07-10 15:10:00-04:00,526.3599853515625,526.469970703125,526.3599853515625,526.3699951171875
2026-07-10 15:15:00-04:00,526.3800048828125,526.4600219726562,526.3099975585938,526.3400268554688
2026-07-10 15:20:00-04:00,526.2899780273438,526.4000244140625,526.25,526.3900146484375
2026-07-10 15:25:00-04:00,526.4000244140625,526.4500122070312,526.3200073242188,526.3200073242188
2026-07-10 15:30:00-04:00,526.3099975585938,526.3099975585938,526.0399780273438,526.1599731445312
2026-07-10 15:35:00-04:00,526.1599731445312,526.1849975585938,526.0499877929688,526.1199951171875
2026-07-10 15:40:00-04:00,526.1199951171875,526.3099975585938,526.030029296875,526.280029296875
2026-07-10 15:45:00-04:00,526.25,526.375,526.1900024414062,526.27001953125
2026-07-10 15:50:00-04:00,526.2899780273438,526.4199829101562,526.2299194335938,526.2899780273438
2026-07-10 15:55:00-04:00,526.2899169921875,526.2999877929688,525.5800170898438,525.77001953125
2026-07-13 09:30:00-04:00,525.8400268554688,527.4299926757812,525.6900024414062,526.9600219726562
2026-07-13 09:35:00-04:00,527.0,527.280029296875,526.4600219726562,526.8099975585938
2026-07-13 09:40:00-04:00,526.7899780273438,526.8900146484375,526.469970703125,526.52001953125
2026-07-13 09:45:00-04:00,526.52001953125,527.0899047851562,526.1799926757812,526.9500122070312
2026-07-13 09:50:00-04:00,526.9099731445312,527.719970703125,526.5499877929688,527.6900024414062
2026-07-13 09:55:00-04:00,527.6599731445312,527.8499755859375,527.3599853515625,527.6199951171875
2026-07-13 10:00:00-04:00,527.6400146484375,527.8599853515625,526.719970703125,526.75
2026-07-13 10:05:00-04:00,526.719970703125,526.77001953125,525.9600219726562,526.0800170898438
2026-07-13 10:10:00-04:00,526.2000122070312,526.8800048828125,526.0900268554688,526.7999877929688
2026-07-13 10:15:00-04:00,526.8200073242188,526.9500122070312,524.72998046875,525.7999877929688
2026-07-13 10:20:00-04:00,525.9099731445312,526.22998046875,525.280029296875,526.22998046875
2026-07-13 10:25:00-04:00,526.2249755859375,526.280029296875,526.0,526.0900268554688
2026-07-13 10:30:00-04:00,526.0900268554688,526.0900268554688,525.489990234375,525.5599975585938
2026-07-13 10:35:00-04:00,525.5999755859375,525.5999755859375,525.0700073242188,525.2100219726562
2026-07-13 10:40:00-04:00,525.1300048828125,525.280029296875,524.7550048828125,524.8800048828125
2026-07-13 10:45:00-04:00,524.8900146484375,525.1300048828125,524.5700073242188,525.1124877929688
2026-07-13 10:50:00-04:00,525.2100219726562,525.2100219726562,524.5800170898438,524.8400268554688
2026-07-13 10:55:00-04:00,524.8499755859375,525.1699829101562,524.8101196289062,525.1099853515625
2026-07-13 11:00:00-04:00,525.1500244140625,525.280029296875,524.739990234375,524.7899780273438
2026-07-13 11:05:00-04:00,524.760009765625,525.02001953125,524.635009765625,524.9149780273438
2026-07-13 11:10:00-04:00,524.9299926757812,525.0499877929688,524.719970703125,524.8800048828125
2026-07-13 11:15:00-04:00,524.9099731445312,524.9600219726562,524.6599731445312,524.9400024414062
2026-07-13 11:20:00-04:00,524.9099731445312,524.9400024414062,524.7000122070312,524.8200073242188
2026-07-13 11:25:00-04:00,524.760009765625,524.9600219726562,524.530029296875,524.9199829101562
2026-07-13 11:30:00-04:00,524.9400024414062,524.9550170898438,524.5501098632812,524.6599731445312
2026-07-13 11:35:00-04:00,524.6500854492188,524.8900146484375,524.6300048828125,524.6300048828125
2026-07-13 11:40:00-04:00,524.6199951171875,524.719970703125,524.510009765625,524.54248046875
2026-07-13 11:45:00-04:00,524.5,524.7050170898438,524.5,524.6400146484375
2026-07-13 11:50:00-04:00,524.6400146484375,524.8200073242188,524.469970703125,524.75
2026-07-13 11:55:00-04:00,524.739990234375,524.739990234375,524.280029296875,524.3499755859375
2026-07-13 12:00:00-04:00,524.2849731445312,524.469970703125,524.2100219726562,524.39501953125
2026-07-13 12:05:00-04:00,524.4000244140625,524.4650268554688,524.260009765625,524.3099975585938
2026-07-13 12:10:00-04:00,524.2899780273438,524.489990234375,524.1649780273438,524.1649780273438
2026-07-13 12:15:00-04:00,524.1400146484375,524.1400146484375,523.7550048828125,523.8200073242188
2026-07-13 12:20:00-04:00,523.8599853515625,524.0,523.7899780273438,523.7899780273438
2026-07-13 12:25:00-04:00,523.7899780273438,523.8099975585938,523.1300048828125,523.3300170898438
2026-07-13 12:30:00-04:00,523.3800048828125,523.4000854492188,523.0999755859375,523.1500244140625
2026-07-13 12:35:00-04:00,523.1500244140625,523.9600219726562,522.9000244140625,523.7999877929688
2026-07-13 12:40:00-04:00,523.8099975585938,524.2299194335938,523.6599731445312,524.1300048828125
2026-07-13 12:45:00-04:00,524.1799926757812,524.3099975585938,523.8900146484375,523.9500122070312
2026-07-13 12:50:00-04:00,523.97998046875,523.97998046875,523.510009765625,523.5700073242188
2026-07-13 12:55:00-04:00,523.5499877929688,523.9450073242188,523.530029296875,523.8499755859375
2026-07-13 13:00:00-04:00,523.9600219726562,524.0800170898438,523.9000244140625,523.9249877929688
2026-07-13 13:05:00-04:00,523.9199829101562,524.25,523.9199829101562,524.1900024414062
2026-07-13 13:10:00-04:00,524.239990234375,524.3800048828125,524.2000122070312,524.260009765625
2026-07-13 13:15:00-04:00,524.25,524.5,524.1199951171875,524.4600219726562
2026-07-13 13:20:00-04:00,524.4400024414062,524.6500244140625,524.2100219726562,524.2100219726562
2026-07-13 13:25:00-04:00,524.239990234375,524.3400268554688,524.1400146484375,524.239990234375
2026-07-13 13:30:00-04:00,524.3099975585938,524.4500122070312,524.1749877929688,524.280029296875
2026-07-13 13:35:00-04:00,524.3150024414062,524.3699951171875,524.1900024414062,524.3200073242188
2026-07-13 13:40:00-04:00,524.3099975585938,524.530029296875,524.22998046875,524.469970703125
2026-07-13 13:45:00-04:00,524.530029296875,524.7100219726562,524.3300170898438,524.3400268554688
2026-07-13 13:50:00-04:00,524.3499755859375,524.3699951171875,524.1500244140625,524.1900024414062
2026-07-13 13:55:00-04:00,524.219970703125,524.22998046875,523.9099731445312,523.968505859375
2026-07-13 14:00:00-04:00,523.989990234375,524.4299926757812,523.969970703125,524.3900146484375
2026-07-13 14:05:00-04:00,524.4000244140625,524.6300048828125,524.3599853515625,524.3599853515625
2026-07-13 14:10:00-04:00,524.3599853515625,524.3599853515625,524.0900268554688,524.246826171875
2026-07-13 14:15:00-04:00,524.2449951171875,524.260009765625,523.8400268554688,523.8900146484375
2026-07-13 14:20:00-04:00,523.8699951171875,524.0900268554688,523.760009765625,524.0900268554688
2026-07-13 14:25:00-04:00,524.0999755859375,524.155029296875,523.97998046875,524.0399780273438
2026-07-13 14:30:00-04:00,524.0449829101562,524.1300048828125,523.9249877929688,523.989990234375
2026-07-13 14:35:00-04:00,523.97998046875,524.219970703125,523.969970703125,524.1799926757812
2026-07-13 14:40:00-04:00,524.1400146484375,524.3599853515625,524.0599975585938,524.280029296875
2026-07-13 14:45:00-04:00,524.3099975585938,524.3350219726562,524.1099853515625,524.22998046875
2026-07-13 14:50:00-04:00,524.22998046875,524.4000244140625,524.1500244140625,524.280029296875
2026-07-13 14:55:00-04:00,524.27001953125,524.4000244140625,524.25,524.3200073242188
2026-07-13 15:00:00-04:00,524.3400268554688,524.3699951171875,524.0900268554688,524.3699951171875
2026-07-13 15:05:00-04:00,524.3200073242188,524.3599853515625,524.1849975585938,524.1900024414062
2026-07-13 15:10:00-04:00,524.1900024414062,524.3599853515625,524.0900268554688,524.3400268554688
2026-07-13 15:15:00-04:00,524.3400268554688,524.5999755859375,524.280029296875,524.4299926757812
2026-07-13 15:20:00-04:00,524.4299926757812,524.47998046875,524.1300048828125,524.280029296875
2026-07-13 15:25:00-04:00,524.25,524.25,523.75,523.8699951171875
2026-07-13 15:30:00-04:00,523.8300170898438,524.0599975585938,523.7650146484375,523.9199829101562
2026-07-13 15:35:00-04:00,523.9199829101562,523.9199829101562,523.5700073242188,523.7899780273438
2026-07-13 15:40:00-04:00,523.780029296875,524.1400146484375,523.780029296875,524.1199951171875
2026-07-13 15:45:00-04:00,524.1300048828125,524.27001953125,524.0399780273438,524.22998046875
2026-07-13 15:50:00-04:00,524.2100219726562,524.5599975585938,524.0599975585938,524.3499755859375
2026-07-13 15:55:00-04:00,524.4000244140625,524.6500244140625,524.3300170898438,524.4600219726562
2026-07-14 09:30:00-04:00,523.3200073242188,523.989990234375,522.5599975585938,523.5499877929688
2026-07-14 09:35:00-04:00,523.489990234375,524.739990234375,523.219970703125,524.6900024414062
2026-07-14 09:40:00-04:00,524.635009765625,525.72998046875,524.4600219726562,525.6199951171875
2026-07-14 09:45:00-04:00,525.6199951171875,525.6199951171875,524.4400024414062,524.7899780273438
2026-07-14 09:50:00-04:00,524.77001953125,525.2849731445312,524.6300048828125,524.9199829101562
2026-07-14 09:55:00-04:00,524.97998046875,525.0999755859375,524.4400024414062,525.0700073242188
2026-07-14 10:00:00-04:00,525.0700073242188,525.6799926757812,524.780029296875,525.4500122070312
2026-07-14 10:05:00-04:00,525.4400024414062,525.760009765625,525.2100219726562,525.5
2026-07-14 10:10:00-04:00,525.469970703125,525.8699951171875,525.0900268554688,525.8699951171875
2026-07-14 10:15:00-04:00,525.8900146484375,525.8900146484375,524.8400268554688,525.264404296875
2026-07-14 10:20:00-04:00,525.3599853515625,525.6799926757812,525.25,525.4450073242188
2026-07-14 10:25:00-04:00,525.3699951171875,525.77001953125,525.1500244140625,525.4299926757812
2026-07-14 10:30:00-04:00,525.4400024414062,526.719970703125,525.1199951171875,525.6799926757812
2026-07-14 10:35:00-04:00,525.6699829101562,525.760009765625,525.27001953125,525.5800170898438
2026-07-14 10:40:00-04:00,525.5999755859375,525.760009765625,524.97998046875,525.010009765625
2026-07-14 10:45:00-04:00,524.9299926757812,525.0800170898438,524.655029296875,524.6749877929688
2026-07-14 10:50:00-04:00,524.6749877929688,524.72998046875,524.3699951171875,524.5599975585938
2026-07-14 10:55:00-04:00,524.5999755859375,524.8200073242188,524.4500122070312,524.4650268554688
2026-07-14 11:00:00-04:00,524.5599975585938,525.5599975585938,523.989990234375,525.0999755859375
2026-07-14 11:05:00-04:00,525.0599975585938,525.3699951171875,524.8499755859375,525.0800170898438
2026-07-14 11:10:00-04:00,525.0700073242188,525.260009765625,524.6099853515625,524.6400146484375
2026-07-14 11:15:00-04:00,524.6400146484375,524.6599731445312,523.9299926757812,524.030029296875
2026-07-14 11:20:00-04:00,524.030029296875,524.47998046875,523.8400268554688,524.469970703125
2026-07-14 11:25:00-04:00,524.489990234375,524.6500244140625,524.25,524.5
2026-07-14 11:30:00-04:00,524.5349731445312,524.739990234375,524.1699829101562,524.1699829101562
2026-07-14 11:35:00-04:00,524.219970703125,524.219970703125,523.5800170898438,523.5900268554688
2026-07-14 11:40:00-04:00,523.5499877929688,523.5499877929688,522.6699829101562,523.47998046875
2026-07-14 11:45:00-04:00,523.52001953125,523.7999877929688,523.510009765625,523.5800170898438
2026-07-14 11:50:00-04:00,523.5800170898438,523.5900268554688,523.3400268554688,523.469970703125
2026-07-14 11:55:00-04:00,523.47998046875,523.5399780273438,523.3099975585938,523.510009765625
2026-07-14 12:00:00-04:00,523.5700073242188,523.5700073242188,523.2100219726562,523.3599853515625
2026-07-14 12:05:00-04:00,523.4400024414062,523.510009765625,523.1900024414062,523.4400024414062
2026-07-14 12:10:00-04:00,523.469970703125,523.89990234375,523.2999877929688,523.7899780273438
2026-07-14 12:15:00-04:00,523.7999877929688,523.8599853515625,523.2100219726562,523.3300170898438
2026-07-14 12:20:00-04:00,523.3200073242188,523.3699951171875,523.0900268554688,523.1400146484375
2026-07-14 12:25:00-04:00,523.1400146484375,523.2100219726562,522.9099731445312,523.0999755859375
2026-07-14 12:30:00-04:00,523.0800170898438,523.530029296875,523.0250244140625,523.3900146484375
2026-07-14 12:35:00-04:00,523.3900146484375,523.5700073242188,523.3300170898438,523.4400024414062
2026-07-14 12:40:00-04:00,523.4299926757812,523.6599731445312,523.3200073242188,523.3200073242188
2026-07-14 12:45:00-04:00,523.3300170898438,523.4450073242188,523.0,523.2899780273438
2026-07-14 12:50:00-04:00,523.2949829101562,523.5736083984375,523.2000122070312,523.458984375
2026-07-14 12:55:00-04:00,523.530029296875,523.6199951171875,523.2999877929688,523.5650024414062
2026-07-14 13:00:00-04:00,523.6400146484375,523.77001953125,523.489990234375,523.52001953125
2026-07-14 13:05:00-04:00,523.530029296875,523.760009765625,523.4400024414062,523.760009765625
2026-07-14 13:10:00-04:00,523.719970703125,523.8499755859375,523.6400146484375,523.6400146484375
2026-07-14 13:15:00-04:00,523.6400146484375,523.780029296875,523.4099731445312,523.77001953125
2026-07-14 13:20:00-04:00,523.7100219726562,524.0700073242188,523.6900024414062,524.030029296875
2026-07-14 13:25:00-04:00,524.0499877929688,524.1699829101562,523.9099731445312,524.0399780273438
2026-07-14 13:30:00-04:00,524.1199951171875,524.1300048828125,523.8800048828125,523.9000244140625
2026-07-14 13:35:00-04:00,523.8699951171875,523.8699951171875,523.6400146484375,523.72998046875
2026-07-14 13:40:00-04:00,523.75,523.75,523.5626220703125,523.6599731445312
2026-07-14 13:45:00-04:00,523.6610107421875,523.8300170898438,523.510009765625,523.760009765625
2026-07-14 13:50:00-04:00,523.75,523.969970703125,523.7000122070312,523.7050170898438
2026-07-14 13:55:00-04:00,523.7550048828125,523.8200073242188,523.6599731445312,523.72998046875
2026-07-14 14:00:00-04:00,523.719970703125,523.9000244140625,523.47998046875,523.8599853515625
2026-07-14 14:05:00-04:00,523.8599853515625,524.2050170898438,523.8599853515625,523.989990234375
2026-07-14 14:10:00-04:00,523.97998046875,524.239990234375,523.969970703125,524.2390747070312
2026-07-14 14:15:00-04:00,524.1950073242188,524.3400268554688,524.0700073242188,524.239990234375
2026-07-14 14:20:00-04:00,524.239990234375,524.3699951171875,524.0700073242188,524.0900268554688
2026-07-14 14:25:00-04:00,524.0700073242188,524.239990234375,524.0,524.2000122070312
2026-07-14 14:30:00-04:00,524.260009765625,524.27001953125,524.094970703125,524.1400146484375
2026-07-14 14:35:00-04:00,524.1199951171875,524.280029296875,524.0399780273438,524.260009765625
2026-07-14 14:40:00-04:00,524.239990234375,524.239990234375,523.9199829101562,524.0999755859375
2026-07-14 14:45:00-04:00,524.0938110351562,524.1799926757812,524.0,524.1300048828125
2026-07-14 14:50:00-04:00,524.1300048828125,524.260009765625,524.0900268554688,524.260009765625
2026-07-14 14:55:00-04:00,524.260009765625,524.3499755859375,524.2000122070312,524.239990234375
2026-07-14 15:00:00-04:00,524.280029296875,524.530029296875,524.2249755859375,524.52001953125
2026-07-14 15:05:00-04:00,524.5,524.6699829101562,524.489990234375,524.5399780273438
2026-07-14 15:10:00-04:00,524.5700073242188,524.5999755859375,524.25,524.4000244140625
2026-07-14 15:15:00-04:00,524.4299926757812,524.5900268554688,524.3599853515625,524.4299926757812
2026-07-14 15:20:00-04:00,524.4099731445312,524.739990234375,524.39501953125,524.739990234375
2026-07-14 15:25:00-04:00,524.77001953125,524.9199829101562,524.760009765625,524.8599853515625
2026-07-14 15:30:00-04:00,524.8699951171875,524.8900146484375,524.6199951171875,524.719970703125
2026-07-14 15:35:00-04:00,524.7000122070312,525.02001953125,524.6500244140625,524.8250122070312
2026-07-14 15:40:00-04:00,524.8099975585938,525.0800170898438,524.780029296875,525.0050048828125
2026-07-14 15:45:00-04:00,524.97998046875,525.10498046875,524.9500122070312,525.010009765625
2026-07-14 15:50:00-04:00,525.030029296875,525.0700073242188,524.6900024414062,524.7650146484375
2026-07-14 15:55:00-04:00,524.780029296875,525.0499877929688,524.6300048828125,524.6699829101562
2026-07-15 09:30:00-04:00,525.89501953125,526.1199951171875,524.530029296875,526.0900268554688
2026-07-15 09:35:00-04:00,526.030029296875,527.72998046875,525.6699829101562,526.7949829101562
2026-07-15 09:40:00-04:00,526.739990234375,526.739990234375,526.0599975585938,526.4500122070312
2026-07-15 09:45:00-04:00,526.4500122070312,526.469970703125,525.3300170898438,526.0900268554688
2026-07-15 09:50:00-04:00,526.1099853515625,526.489990234375,525.739990234375,526.4099731445312
2026-07-15 09:55:00-04:00,526.489990234375,526.844970703125,526.0700073242188,526.2899780273438
2026-07-15 10:00:00-04:00,526.3800048828125,526.844970703125,526.0999755859375,526.1223754882812
2026-07-15 10:05:00-04:00,526.10498046875,526.4199829101562,525.9249877929688,526.0794067382812
2026-07-15 10:10:00-04:00,526.0549926757812,526.4400024414062,525.9099731445312,526.3900146484375
2026-07-15 10:15:00-04:00,526.4099731445312,527.7000122070312,526.3900146484375,527.4000244140625
2026-07-15 10:20:00-04:00,527.4000244140625,527.469970703125,526.489990234375,526.77001953125
2026-07-15 10:25:00-04:00,526.6599731445312,527.0999755859375,526.4299926757812,526.9199829101562
2026-07-15 10:30:00-04:00,526.989990234375,527.3200073242188,526.6300048828125,527.2899780273438
2026-07-15 10:35:00-04:00,527.260009765625,527.4000244140625,526.77001953125,526.7999877929688
2026-07-15 10:40:00-04:00,526.77001953125,526.9000244140625,526.4099731445312,526.6199951171875
2026-07-15 10:45:00-04:00,526.5900268554688,526.5900268554688,526.0,526.4299926757812
2026-07-15 10:50:00-04:00,526.47998046875,526.780029296875,526.280029296875,526.4000244140625
2026-07-15 10:55:00-04:00,526.4000244140625,526.510009765625,526.1500244140625,526.4400024414062
2026-07-15 11:00:00-04:00,526.4500122070312,526.6199951171875,526.3300170898438,526.4099731445312
2026-07-15 11:05:00-04:00,526.4199829101562,526.7999877929688,526.1599731445312,526.5999755859375
2026-07-15 11:10:00-04:00,526.6199951171875,526.6199951171875,526.02001953125,526.0700073242188
2026-07-15 11:15:00-04:00,526.0599975585938,526.510009765625,525.77001953125,526.3499755859375
2026-07-15 11:20:00-04:00,526.3150024414062,526.4598999023438,526.0850219726562,526.0999755859375
2026-07-15 11:25:00-04:00,526.1099853515625,526.25,525.8300170898438,526.25
2026-07-15 11:30:00-04:00,526.1649780273438,526.3699951171875,525.97998046875,526.2000122070312
2026-07-15 11:35:00-04:00,526.2100219726562,526.4400024414062,526.0700073242188,526.3400268554688
2026-07-15 11:40:00-04:00,526.3699951171875,526.4600219726562,526.22998046875,526.2849731445312
2026-07-15 11:45:00-04:00,526.1799926757812,526.3800048828125,526.1599731445312,526.219970703125
2026-07-15 11:50:00-04:00,526.0900268554688,526.0900268554688,525.8499755859375,526.0900268554688
2026-07-15 11:55:00-04:00,526.0499877929688,526.0499877929688,525.6699829101562,525.739990234375
2026-07-15 12:00:00-04:00,525.7999877929688,525.8099975585938,525.47998046875,525.708984375
2026-07-15 12:05:00-04:00,525.6900024414062,525.6900024414062,525.3699951171875,525.5800170898438
2026-07-15 12:10:00-04:00,525.5850219726562,525.5999755859375,525.0,525.0
2026-07-15 12:15:00-04:00,524.9500122070312,525.052490234375,524.4400024414062,524.510009765625
2026-07-15 12:20:00-04:00,524.52001953125,524.5399780273438,523.7816772460938,523.7816772460938
2026-07-15 12:25:00-04:00,523.739990234375,524.1900024414062,523.7000122070312,524.1599731445312
2026-07-15 12:30:00-04:00,524.1799926757812,524.27001953125,523.8900146484375,523.9099731445312
2026-07-15 12:35:00-04:00,523.9199829101562,524.0650024414062,523.7899780273438,523.9600219726562
2026-07-15 12:40:00-04:00,523.97998046875,524.1300048828125,523.7899780273438,524.1300048828125
2026-07-15 12:45:00-04:00,524.135009765625,525.1199951171875,524.0800170898438,524.3400268554688
2026-07-15 12:50:00-04:00,524.3400268554688,524.760009765625,524.3400268554688,524.52001953125
2026-07-15 12:55:00-04:00,524.5700073242188,524.7899780273438,524.4099731445312,524.75
2026-07-15 13:00:00-04:00,524.780029296875,525.02001953125,524.72998046875,524.9149780273438
2026-07-15 13:05:00-04:00,524.9400024414062,525.1699829101562,524.8599853515625,524.8900146484375
2026-07-15 13:10:00-04:00,524.8699951171875,525.0,524.6099853515625,524.6099853515625
2026-07-15 13:15:00-04:00,524.6400146484375,524.8400268554688,524.5999755859375,524.77001953125
2026-07-15 13:20:00-04:00,524.77001953125,524.8499755859375,524.4849853515625,524.5900268554688
2026-07-15 13:25:00-04:00,524.719970703125,525.2000122070312,524.719970703125,525.2000122070312
2026-07-15 13:30:00-04:00,525.1900024414062,525.3800048828125,525.1400146484375,525.2550048828125
2026-07-15 13:35:00-04:00,525.27001953125,525.6099853515625,525.27001953125,525.5900268554688
2026-07-15 13:40:00-04:00,525.5499877929688,525.72998046875,525.4500122070312,525.5800170898438
2026-07-15 13:45:00-04:00,525.5750122070312,525.9600219726562,525.5700073242188,525.9600219726562
2026-07-15 13:50:00-04:00,525.989990234375,526.0999755859375,525.6900024414062,526.0499877929688
2026-07-15 13:55:00-04:00,526.030029296875,526.0399780273438,525.905029296875,525.9949951171875
2026-07-15 14:00:00-04:00,526.010009765625,526.1900024414062,525.9600219726562,526.0800170898438
2026-07-15 14:05:00-04:00,526.0499877929688,526.3150024414062,526.0499877929688,526.1599731445312
2026-07-15 14:10:00-04:00,526.219970703125,526.3200073242188,526.1300048828125,526.1400146484375
2026-07-15 14:15:00-04:00,526.1500244140625,526.1799926757812,525.8900146484375,525.9199829101562
2026-07-15 14:20:00-04:00,525.9299926757812,525.9400024414062,525.7650146484375,525.8599853515625
2026-07-15 14:25:00-04:00,525.9000244140625,525.9849853515625,525.8400268554688,525.9199829101562
2026-07-15 14:30:00-04:00,525.9500122070312,526.114990234375,525.7899780273438,526.0700073242188
2026-07-15 14:35:00-04:00,525.9600219726562,526.0800170898438,525.8800048828125,526.0800170898438
2026-07-15 14:40:00-04:00,526.1300048828125,526.1900024414062,525.844970703125,525.85498046875
2026-07-15 14:45:00-04:00,525.7999877929688,525.7999877929688,525.3599853515625,525.5999755859375
2026-07-15 14:50:00-04:00,525.5900268554688,525.5900268554688,525.4000244140625,525.4400024414062
2026-07-15 14:55:00-04:00,525.4299926757812,525.5800170898438,525.4299926757812,525.469970703125
2026-07-15 15:00:00-04:00,525.3599853515625,525.52001953125,525.22998046875,525.2999877929688
2026-07-15 15:05:00-04:00,525.3150024414062,525.4500122070312,525.1699829101562,525.4400024414062
2026-07-15 15:10:00-04:00,525.4400024414062,525.7999877929688,525.4000244140625,525.780029296875
2026-07-15 15:15:00-04:00,525.7999877929688,526.030029296875,525.72998046875,525.9400024414062
2026-07-15 15:20:00-04:00,525.9299926757812,525.9400024414062,525.719970703125,525.719970703125
2026-07-15 15:25:00-04:00,525.739990234375,525.8499755859375,525.6500244140625,525.6799926757812
2026-07-15 15:30:00-04:00,525.6799926757812,525.75,525.2999877929688,525.4099731445312
2026-07-15 15:35:00-04:00,525.2949829101562,525.739990234375,525.27001953125,525.6749877929688
2026-07-15 15:40:00-04:00,525.7000122070312,525.8699951171875,525.5999755859375,525.8499755859375
2026-07-15 15:45:00-04:00,525.8599853515625,525.9500122070312,525.530029296875,525.614990234375
2026-07-15 15:50:00-04:00,525.6699829101562,525.875,525.5399780273438,525.75
2026-07-15 15:55:00-04:00,525.72998046875,526.02001953125,525.5999755859375,526.010009765625
2026-07-16 09:30:00-04:00,526.8099975585938,527.77001953125,526.4199829101562,526.5700073242188
2026-07-16 09:35:00-04:00,526.6300048828125,527.010009765625,526.489990234375,526.7449951171875
2026-07-16 09:40:00-04:00,526.75,527.010009765625,525.9000244140625,526.9000244140625
2026-07-16 09:45:00-04:00,526.8599853515625,527.1300048828125,526.1599731445312,526.4400024414062
2026-07-16 09:50:00-04:00,526.4099731445312,526.780029296875,525.9600219726562,526.0700073242188
2026-07-16 09:55:00-04:00,526.030029296875,526.030029296875,525.47998046875,525.6500244140625
2026-07-16 10:00:00-04:00,525.5999755859375,526.1900024414062,525.5999755859375,526.1500244140625
2026-07-16 10:05:00-04:00,526.3699951171875,526.3699951171875,526.030029296875,526.3699951171875
2026-07-16 10:10:00-04:00,526.35498046875,526.8350219726562,525.9199829101562,525.9199829101562
2026-07-16 10:15:00-04:00,525.9099731445312,526.0599975585938,525.510009765625,526.0599975585938
2026-07-16 10:20:00-04:00,526.0499877929688,526.2999877929688,525.77001953125,526.280029296875
2026-07-16 10:25:00-04:00,526.2449951171875,526.8699951171875,526.2449951171875,526.760009765625
2026-07-16 10:30:00-04:00,526.739990234375,527.02001953125,526.6699829101562,526.7899780273438
2026-07-16 10:35:00-04:00,526.7750244140625,526.8300170898438,526.2999877929688,526.3099975585938
2026-07-16 10:40:00-04:00,526.3875122070312,527.0700073242188,526.3699951171875,527.0599975585938
2026-07-16 10:45:00-04:00,527.010009765625,527.27001953125,526.8400268554688,527.1099853515625
2026-07-16 10:50:00-04:00,527.0999755859375,527.52001953125,527.0599975585938,527.3900146484375
2026-07-16 10:55:00-04:00,527.3200073242188,527.469970703125,527.1500244140625,527.4299926757812
2026-07-16 11:00:00-04:00,527.3800048828125,527.4000244140625,527.02001953125,527.2100219726562
2026-07-16 11:05:00-04:00,527.2000732421875,527.5,527.1599731445312,527.4500122070312
2026-07-16 11:10:00-04:00,527.510009765625,527.635009765625,527.3099975585938,527.5
2026-07-16 11:15:00-04:00,527.6190185546875,527.6900024414062,527.4099731445312,527.4149780273438
2026-07-16 11:20:00-04:00,527.4000244140625,527.5700073242188,527.1599731445312,527.5549926757812
2026-07-16 11:25:00-04:00,527.5499877929688,527.9299926757812,527.2949829101562,527.2949829101562
2026-07-16 11:30:00-04:00,527.280029296875,527.5599975585938,526.97998046875,527.5599975585938
2026-07-16 11:35:00-04:00,527.6099853515625,527.719970703125,527.3300170898438,527.4099731445312
2026-07-16 11:40:00-04:00,527.4600219726562,527.594970703125,527.1749877929688,527.1799926757812
2026-07-16 11:45:00-04:00,527.1599731445312,527.1599731445312,526.8200073242188,527.0
2026-07-16 11:50:00-04:00,527.0650024414062,527.3400268554688,527.0,527.010009765625
2026-07-16 11:55:00-04:00,526.9400024414062,527.1199951171875,526.780029296875,527.010009765625
2026-07-16 12:00:00-04:00,526.9400024414062,527.02001953125,526.530029296875,526.530029296875
2026-07-16 12:05:00-04:00,526.510009765625,526.9149780273438,526.4299926757812,526.8800048828125
2026-07-16 12:10:00-04:00,526.8400268554688,526.8400268554688,525.8099975585938,525.85009765625
2026-07-16 12:15:00-04:00,525.8599853515625,526.3400268554688,525.844970703125,525.8699951171875
2026-07-16 12:20:00-04:00,525.8200073242188,525.8499755859375,525.3200073242188,525.3499755859375
2026-07-16 12:25:00-04:00,525.22998046875,525.6099853515625,525.1950073242188,525.469970703125
2026-07-16 12:30:00-04:00,525.5399780273438,525.6950073242188,525.2999877929688,525.4299926757812
2026-07-16 12:35:00-04:00,525.4199829101562,525.8350219726562,525.3800048828125,525.4299926757812
2026-07-16 12:40:00-04:00,525.3800048828125,525.7650146484375,525.3599853515625,525.75
2026-07-16 12:45:00-04:00,525.739990234375,525.8150024414062,525.4400024414062,525.8150024414062
2026-07-16 12:50:00-04:00,525.780029296875,526.0700073242188,525.7449951171875,526.030029296875
2026-07-16 12:55:00-04:00,526.010009765625,526.52001953125,526.010009765625,526.52001953125
2026-07-16 13:00:00-04:00,526.530029296875,526.530029296875,526.2000122070312,526.2899780273438
2026-07-16 13:05:00-04:00,526.27001953125,526.6849975585938,526.1599731445312,526.5399780273438
2026-07-16 13:10:00-04:00,526.530029296875,526.5700073242188,526.280029296875,526.2999877929688
2026-07-16 13:15:00-04:00,526.3400268554688,526.4400024414062,526.0549926757812,526.1199951171875
2026-07-16 13:20:00-04:00,526.1199951171875,526.1749877929688,525.739990234375,525.8400268554688
2026-07-16 13:25:00-04:00,525.8300170898438,525.8800048828125,525.6699829101562,525.77001953125
2026-07-16 13:30:00-04:00,525.77001953125,525.9450073242188,525.3300170898438,525.4099731445312
2026-07-16 13:35:00-04:00,525.4099731445312,525.4550170898438,524.9099731445312,525.0599975585938
2026-07-16 13:40:00-04:00,525.02001953125,525.1300048828125,524.8099975585938,525.1099853515625
2026-07-16 13:45:00-04:00,525.114990234375,525.3499755859375,524.9600219726562,525.219970703125
2026-07-16 13:50:00-04:00,525.219970703125,525.219970703125,524.8800048828125,525.0125122070312
2026-07-16 13:55:00-04:00,524.97998046875,524.97998046875,524.6649780273438,524.72998046875
2026-07-16 14:00:00-04:00,524.7449951171875,524.760009765625,524.3499755859375,524.364990234375
2026-07-16 14:05:00-04:00,524.22998046875,524.3800048828125,524.0800170898438,524.2899780273438
2026-07-16 14:10:00-04:00,524.27001953125,524.780029296875,524.27001953125,524.47998046875
2026-07-16 14:15:00-04:00,524.4400024414062,524.7000122070312,524.22998046875,524.6199951171875
2026-07-16 14:20:00-04:00,524.6300048828125,524.77001953125,524.5449829101562,524.5599975585938
2026-07-16 14:25:00-04:00,524.5700073242188,524.6900024414062,524.3599853515625,524.3800048828125
2026-07-16 14:30:00-04:00,524.3400268554688,524.35498046875,524.1099853515625,524.2899780273438
2026-07-16 14:35:00-04:00,524.2449951171875,524.3900146484375,524.0900268554688,524.0900268554688
2026-07-16 14:40:00-04:00,524.0800170898438,524.25,523.8200073242188,524.0399780273438
2026-07-16 14:45:00-04:00,524.010009765625,524.3599853515625,523.9400024414062,524.27001953125
2026-07-16 14:50:00-04:00,524.260009765625,524.4199829101562,524.010009765625,524.010009765625
2026-07-16 14:55:00-04:00,524.0,524.1799926757812,523.969970703125,524.0999755859375
2026-07-16 15:00:00-04:00,524.0900268554688,524.3300170898438,524.0499877929688,524.22998046875
2026-07-16 15:05:00-04:00,524.1900024414062,524.260009765625,523.75,523.77001953125
2026-07-16 15:10:00-04:00,523.77001953125,523.77001953125,523.5700073242188,523.72998046875
2026-07-16 15:15:00-04:00,523.75,524.1300048828125,523.72998046875,524.1201171875
2026-07-16 15:20:00-04:00,524.1199951171875,524.1900024414062,523.9600219726562,523.9683837890625
2026-07-16 15:25:00-04:00,524.010009765625,524.0250244140625,523.77001953125,523.8599853515625
2026-07-16 15:30:00-04:00,523.8499755859375,523.8499755859375,523.2000122070312,523.219970703125
2026-07-16 15:35:00-04:00,523.239990234375,523.4000244140625,523.0800170898438,523.3800048828125
2026-07-16 15:40:00-04:00,523.3300170898438,523.5,523.219970703125,523.260009765625
2026-07-16 15:45:00-04:00,523.2349853515625,523.3099975585938,523.0700073242188,523.22998046875
2026-07-16 15:50:00-04:00,523.219970703125,524.280029296875,523.219970703125,524.1699829101562
2026-07-16 15:55:00-04:00,524.2100219726562,524.9000244140625,524.1400146484375,524.780029296875
2026-07-17 09:30:00-04:00,519.6400146484375,520.3900146484375,518.9000244140625,519.77001953125
2026-07-17 09:35:00-04:00,519.8800048828125,521.77099609375,519.8400268554688,521.6900024414062
2026-07-17 09:40:00-04:00,521.5800170898438,523.1599731445312,521.5599975585938,522.7000122070312
2026-07-17 09:45:00-04:00,522.6699829101562,524.3099975585938,522.5999755859375,524.260009765625
2026-07-17 09:50:00-04:00,524.239990234375,524.3400268554688,523.5,523.5
2026-07-17 09:55:00-04:00,523.47998046875,524.1900024414062,523.4500122070312,524.1500244140625
2026-07-17 10:00:00-04:00,524.1199951171875,524.469970703125,523.9000244140625,524.0850219726562
2026-07-17 10:05:00-04:00,524.1300048828125,524.614990234375,524.010009765625,524.5900268554688
2026-07-17 10:10:00-04:00,524.6300048828125,525.010009765625,524.5700073242188,524.9400024414062
2026-07-17 10:15:00-04:00,524.8900146484375,525.3599853515625,524.7100219726562,524.8200073242188
2026-07-17 10:20:00-04:00,524.7999877929688,525.0,524.52001953125,524.8499755859375
2026-07-17 10:25:00-04:00,524.8900146484375,525.0499877929688,524.5,524.5599975585938
2026-07-17 10:30:00-04:00,524.4600219726562,524.780029296875,524.4000244140625,524.469970703125
2026-07-17 10:35:00-04:00,524.3975219726562,524.489990234375,524.0900268554688,524.1699829101562
2026-07-17 10:40:00-04:00,524.1699829101562,524.3499755859375,523.9000244140625,523.905029296875
2026-07-17 10:45:00-04:00,523.8800048828125,524.3699951171875,523.8699951171875,523.9099731445312
2026-07-17 10:50:00-04:00,523.8699951171875,524.3200073242188,523.7999877929688,524.2899780273438
2026-07-17 10:55:00-04:00,524.2999877929688,524.7100219726562,524.135009765625,524.260009765625
2026-07-17 11:00:00-04:00,524.2849731445312,524.2999877929688,523.72998046875,523.8400268554688
2026-07-17 11:05:00-04:00,523.8200073242188,524.1400146484375,523.77001953125,523.9149780273438
2026-07-17 11:10:00-04:00,523.9500122070312,524.1300048828125,523.4199829101562,523.5
2026-07-17 11:15:00-04:00,523.5399780273438,523.7100219726562,523.1400146484375,523.5399780273438
2026-07-17 11:20:00-04:00,523.5275268554688,523.8900146484375,523.3800048828125,523.6500244140625
2026-07-17 11:25:00-04:00,523.7100219726562,524.5499877929688,523.7100219726562,524.4349975585938
2026-07-17 11:30:00-04:00,524.4400024414062,524.6599731445312,523.8099975585938,523.9299926757812
2026-07-17 11:35:00-04:00,523.9149780273438,524.22998046875,523.6699829101562,524.1099853515625
2026-07-17 11:40:00-04:00,524.1300048828125,524.280029296875,523.8300170898438,524.0399780273438
2026-07-17 11:45:00-04:00,524.0800170898438,524.1199951171875,523.6099853515625,523.9199829101562
2026-07-17 11:50:00-04:00,523.8800048828125,524.0900268554688,523.6699829101562,524.0900268554688
2026-07-17 11:55:00-04:00,524.1199951171875,524.469970703125,524.02001953125,524.469970703125
2026-07-17 12:00:00-04:00,524.4600219726562,524.52001953125,523.27001953125,523.419921875
2026-07-17 12:05:00-04:00,523.3599853515625,523.6099853515625,523.2000122070312,523.6099853515625
2026-07-17 12:10:00-04:00,523.5800170898438,523.905029296875,523.5050048828125,523.8800048828125
2026-07-17 12:15:00-04:00,523.97998046875,524.010009765625,523.5499877929688,523.6500244140625
2026-07-17 12:20:00-04:00,523.6699829101562,523.77001953125,523.030029296875,523.0499877929688
2026-07-17 12:25:00-04:00,523.0549926757812,523.530029296875,523.0,523.280029296875
2026-07-17 12:30:00-04:00,523.3300170898438,523.3800048828125,522.739990234375,522.760009765625
2026-07-17 12:35:00-04:00,522.7550048828125,522.97998046875,522.7100219726562,522.9099731445312
2026-07-17 12:40:00-04:00,522.8699951171875,523.2449951171875,522.8300170898438,523.0850219726562
2026-07-17 12:45:00-04:00,523.0999755859375,523.4349975585938,522.9099731445312,523.3499755859375
2026-07-17 12:50:00-04:00,523.3250122070312,523.4199829101562,522.9600219726562,523.0399780273438
2026-07-17 12:55:00-04:00,523.0198974609375,523.02001953125,522.6900024414062,522.8599853515625
2026-07-17 13:00:00-04:00,522.8499755859375,523.1400146484375,522.7100219726562,522.75048828125
2026-07-17 13:05:00-04:00,522.6300048828125,522.989990234375,522.5900268554688,522.9400024414062
2026-07-17 13:10:00-04:00,522.8699951171875,523.219970703125,522.72998046875,522.72998046875
2026-07-17 13:15:00-04:00,522.6900024414062,522.8499755859375,522.4099731445312,522.4299926757812
2026-07-17 13:20:00-04:00,522.4550170898438,522.5750122070312,522.2349853515625,522.5700073242188
2026-07-17 13:25:00-04:00,522.5999755859375,522.8699951171875,522.5999755859375,522.8300170898438
2026-07-17 13:30:00-04:00,522.7999877929688,523.030029296875,522.7999877929688,522.9199829101562
2026-07-17 13:35:00-04:00,522.9299926757812,522.9299926757812,522.5599975585938,522.6699829101562
2026-07-17 13:40:00-04:00,522.5999755859375,522.6300048828125,522.2899780273438,522.2899780273438
2026-07-17 13:45:00-04:00,522.2899780273438,522.5399780273438,522.1500244140625,522.239990234375
2026-07-17 13:50:00-04:00,522.27001953125,522.280029296875,521.8699951171875,521.989990234375
2026-07-17 13:55:00-04:00,521.989990234375,522.030029296875,521.7100219726562,521.77001953125
2026-07-17 14:00:00-04:00,521.8800048828125,522.0800170898438,521.7100219726562,521.8499755859375
2026-07-17 14:05:00-04:00,521.7949829101562,521.8499755859375,521.5,521.8200073242188
2026-07-17 14:10:00-04:00,521.7999877929688,521.8281860351562,521.6699829101562,521.7100219726562
2026-07-17 14:15:00-04:00,521.7000122070312,521.780029296875,521.4000244140625,521.5
2026-07-17 14:20:00-04:00,521.47998046875,521.625,521.25,521.3200073242188
2026-07-17 14:25:00-04:00,521.3200073242188,521.35498046875,521.0900268554688,521.1799926757812
2026-07-17 14:30:00-04:00,521.1599731445312,521.5499877929688,521.0999755859375,521.280029296875
2026-07-17 14:35:00-04:00,521.2000122070312,521.3400268554688,521.1300048828125,521.22998046875
2026-07-17 14:40:00-04:00,521.260009765625,521.260009765625,520.9500122070312,520.9749755859375
2026-07-17 14:45:00-04:00,520.969970703125,521.3900146484375,520.9400024414062,521.239990234375
2026-07-17 14:50:00-04:00,521.1956176757812,521.6599731445312,521.1699829101562,521.6199951171875
2026-07-17 14:55:00-04:00,521.6500244140625,521.6699829101562,521.3800048828125,521.4500122070312
2026-07-17 15:00:00-04:00,521.4600219726562,521.469970703125,521.0499877929688,521.260009765625
2026-07-17 15:05:00-04:00,521.27001953125,521.3150024414062,521.0,521.02001953125
2026-07-17 15:10:00-04:00,521.010009765625,521.010009765625,520.7050170898438,520.739990234375
2026-07-17 15:15:00-04:00,520.72998046875,521.030029296875,520.7050170898438,520.8499755859375
2026-07-17 15:20:00-04:00,520.8400268554688,520.8400268554688,520.489990234375,520.5
2026-07-17 15:25:00-04:00,520.4600219726562,520.9400024414062,520.3900146484375,520.6900024414062
2026-07-17 15:30:00-04:00,520.75,520.9600219726562,520.4400024414062,520.6300048828125
2026-07-17 15:35:00-04:00,520.6500244140625,520.8800048828125,520.5900268554688,520.7750244140625
2026-07-17 15:40:00-04:00,520.7899780273438,521.2249755859375,520.6900024414062,521.1799926757812
2026-07-17 15:45:00-04:00,521.1799926757812,521.5399780273438,521.1300048828125,521.4301147460938
2026-07-17 15:50:00-04:00,521.4500122070312,521.52001953125,520.9199829101562,521.1099853515625
2026-07-17 15:55:00-04:00,521.1300048828125,521.3800048828125,520.5900268554688,520.739990234375
2026-07-20 09:30:00-04:00,522.7100219726562,523.4000244140625,521.8400268554688,522.22998046875
2026-07-20 09:35:00-04:00,522.1649780273438,522.4099731445312,521.760009765625,522.1699829101562
2026-07-20 09:40:00-04:00,522.2000122070312,522.5399780273438,521.8200073242188,521.8300170898438
2026-07-20 09:45:00-04:00,521.8599853515625,521.905029296875,521.0999755859375,521.3200073242188
2026-07-20 09:50:00-04:00,521.3250122070312,521.780029296875,520.510009765625,520.5599975585938
2026-07-20 09:55:00-04:00,520.5599975585938,520.7100219726562,520.3499755859375,520.3599853515625
2026-07-20 10:00:00-04:00,520.3599853515625,520.8800048828125,520.1500244140625,520.3350219726562
2026-07-20 10:05:00-04:00,520.260009765625,520.4500122070312,519.7999877929688,519.7999877929688
2026-07-20 10:10:00-04:00,519.739990234375,520.0399780273438,519.5800170898438,519.6500244140625
2026-07-20 10:15:00-04:00,519.6400756835938,519.989990234375,519.5800170898438,519.6799926757812
2026-07-20 10:20:00-04:00,519.47998046875,519.6799926757812,519.22998046875,519.5700073242188
2026-07-20 10:25:00-04:00,519.6199951171875,519.689208984375,519.3400268554688,519.6599731445312
2026-07-20 10:30:00-04:00,519.489990234375,519.6199951171875,519.1300048828125,519.14501953125
2026-07-20 10:35:00-04:00,519.1400756835938,519.530029296875,518.8900146484375,519.4000244140625
2026-07-20 10:40:00-04:00,519.4299926757812,519.5999755859375,519.0900268554688,519.0999755859375
2026-07-20 10:45:00-04:00,519.0599975585938,519.6199951171875,518.969970703125,519.3900146484375
2026-07-20 10:50:00-04:00,519.4099731445312,519.72998046875,519.2999267578125,519.3200073242188
2026-07-20 10:55:00-04:00,519.27001953125,519.3200073242188,518.780029296875,519.1199951171875
2026-07-20 11:00:00-04:00,519.1300048828125,519.1900024414062,518.8599853515625,519.030029296875
2026-07-20 11:05:00-04:00,519.02001953125,519.5482788085938,518.5399780273438,519.489990234375
2026-07-20 11:10:00-04:00,519.4500122070312,519.5491943359375,519.0,519.27001953125
2026-07-20 11:15:00-04:00,519.260009765625,519.5800170898438,519.22998046875,519.530029296875
2026-07-20 11:20:00-04:00,519.510009765625,519.864990234375,519.4500122070312,519.8499755859375
2026-07-20 11:25:00-04:00,519.8099975585938,519.989990234375,519.6799926757812,519.89501953125
2026-07-20 11:30:00-04:00,519.9000244140625,519.9600219726562,519.6500244140625,519.739990234375
2026-07-20 11:35:00-04:00,519.77001953125,519.77001953125,519.3900146484375,519.510009765625
2026-07-20 11:40:00-04:00,519.4600219726562,519.719970703125,519.4149780273438,519.719970703125
2026-07-20 11:45:00-04:00,519.719970703125,519.72998046875,519.4400024414062,519.5999755859375
2026-07-20 11:50:00-04:00,519.5700073242188,519.969970703125,519.469970703125,519.8699951171875
2026-07-20 11:55:00-04:00,519.9099731445312,519.9099731445312,519.3900146484375,519.4199829101562
2026-07-20 12:00:00-04:00,519.4299926757812,519.72998046875,519.3400268554688,519.5499877929688
2026-07-20 12:05:00-04:00,519.5599975585938,519.9500122070312,519.5599975585938,519.9500122070312
2026-07-20 12:10:00-04:00,519.9000244140625,520.1300048828125,519.8900146484375,520.0399780273438
2026-07-20 12:15:00-04:00,520.010009765625,520.02001953125,519.7335205078125,519.9650268554688
2026-07-20 12:20:00-04:00,520.02001953125,520.1199951171875,519.8099975585938,520.0850219726562
2026-07-20 12:25:00-04:00,520.0798950195312,520.0798950195312,519.6599731445312,519.7999877929688
2026-07-20 12:30:00-04:00,519.8599853515625,519.9400024414062,519.5,519.5900268554688
2026-07-20 12:35:00-04:00,519.5863647460938,519.8599853515625,519.489990234375,519.8400268554688
2026-07-20 12:40:00-04:00,519.8200073242188,519.8300170898438,518.719970703125,519.5
2026-07-20 12:45:00-04:00,519.4299926757812,519.9600219726562,519.4299926757812,519.914794921875
2026-07-20 12:50:00-04:00,519.8800048828125,519.8800048828125,519.135009765625,519.1400146484375
2026-07-20 12:55:00-04:00,519.1500244140625,519.2849731445312,519.0025024414062,519.1199951171875
2026-07-20 13:00:00-04:00,519.0999755859375,519.2949829101562,518.9199829101562,518.9199829101562
2026-07-20 13:05:00-04:00,518.8200073242188,518.969970703125,518.7100219726562,518.969970703125
2026-07-20 13:10:00-04:00,518.9500122070312,518.9500122070312,518.6199951171875,518.655029296875
2026-07-20 13:15:00-04:00,518.5499877929688,518.75,518.4199829101562,518.5499877929688
2026-07-20 13:20:00-04:00,518.5499877929688,518.7999877929688,518.5499877929688,518.5900268554688
2026-07-20 13:25:00-04:00,518.5599975585938,518.5800170898438,518.3400268554688,518.5700073242188
2026-07-20 13:30:00-04:00,518.5650024414062,518.8499755859375,518.4299926757812,518.77001953125
2026-07-20 13:35:00-04:00,518.8400268554688,518.9199829101562,518.530029296875,518.5700073242188
2026-07-20 13:40:00-04:00,518.52001953125,518.5700073242188,518.3599853515625,518.4299926757812
2026-07-20 13:45:00-04:00,518.4500122070312,518.7000122070312,518.4400024414062,518.6500244140625
2026-07-20 13:50:00-04:00,518.7100219726562,519.0700073242188,518.6199951171875,518.9450073242188
2026-07-20 13:55:00-04:00,518.9099731445312,518.97998046875,518.72998046875,518.97998046875
2026-07-20 14:00:00-04:00,518.9749755859375,519.3699951171875,518.9749755859375,519.260009765625
2026-07-20 14:05:00-04:00,519.239990234375,519.260009765625,519.0150146484375,519.1400146484375
2026-07-20 14:10:00-04:00,519.030029296875,519.4000244140625,519.030029296875,519.3099975585938
2026-07-20 14:15:00-04:00,519.3300170898438,519.5280151367188,519.25,519.47998046875
2026-07-20 14:20:00-04:00,519.47998046875,519.530029296875,518.8800048828125,518.8800048828125
2026-07-20 14:25:00-04:00,518.7899780273438,519.1400146484375,518.780029296875,519.0
2026-07-20 14:30:00-04:00,518.9099731445312,518.9400024414062,518.260009765625,518.3300170898438
2026-07-20 14:35:00-04:00,518.3400268554688,518.6300048828125,518.1500244140625,518.1900024414062
2026-07-20 14:40:00-04:00,518.0999755859375,518.1500244140625,517.5900268554688,517.5900268554688
2026-07-20 14:45:00-04:00,517.5512084960938,517.8200073242188,517.4450073242188,517.6699829101562
2026-07-20 14:50:00-04:00,517.5999755859375,517.969970703125,517.5800170898438,517.8800048828125
2026-07-20 14:55:00-04:00,517.8300170898438,517.9149780273438,517.7100219726562,517.8499755859375
2026-07-20 15:00:00-04:00,517.8300170898438,518.030029296875,517.75,517.8300170898438
2026-07-20 15:05:00-04:00,517.75,517.9749755859375,517.5599975585938,517.9550170898438
2026-07-20 15:10:00-04:00,517.9500122070312,518.135009765625,517.280029296875,517.280029296875
2026-07-20 15:15:00-04:00,517.27001953125,517.6199951171875,517.1599731445312,517.4400024414062
2026-07-20 15:20:00-04:00,517.4500122070312,517.8599853515625,517.4500122070312,517.77001953125
2026-07-20 15:25:00-04:00,517.77001953125,518.0499877929688,517.5399780273438,517.9400024414062
2026-07-20 15:30:00-04:00,518.010009765625,518.1699829101562,517.77001953125,518.0900268554688
2026-07-20 15:35:00-04:00,518.125,518.125,517.8099975585938,518.0499877929688
2026-07-20 15:40:00-04:00,518.02001953125,518.2550048828125,517.9849853515625,518.1500244140625
2026-07-20 15:45:00-04:00,518.1500244140625,518.3300170898438,518.125,518.22998046875
2026-07-20 15:50:00-04:00,518.1799926757812,518.2100219726562,517.7000122070312,517.8699951171875
2026-07-20 15:55:00-04:00,517.9000244140625,518.0900268554688,517.5750122070312,517.9099731445312
2026-07-21 09:30:00-04:00,519.6300048828125,520.1599731445312,519.2000122070312,519.9349975585938
2026-07-21 09:35:00-04:00,519.9500122070312,520.010009765625,519.2000122070312,519.2000122070312
2026-07-21 09:40:00-04:00,519.1799926757812,519.2999877929688,518.1199951171875,518.27001953125
2026-07-21 09:45:00-04:00,518.3300170898438,519.25,518.2999877929688,519.02001953125
2026-07-21 09:50:00-04:00,519.0900268554688,519.2249755859375,518.3099975585938,519.1599731445312
2026-07-21 09:55:00-04:00,519.1199951171875,519.5700073242188,518.8400268554688,519.4099731445312
2026-07-21 10:00:00-04:00,519.4099731445312,520.530029296875,519.3499755859375,520.47998046875
2026-07-21 10:05:00-04:00,520.4600219726562,520.9099731445312,520.0900268554688,520.530029296875
2026-07-21 10:10:00-04:00,520.489990234375,521.0700073242188,520.3900146484375,520.9500122070312
2026-07-21 10:15:00-04:00,520.989990234375,521.0499877929688,520.5100708007812,520.8599853515625
2026-07-21 10:20:00-04:00,520.9000244140625,520.913818359375,520.5,520.8300170898438
2026-07-21 10:25:00-04:00,520.780029296875,521.1300048828125,520.7650146484375,521.1199951171875
2026-07-21 10:30:00-04:00,521.0900268554688,521.2794189453125,520.8350219726562,521.0800170898438
2026-07-21 10:35:00-04:00,521.0499877929688,521.1199951171875,520.2100219726562,520.22998046875
2026-07-21 10:40:00-04:00,520.22998046875,520.481201171875,519.9949951171875,520.3200073242188
2026-07-21 10:45:00-04:00,520.3699951171875,520.8599853515625,520.239990234375,520.7999877929688
2026-07-21 10:50:00-04:00,520.8099975585938,520.8099975585938,520.0900268554688,520.2100219726562
2026-07-21 10:55:00-04:00,520.22998046875,520.3900146484375,520.0599975585938,520.364990234375
2026-07-21 11:00:00-04:00,520.4000244140625,520.4299926757812,520.0399780273438,520.3200073242188
2026-07-21 11:05:00-04:00,520.2999877929688,520.7000122070312,520.2509765625,520.6099853515625
2026-07-21 11:10:00-04:00,520.5900268554688,520.77001953125,520.5,520.7000122070312
2026-07-21 11:15:00-04:00,520.6875,521.1199951171875,520.6699829101562,521.1199951171875
2026-07-21 11:20:00-04:00,521.1500244140625,521.510009765625,520.8699951171875,520.9500122070312
2026-07-21 11:25:00-04:00,520.9450073242188,521.2974853515625,520.9000244140625,521.280029296875
2026-07-21 11:30:00-04:00,521.22998046875,521.47998046875,521.1199951171875,521.1599731445312
2026-07-21 11:35:00-04:00,521.1699829101562,521.2899780273438,520.9000244140625,521.1961059570312
2026-07-21 11:40:00-04:00,521.2000122070312,521.4400024414062,521.1300048828125,521.3599853515625
2026-07-21 11:45:00-04:00,521.3099975585938,521.5700073242188,521.2249755859375,521.4500122070312
2026-07-21 11:50:00-04:00,521.4400024414062,521.5599975585938,521.4000244140625,521.4500122070312
2026-07-21 11:55:00-04:00,521.4500122070312,521.655029296875,521.3699951171875,521.3900146484375
2026-07-21 12:00:00-04:00,521.4000244140625,521.60498046875,521.4000244140625,521.60498046875
2026-07-21 12:05:00-04:00,521.6199951171875,521.760009765625,521.5399780273438,521.7249755859375
2026-07-21 12:10:00-04:00,521.72998046875,521.8400268554688,521.5900268554688,521.8300170898438
2026-07-21 12:15:00-04:00,521.8499755859375,522.125,521.8400268554688,522.0499877929688
2026-07-21 12:20:00-04:00,522.0599975585938,522.260009765625,521.8699951171875,522.2000122070312
2026-07-21 12:25:00-04:00,522.2150268554688,522.6300048828125,522.2150268554688,522.5800170898438
2026-07-21 12:30:00-04:00,522.5474243164062,522.75,522.510009765625,522.6900024414062
2026-07-21 12:35:00-04:00,522.6699829101562,522.6950073242188,522.5108032226562,522.5999755859375
2026-07-21 12:40:00-04:00,522.5900268554688,522.780029296875,522.5349731445312,522.719970703125
2026-07-21 12:45:00-04:00,522.6900024414062,522.7000122070312,522.5800170898438,522.5800170898438
2026-07-21 12:50:00-04:00,522.5599975585938,522.9124755859375,522.5349731445312,522.9124755859375
2026-07-21 12:55:00-04:00,522.9099731445312,523.010009765625,522.7449951171875,522.7949829101562
2026-07-21 13:00:00-04:00,522.844970703125,522.8599853515625,522.52001953125,522.5399780273438
2026-07-21 13:05:00-04:00,522.530029296875,522.6849975585938,522.47998046875,522.6199951171875
2026-07-21 13:10:00-04:00,522.5800170898438,522.5800170898438,522.405029296875,522.4609985351562
2026-07-21 13:15:00-04:00,522.489990234375,522.489990234375,522.0900268554688,522.0999755859375
2026-07-21 13:20:00-04:00,522.1099853515625,522.239990234375,522.02001953125,522.2100219726562
2026-07-21 13:25:00-04:00,522.239990234375,522.27001953125,522.030029296875,522.0900268554688
2026-07-21 13:30:00-04:00,522.0900268554688,522.1099853515625,521.8300170898438,521.8699951171875
2026-07-21 13:35:00-04:00,521.8800048828125,522.1849975585938,521.8800048828125,522.0900268554688
2026-07-21 13:40:00-04:00,522.0900268554688,522.1099853515625,521.9500122070312,522.0700073242188
2026-07-21 13:45:00-04:00,522.0800170898438,522.1599731445312,522.0,522.0900268554688
2026-07-21 13:50:00-04:00,522.0900268554688,522.1199951171875,521.9299926757812,521.9299926757812
2026-07-21 13:55:00-04:00,521.9299926757812,521.9299926757812,521.719970703125,521.8499755859375
2026-07-21 14:00:00-04:00,521.760009765625,521.8599853515625,521.52001953125,521.5800170898438
2026-07-21 14:05:00-04:00,521.5800170898438,521.6500244140625,521.4500122070312,521.5900268554688
2026-07-21 14:10:00-04:00,521.5850219726562,521.719970703125,521.3300170898438,521.3300170898438
2026-07-21 14:15:00-04:00,521.3599853515625,521.3800048828125,521.25,521.3599853515625
2026-07-21 14:20:00-04:00,521.3599853515625,521.5,521.3250122070312,521.4400024414062
2026-07-21 14:25:00-04:00,521.4500122070312,521.6300048828125,521.3699951171875,521.5800170898438
2026-07-21 14:30:00-04:00,521.5700073242188,521.5900268554688,521.3200073242188,521.3300170898438
2026-07-21 14:35:00-04:00,521.3250122070312,521.4749755859375,521.2899780273438,521.4000244140625
2026-07-21 14:40:00-04:00,521.3699951171875,521.510009765625,521.27001953125,521.4749755859375
2026-07-21 14:45:00-04:00,521.469970703125,521.52001953125,521.25,521.4099731445312
2026-07-21 14:50:00-04:00,521.4099731445312,521.4600219726562,521.2999877929688,521.3150024414062
2026-07-21 14:55:00-04:00,521.3599853515625,521.469970703125,521.3300170898438,521.4000244140625
2026-07-21 15:00:00-04:00,521.4299926757812,521.469970703125,521.25,521.4400024414062
2026-07-21 15:05:00-04:00,521.47998046875,521.5999755859375,521.3775024414062,521.3800048828125
2026-07-21 15:10:00-04:00,521.3699951171875,521.5599975585938,521.3150024414062,521.510009765625
2026-07-21 15:15:00-04:00,521.510009765625,521.6900024414062,521.4375,521.4650268554688
2026-07-21 15:20:00-04:00,521.469970703125,521.5399780273438,521.4400024414062,521.510009765625
2026-07-21 15:25:00-04:00,521.467529296875,521.6925048828125,521.4500122070312,521.6900024414062
2026-07-21 15:30:00-04:00,521.6300048828125,521.6599731445312,521.3200073242188,521.3800048828125
2026-07-21 15:35:00-04:00,521.3900146484375,521.6699829101562,521.3400268554688,521.5
2026-07-21 15:40:00-04:00,521.489990234375,521.5,521.239990234375,521.469970703125
2026-07-21 15:45:00-04:00,521.4099731445312,521.4600219726562,521.2999877929688,521.4000244140625
2026-07-21 15:50:00-04:00,521.4099731445312,521.52001953125,521.3200073242188,521.3200073242188
2026-07-21 15:55:00-04:00,521.3499755859375,521.614990234375,521.25,521.530029296875
2026-07-22 09:30:00-04:00,521.6300048828125,522.6799926757812,521.030029296875,522.4000244140625
2026-07-22 09:35:00-04:00,522.3699951171875,522.780029296875,522.1300048828125,522.4299926757812
2026-07-22 09:40:00-04:00,522.3499755859375,522.5999755859375,521.6699829101562,522.489990234375
2026-07-22 09:45:00-04:00,522.530029296875,523.1799926757812,522.4099731445312,522.969970703125
2026-07-22 09:50:00-04:00,522.9299926757812,523.3300170898438,522.75,523.22998046875
2026-07-22 09:55:00-04:00,523.1900024414062,524.0800170898438,523.1099853515625,523.6400146484375
2026-07-22 10:00:00-04:00,523.5900268554688,524.0999755859375,523.469970703125,524.0800170898438
2026-07-22 10:05:00-04:00,524.1500244140625,524.3699951171875,523.72998046875,523.9199829101562
2026-07-22 10:10:00-04:00,523.8900146484375,523.97998046875,523.331787109375,523.3400268554688
2026-07-22 10:15:00-04:00,523.2899780273438,523.4099731445312,523.0700073242188,523.1550903320312
2026-07-22 10:20:00-04:00,523.1500244140625,523.260009765625,522.6900024414062,522.760009765625
2026-07-22 10:25:00-04:00,522.8499755859375,522.8800048828125,522.3350219726562,522.3925170898438
2026-07-22 10:30:00-04:00,522.4000244140625,522.739990234375,522.25732421875,522.3599853515625
2026-07-22 10:35:00-04:00,522.3400268554688,522.3800048828125,522.0399780273438,522.3300170898438
2026-07-22 10:40:00-04:00,522.3400268554688,522.3900146484375,522.010009765625,522.0250244140625
2026-07-22 10:45:00-04:00,522.0399780273438,522.3800048828125,522.0399780273438,522.2449951171875
2026-07-22 10:50:00-04:00,522.239990234375,522.3300170898438,522.02001953125,522.260009765625
2026-07-22 10:55:00-04:00,522.1300048828125,522.219970703125,521.9400024414062,522.1300048828125
2026-07-22 11:00:00-04:00,522.135009765625,522.4893798828125,522.0050048828125,522.3800048828125
2026-07-22 11:05:00-04:00,522.3400268554688,522.3400268554688,522.0900268554688,522.2949829101562
2026-07-22 11:10:00-04:00,522.25,522.5800170898438,522.22998046875,522.3200073242188
2026-07-22 11:15:00-04:00,522.3400268554688,522.3900146484375,522.0399780273438,522.2949829101562
2026-07-22 11:20:00-04:00,522.4099731445312,522.8900146484375,522.4099731445312,522.8900146484375
2026-07-22 11:25:00-04:00,522.8699951171875,523.2000122070312,522.8699951171875,522.9400024414062
2026-07-22 11:30:00-04:00,522.9500122070312,523.010009765625,522.719970703125,522.719970703125
2026-07-22 11:35:00-04:00,522.77001953125,523.0250244140625,522.6599731445312,523.0250244140625
2026-07-22 11:40:00-04:00,523.0399780273438,523.1599731445312,522.72998046875,522.72998046875
2026-07-22 11:45:00-04:00,522.8900146484375,523.2550048828125,522.8900146484375,523.2550048828125
2026-07-22 11:50:00-04:00,523.25,523.3200073242188,523.125,523.1900024414062
2026-07-22 11:55:00-04:00,523.1599731445312,523.4000244140625,523.0800170898438,523.3499755859375
2026-07-22 12:00:00-04:00,523.4099731445312,523.4326782226562,523.1900024414062,523.405029296875
2026-07-22 12:05:00-04:00,523.3699951171875,523.6400146484375,523.3400268554688,523.5599975585938
2026-07-22 12:10:00-04:00,523.5100708007812,523.5499877929688,523.2899780273438,523.2999877929688
2026-07-22 12:15:00-04:00,523.3300170898438,523.52001953125,523.1599731445312,523.47998046875
2026-07-22 12:20:00-04:00,523.4600219726562,523.4600219726562,523.27001953125,523.3900146484375
2026-07-22 12:25:00-04:00,523.4450073242188,523.5599975585938,523.3800048828125,523.5399780273438
2026-07-22 12:30:00-04:00,523.5399780273438,523.6099853515625,523.4099731445312,523.6099853515625
2026-07-22 12:35:00-04:00,523.64501953125,523.7100219726562,523.52001953125,523.6900024414062
2026-07-22 12:40:00-04:00,523.6699829101562,523.6699829101562,523.5900268554688,523.6300048828125
2026-07-22 12:45:00-04:00,523.6900024414062,523.719970703125,523.3099975585938,523.3699951171875
2026-07-22 12:50:00-04:00,523.3900146484375,523.3900146484375,523.1699829101562,523.2000122070312
2026-07-22 12:55:00-04:00,523.1599731445312,523.3699951171875,523.1400146484375,523.2899780273438
2026-07-22 13:00:00-04:00,523.2849731445312,523.3049926757812,522.9400024414062,522.9400024414062
2026-07-22 13:05:00-04:00,522.9299926757812,523.0599975585938,522.8699951171875,522.9849853515625
2026-07-22 13:10:00-04:00,522.9349975585938,523.010009765625,522.7139892578125,522.72998046875
2026-07-22 13:15:00-04:00,522.72998046875,522.8599853515625,522.5800170898438,522.6300048828125
2026-07-22 13:20:00-04:00,522.614990234375,522.614990234375,522.3400268554688,522.3599853515625
2026-07-22 13:25:00-04:00,522.3200073242188,522.4199829101562,522.2150268554688,522.2150268554688
2026-07-22 13:30:00-04:00,522.22998046875,522.6199951171875,522.1799926757812,522.3699951171875
2026-07-22 13:35:00-04:00,522.3499755859375,522.47998046875,522.2899780273438,522.47998046875
2026-07-22 13:40:00-04:00,522.469970703125,522.5700073242188,522.3699951171875,522.47998046875
2026-07-22 13:45:00-04:00,522.469970703125,522.469970703125,522.280029296875,522.4550170898438
2026-07-22 13:50:00-04:00,522.4099731445312,522.5800170898438,522.3900146484375,522.469970703125
2026-07-22 13:55:00-04:00,522.4199829101562,522.5,522.3599853515625,522.4199829101562
2026-07-22 14:00:00-04:00,522.4000244140625,522.4849853515625,522.1699829101562,522.2205810546875
2026-07-22 14:05:00-04:00,522.1599731445312,522.3800048828125,522.1599731445312,522.219970703125
2026-07-22 14:10:00-04:00,522.219970703125,522.219970703125,522.0,522.0900268554688
2026-07-22 14:15:00-04:00,522.0900268554688,522.3699951171875,522.0599975585938,522.239990234375
2026-07-22 14:20:00-04:00,522.239990234375,522.4299926757812,522.2100219726562,522.219970703125
2026-07-22 14:25:00-04:00,522.2100219726562,522.3900146484375,522.1900024414062,522.3599853515625
2026-07-22 14:30:00-04:00,522.3677978515625,522.3699951171875,522.0999755859375,522.1599731445312
2026-07-22 14:35:00-04:00,522.1500244140625,522.3198852539062,522.1400146484375,522.260009765625
2026-07-22 14:40:00-04:00,522.2550048828125,522.27001953125,522.0999145507812,522.1599731445312
2026-07-22 14:45:00-04:00,522.155029296875,522.25,522.02001953125,522.030029296875
2026-07-22 14:50:00-04:00,522.0150146484375,522.27001953125,522.010009765625,522.22998046875
2026-07-22 14:55:00-04:00,522.1900024414062,522.260009765625,522.1400146484375,522.22998046875
2026-07-22 15:00:00-04:00,522.1900024414062,522.1900024414062,521.8200073242188,521.8400268554688
2026-07-22 15:05:00-04:00,521.8099975585938,522.0,521.77001953125,521.8099975585938
2026-07-22 15:10:00-04:00,521.8300170898438,521.8300170898438,521.6699829101562,521.7850952148438
2026-07-22 15:15:00-04:00,521.760009765625,522.02001953125,521.760009765625,522.010009765625
2026-07-22 15:20:00-04:00,521.989990234375,521.989990234375,521.5999755859375,521.6099853515625
2026-07-22 15:25:00-04:00,521.6199951171875,521.635009765625,521.530029296875,521.594970703125
2026-07-22 15:30:00-04:00,521.5800170898438,521.5800170898438,521.3800048828125,521.4949951171875
2026-07-22 15:35:00-04:00,521.4849853515625,521.5800170898438,521.3900146484375,521.4000244140625
2026-07-22 15:40:00-04:00,521.4000244140625,521.72998046875,521.4000244140625,521.6699829101562
2026-07-22 15:45:00-04:00,521.6799926757812,521.8599853515625,521.64501953125,521.72998046875
2026-07-22 15:50:00-04:00,521.75,521.8300170898438,521.530029296875,521.60498046875
2026-07-22 15:55:00-04:00,521.5800170898438,522.02001953125,521.4600219726562,521.489990234375
2026-07-23 09:30:00-04:00,515.0700073242188,517.8400268554688,514.7899780273438,517.6900024414062
2026-07-23 09:35:00-04:00,517.719970703125,518.1099853515625,517.1799926757812,517.7999877929688
2026-07-23 09:40:00-04:00,517.8599853515625,518.1699829101562,517.5,517.52001953125
2026-07-23 09:45:00-04:00,517.5650024414062,517.6099853515625,516.3699951171875,516.469970703125
2026-07-23 09:50:00-04:00,516.5999755859375,516.72998046875,516.1699829101562,516.72998046875
2026-07-23 09:55:00-04:00,516.72998046875,517.0,515.7449951171875,516.1400146484375
2026-07-23 10:00:00-04:00,516.1599731445312,516.7100219726562,516.14501953125,516.5700073242188
2026-07-23 10:05:00-04:00,516.5900268554688,516.7050170898438,515.5499877929688,515.9099731445312
2026-07-23 10:10:00-04:00,515.8599853515625,516.969970703125,515.8499755859375,516.47998046875
2026-07-23 10:15:00-04:00,516.4639892578125,516.8900146484375,516.2899780273438,516.489990234375
2026-07-23 10:20:00-04:00,516.469970703125,516.6300048828125,516.0,516.2249755859375
2026-07-23 10:25:00-04:00,516.1599731445312,516.4099731445312,515.9199829101562,516.4000244140625
2026-07-23 10:30:00-04:00,516.5700073242188,516.5700073242188,515.9299926757812,515.9949951171875
2026-07-23 10:35:00-04:00,516.030029296875,516.8150024414062,515.7349853515625,516.75
2026-07-23 10:40:00-04:00,516.760009765625,517.0800170898438,516.239990234375,516.260009765625
2026-07-23 10:45:00-04:00,516.2000122070312,516.8599853515625,516.1649780273438,516.47998046875
2026-07-23 10:50:00-04:00,516.5800170898438,516.739990234375,516.0050048828125,516.4099731445312
2026-07-23 10:55:00-04:00,516.4249877929688,516.719970703125,516.405029296875,516.6950073242188
2026-07-23 11:00:00-04:00,516.72998046875,516.8300170898438,516.030029296875,516.1900024414062
2026-07-23 11:05:00-04:00,516.125,516.1400146484375,515.5399780273438,515.9849853515625
2026-07-23 11:10:00-04:00,515.9400024414062,516.02001953125,515.5,515.780029296875
2026-07-23 11:15:00-04:00,515.6300048828125,515.9600219726562,515.5999755859375,515.72998046875
2026-07-23 11:20:00-04:00,515.780029296875,515.8900146484375,515.1099853515625,515.5599975585938
2026-07-23 11:25:00-04:00,515.530029296875,515.5399780273438,515.1400146484375,515.2100219726562
2026-07-23 11:30:00-04:00,515.2349853515625,515.469970703125,514.719970703125,515.4400024414062
2026-07-23 11:35:00-04:00,515.510009765625,516.469970703125,515.4600219726562,516.4000244140625
2026-07-23 11:40:00-04:00,516.3900146484375,516.6950073242188,515.97998046875,515.97998046875
2026-07-23 11:45:00-04:00,515.969970703125,516.0399780273438,515.77001953125,515.989990234375
2026-07-23 11:50:00-04:00,515.9199829101562,516.1300048828125,515.8400268554688,516.1300048828125
2026-07-23 11:55:00-04:00,516.1599731445312,516.3599853515625,515.9600219726562,516.3599853515625
2026-07-23 12:00:00-04:00,516.4400024414062,516.5700073242188,516.2100219726562,516.3200073242188
2026-07-23 12:05:00-04:00,516.3300170898438,516.75,516.0700073242188,516.75
2026-07-23 12:10:00-04:00,516.7191162109375,517.030029296875,516.7191162109375,517.010009765625
2026-07-23 12:15:00-04:00,517.0150146484375,517.2000122070312,516.72998046875,516.8400268554688
2026-07-23 12:20:00-04:00,516.9400024414062,517.52001953125,516.9000244140625,517.375
2026-07-23 12:25:00-04:00,517.385009765625,517.4400024414062,517.1300048828125,517.219970703125
2026-07-23 12:30:00-04:00,517.1849975585938,517.3499755859375,516.9000244140625,516.9199829101562
2026-07-23 12:35:00-04:00,516.9299926757812,517.0999755859375,516.75,517.0999755859375
2026-07-23 12:40:00-04:00,517.0499877929688,517.0999755859375,516.6950073242188,516.77001953125
2026-07-23 12:45:00-04:00,516.739990234375,516.739990234375,516.1699829101562,516.1699829101562
2026-07-23 12:50:00-04:00,516.1500244140625,516.489990234375,516.0800170898438,516.4149780273438
2026-07-23 12:55:00-04:00,516.4099731445312,516.8200073242188,516.3900146484375,516.780029296875
2026-07-23 13:00:00-04:00,516.7999877929688,516.9400024414062,516.6500244140625,516.6500244140625
2026-07-23 13:05:00-04:00,516.6500244140625,516.6900024414062,516.4099731445312,516.6900024414062
2026-07-23 13:10:00-04:00,516.72998046875,516.8800048828125,516.5700073242188,516.5700073242188
2026-07-23 13:15:00-04:00,516.5800170898438,516.760009765625,516.4299926757812,516.5499877929688
2026-07-23 13:20:00-04:00,516.6300048828125,516.844970703125,516.5900268554688,516.7949829101562
2026-07-23 13:25:00-04:00,516.8699951171875,516.9199829101562,516.6099853515625,516.6500244140625
2026-07-23 13:30:00-04:00,516.5499877929688,516.5599975585938,516.0,516.030029296875
2026-07-23 13:35:00-04:00,516.010009765625,516.0399780273438,515.719970703125,515.8201293945312
2026-07-23 13:40:00-04:00,515.8800048828125,515.8800048828125,515.6099853515625,515.739990234375
2026-07-23 13:45:00-04:00,515.739990234375,516.0250244140625,515.6099853515625,515.9299926757812
2026-07-23 13:50:00-04:00,515.739990234375,515.8400268554688,515.6400146484375,515.6400146484375
2026-07-23 13:55:00-04:00,515.6199951171875,515.6500244140625,515.3200073242188,515.3300170898438
2026-07-23 14:00:00-04:00,515.3099975585938,515.4500122070312,515.27001953125,515.280029296875
2026-07-23 14:05:00-04:00,515.2899780273438,515.5599975585938,515.1849975585938,515.4500122070312
2026-07-23 14:10:00-04:00,515.4500122070312,515.6300048828125,515.3599853515625,515.3599853515625
2026-07-23 14:15:00-04:00,515.3699951171875,515.6500244140625,515.3499755859375,515.510009765625
2026-07-23 14:20:00-04:00,515.510009765625,515.7100219726562,515.5,515.655029296875
2026-07-23 14:25:00-04:00,515.6400146484375,515.8200073242188,515.5,515.7999877929688
2026-07-23 14:30:00-04:00,515.8900146484375,515.9299926757812,515.760009765625,515.8099975585938
2026-07-23 14:35:00-04:00,515.8099975585938,515.8499755859375,515.52001953125,515.5800170898438
2026-07-23 14:40:00-04:00,515.5399780273438,515.72998046875,515.4500122070312,515.72998046875
2026-07-23 14:45:00-04:00,515.72998046875,516.239990234375,515.72998046875,516.2100219726562
2026-07-23 14:50:00-04:00,516.1900024414062,516.22998046875,515.7999877929688,515.8200073242188
2026-07-23 14:55:00-04:00,515.7899780273438,515.969970703125,515.760009765625,515.969970703125
2026-07-23 15:00:00-04:00,516.02001953125,516.2100219726562,515.97998046875,516.02001953125
2026-07-23 15:05:00-04:00,516.0399780273438,516.219970703125,515.9000244140625,515.9500122070312
2026-07-23 15:10:00-04:00,515.9400024414062,516.02001953125,515.8099975585938,515.969970703125
2026-07-23 15:15:00-04:00,515.9650268554688,516.1900024414062,515.9650268554688,516.1599731445312
2026-07-23 15:20:00-04:00,516.1799926757812,516.469970703125,516.1599731445312,516.469970703125
2026-07-23 15:25:00-04:00,516.489990234375,516.5800170898438,516.239990234375,516.27001953125
2026-07-23 15:30:00-04:00,516.22998046875,516.3800048828125,515.9000244140625,516.0800170898438
2026-07-23 15:35:00-04:00,516.030029296875,516.0599975585938,515.7100219726562,515.8099975585938
2026-07-23 15:40:00-04:00,515.8400268554688,515.8699951171875,515.6099853515625,515.6599731445312
2026-07-23 15:45:00-04:00,515.6099853515625,515.6799926757812,515.22998046875,515.27001953125
2026-07-23 15:50:00-04:00,515.280029296875,515.8499755859375,515.219970703125,515.7100219726562
2026-07-23 15:55:00-04:00,515.7100219726562,516.5499877929688,515.7100219726562,516.219970703125
2026-07-24 09:30:00-04:00,517.280029296875,517.9600219726562,516.5399780273438,516.6199951171875
2026-07-24 09:35:00-04:00,516.5850219726562,517.739990234375,516.5850219726562,517.239990234375
2026-07-24 09:40:00-04:00,517.239990234375,517.8099975585938,517.0599975585938,517.1500244140625
2026-07-24 09:45:00-04:00,517.0999755859375,518.2999877929688,516.8800048828125,517.8900146484375
2026-07-24 09:50:00-04:00,517.9349975585938,518.0599975585938,516.8900146484375,517.3099975585938
2026-07-24 09:55:00-04:00,517.344970703125,517.6699829101562,517.0399780273438,517.3900146484375
2026-07-24 10:00:00-04:00,517.3699951171875,517.782470703125,517.219970703125,517.22998046875
2026-07-24 10:05:00-04:00,517.219970703125,518.239990234375,517.1300048828125,518.1599731445312
2026-07-24 10:10:00-04:00,518.1500244140625,518.3900146484375,517.77001953125,518.14501953125
2026-07-24 10:15:00-04:00,518.1799926757812,518.3599853515625,517.4199829101562,517.6599731445312
2026-07-24 10:20:00-04:00,517.6699829101562,518.030029296875,517.4500122070312,517.8699951171875
2026-07-24 10:25:00-04:00,517.8699951171875,517.9000244140625,517.3499755859375,517.3599853515625
2026-07-24 10:30:00-04:00,517.4199829101562,517.489990234375,517.0800170898438,517.0900268554688
2026-07-24 10:35:00-04:00,517.0499877929688,517.27001953125,516.9199829101562,516.9600219726562
2026-07-24 10:40:00-04:00,516.9199829101562,517.22998046875,516.27001953125,516.2700805664062
2026-07-24 10:45:00-04:00,516.3499755859375,516.9500122070312,516.2899780273438,516.8900146484375
2026-07-24 10:50:00-04:00,517.010009765625,517.4299926757812,516.989990234375,517.155029296875
2026-07-24 10:55:00-04:00,517.25,518.1400146484375,517.25,518.1300048828125
2026-07-24 11:00:00-04:00,518.1099853515625,518.2100219726562,517.8599853515625,517.97998046875
2026-07-24 11:05:00-04:00,517.989990234375,518.260009765625,517.8599853515625,517.9194946289062
2026-07-24 11:10:00-04:00,517.7899780273438,519.510009765625,517.7899780273438,519.3099975585938
2026-07-24 11:15:00-04:00,519.2650146484375,520.010009765625,518.969970703125,519.1199951171875
2026-07-24 11:20:00-04:00,519.0650024414062,519.969970703125,519.0499877929688,519.8200073242188
2026-07-24 11:25:00-04:00,519.7899780273438,520.35498046875,519.77001953125,520.1699829101562
2026-07-24 11:30:00-04:00,520.1199951171875,520.22998046875,519.8400268554688,519.8400268554688
2026-07-24 11:35:00-04:00,519.7949829101562,520.47998046875,519.7949829101562,520.4600219726562
2026-07-24 11:40:00-04:00,520.4299926757812,520.5,520.0,520.0399780273438
2026-07-24 11:45:00-04:00,520.0599975585938,520.25,519.8599853515625,520.0
2026-07-24 11:50:00-04:00,520.0700073242188,520.2999877929688,519.8400268554688,520.0499877929688
2026-07-24 11:55:00-04:00,520.03369140625,520.1799926757812,519.9299926757812,520.1400146484375
2026-07-24 12:00:00-04:00,520.1099853515625,520.1500244140625,519.9199829101562,520.0850219726562
2026-07-24 12:05:00-04:00,520.0900268554688,520.1699829101562,519.8499755859375,519.9600219726562
2026-07-24 12:10:00-04:00,519.989990234375,520.1799926757812,519.8200073242188,520.0599975585938
2026-07-24 12:15:00-04:00,519.989990234375,520.4600219726562,519.989990234375,520.4000244140625
2026-07-24 12:20:00-04:00,520.4000244140625,520.530029296875,520.3599853515625,520.3701171875
2026-07-24 12:25:00-04:00,520.3599853515625,520.5598754882812,520.3499755859375,520.3900146484375
2026-07-24 12:30:00-04:00,520.3800048828125,520.4000244140625,519.9400024414062,519.9500122070312
2026-07-24 12:35:00-04:00,519.969970703125,520.0700073242188,519.8200073242188,519.8200073242188
2026-07-24 12:40:00-04:00,519.7899780273438,519.7999877929688,519.4299926757812,519.4349975585938
2026-07-24 12:45:00-04:00,519.4500122070312,519.510009765625,519.0700073242188,519.1950073242188
2026-07-24 12:50:00-04:00,519.1699829101562,519.260009765625,518.905029296875,519.02001953125
2026-07-24 12:55:00-04:00,519.0,519.5499877929688,518.9500122070312,519.3150024414062
2026-07-24 13:00:00-04:00,519.3200073242188,519.375,519.02001953125,519.1099853515625
2026-07-24 13:05:00-04:00,519.0800170898438,519.2349853515625,518.5700073242188,518.6500244140625
2026-07-24 13:10:00-04:00,518.5499877929688,519.0800170898438,518.5499877929688,519.0599975585938
2026-07-24 13:15:00-04:00,519.0499877929688,519.3200073242188,518.9099731445312,519.27001953125
2026-07-24 13:20:00-04:00,519.22998046875,519.3200073242188,518.9400024414062,519.1199951171875
2026-07-24 13:25:00-04:00,519.1099853515625,519.5599975585938,519.0399780273438,519.5499877929688
2026-07-24 13:30:00-04:00,519.5349731445312,519.60498046875,519.3150024414062,519.5900268554688
2026-07-24 13:35:00-04:00,519.5999755859375,519.6500244140625,519.3400268554688,519.39501953125
2026-07-24 13:40:00-04:00,519.3900146484375,519.4000244140625,519.2100219726562,519.2100219726562
2026-07-24 13:45:00-04:00,519.1799926757812,519.2999877929688,519.0800170898438,519.2000122070312
2026-07-24 13:50:00-04:00,519.219970703125,519.2899780273438,519.010009765625,519.1649780273438
2026-07-24 13:55:00-04:00,519.1599731445312,519.35107421875,519.1400146484375,519.155029296875
2026-07-24 14:00:00-04:00,519.1500244140625,519.239990234375,519.010009765625,519.1400146484375
2026-07-24 14:05:00-04:00,519.1099853515625,519.4299926757812,519.0499877929688,519.3400268554688
2026-07-24 14:10:00-04:00,519.3599853515625,519.3599853515625,519.1199951171875,519.1300048828125
2026-07-24 14:15:00-04:00,519.0800170898438,519.1900024414062,518.8900146484375,518.9149780273438
2026-07-24 14:20:00-04:00,518.9000244140625,518.9000244140625,518.6799926757812,518.8699951171875
2026-07-24 14:25:00-04:00,518.8300170898438,518.8599853515625,518.3800048828125,518.3800048828125
2026-07-24 14:30:00-04:00,518.3610229492188,518.427490234375,517.72998046875,517.760009765625
2026-07-24 14:35:00-04:00,517.7000122070312,518.1599731445312,517.6199951171875,518.0499877929688
2026-07-24 14:40:00-04:00,518.030029296875,518.0399780273438,517.6849975585938,517.8800048828125
2026-07-24 14:45:00-04:00,517.8900146484375,518.3200073242188,517.8900146484375,518.0650024414062
2026-07-24 14:50:00-04:00,518.0800170898438,518.219970703125,517.97998046875,518.1300048828125
2026-07-24 14:55:00-04:00,518.0999755859375,518.3900146484375,518.0900268554688,518.27001953125
2026-07-24 15:00:00-04:00,518.3099975585938,518.4600219726562,518.1099853515625,518.280029296875
2026-07-24 15:05:00-04:00,518.2598876953125,518.3900146484375,518.135009765625,518.1699829101562
2026-07-24 15:10:00-04:00,518.0999755859375,518.510009765625,518.0800170898438,518.2000122070312
2026-07-24 15:15:00-04:00,518.1900024414062,518.3400268554688,518.0700073242188,518.3300170898438
2026-07-24 15:20:00-04:00,518.3400268554688,518.4099731445312,517.8699951171875,517.9500122070312
2026-07-24 15:25:00-04:00,517.9199829101562,518.1900024414062,517.8900146484375,518.0700073242188
2026-07-24 15:30:00-04:00,518.1799926757812,518.47998046875,518.1500244140625,518.260009765625
2026-07-24 15:35:00-04:00,518.25,518.780029296875,518.22998046875,518.489990234375
2026-07-24 15:40:00-04:00,518.47998046875,518.6599731445312,518.3900146484375,518.5900268554688
2026-07-24 15:45:00-04:00,518.5599975585938,518.8200073242188,518.4099731445312,518.7999877929688
2026-07-24 15:50:00-04:00,518.8099975585938,518.8800048828125,518.405029296875,518.8400268554688
2026-07-24 15:55:00-04:00,518.8599853515625,518.8599853515625,518.405029296875,518.7899780273438
2026-07-27 09:30:00-04:00,524.7000122070312,525.27001953125,523.8699951171875,524.7100219726562
2026-07-27 09:35:00-04:00,524.719970703125,525.3400268554688,524.5599975585938,524.780029296875
2026-07-27 09:40:00-04:00,524.72998046875,525.1699829101562,524.2100219726562,524.219970703125
2026-07-27 09:45:00-04:00,524.25,524.6400146484375,524.0300903320312,524.3699951171875
2026-07-27 09:50:00-04:00,524.4099731445312,524.4600219726562,524.0499877929688,524.0899047851562
2026-07-27 09:55:00-04:00,524.0800170898438,524.0900268554688,523.2999877929688,523.3099975585938
2026-07-27 10:00:00-04:00,523.3099975585938,524.0349731445312,522.9400024414062,523.5900268554688
2026-07-27 10:05:00-04:00,523.6099853515625,523.7999877929688,523.010009765625,523.2100219726562
2026-07-27 10:10:00-04:00,523.0,523.27001953125,522.8200073242188,523.25
2026-07-27 10:15:00-04:00,523.2750244140625,523.469970703125,522.719970703125,523.030029296875
2026-07-27 10:20:00-04:00,523.0,523.010009765625,522.3499755859375,522.4299926757812
2026-07-27 10:25:00-04:00,522.489990234375,522.52001953125,521.7100219726562,521.75
2026-07-27 10:30:00-04:00,521.780029296875,521.7899780273438,521.2899780273438,521.4199829101562
2026-07-27 10:35:00-04:00,521.3499755859375,521.52001953125,520.8900146484375,521.4199829101562
2026-07-27 10:40:00-04:00,521.3800048828125,521.4099731445312,520.489990234375,520.780029296875
2026-07-27 10:45:00-04:00,520.7999877929688,521.1199951171875,520.469970703125,520.8099975585938
2026-07-27 10:50:00-04:00,520.7999877929688,521.0399780273438,520.530029296875,520.989990234375
2026-07-27 10:55:00-04:00,521.010009765625,521.7100219726562,520.9299926757812,521.6300048828125
2026-07-27 11:00:00-04:00,521.6199951171875,521.8499755859375,521.3300170898438,521.6300048828125
2026-07-27 11:05:00-04:00,521.52001953125,521.9500122070312,521.27001953125,521.27001953125
2026-07-27 11:10:00-04:00,521.27001953125,522.0800170898438,521.22998046875,521.77001953125
2026-07-27 11:15:00-04:00,521.780029296875,521.7899780273438,520.9199829101562,521.1799926757812
2026-07-27 11:20:00-04:00,521.2000122070312,521.3150024414062,520.6699829101562,520.72998046875
2026-07-27 11:25:00-04:00,520.72998046875,521.02001953125,520.635009765625,520.9600219726562
2026-07-27 11:30:00-04:00,520.9500122070312,520.9600219726562,520.2150268554688,520.22998046875
2026-07-27 11:35:00-04:00,520.2100219726562,520.27001953125,519.4299926757812,519.7999877929688
2026-07-27 11:40:00-04:00,519.8300170898438,520.22998046875,519.6699829101562,520.0399780273438
2026-07-27 11:45:00-04:00,520.1799926757812,520.1900024414062,519.5499877929688,519.6701049804688
2026-07-27 11:50:00-04:00,519.77001953125,520.010009765625,519.6900024414062,519.7750244140625
2026-07-27 11:55:00-04:00,519.859375,519.9099731445312,519.469970703125,519.72998046875
2026-07-27 12:00:00-04:00,519.760009765625,519.9400024414062,519.5999755859375,519.9400024414062
2026-07-27 12:05:00-04:00,519.9600219726562,520.3099975585938,519.8400268554688,520.3099975585938
2026-07-27 12:10:00-04:00,520.3499755859375,520.4708862304688,519.8499755859375,519.9400024414062
2026-07-27 12:15:00-04:00,519.8800048828125,519.9500122070312,519.5062866210938,519.8200073242188
2026-07-27 12:20:00-04:00,519.7849731445312,520.280029296875,519.719970703125,520.1749877929688
2026-07-27 12:25:00-04:00,520.1799926757812,521.3300170898438,520.1599731445312,520.7899780273438
2026-07-27 12:30:00-04:00,520.780029296875,521.22998046875,520.739990234375,521.22998046875
2026-07-27 12:35:00-04:00,521.2100219726562,521.4199829101562,520.8599853515625,520.9000244140625
2026-07-27 12:40:00-04:00,520.9299926757812,520.969970703125,520.5,520.6099853515625
2026-07-27 12:45:00-04:00,520.6199951171875,520.9299926757812,520.5499877929688,520.5700073242188
2026-07-27 12:50:00-04:00,520.4400024414062,520.4400024414062,519.9299926757812,520.0750122070312
2026-07-27 12:55:00-04:00,520.030029296875,520.1199951171875,519.7999877929688,520.02001953125
2026-07-27 13:00:00-04:00,519.9299926757812,520.0,519.4650268554688,519.614990234375
2026-07-27 13:05:00-04:00,519.5499877929688,519.780029296875,519.5499877929688,519.6199951171875
2026-07-27 13:10:00-04:00,519.6400146484375,519.85498046875,519.5900268554688,519.7000122070312
2026-07-27 13:15:00-04:00,519.6900024414062,519.75,519.2899780273438,519.469970703125
2026-07-27 13:20:00-04:00,519.469970703125,519.8599853515625,519.4099731445312,519.719970703125
2026-07-27 13:25:00-04:00,519.7349853515625,519.8200073242188,519.4749755859375,519.4749755859375
2026-07-27 13:30:00-04:00,519.4500122070312,519.969970703125,519.4400024414062,519.9299926757812
2026-07-27 13:35:00-04:00,520.010009765625,520.0700073242188,519.6900024414062,519.8400268554688
2026-07-27 13:40:00-04:00,519.8300170898438,519.969970703125,519.75,519.9299926757812
2026-07-27 13:45:00-04:00,519.9600219726562,520.1099853515625,519.8699951171875,519.905029296875
2026-07-27 13:50:00-04:00,520.02001953125,520.3098754882812,519.9199829101562,520.25
2026-07-27 13:55:00-04:00,520.2849731445312,520.4400024414062,520.1599731445312,520.3599853515625
2026-07-27 14:00:00-04:00,520.3800048828125,520.4400024414062,520.2100219726562,520.3200073242188
2026-07-27 14:05:00-04:00,520.2999877929688,520.52001953125,520.280029296875,520.3300170898438
2026-07-27 14:10:00-04:00,520.3699951171875,520.4099731445312,520.25,520.3300170898438
2026-07-27 14:15:00-04:00,520.3099975585938,520.3499755859375,519.989990234375,520.0999755859375
2026-07-27 14:20:00-04:00,520.0499877929688,520.3200073242188,520.02001953125,520.3200073242188
2026-07-27 14:25:00-04:00,520.3394775390625,520.489990234375,520.27001953125,520.4600219726562
2026-07-27 14:30:00-04:00,520.4400024414062,520.457275390625,520.0499877929688,520.0499877929688
2026-07-27 14:35:00-04:00,520.02001953125,520.1300048828125,519.9600219726562,519.9749755859375
2026-07-27 14:40:00-04:00,519.9299926757812,520.4299926757812,519.9299926757812,520.1599731445312
2026-07-27 14:45:00-04:00,520.1900024414062,520.25,519.97998046875,520.010009765625
2026-07-27 14:50:00-04:00,520.1400146484375,520.7899780273438,520.1300048828125,520.6699829101562
2026-07-27 14:55:00-04:00,520.6799926757812,521.1099853515625,520.6799926757812,521.0900268554688
2026-07-27 15:00:00-04:00,521.1500244140625,521.2100219726562,520.6599731445312,520.6599731445312
2026-07-27 15:05:00-04:00,520.6749877929688,521.22998046875,520.6199951171875,521.1799926757812
2026-07-27 15:10:00-04:00,521.2050170898438,521.2899780273438,520.9400024414062,521.0499877929688
2026-07-27 15:15:00-04:00,521.0999755859375,521.280029296875,521.0900268554688,521.2650146484375
2026-07-27 15:20:00-04:00,521.3499755859375,521.47998046875,521.239990234375,521.280029296875
2026-07-27 15:25:00-04:00,521.27001953125,521.2949829101562,521.094970703125,521.2849731445312
2026-07-27 15:30:00-04:00,521.27001953125,521.5,521.2100219726562,521.3900146484375
2026-07-27 15:35:00-04:00,521.344970703125,521.469970703125,521.27001953125,521.27001953125
2026-07-27 15:40:00-04:00,521.3400268554688,521.5,521.280029296875,521.4099731445312
2026-07-27 15:45:00-04:00,521.4099731445312,521.4600219726562,521.1901245117188,521.3699951171875
2026-07-27 15:50:00-04:00,521.3499755859375,521.4000244140625,521.0399780273438,521.0700073242188
2026-07-27 15:55:00-04:00,521.1099853515625,521.4299926757812,520.9500122070312,521.3300170898438
2026-07-28 09:30:00-04:00,526.1900024414062,526.1950073242188,524.2999877929688,524.60498046875
2026-07-28 09:35:00-04:00,524.6099853515625,525.4500122070312,524.1900024414062,524.47998046875
2026-07-28 09:40:00-04:00,524.469970703125,524.6300048828125,523.6699829101562,524.3049926757812
2026-07-28 09:45:00-04:00,524.3099975585938,525.1400146484375,524.1599731445312,525.1300048828125
2026-07-28 09:50:00-04:00,525.1699829101562,525.4099731445312,524.3900146484375,524.7949829101562
2026-07-28 09:55:00-04:00,524.760009765625,524.9400024414062,524.510009765625,524.8099975585938
2026-07-28 10:00:00-04:00,524.9000244140625,525.3900146484375,524.8599853515625,525.27001953125
2026-07-28 10:05:00-04:00,525.1799926757812,525.6400146484375,525.1099853515625,525.3200073242188
2026-07-28 10:10:00-04:00,525.3300170898438,525.75,525.1199951171875,525.2349853515625
2026-07-28 10:15:00-04:00,525.4099731445312,525.9600219726562,525.4000244140625,525.4299926757812
2026-07-28 10:20:00-04:00,525.4600219726562,525.9600219726562,525.280029296875,525.719970703125
2026-07-28 10:25:00-04:00,525.760009765625,525.8699951171875,525.3250122070312,525.510009765625
2026-07-28 10:30:00-04:00,525.5349731445312,525.6300048828125,525.1300048828125,525.1500244140625
2026-07-28 10:35:00-04:00,525.1400146484375,525.6925048828125,524.739990234375,524.739990234375
2026-07-28 10:40:00-04:00,524.739990234375,525.3300170898438,524.7000122070312,525.0599975585938
2026-07-28 10:45:00-04:00,525.0800170898438,525.3800048828125,524.9299926757812,525.2999877929688
2026-07-28 10:50:00-04:00,525.3300170898438,525.77001953125,525.239990234375,525.7100219726562
2026-07-28 10:55:00-04:00,525.7999877929688,526.0800170898438,525.0340576171875,525.0999755859375
2026-07-28 11:00:00-04:00,525.0549926757812,525.3800048828125,524.719970703125,524.8200073242188
2026-07-28 11:05:00-04:00,524.8200073242188,525.25,524.739990234375,525.239990234375
2026-07-28 11:10:00-04:00,525.239990234375,526.1900024414062,525.2000122070312,525.9099731445312
2026-07-28 11:15:00-04:00,525.9400024414062,526.8300170898438,525.9400024414062,526.8099975585938
2026-07-28 11:20:00-04:00,526.8300170898438,527.3250122070312,526.8200073242188,527.2899780273438
2026-07-28 11:25:00-04:00,527.2899780273438,527.6900024414062,527.0399780273438,527.1699829101562
2026-07-28 11:30:00-04:00,527.1199951171875,527.3599853515625,526.9099731445312,527.0700073242188
2026-07-28 11:35:00-04:00,527.0814208984375,527.6199951171875,527.0449829101562,527.5050048828125
2026-07-28 11:40:00-04:00,527.5,527.7999877929688,527.469970703125,527.7999877929688
2026-07-28 11:45:00-04:00,527.7698974609375,527.969970703125,527.6900024414062,527.969970703125
2026-07-28 11:50:00-04:00,527.97998046875,528.0900268554688,527.6300048828125,528.010009765625
2026-07-28 11:55:00-04:00,528.0499877929688,528.1900024414062,527.9000244140625,528.0700073242188
2026-07-28 12:00:00-04:00,528.0700073242188,528.1099853515625,527.7899780273438,527.7999877929688
2026-07-28 12:05:00-04:00,527.8200073242188,528.0698852539062,527.719970703125,527.9600219726562
2026-07-28 12:10:00-04:00,527.989990234375,528.10498046875,527.89501953125,528.0700073242188
2026-07-28 12:15:00-04:00,528.0549926757812,528.0999755859375,527.7100219726562,527.969970703125
2026-07-28 12:20:00-04:00,527.97998046875,528.0499877929688,527.8499755859375,527.9400024414062
2026-07-28 12:25:00-04:00,527.9600219726562,528.0800170898438,527.780029296875,527.780029296875
2026-07-28 12:30:00-04:00,527.8200073242188,527.9299926757812,527.7899780273438,527.8099975585938
2026-07-28 12:35:00-04:00,527.8300170898438,527.9500122070312,527.72998046875,527.8800048828125
2026-07-28 12:40:00-04:00,527.8900146484375,528.0999755859375,527.7999877929688,527.97998046875
2026-07-28 12:45:00-04:00,528.010009765625,528.0499877929688,527.6199951171875,527.7999877929688
2026-07-28 12:50:00-04:00,527.77001953125,528.155029296875,527.77001953125,528.0999755859375
2026-07-28 12:55:00-04:00,528.0999755859375,528.25,528.056640625,528.2000122070312
2026-07-28 13:00:00-04:00,528.1799926757812,528.3699951171875,528.1099853515625,528.2000122070312
2026-07-28 13:05:00-04:00,528.219970703125,528.4000244140625,527.969970703125,527.97998046875
2026-07-28 13:10:00-04:00,527.9400024414062,528.0150146484375,527.7000122070312,527.8200073242188
2026-07-28 13:15:00-04:00,527.8200073242188,528.0,527.7899780273438,527.989990234375
2026-07-28 13:20:00-04:00,527.9600219726562,528.4500122070312,527.9000244140625,528.0599975585938
2026-07-28 13:25:00-04:00,528.0700073242188,528.219970703125,527.7899780273438,527.7899780273438
2026-07-28 13:30:00-04:00,527.760009765625,527.969970703125,527.510009765625,527.9299926757812
2026-07-28 13:35:00-04:00,527.9299926757812,528.0599975585938,527.719970703125,527.739990234375
2026-07-28 13:40:00-04:00,527.739990234375,527.8699951171875,527.3115234375,527.3499755859375
2026-07-28 13:45:00-04:00,527.3400268554688,527.6900024414062,527.280029296875,527.6699829101562
2026-07-28 13:50:00-04:00,527.64501953125,527.64501953125,527.280029296875,527.3200073242188
2026-07-28 13:55:00-04:00,527.3300170898438,527.4500122070312,527.1900024414062,527.3800048828125
2026-07-28 14:00:00-04:00,527.3599853515625,527.5800170898438,527.3200073242188,527.3800048828125
2026-07-28 14:05:00-04:00,527.4400024414062,527.4600219726562,527.219970703125,527.280029296875
2026-07-28 14:10:00-04:00,527.280029296875,527.3499755859375,526.97998046875,526.97998046875
2026-07-28 14:15:00-04:00,526.9349975585938,527.22998046875,526.9349975585938,527.1599731445312
2026-07-28 14:20:00-04:00,527.1699829101562,527.2100219726562,526.8300170898438,526.8699951171875
2026-07-28 14:25:00-04:00,526.7999877929688,527.030029296875,526.7999877929688,526.9600219726562
2026-07-28 14:30:00-04:00,526.9299926757812,527.1699829101562,526.9000244140625,527.1400146484375
2026-07-28 14:35:00-04:00,527.12890625,527.2899780273438,527.030029296875,527.2100219726562
2026-07-28 14:40:00-04:00,527.219970703125,527.27001953125,526.9500122070312,527.239990234375
2026-07-28 14:45:00-04:00,527.239990234375,527.5900268554688,527.239990234375,527.5
2026-07-28 14:50:00-04:00,527.5,527.6199951171875,527.4099731445312,527.4199829101562
2026-07-28 14:55:00-04:00,527.4349975585938,527.5650024414062,527.35498046875,527.4400024414062
2026-07-28 15:00:00-04:00,527.4000244140625,527.469970703125,527.22998046875,527.3900146484375
2026-07-28 15:05:00-04:00,527.3800048828125,527.5599975585938,527.2999877929688,527.3350219726562
2026-07-28 15:10:00-04:00,527.3800048828125,527.510009765625,527.2750244140625,527.3250122070312
2026-07-28 15:15:00-04:00,527.3300170898438,527.5599975585938,527.280029296875,527.4500122070312
2026-07-28 15:20:00-04:00,527.47998046875,527.530029296875,527.2999877929688,527.3599853515625
2026-07-28 15:25:00-04:00,527.3599853515625,527.3599853515625,527.0900268554688,527.1799926757812
2026-07-28 15:30:00-04:00,527.1749877929688,527.280029296875,527.030029296875,527.219970703125
2026-07-28 15:35:00-04:00,527.219970703125,527.4299926757812,527.1099853515625,527.1500244140625
2026-07-28 15:40:00-04:00,527.1400146484375,527.2999877929688,527.125,527.280029296875
2026-07-28 15:45:00-04:00,527.2849731445312,527.2949829101562,526.969970703125,527.0800170898438
2026-07-28 15:50:00-04:00,527.0700073242188,527.2899780273438,527.010009765625,527.2899780273438
2026-07-28 15:55:00-04:00,527.27001953125,527.3900146484375,526.6699829101562,526.9400024414062
2026-07-29 09:30:00-04:00,522.4600219726562,523.1699829101562,522.22998046875,522.4390258789062
2026-07-29 09:35:00-04:00,522.4400024414062,522.989990234375,522.0300903320312,522.8300170898438
2026-07-29 09:40:00-04:00,522.8200073242188,522.9400024414062,522.1400146484375,522.1400146484375
2026-07-29 09:45:00-04:00,522.1699829101562,522.72998046875,521.9400024414062,522.0499877929688
2026-07-29 09:50:00-04:00,522.010009765625,522.0750122070312,521.125,521.3599853515625
2026-07-29 09:55:00-04:00,521.3800048828125,521.3800048828125,520.5449829101562,520.6900024414062
2026-07-29 10:00:00-04:00,520.6950073242188,520.7750244140625,520.1400146484375,520.2673950195312
2026-07-29 10:05:00-04:00,520.260009765625,520.52001953125,519.6500244140625,519.780029296875
2026-07-29 10:10:00-04:00,519.7100219726562,520.030029296875,518.8867797851562,519.1950073242188
2026-07-29 10:15:00-04:00,519.219970703125,519.760009765625,519.219970703125,519.6300048828125
2026-07-29 10:20:00-04:00,519.6500244140625,519.8699951171875,519.260009765625,519.3099975585938
2026-07-29 10:25:00-04:00,519.280029296875,519.4000244140625,518.7200927734375,519.1400146484375
2026-07-29 10:30:00-04:00,519.1300048828125,519.3200073242188,518.6799926757812,518.780029296875
2026-07-29 10:35:00-04:00,518.8300170898438,519.135009765625,518.719970703125,518.8300170898438
2026-07-29 10:40:00-04:00,518.8200073242188,518.8300170898438,518.0999755859375,518.3300170898438
2026-07-29 10:45:00-04:00,518.2899780273438,518.6400146484375,518.1699829101562,518.469970703125
2026-07-29 10:50:00-04:00,518.47998046875,519.0,518.3699951171875,518.9500122070312
2026-07-29 10:55:00-04:00,518.9500122070312,518.969970703125,518.2000122070312,518.2200927734375
2026-07-29 11:00:00-04:00,518.4749755859375,518.9099731445312,518.1649780273438,518.712890625
2026-07-29 11:05:00-04:00,518.7000122070312,518.8754272460938,518.4099731445312,518.8250122070312
2026-07-29 11:10:00-04:00,518.8599853515625,518.9500122070312,518.47998046875,518.52001953125
2026-07-29 11:15:00-04:00,518.510009765625,518.8699951171875,518.4099731445312,518.4099731445312
2026-07-29 11:20:00-04:00,518.4199829101562,518.8099975585938,518.4199829101562,518.80029296875
2026-07-29 11:25:00-04:00,518.7999877929688,518.7999877929688,518.4400024414062,518.5599975585938
2026-07-29 11:30:00-04:00,518.5599975585938,518.8499755859375,518.469970703125,518.5399780273438
2026-07-29 11:35:00-04:00,518.5700073242188,518.7899780273438,518.3699951171875,518.3699951171875
2026-07-29 11:40:00-04:00,518.3699951171875,518.4400024414062,518.0999755859375,518.3300170898438
2026-07-29 11:45:00-04:00,518.3599853515625,518.6400146484375,518.2449951171875,518.6400146484375
2026-07-29 11:50:00-04:00,518.6300048828125,518.6699829101562,518.1500244140625,518.1500244140625
2026-07-29 11:55:00-04:00,518.0599975585938,518.3099975585938,517.8800048828125,518.25
2026-07-29 12:00:00-04:00,518.2999877929688,518.3499755859375,517.77001953125,517.780029296875
2026-07-29 12:05:00-04:00,517.77001953125,517.9000244140625,517.4349975585938,517.8300170898438
2026-07-29 12:10:00-04:00,517.8099975585938,517.8300170898438,517.4600219726562,517.4600219726562
2026-07-29 12:15:00-04:00,517.4149780273438,517.659912109375,517.280029296875,517.4500122070312
2026-07-29 12:20:00-04:00,517.4299926757812,518.135009765625,517.3800048828125,517.9299926757812
2026-07-29 12:25:00-04:00,518.010009765625,518.280029296875,517.9400024414062,518.27001953125
2026-07-29 12:30:00-04:00,518.226806640625,518.4500122070312,518.0999755859375,518.0999755859375
2026-07-29 12:35:00-04:00,518.0900268554688,518.1500244140625,517.8699951171875,518.1300048828125
2026-07-29 12:40:00-04:00,518.1500244140625,518.2100219726562,517.7849731445312,517.9500122070312
2026-07-29 12:45:00-04:00,517.9500122070312,518.22998046875,517.7999877929688,518.1950073242188
2026-07-29 12:50:00-04:00,518.1950073242188,518.6199951171875,518.1599731445312,518.52001953125
2026-07-29 12:55:00-04:00,518.5,518.8599853515625,518.4450073242188,518.8599853515625
2026-07-29 13:00:00-04:00,518.8900146484375,519.5800170898438,518.7899780273438,519.5050048828125
2026-07-29 13:05:00-04:00,519.510009765625,519.5900268554688,519.0800170898438,519.0800170898438
2026-07-29 13:10:00-04:00,519.0700073242188,519.5700073242188,519.0499877929688,519.510009765625
2026-07-29 13:15:00-04:00,519.5,519.8300170898438,519.3499755859375,519.8099975585938
2026-07-29 13:20:00-04:00,519.8049926757812,520.010009765625,519.5399780273438,519.5399780273438
2026-07-29 13:25:00-04:00,519.5599975585938,519.7000122070312,519.3400268554688,519.3400268554688
2026-07-29 13:30:00-04:00,519.3300170898438,519.7100219726562,519.0900268554688,519.2899780273438
2026-07-29 13:35:00-04:00,519.2750244140625,519.3800048828125,519.094970703125,519.1500244140625
2026-07-29 13:40:00-04:00,519.1400146484375,519.1749877929688,518.9000854492188,519.0599975585938
2026-07-29 13:45:00-04:00,519.0999755859375,519.1500244140625,518.8499755859375,519.1300048828125
2026-07-29 13:50:00-04:00,519.1699829101562,519.2999877929688,519.0599975585938,519.239990234375
2026-07-29 13:55:00-04:00,519.2249755859375,519.2999877929688,519.0,519.2100219726562
2026-07-29 14:00:00-04:00,519.1599731445312,521.169921875,519.1300048828125,520.1900024414062
2026-07-29 14:05:00-04:00,520.1799926757812,520.3599853515625,519.364990234375,519.4099731445312
2026-07-29 14:10:00-04:00,519.4600219726562,519.6500244140625,518.9199829101562,519.2100219726562
2026-07-29 14:15:00-04:00,519.219970703125,519.7000122070312,518.8201293945312,518.8900146484375
2026-07-29 14:20:00-04:00,518.8499755859375,518.8499755859375,518.3200073242188,518.5900268554688
2026-07-29 14:25:00-04:00,518.510009765625,518.97998046875,518.4000244140625,518.97998046875
2026-07-29 14:30:00-04:00,519.0,519.4000244140625,518.0,518.5499877929688
2026-07-29 14:35:00-04:00,518.5700073242188,519.9199829101562,518.1599731445312,519.7899780273438
2026-07-29 14:40:00-04:00,519.8200073242188,520.9099731445312,519.75,520.75
2026-07-29 14:45:00-04:00,520.7100219726562,521.780029296875,520.64501953125,521.6300048828125
2026-07-29 14:50:00-04:00,521.6500244140625,521.97998046875,521.3099975585938,521.9500122070312
2026-07-29 14:55:00-04:00,521.9199829101562,521.9299926757812,521.3319702148438,521.4249877929688
2026-07-29 15:00:00-04:00,521.4500122070312,521.8300170898438,520.2999877929688,520.4600219726562
2026-07-29 15:05:00-04:00,520.4299926757812,520.4600219726562,519.3099975585938,519.3300170898438
2026-07-29 15:10:00-04:00,519.2899780273438,519.8499755859375,519.1300048828125,519.8200073242188
2026-07-29 15:15:00-04:00,519.760009765625,520.4600219726562,519.27001953125,519.3350219726562
2026-07-29 15:20:00-04:00,519.27001953125,519.27001953125,518.219970703125,518.239990234375
2026-07-29 15:25:00-04:00,518.239990234375,518.4000244140625,517.6099853515625,517.7999877929688
2026-07-29 15:30:00-04:00,517.760009765625,517.9500122070312,516.4000244140625,517.0399780273438
2026-07-29 15:35:00-04:00,517.0399780273438,517.0900268554688,515.5700073242188,515.6199951171875
2026-07-29 15:40:00-04:00,515.5900268554688,515.969970703125,515.2999877929688,515.5599975585938
2026-07-29 15:45:00-04:00,515.5900268554688,515.5900268554688,514.8200073242188,515.4000244140625
2026-07-29 15:50:00-04:00,515.3900146484375,515.5599975585938,514.9099731445312,515.4400024414062
2026-07-29 15:55:00-04:00,515.4000244140625,515.739990234375,515.010009765625,515.3599853515625
2026-07-30 09:30:00-04:00,518.8400268554688,518.9400024414062,517.7000122070312,517.780029296875
2026-07-30 09:35:00-04:00,517.739990234375,518.3800048828125,517.1300048828125,517.3200073242188
2026-07-30 09:40:00-04:00,517.3400268554688,518.0800170898438,516.5599975585938,517.5999755859375
2026-07-30 09:45:00-04:00,517.7249755859375,518.47998046875,517.6400146484375,518.2000122070312
2026-07-30 09:50:00-04:00,518.2000122070312,519.1099853515625,518.1900024414062,518.739990234375
2026-07-30 09:55:00-04:00,518.5900268554688,518.8250122070312,518.3099975585938,518.6900024414062
2026-07-30 10:00:00-04:00,518.7349853515625,519.02001953125,518.1699829101562,518.5750122070312
2026-07-30 10:05:00-04:00,518.5650024414062,519.0,518.2899780273438,518.5250244140625
2026-07-30 10:10:00-04:00,518.47998046875,518.719970703125,518.3200073242188,518.6998901367188
2026-07-30 10:15:00-04:00,518.6900024414062,518.8200073242188,518.260009765625,518.47998046875
2026-07-30 10:20:00-04:00,518.52001953125,518.8900146484375,518.1199951171875,518.1599731445312
2026-07-30 10:25:00-04:00,518.1799926757812,518.9500122070312,518.010009765625,518.4650268554688
2026-07-30 10:30:00-04:00,518.5,518.7550048828125,518.1199951171875,518.2050170898438
2026-07-30 10:35:00-04:00,518.2000122070312,518.739990234375,518.155029296875,518.6099853515625
2026-07-30 10:40:00-04:00,518.6199951171875,518.8200073242188,517.9550170898438,517.969970703125
2026-07-30 10:45:00-04:00,517.969970703125,518.1599731445312,517.2100219726562,517.3400268554688
2026-07-30 10:50:00-04:00,517.4299926757812,517.5150146484375,516.9000244140625,517.0
2026-07-30 10:55:00-04:00,516.9199829101562,517.27001953125,516.780029296875,517.1599731445312
2026-07-30 11:00:00-04:00,517.1599731445312,517.1699829101562,516.5900268554688,516.8300170898438
2026-07-30 11:05:00-04:00,516.7999877929688,517.1298828125,516.3099975585938,516.969970703125
2026-07-30 11:10:00-04:00,516.9749755859375,516.9749755859375,516.02001953125,516.0744018554688
2026-07-30 11:15:00-04:00,516.02001953125,516.8200073242188,515.8699951171875,516.8200073242188
2026-07-30 11:20:00-04:00,516.8792724609375,517.0700073242188,516.6300048828125,516.6500244140625
2026-07-30 11:25:00-04:00,516.7000122070312,516.8699951171875,516.3250122070312,516.5150146484375
2026-07-30 11:30:00-04:00,516.489990234375,517.2100219726562,516.4099731445312,517.2100219726562
2026-07-30 11:35:00-04:00,517.3400268554688,517.6195068359375,517.0800170898438,517.280029296875
2026-07-30 11:40:00-04:00,517.342529296875,518.280029296875,517.3099975585938,518.0850219726562
2026-07-30 11:45:00-04:00,518.1699829101562,518.4400024414062,518.1099853515625,518.3099975585938
2026-07-30 11:50:00-04:00,518.405029296875,518.5800170898438,518.1699829101562,518.530029296875
2026-07-30 11:55:00-04:00,518.655029296875,518.8800048828125,518.5900268554688,518.6400146484375
2026-07-30 12:00:00-04:00,518.6599731445312,519.0700073242188,518.47998046875,519.0599975585938
2026-07-30 12:05:00-04:00,519.0599975585938,519.0999755859375,518.6599731445312,518.9400024414062
2026-07-30 12:10:00-04:00,518.9600219726562,519.510009765625,518.9299926757812,519.4500122070312
2026-07-30 12:15:00-04:00,519.4299926757812,519.75,519.3599853515625,519.6500244140625
2026-07-30 12:20:00-04:00,519.6500244140625,519.7899780273438,519.3499755859375,519.3499755859375
2026-07-30 12:25:00-04:00,519.3049926757812,519.7199096679688,519.3049926757812,519.6500244140625
2026-07-30 12:30:00-04:00,519.7050170898438,519.9500122070312,519.52001953125,519.9199829101562
2026-07-30 12:35:00-04:00,519.8800048828125,520.0800170898438,519.5800170898438,519.5999755859375
2026-07-30 12:40:00-04:00,519.659912109375,519.6900024414062,519.4400024414062,519.5999755859375
2026-07-30 12:45:00-04:00,519.6400146484375,520.0499877929688,519.6400146484375,519.885009765625
2026-07-30 12:50:00-04:00,519.9000244140625,520.4000244140625,519.760009765625,520.4000244140625
2026-07-30 12:55:00-04:00,520.3900146484375,520.4849853515625,520.1699829101562,520.1900024414062
2026-07-30 13:00:00-04:00,520.2100219726562,521.030029296875,520.2100219726562,520.8699951171875
2026-07-30 13:05:00-04:00,520.8499755859375,520.9400024414062,520.5,520.6599731445312
2026-07-30 13:10:00-04:00,520.7000122070312,520.780029296875,520.47998046875,520.5900268554688
2026-07-30 13:15:00-04:00,520.6099853515625,520.8300170898438,520.5599975585938,520.8099975585938
2026-07-30 13:20:00-04:00,520.7849731445312,520.8800048828125,520.7100219726562,520.7899780273438
2026-07-30 13:25:00-04:00,520.72998046875,520.7899780273438,520.6099853515625,520.7000122070312
2026-07-30 13:30:00-04:00,520.72998046875,520.9000244140625,520.5599975585938,520.6799926757812
2026-07-30 13:35:00-04:00,520.6799926757812,520.9450073242188,520.510009765625,520.5700073242188
2026-07-30 13:40:00-04:00,520.5599975585938,521.010009765625,520.5599975585938,520.8599853515625
2026-07-30 13:45:00-04:00,520.8300170898438,520.97998046875,520.780029296875,520.7899780273438
2026-07-30 13:50:00-04:00,520.7550048828125,521.010009765625,520.7000122070312,520.7000122070312
2026-07-30 13:55:00-04:00,520.6599731445312,520.6599731445312,520.4199829101562,520.4400024414062
2026-07-30 14:00:00-04:00,520.47998046875,520.7999877929688,520.47998046875,520.5599975585938
2026-07-30 14:05:00-04:00,520.5349731445312,520.77001953125,520.5349731445312,520.7000122070312
2026-07-30 14:10:00-04:00,520.7000122070312,520.8599853515625,520.6599731445312,520.8121948242188
2026-07-30 14:15:00-04:00,520.8400268554688,520.9600219726562,520.7899780273438,520.9183349609375
2026-07-30 14:20:00-04:00,520.9600219726562,521.114990234375,520.9442749023438,520.969970703125
2026-07-30 14:25:00-04:00,521.0,521.0549926757812,520.8300170898438,521.02001953125
2026-07-30 14:30:00-04:00,521.030029296875,521.0399780273438,520.780029296875,520.8800048828125
2026-07-30 14:35:00-04:00,520.85498046875,520.969970703125,520.75,520.8200073242188
2026-07-30 14:40:00-04:00,520.8099975585938,521.0399780273438,520.8099975585938,521.0399780273438
2026-07-30 14:45:00-04:00,521.02001953125,521.0499877929688,520.9400024414062,521.0499877929688
2026-07-30 14:50:00-04:00,521.0499877929688,521.260009765625,521.010009765625,521.1900024414062
2026-07-30 14:55:00-04:00,521.2000122070312,521.3499145507812,521.1500244140625,521.3300170898438
2026-07-30 15:00:00-04:00,521.3300170898438,521.739990234375,521.2949829101562,521.6900024414062
2026-07-30 15:05:00-04:00,521.6799926757812,521.780029296875,521.5599975585938,521.760009765625
2026-07-30 15:10:00-04:00,521.77001953125,521.97998046875,521.739990234375,521.8699951171875
2026-07-30 15:15:00-04:00,521.8410034179688,521.85498046875,521.6799926757812,521.7598876953125
2026-07-30 15:20:00-04:00,521.75,521.8800048828125,521.7100219726562,521.8200073242188
2026-07-30 15:25:00-04:00,521.72998046875,521.864990234375,521.6500854492188,521.6699829101562
2026-07-30 15:30:00-04:00,521.6799926757812,521.8099975585938,521.5999755859375,521.64501953125
2026-07-30 15:35:00-04:00,521.6900024414062,521.75,521.489990234375,521.5399780273438
2026-07-30 15:40:00-04:00,521.5599975585938,521.6799926757812,521.4600219726562,521.5999755859375
2026-07-30 15:45:00-04:00,521.5700073242188,521.6699829101562,521.380615234375,521.469970703125
2026-07-30 15:50:00-04:00,521.469970703125,521.489990234375,521.1599731445312,521.2100219726562
2026-07-30 15:55:00-04:00,521.219970703125,521.8300170898438,521.1099853515625,521.4600219726562
2026-07-31 09:30:00-04:00,524.0800170898438,524.4099731445312,523.219970703125,523.5
2026-07-31 09:35:00-04:00,523.3599853515625,523.6199951171875,522.6699829101562,522.6699829101562
2026-07-31 09:40:00-04:00,522.6099853515625,523.0900268554688,522.130126953125,522.8699951171875
2026-07-31 09:45:00-04:00,522.9600219726562,523.030029296875,521.75,521.77001953125
2026-07-31 09:50:00-04:00,521.75,521.9749755859375,521.4600219726562,521.6900024414062
2026-07-31 09:55:00-04:00,521.6699829101562,521.97998046875,521.3699951171875,521.4299926757812
2026-07-31 10:00:00-04:00,521.4299926757812,521.5399780273438,520.5700073242188,520.6199951171875
2026-07-31 10:05:00-04:00,520.6199951171875,520.8099975585938,519.52001953125,520.0800170898438
2026-07-31 10:10:00-04:00,520.0620727539062,520.1400146484375,519.4099731445312,519.7899780273438
2026-07-31 10:15:00-04:00,519.760009765625,520.0800170898438,519.25,519.4299926757812
2026-07-31 10:20:00-04:00,519.3800048828125,520.4749755859375,519.3800048828125,520.280029296875
2026-07-31 10:25:00-04:00,520.2999877929688,521.0599975585938,520.2899780273438,521.030029296875
2026-07-31 10:30:00-04:00,521.0800170898438,521.280029296875,520.7005004882812,520.9400024414062
2026-07-31 10:35:00-04:00,520.9349975585938,521.2550048828125,520.8599853515625,521.2449951171875
2026-07-31 10:40:00-04:00,521.27001953125,521.5800170898438,521.0,521.476318359375
2026-07-31 10:45:00-04:00,521.4862060546875,521.9000244140625,521.405029296875,521.7000122070312
2026-07-31 10:50:00-04:00,521.7000122070312,522.3200073242188,521.6500244140625,521.9000244140625
2026-07-31 10:55:00-04:00,521.8699951171875,522.3499755859375,521.6699829101562,522.3250122070312
2026-07-31 11:00:00-04:00,522.2899780273438,522.3599853515625,521.8900146484375,522.3099975585938
2026-07-31 11:05:00-04:00,522.3400268554688,522.530029296875,521.77001953125,522.030029296875
2026-07-31 11:10:00-04:00,522.030029296875,522.7100219726562,521.9199829101562,522.6300048828125
2026-07-31 11:15:00-04:00,522.5700073242188,522.9500122070312,522.1300048828125,522.3300170898438
2026-07-31 11:20:00-04:00,522.2899780273438,522.469970703125,521.9349975585938,521.969970703125
2026-07-31 11:25:00-04:00,521.9500122070312,522.1400146484375,521.6900024414062,521.8250122070312
2026-07-31 11:30:00-04:00,521.7899780273438,522.030029296875,521.5499877929688,521.969970703125
2026-07-31 11:35:00-04:00,521.97998046875,522.8900146484375,521.9500122070312,522.760009765625
2026-07-31 11:40:00-04:00,522.780029296875,522.97998046875,522.27001953125,522.6400146484375
2026-07-31 11:45:00-04:00,522.6599731445312,522.7999877929688,522.3201293945312,522.3599853515625
2026-07-31 11:50:00-04:00,522.4600219726562,523.219970703125,522.4000244140625,523.0
2026-07-31 11:55:00-04:00,522.9400024414062,523.4199829101562,522.9000244140625,523.3099975585938
2026-07-31 12:00:00-04:00,523.2899780273438,523.4500122070312,523.0999755859375,523.3200073242188
2026-07-31 12:05:00-04:00,523.2999877929688,523.4000244140625,522.8599853515625,523.0900268554688
2026-07-31 12:10:00-04:00,523.0800170898438,523.5999755859375,523.0800170898438,523.5
2026-07-31 12:15:00-04:00,523.4600219726562,523.4849853515625,523.0700073242188,523.3499755859375
2026-07-31 12:20:00-04:00,523.3300170898438,523.9400024414062,523.3300170898438,523.8499755859375
2026-07-31 12:25:00-04:00,523.8499755859375,523.8499755859375,523.3800048828125,523.64501953125
2026-07-31 12:30:00-04:00,523.6599731445312,523.969970703125,523.6400146484375,523.969970703125
2026-07-31 12:35:00-04:00,523.9500122070312,524.0700073242188,523.5999755859375,523.7000122070312
2026-07-31 12:40:00-04:00,523.7999877929688,523.9199829101562,523.6749877929688,523.75
2026-07-31 12:45:00-04:00,523.719970703125,523.989990234375,523.6900024414062,523.8400268554688
2026-07-31 12:50:00-04:00,523.77001953125,524.0499877929688,523.77001953125,523.864990234375
2026-07-31 12:55:00-04:00,523.8994750976562,523.9000244140625,523.6799926757812,523.6939697265625
2026-07-31 13:00:00-04:00,523.6950073242188,523.9600219726562,523.614990234375,523.8350219726562
2026-07-31 13:05:00-04:00,523.8099975585938,524.0,523.5399780273438,523.760009765625
2026-07-31 13:10:00-04:00,523.739990234375,524.0800170898438,523.6799926757812,524.0800170898438
2026-07-31 13:15:00-04:00,524.0599975585938,524.1500244140625,524.010009765625,524.1174926757812
2026-07-31 13:20:00-04:00,524.114990234375,524.489990234375,524.02001953125,524.4600219726562
2026-07-31 13:25:00-04:00,524.469970703125,524.6699829101562,524.4000244140625,524.5999755859375
2026-07-31 13:30:00-04:00,524.5850219726562,524.5999755859375,524.4450073242188,524.489990234375
2026-07-31 13:35:00-04:00,524.489990234375,524.5800170898438,524.27001953125,524.27001953125
2026-07-31 13:40:00-04:00,524.260009765625,524.3699951171875,524.1699829101562,524.2899780273438
2026-07-31 13:45:00-04:00,524.3200073242188,524.4600219726562,523.989990234375,523.9949951171875
2026-07-31 13:50:00-04:00,523.9774780273438,524.239990234375,523.9500122070312,524.1699829101562
2026-07-31 13:55:00-04:00,524.1300048828125,524.27001953125,524.0549926757812,524.0599975585938
2026-07-31 14:00:00-04:00,524.0900268554688,524.4249877929688,524.030029296875,524.27001953125
2026-07-31 14:05:00-04:00,524.260009765625,524.5391235351562,524.125,524.52001953125
2026-07-31 14:10:00-04:00,524.5701293945312,524.6599731445312,524.5,524.52001953125
2026-07-31 14:15:00-04:00,524.510009765625,524.739990234375,524.489990234375,524.6500244140625
2026-07-31 14:20:00-04:00,524.6599731445312,524.7999877929688,524.601806640625,524.760009765625
2026-07-31 14:25:00-04:00,524.760009765625,524.780029296875,524.5499877929688,524.6799926757812
2026-07-31 14:30:00-04:00,524.7000122070312,524.760009765625,524.5499877929688,524.5850219726562
2026-07-31 14:35:00-04:00,524.5399780273438,524.6099853515625,524.4099731445312,524.4199829101562
2026-07-31 14:40:00-04:00,524.4299926757812,524.6500244140625,524.3800048828125,524.5900268554688
2026-07-31 14:45:00-04:00,524.5999755859375,524.6699829101562,524.5,524.6400146484375
2026-07-31 14:50:00-04:00,524.6599731445312,524.72998046875,524.5399780273438,524.5800170898438
2026-07-31 14:55:00-04:00,524.5900268554688,524.6500244140625,524.4600219726562,524.5449829101562
2026-07-31 15:00:00-04:00,524.5599975585938,524.72998046875,524.280029296875,524.2899780273438
2026-07-31 15:05:00-04:00,524.2899780273438,524.6400146484375,524.27001953125,524.5499877929688
2026-07-31 15:10:00-04:00,524.5599975585938,524.780029296875,524.5499877929688,524.6649780273438
2026-07-31 15:15:00-04:00,524.6699829101562,525.1599731445312,524.625,525.1099853515625
2026-07-31 15:20:00-04:00,525.1400146484375,525.4000244140625,525.0599975585938,525.2000122070312
2026-07-31 15:25:00-04:00,525.1799926757812,525.3099975585938,525.0250244140625,525.0250244140625
2026-07-31 15:30:00-04:00,524.969970703125,524.969970703125,524.6099853515625,524.6500244140625
2026-07-31 15:35:00-04:00,524.6500244140625,525.22998046875,524.6400146484375,525.1749877929688
2026-07-31 15:40:00-04:00,525.155029296875,525.52001953125,525.1199951171875,525.52001953125
2026-07-31 15:45:00-04:00,525.52001953125,525.6099853515625,525.3599853515625,525.47998046875
2026-07-31 15:50:00-04:00,525.5,525.6030883789062,525.0800170898438,525.2100219726562
2026-07-31 15:55:00-04:00,525.1799926757812,525.2449951171875,524.0900268554688,524.25
2026-08-03 09:30:00-04:00,529.5499877929688,531.0092163085938,529.239990234375,530.3699951171875
2026-08-03 09:35:00-04:00,530.3300170898438,531.0700073242188,530.3300170898438,530.8400268554688
2026-08-03 09:40:00-04:00,530.8400268554688,530.8699951171875,529.780029296875,529.791015625
2026-08-03 09:45:00-04:00,529.8599853515625,530.3900146484375,529.6300048828125,530.1395874023438
2026-08-03 09:50:00-04:00,530.0800170898438,530.9299926757812,529.885009765625,530.6199951171875
2026-08-03 09:55:00-04:00,530.6099853515625,530.8200073242188,530.52001953125,530.6300048828125
2026-08-03 10:00:00-04:00,530.5999755859375,531.635009765625,530.4600219726562,531.385009765625
2026-08-03 10:05:00-04:00,531.3900146484375,531.4500122070312,530.969970703125,531.1699829101562
2026-08-03 10:10:00-04:00,531.1900024414062,531.4199829101562,530.89501953125,531.3400268554688
2026-08-03 10:15:00-04:00,531.3400268554688,531.510009765625,530.9299926757812,530.97998046875
2026-08-03 10:20:00-04:00,531.02001953125,531.030029296875,530.47998046875,530.7100219726562
2026-08-03 10:25:00-04:00,530.7249755859375,530.877685546875,530.489990234375,530.530029296875
2026-08-03 10:30:00-04:00,530.530029296875,530.5800170898438,530.0250244140625,530.1599731445312
2026-08-03 10:35:00-04:00,530.1199951171875,530.2000122070312,529.8800048828125,530.1400146484375
2026-08-03 10:40:00-04:00,530.1199951171875,530.4249877929688,530.1099853515625,530.3900146484375
2026-08-03 10:45:00-04:00,530.4000244140625,530.4500122070312,529.9600219726562,530.0599975585938
2026-08-03 10:50:00-04:00,530.0499877929688,530.3099975585938,529.760009765625,529.9299926757812
2026-08-03 10:55:00-04:00,529.9500122070312,530.4099731445312,529.8800048828125,529.9099731445312
2026-08-03 11:00:00-04:00,529.9099731445312,530.1500244140625,529.6099853515625,529.760009765625
2026-08-03 11:05:00-04:00,529.739990234375,529.739990234375,529.3300170898438,529.469970703125
2026-08-03 11:10:00-04:00,529.489990234375,529.7000122070312,529.3800048828125,529.6599731445312
2026-08-03 11:15:00-04:00,529.6599731445312,529.905029296875,529.5599975585938,529.9000244140625
2026-08-03 11:20:00-04:00,529.9000244140625,529.9600219726562,529.6199951171875,529.7150268554688
2026-08-03 11:25:00-04:00,529.719970703125,529.9099731445312,529.3900146484375,529.7100219726562
2026-08-03 11:30:00-04:00,529.719970703125,529.8099975585938,529.489990234375,529.5399780273438
2026-08-03 11:35:00-04:00,529.530029296875,529.9600219726562,529.469970703125,529.8099975585938
2026-08-03 11:40:00-04:00,529.780029296875,530.0399780273438,529.6699829101562,529.6799926757812
2026-08-03 11:45:00-04:00,529.6699829101562,529.9949951171875,529.6649780273438,529.8900146484375
2026-08-03 11:50:00-04:00,529.9400024414062,529.9949951171875,529.760009765625,529.8800048828125
2026-08-03 11:55:00-04:00,529.8300170898438,529.8300170898438,529.5399780273438,529.635009765625
2026-08-03 12:00:00-04:00,529.6400146484375,529.72998046875,529.3900146484375,529.4199829101562
2026-08-03 12:05:00-04:00,529.4500122070312,529.6099853515625,529.3400268554688,529.5900268554688
2026-08-03 12:10:00-04:00,529.6099853515625,529.6199951171875,529.35498046875,529.5399780273438
2026-08-03 12:15:00-04:00,529.552978515625,529.6300048828125,529.3300170898438,529.4000244140625
2026-08-03 12:20:00-04:00,529.4000244140625,529.4600219726562,529.219970703125,529.4400024414062
2026-08-03 12:25:00-04:00,529.5,529.7000122070312,529.3800048828125,529.7000122070312
2026-08-03 12:30:00-04:00,529.655029296875,529.7000122070312,529.47998046875,529.5198974609375
2026-08-03 12:35:00-04:00,529.4199829101562,529.47998046875,529.2150268554688,529.3699951171875
2026-08-03 12:40:00-04:00,529.4199829101562,529.4650268554688,529.1599731445312,529.3049926757812
2026-08-03 12:45:00-04:00,529.218994140625,529.2999877929688,529.1400146484375,529.219970703125
2026-08-03 12:50:00-04:00,529.219970703125,529.219970703125,528.8400268554688,528.8499755859375
2026-08-03 12:55:00-04:00,528.8209838867188,529.1300048828125,528.7999877929688,529.0499877929688
2026-08-03 13:00:00-04:00,529.0650024414062,529.0800170898438,528.8150024414062,528.9299926757812
2026-08-03 13:05:00-04:00,528.9600219726562,528.969970703125,528.6900024414062,528.9000244140625
2026-08-03 13:10:00-04:00,528.885009765625,529.1099853515625,528.8699951171875,529.1099243164062
2026-08-03 13:15:00-04:00,529.0800170898438,529.219970703125,529.0800170898438,529.219970703125
2026-08-03 13:20:00-04:00,529.239990234375,529.4299926757812,529.2000122070312,529.260009765625
2026-08-03 13:25:00-04:00,529.3250122070312,529.3699951171875,529.1699829101562,529.280029296875
2026-08-03 13:30:00-04:00,529.280029296875,529.72998046875,529.27001953125,529.7100219726562
2026-08-03 13:35:00-04:00,529.7100219726562,529.9749755859375,529.7000122070312,529.9749755859375
2026-08-03 13:40:00-04:00,530.0,530.1400146484375,529.9299926757812,530.0999755859375
2026-08-03 13:45:00-04:00,530.0800170898438,530.2999877929688,530.0800170898438,530.2449951171875
2026-08-03 13:50:00-04:00,530.260009765625,530.2999877929688,530.1400146484375,530.2899780273438
2026-08-03 13:55:00-04:00,530.3200073242188,530.3820190429688,530.1099853515625,530.2000122070312
2026-08-03 14:00:00-04:00,530.1900024414062,530.510009765625,530.1699829101562,530.47998046875
2026-08-03 14:05:00-04:00,530.510009765625,530.8599243164062,530.47998046875,530.8300170898438
2026-08-03 14:10:00-04:00,530.8300170898438,530.8400268554688,530.5,530.5700073242188
2026-08-03 14:15:00-04:00,530.5900268554688,530.7097778320312,530.510009765625,530.510009765625
2026-08-03 14:20:00-04:00,530.530029296875,530.739990234375,530.4000244140625,530.6300048828125
2026-08-03 14:25:00-04:00,530.6599731445312,530.6849975585938,530.47998046875,530.6500244140625
2026-08-03 14:30:00-04:00,530.6799926757812,530.7999877929688,530.260009765625,530.4400024414062
2026-08-03 14:35:00-04:00,530.469970703125,530.760009765625,530.469970703125,530.7000122070312
2026-08-03 14:40:00-04:00,530.719970703125,530.9299926757812,530.655029296875,530.9000244140625
2026-08-03 14:45:00-04:00,530.89501953125,530.9550170898438,530.77001953125,530.864990234375
2026-08-03 14:50:00-04:00,530.9000244140625,530.9400024414062,530.77001953125,530.8300170898438
2026-08-03 14:55:00-04:00,530.8699951171875,531.010009765625,530.7000122070312,530.719970703125
2026-08-03 15:00:00-04:00,530.719970703125,531.0700073242188,530.719970703125,531.0399780273438
2026-08-03 15:05:00-04:00,531.0349731445312,531.0499877929688,530.75,530.8499755859375
2026-08-03 15:10:00-04:00,530.8599853515625,531.1199951171875,530.8599853515625,531.0999755859375
2026-08-03 15:15:00-04:00,531.114990234375,531.2100219726562,530.97998046875,530.9849853515625
2026-08-03 15:20:00-04:00,531.0499877929688,531.260009765625,531.0399780273438,531.260009765625
2026-08-03 15:25:00-04:00,531.2598876953125,531.4099731445312,531.1799926757812,531.260009765625
2026-08-03 15:30:00-04:00,531.280029296875,531.4199829101562,531.22998046875,531.3300170898438
2026-08-03 15:35:00-04:00,531.4000244140625,531.4400024414062,531.030029296875,531.219970703125
2026-08-03 15:40:00-04:00,531.22998046875,531.3099975585938,531.114990234375,531.2349853515625
2026-08-03 15:45:00-04:00,531.260009765625,531.5,531.22998046875,531.4500122070312
2026-08-03 15:50:00-04:00,531.510009765625,531.5900268554688,531.1799926757812,531.3300170898438
2026-08-03 15:55:00-04:00,531.2999877929688,531.6500244140625,531.1400146484375,531.239990234375
2026-08-04 09:30:00-04:00,537.89501953125,539.0599975585938,537.5599975585938,538.1500244140625
2026-08-04 09:35:00-04:00,538.1099853515625,538.469970703125,537.6699829101562,537.9199829101562
2026-08-04 09:40:00-04:00,537.8900146484375,537.9149780273438,536.760009765625,536.9099731445312
2026-08-04 09:45:00-04:00,536.9299926757812,537.1400146484375,535.9949951171875,536.5050048828125
2026-08-04 09:50:00-04:00,536.489990234375,536.8300170898438,536.3800048828125,536.5499877929688
2026-08-04 09:55:00-04:00,536.52001953125,536.5800170898438,536.0050048828125,536.52001953125
2026-08-04 10:00:00-04:00,536.5499877929688,537.4000854492188,536.3699951171875,536.9650268554688
2026-08-04 10:05:00-04:00,536.9500122070312,537.489990234375,536.9000244140625,537.3200073242188
2026-08-04 10:10:00-04:00,537.27001953125,537.47998046875,537.0399780273438,537.4600219726562
2026-08-04 10:15:00-04:00,537.4600219726562,538.5700073242188,537.4000244140625,538.2899780273438
2026-08-04 10:20:00-04:00,538.3400268554688,538.3599853515625,537.4000244140625,537.4299926757812
2026-08-04 10:25:00-04:00,537.4400024414062,537.5800170898438,536.5499877929688,536.5599975585938
2026-08-04 10:30:00-04:00,536.530029296875,537.4600219726562,536.5,537.4299926757812
2026-08-04 10:35:00-04:00,537.4749755859375,538.260009765625,537.3099975585938,537.89501953125
2026-08-04 10:40:00-04:00,537.9199829101562,538.27001953125,537.7999877929688,538.260009765625
2026-08-04 10:45:00-04:00,538.260009765625,538.8200073242188,538.1699829101562,538.7249755859375
2026-08-04 10:50:00-04:00,538.72998046875,538.969970703125,538.7249755859375,538.780029296875
2026-08-04 10:55:00-04:00,538.7999877929688,539.4500122070312,538.7550048828125,539.1901245117188
2026-08-04 11:00:00-04:00,539.1799926757812,539.3300170898438,539.02001953125,539.219970703125
2026-08-04 11:05:00-04:00,539.2150268554688,539.3599853515625,538.8200073242188,539.1599731445312
2026-08-04 11:10:00-04:00,539.1400146484375,539.1900024414062,538.7999877929688,538.8200073242188
2026-08-04 11:15:00-04:00,538.8400268554688,539.3400268554688,538.8400268554688,539.22998046875
2026-08-04 11:20:00-04:00,539.2650146484375,539.3599853515625,538.8594970703125,539.3599853515625
2026-08-04 11:25:00-04:00,539.3400268554688,539.4400024414062,539.0399780273438,539.0399780273438
2026-08-04 11:30:00-04:00,539.0399780273438,539.25,538.780029296875,538.780029296875
2026-08-04 11:35:00-04:00,538.7999877929688,539.4099731445312,538.7000122070312,539.2550048828125
2026-08-04 11:40:00-04:00,539.239990234375,539.8499755859375,539.1799926757812,539.7849731445312
2026-08-04 11:45:00-04:00,539.7899780273438,540.2750244140625,539.7249755859375,540.1950073242188
2026-08-04 11:50:00-04:00,540.1699829101562,540.4199829101562,539.739990234375,539.8699951171875
2026-08-04 11:55:00-04:00,539.8300170898438,540.22998046875,539.8099975585938,539.8099975585938
2026-08-04 12:00:00-04:00,539.7999877929688,540.1900024414062,539.77001953125,540.0800170898438
2026-08-04 12:05:00-04:00,540.0700073242188,540.219970703125,539.8300170898438,539.9749755859375
2026-08-04 12:10:00-04:00,539.9500122070312,540.0800170898438,539.8300170898438,539.89501953125
2026-08-04 12:15:00-04:00,539.9199829101562,540.1400146484375,539.897216796875,540.0673828125
2026-08-04 12:20:00-04:00,540.0499877929688,540.6400146484375,540.02001953125,540.5800170898438
2026-08-04 12:25:00-04:00,540.54052734375,540.6500244140625,540.405029296875,540.5181884765625
2026-08-04 12:30:00-04:00,540.4199829101562,540.6500244140625,540.3709106445312,540.5800170898438
2026-08-04 12:35:00-04:00,540.5900268554688,540.6799926757812,540.364990234375,540.6099853515625
2026-08-04 12:40:00-04:00,540.6199951171875,540.9500122070312,540.5999755859375,540.9249877929688
2026-08-04 12:45:00-04:00,540.9249877929688,541.0598754882812,540.844970703125,540.9299926757812
2026-08-04 12:50:00-04:00,540.9299926757812,540.9699096679688,540.6500244140625,540.77001953125
2026-08-04 12:55:00-04:00,540.739990234375,540.8599853515625,540.52001953125,540.8599853515625
2026-08-04 13:00:00-04:00,540.8499755859375,541.280029296875,540.7999877929688,541.1199951171875
2026-08-04 13:05:00-04:00,541.1300048828125,541.280029296875,540.8460083007812,541.1099853515625
2026-08-04 13:10:00-04:00,541.0999755859375,541.3350219726562,541.0599975585938,541.3300170898438
2026-08-04 13:15:00-04:00,541.344970703125,541.6300048828125,541.3300170898438,541.3499755859375
2026-08-04 13:20:00-04:00,541.3300170898438,541.3599853515625,540.9099731445312,541.0700073242188
2026-08-04 13:25:00-04:00,541.0599975585938,541.1900024414062,540.989990234375,541.0499877929688
2026-08-04 13:30:00-04:00,541.0599975585938,541.3300170898438,540.9199829101562,541.3300170898438
2026-08-04 13:35:00-04:00,541.3200073242188,541.5800170898438,541.2999877929688,541.464599609375
2026-08-04 13:40:00-04:00,541.489990234375,541.7000122070312,541.489990234375,541.5900268554688
2026-08-04 13:45:00-04:00,541.6500244140625,542.0900268554688,541.594970703125,541.8699951171875
2026-08-04 13:50:00-04:00,541.8200073242188,541.8200073242188,541.1400146484375,541.3200073242188
2026-08-04 13:55:00-04:00,541.3099975585938,541.469970703125,541.1500244140625,541.1599731445312
2026-08-04 14:00:00-04:00,541.1599731445312,541.280029296875,540.8300170898438,540.8499755859375
2026-08-04 14:05:00-04:00,540.8536987304688,541.3400268554688,540.8400268554688,541.2100219726562
2026-08-04 14:10:00-04:00,541.239990234375,541.344970703125,541.0900268554688,541.3300170898438
2026-08-04 14:15:00-04:00,541.3499755859375,541.4299926757812,541.14501953125,541.14501953125
2026-08-04 14:20:00-04:00,541.1500244140625,541.3699951171875,541.0999755859375,541.1199951171875
2026-08-04 14:25:00-04:00,541.1500244140625,541.27001953125,541.0499877929688,541.27001953125
2026-08-04 14:30:00-04:00,541.2150268554688,541.2949829101562,541.0599975585938,541.0599975585938
2026-08-04 14:35:00-04:00,541.010009765625,541.1500244140625,540.9000244140625,540.969970703125
2026-08-04 14:40:00-04:00,540.9500122070312,540.9896850585938,540.739990234375,540.97998046875
2026-08-04 14:45:00-04:00,540.97998046875,541.1400146484375,540.8900146484375,540.9099731445312
2026-08-04 14:50:00-04:00,540.9000244140625,541.10498046875,540.9000244140625,540.9299926757812
2026-08-04 14:55:00-04:00,540.9149780273438,541.1699829101562,540.8743896484375,541.1699829101562
2026-08-04 15:00:00-04:00,541.2100219726562,541.7775268554688,541.2100219726562,541.6599731445312
2026-08-04 15:05:00-04:00,541.6699829101562,541.72998046875,541.469970703125,541.655029296875
2026-08-04 15:10:00-04:00,541.6300048828125,541.6400146484375,541.2899780273438,541.4749755859375
2026-08-04 15:15:00-04:00,541.47998046875,541.5549926757812,541.3499755859375,541.3800048828125
2026-08-04 15:20:00-04:00,541.4299926757812,541.532470703125,541.260009765625,541.4199829101562
2026-08-04 15:25:00-04:00,541.4099731445312,541.469970703125,541.1300048828125,541.2100219726562
2026-08-04 15:30:00-04:00,541.2100219726562,541.469970703125,541.1099853515625,541.4600219726562
2026-08-04 15:35:00-04:00,541.489990234375,541.6799926757812,541.260009765625,541.530029296875
2026-08-04 15:40:00-04:00,541.530029296875,541.6749877929688,541.47998046875,541.6400146484375
2026-08-04 15:45:00-04:00,541.6099853515625,541.6599731445312,541.3099975585938,541.4400024414062
2026-08-04 15:50:00-04:00,541.4600219726562,541.52001953125,540.8499755859375,540.8900146484375
2026-08-04 15:55:00-04:00,540.8900146484375,541.1799926757812,540.22998046875,540.3599853515625
2026-08-05 09:30:00-04:00,543.2999877929688,544.8400268554688,543.1400146484375,544.8400268554688
2026-08-05 09:35:00-04:00,544.8499755859375,545.5,544.52001953125,545.2000122070312
2026-08-05 09:40:00-04:00,545.239990234375,545.5,544.9299926757812,545.4349975585938
2026-08-05 09:45:00-04:00,545.469970703125,545.5549926757812,544.3099975585938,544.3150024414062
2026-08-05 09:50:00-04:00,544.2999877929688,545.7424926757812,543.7999877929688,545.7424926757812
2026-08-05 09:55:00-04:00,545.75,546.75,545.6900024414062,546.7100219726562
2026-08-05 10:00:00-04:00,546.72998046875,546.72998046875,546.0399780273438,546.219970703125
2026-08-05 10:05:00-04:00,546.22998046875,546.5999755859375,546.1799926757812,546.3599853515625
2026-08-05 10:10:00-04:00,546.3599853515625,546.75,546.1599731445312,546.6099853515625
2026-08-05 10:15:00-04:00,546.5900268554688,546.6500244140625,546.2100219726562,546.2100219726562
2026-08-05 10:20:00-04:00,546.219970703125,546.3900146484375,545.8309936523438,546.3699951171875
2026-08-05 10:25:00-04:00,546.4299926757812,546.6174926757812,545.9249877929688,545.9349975585938
2026-08-05 10:30:00-04:00,545.9099731445312,546.6699829101562,545.8800048828125,546.1799926757812
2026-08-05 10:35:00-04:00,546.135009765625,546.3375244140625,545.7899780273438,546.0599975585938
2026-08-05 10:40:00-04:00,546.0499877929688,546.3350219726562,545.9000244140625,546.010009765625
2026-08-05 10:45:00-04:00,545.97998046875,546.5499877929688,545.9000244140625,546.510009765625
2026-08-05 10:50:00-04:00,546.5499877929688,546.6649780273438,545.4000244140625,545.6300048828125
2026-08-05 10:55:00-04:00,545.6699829101562,546.030029296875,545.3800048828125,545.77001953125
2026-08-05 11:00:00-04:00,545.8099975585938,546.4550170898438,545.7100219726562,546.3499755859375
2026-08-05 11:05:00-04:00,546.3800048828125,546.4500122070312,545.8499755859375,545.989990234375
2026-08-05 11:10:00-04:00,546.02001953125,546.1099853515625,545.3599853515625,545.4749755859375
2026-08-05 11:15:00-04:00,545.4600219726562,545.47998046875,544.2899780273438,544.8699951171875
2026-08-05 11:20:00-04:00,544.8699951171875,545.1400146484375,544.7100219726562,544.9000244140625
2026-08-05 11:25:00-04:00,544.9075927734375,544.9149780273438,544.5,544.6300048828125
2026-08-05 11:30:00-04:00,544.7000122070312,545.1099853515625,544.6400146484375,544.719970703125
2026-08-05 11:35:00-04:00,544.7000122070312,544.7999877929688,544.3900146484375,544.6649780273438
2026-08-05 11:40:00-04:00,544.6400146484375,544.7581176757812,544.4400024414062,544.75
2026-08-05 11:45:00-04:00,544.72998046875,544.8300170898438,544.510009765625,544.5650024414062
2026-08-05 11:50:00-04:00,544.6099853515625,544.72998046875,544.4299926757812,544.4299926757812
2026-08-05 11:55:00-04:00,544.4299926757812,544.5700073242188,544.2100219726562,544.3099975585938
2026-08-05 12:00:00-04:00,544.280029296875,544.5800170898438,544.1699829101562,544.4000244140625
2026-08-05 12:05:00-04:00,544.4072265625,544.4099731445312,544.0900268554688,544.3150024414062
2026-08-05 12:10:00-04:00,544.2899780273438,544.469970703125,544.10498046875,544.375
2026-08-05 12:15:00-04:00,544.3499755859375,544.6900024414062,544.2100219726562,544.3300170898438
2026-08-05 12:20:00-04:00,544.4000244140625,544.8400268554688,544.3900146484375,544.4349975585938
2026-08-05 12:25:00-04:00,544.4600219726562,544.8599853515625,544.4400024414062,544.8300170898438
2026-08-05 12:30:00-04:00,544.8699951171875,544.8800048828125,544.4199829101562,544.47998046875
2026-08-05 12:35:00-04:00,544.47998046875,544.635009765625,544.3599853515625,544.4199829101562
2026-08-05 12:40:00-04:00,544.4400024414062,544.6099853515625,544.2999877929688,544.52001953125
2026-08-05 12:45:00-04:00,544.469970703125,544.52001953125,544.2999877929688,544.4400024414062
2026-08-05 12:50:00-04:00,544.4000244140625,544.8099975585938,544.3900146484375,544.7650146484375
2026-08-05 12:55:00-04:00,544.77001953125,544.7999877929688,544.5549926757812,544.719970703125
2026-08-05 13:00:00-04:00,544.760009765625,544.8499755859375,544.5499877929688,544.614990234375
2026-08-05 13:05:00-04:00,544.6099853515625,544.77001953125,544.510009765625,544.6500244140625
2026-08-05 13:10:00-04:00,544.6649780273438,544.7650146484375,544.510009765625,544.6099853515625
2026-08-05 13:15:00-04:00,544.6199951171875,544.7750244140625,544.4199829101562,544.5599975585938
2026-08-05 13:20:00-04:00,544.5850219726562,544.5900268554688,544.3499755859375,544.5900268554688
2026-08-05 13:25:00-04:00,544.5800170898438,544.8093872070312,544.510009765625,544.5800170898438
2026-08-05 13:30:00-04:00,544.5700073242188,544.9400024414062,544.469970703125,544.8800048828125
2026-08-05 13:35:00-04:00,544.9199829101562,545.02001953125,544.8599853515625,544.9749755859375
2026-08-05 13:40:00-04:00,545.02001953125,545.2000122070312,545.0,545.1199951171875
2026-08-05 13:45:00-04:00,545.0700073242188,545.1900024414062,544.9199829101562,545.1599731445312
2026-08-05 13:50:00-04:00,545.1950073242188,545.25,545.0399780273438,545.0399780273438
2026-08-05 13:55:00-04:00,545.0399780273438,545.159912109375,544.8499755859375,544.8599853515625
2026-08-05 14:00:00-04:00,544.8499755859375,545.0499877929688,544.7675170898438,545.02001953125
2026-08-05 14:05:00-04:00,545.010009765625,545.1400146484375,544.780029296875,544.8800048828125
2026-08-05 14:10:00-04:00,544.9000244140625,544.989990234375,544.7305297851562,544.7581787109375
2026-08-05 14:15:00-04:00,544.72998046875,544.8900146484375,544.719970703125,544.8200073242188
2026-08-05 14:20:00-04:00,544.8400268554688,544.8400268554688,544.6400146484375,544.6500244140625
2026-08-05 14:25:00-04:00,544.6599731445312,544.760009765625,544.530029296875,544.5599975585938
2026-08-05 14:30:00-04:00,544.5900268554688,544.5900268554688,544.22998046875,544.260009765625
2026-08-05 14:35:00-04:00,544.2899780273438,544.3300170898438,544.1699829101562,544.1699829101562
2026-08-05 14:40:00-04:00,544.1799926757812,544.3250122070312,544.1199951171875,544.2999877929688
2026-08-05 14:45:00-04:00,544.3370971679688,544.510009765625,544.3099975585938,544.4550170898438
2026-08-05 14:50:00-04:00,544.4500122070312,544.5499877929688,544.280029296875,544.4249877929688
2026-08-05 14:55:00-04:00,544.4550170898438,544.4550170898438,544.1500244140625,544.1599731445312
2026-08-05 15:00:00-04:00,544.1699829101562,544.27001953125,544.030029296875,544.239990234375
2026-08-05 15:05:00-04:00,544.280029296875,544.3499755859375,544.1300048828125,544.219970703125
2026-08-05 15:10:00-04:00,544.22998046875,544.239990234375,544.0700073242188,544.1300048828125
2026-08-05 15:15:00-04:00,544.1400146484375,544.1900024414062,544.0499877929688,544.1199951171875
2026-08-05 15:20:00-04:00,544.1300048828125,544.2100219726562,543.97998046875,544.0999755859375
2026-08-05 15:25:00-04:00,544.10498046875,544.135009765625,544.02001953125,544.094970703125
2026-08-05 15:30:00-04:00,544.1400146484375,544.1400146484375,543.9099731445312,544.1400146484375
2026-08-05 15:35:00-04:00,544.1099853515625,544.1300048828125,543.8099975585938,543.9299926757812
2026-08-05 15:40:00-04:00,543.8901977539062,544.0,543.8599853515625,543.97998046875
2026-08-05 15:45:00-04:00,543.969970703125,544.0800170898438,543.6799926757812,544.0
2026-08-05 15:50:00-04:00,544.0800170898438,544.1599731445312,543.8800048828125,543.9400024414062
2026-08-05 15:55:00-04:00,543.9500122070312,544.0349731445312,542.7100219726562,542.7899780273438
2026-08-06 09:30:00-04:00,543.7999877929688,544.5700073242188,543.0,543.25
2026-08-06 09:35:00-04:00,543.0900268554688,543.4199829101562,542.47998046875,542.6699829101562
2026-08-06 09:40:00-04:00,542.6300048828125,543.719970703125,542.6099853515625,543.3599853515625
2026-08-06 09:45:00-04:00,543.3300170898438,543.47998046875,542.6799926757812,542.6799926757812
2026-08-06 09:50:00-04:00,542.760009765625,542.8350219726562,542.3599853515625,542.4099731445312
2026-08-06 09:55:00-04:00,542.3699951171875,542.469970703125,542.1599731445312,542.3400268554688
2026-08-06 10:00:00-04:00,542.4099731445312,542.7949829101562,542.3300170898438,542.7949829101562
2026-08-06 10:05:00-04:00,542.7899780273438,542.8900146484375,542.2650146484375,542.52001953125
2026-08-06 10:10:00-04:00,542.5,542.77001953125,542.3800048828125,542.77001953125
2026-08-06 10:15:00-04:00,542.7999877929688,542.7999877929688,542.0900268554688,542.4199829101562
2026-08-06 10:20:00-04:00,542.4199829101562,542.4199829101562,541.989990234375,542.0599975585938
2026-08-06 10:25:00-04:00,542.0599975585938,542.0999755859375,541.530029296875,541.8599853515625
2026-08-06 10:30:00-04:00,541.875,542.22998046875,541.5900268554688,541.8300170898438
2026-08-06 10:35:00-04:00,541.8300170898438,541.8599853515625,541.47998046875,541.489990234375
2026-08-06 10:40:00-04:00,541.47998046875,541.9000244140625,541.4299926757812,541.510009765625
2026-08-06 10:45:00-04:00,541.5050048828125,541.5900268554688,541.030029296875,541.0599975585938
2026-08-06 10:50:00-04:00,541.0499877929688,541.2249755859375,540.9600219726562,541.1530151367188
2026-08-06 10:55:00-04:00,541.1699829101562,541.2899780273438,541.02001953125,541.1599731445312
2026-08-06 11:00:00-04:00,541.1500244140625,541.27001953125,540.8400268554688,540.9949951171875
2026-08-06 11:05:00-04:00,541.0150146484375,541.0499877929688,540.719970703125,540.719970703125
2026-08-06 11:10:00-04:00,540.7000122070312,540.8200073242188,540.1099853515625,540.1199951171875
2026-08-06 11:15:00-04:00,540.1300048828125,540.4400024414062,539.9000244140625,539.9000244140625
2026-08-06 11:20:00-04:00,539.905029296875,540.0499877929688,539.6400146484375,539.8900146484375
2026-08-06 11:25:00-04:00,539.9000244140625,539.9000244140625,539.5900268554688,539.7550048828125
2026-08-06 11:30:00-04:00,539.7999877929688,539.7999877929688,539.3300170898438,539.3300170898438
2026-08-06 11:35:00-04:00,539.2999877929688,539.6300048828125,539.280029296875,539.530029296875
2026-08-06 11:40:00-04:00,539.47998046875,539.5599975585938,539.219970703125,539.3400268554688
2026-08-06 11:45:00-04:00,539.2899780273438,539.905029296875,539.2899780273438,539.7100219726562
2026-08-06 11:50:00-04:00,539.719970703125,539.9949951171875,539.1005249023438,539.1400146484375
2026-08-06 11:55:00-04:00,539.10498046875,539.4099731445312,539.0,539.27001953125
2026-08-06 12:00:00-04:00,539.2899780273438,539.4099731445312,539.030029296875,539.1099853515625
2026-08-06 12:05:00-04:00,539.1199951171875,539.27001953125,538.960205078125,539.2249755859375
2026-08-06 12:10:00-04:00,539.1900024414062,539.27001953125,538.780029296875,538.9600219726562
2026-08-06 12:15:00-04:00,538.97998046875,539.1099853515625,538.7150268554688,539.0850219726562
2026-08-06 12:20:00-04:00,539.02001953125,539.260009765625,538.9000244140625,539.1500244140625
2026-08-06 12:25:00-04:00,539.1400146484375,539.47998046875,539.0900268554688,539.4299926757812
2026-08-06 12:30:00-04:00,539.4500122070312,539.739990234375,539.3900146484375,539.4830322265625
2026-08-06 12:35:00-04:00,539.47998046875,539.7550048828125,539.4550170898438,539.7000122070312
2026-08-06 12:40:00-04:00,539.72998046875,539.72998046875,539.22998046875,539.3200073242188
2026-08-06 12:45:00-04:00,539.3499755859375,539.3699951171875,539.02001953125,539.2000122070312
2026-08-06 12:50:00-04:00,539.219970703125,539.3800048828125,539.0850219726562,539.3499755859375
2026-08-06 12:55:00-04:00,539.33251953125,539.6799926757812,539.260009765625,539.5599975585938
2026-08-06 13:00:00-04:00,539.5900268554688,539.6199951171875,539.2000122070312,539.3599853515625
2026-08-06 13:05:00-04:00,539.3300170898438,539.5150146484375,538.9299926757812,539.02001953125
2026-08-06 13:10:00-04:00,538.9600219726562,539.1300048828125,538.8900146484375,538.8900146484375
2026-08-06 13:15:00-04:00,538.8350219726562,538.9600219726562,538.6500244140625,538.7899780273438
2026-08-06 13:20:00-04:00,538.8350219726562,538.8350219726562,538.2999877929688,538.3099975585938
2026-08-06 13:25:00-04:00,538.3499755859375,538.5,538.2100219726562,538.22998046875
2026-08-06 13:30:00-04:00,538.1900024414062,538.3900146484375,538.0999755859375,538.3900146484375
2026-08-06 13:35:00-04:00,538.3599853515625,538.469970703125,538.2000122070312,538.280029296875
2026-08-06 13:40:00-04:00,538.3099975585938,538.4199829101562,538.22998046875,538.3599853515625
2026-08-06 13:45:00-04:00,538.364990234375,538.4749755859375,538.25,538.25
2026-08-06 13:50:00-04:00,538.22998046875,538.52001953125,538.22998046875,538.5
2026-08-06 13:55:00-04:00,538.5399780273438,538.6799926757812,538.4299926757812,538.6699829101562
2026-08-06 14:00:00-04:00,538.7100219726562,538.8599853515625,538.6300048828125,538.8200073242188
2026-08-06 14:05:00-04:00,538.739990234375,538.8499755859375,538.6483154296875,538.739990234375
2026-08-06 14:10:00-04:00,538.7449951171875,538.8499755859375,538.60498046875,538.8200073242188
2026-08-06 14:15:00-04:00,538.8300170898438,539.1400146484375,538.5999755859375,538.8599853515625
2026-08-06 14:20:00-04:00,538.9000244140625,539.030029296875,538.79248046875,538.97998046875
2026-08-06 14:25:00-04:00,538.969970703125,539.010009765625,538.739990234375,538.8400268554688
2026-08-06 14:30:00-04:00,538.8400268554688,538.969970703125,538.719970703125,538.77001953125
2026-08-06 14:35:00-04:00,538.760009765625,538.8400268554688,538.5999755859375,538.7249755859375
2026-08-06 14:40:00-04:00,538.7205200195312,538.7999877929688,538.5650024414062,538.6300048828125
2026-08-06 14:45:00-04:00,538.6099853515625,538.8300170898438,538.5599975585938,538.77001953125
2026-08-06 14:50:00-04:00,538.75,538.8200073242188,538.655029296875,538.760009765625
2026-08-06 14:55:00-04:00,538.72998046875,538.8189697265625,538.5999755859375,538.5999755859375
2026-08-06 15:00:00-04:00,538.5999755859375,538.780029296875,538.594970703125,538.6900024414062
2026-08-06 15:05:00-04:00,538.6799926757812,538.9600219726562,538.6500244140625,538.9600219726562
2026-08-06 15:10:00-04:00,538.9650268554688,539.030029296875,538.8400268554688,538.9099731445312
2026-08-06 15:15:00-04:00,538.8800048828125,538.9249877929688,538.7100219726562,538.8900146484375
2026-08-06 15:20:00-04:00,538.8900146484375,538.969970703125,538.7150268554688,538.7150268554688
2026-08-06 15:25:00-04:00,538.6199951171875,538.6203002929688,538.260009765625,538.27001953125
2026-08-06 15:30:00-04:00,538.27001953125,538.3400268554688,538.1300048828125,538.27001953125
2026-08-06 15:35:00-04:00,538.239990234375,538.27001953125,537.97998046875,537.989990234375
2026-08-06 15:40:00-04:00,538.0,538.0499877929688,537.75,537.8200073242188
2026-08-06 15:45:00-04:00,537.8400268554688,538.1099853515625,537.7349853515625,538.0750122070312
2026-08-06 15:50:00-04:00,538.02001953125,538.3150024414062,537.6900024414062,538.239990234375
2026-08-06 15:55:00-04:00,538.2100219726562,538.3499755859375,537.9099731445312,538.2150268554688
2026-08-07 09:30:00-04:00,538.7050170898438,538.9500122070312,537.4299926757812,537.7000122070312
2026-08-07 09:35:00-04:00,537.7100219726562,539.0900268554688,537.5900268554688,538.989990234375
2026-08-07 09:40:00-04:00,539.03369140625,539.6699829101562,538.9400024414062,539.27001953125
2026-08-07 09:45:00-04:00,539.239990234375,539.3699951171875,538.5800170898438,538.9199829101562
2026-08-07 09:50:00-04:00,538.9099731445312,539.5800170898438,538.8400268554688,539.5
2026-08-07 09:55:00-04:00,539.52001953125,539.5999755859375,538.6539916992188,538.8814086914062
2026-08-07 10:00:00-04:00,538.9500122070312,539.5499877929688,538.8900146484375,539.010009765625
2026-08-07 10:05:00-04:00,538.9400024414062,539.1099853515625,538.7100219726562,538.8900146484375
2026-08-07 10:10:00-04:00,538.8200073242188,539.0499877929688,538.47998046875,538.6300048828125
2026-08-07 10:15:00-04:00,538.5800170898438,539.3989868164062,538.5750122070312,539.3989868164062
2026-08-07 10:20:00-04:00,539.3699951171875,539.6900024414062,539.1599731445312,539.6199951171875
2026-08-07 10:25:00-04:00,539.625,540.2000122070312,539.5999755859375,540.1900024414062
2026-08-07 10:30:00-04:00,540.1500244140625,540.219970703125,539.5599975585938,539.6900024414062
2026-08-07 10:35:00-04:00,539.739990234375,539.780029296875,539.2576904296875,539.2899780273438
2026-08-07 10:40:00-04:00,539.3099975585938,539.530029296875,539.239990234375,539.4000244140625
2026-08-07 10:45:00-04:00,539.4249877929688,539.7000122070312,539.2999877929688,539.3599853515625
2026-08-07 10:50:00-04:00,539.4400024414062,539.6500244140625,539.0449829101562,539.6199951171875
2026-08-07 10:55:00-04:00,539.6500244140625,539.9099731445312,539.6099853515625,539.8099975585938
2026-08-07 11:00:00-04:00,539.8099975585938,539.8099975585938,539.4299926757812,539.4400024414062
2026-08-07 11:05:00-04:00,539.4099731445312,539.7000122070312,539.3599853515625,539.6950073242188
2026-08-07 11:10:00-04:00,539.7050170898438,539.780029296875,539.4500122070312,539.60498046875
2026-08-07 11:15:00-04:00,539.6199951171875,539.6599731445312,539.3699951171875,539.4149780273438
2026-08-07 11:20:00-04:00,539.3599853515625,539.5999755859375,539.3599853515625,539.5700073242188
2026-08-07 11:25:00-04:00,539.5449829101562,539.6099853515625,539.2999877929688,539.3350219726562
2026-08-07 11:30:00-04:00,539.3800048828125,539.4099731445312,538.77001953125,538.8200073242188
2026-08-07 11:35:00-04:00,538.9299926757812,539.280029296875,538.8300170898438,539.1600952148438
2026-08-07 11:40:00-04:00,539.1900024414062,539.22998046875,538.8800048828125,539.030029296875
2026-08-07 11:45:00-04:00,538.97998046875,539.3250122070312,538.969970703125,539.3099975585938
2026-08-07 11:50:00-04:00,539.3200073242188,539.3200073242188,539.0,539.1138916015625
2026-08-07 11:55:00-04:00,539.1099853515625,539.123779296875,538.8699951171875,538.880126953125
2026-08-07 12:00:00-04:00,538.8800048828125,539.0399780273438,538.77001953125,539.0399780273438
2026-08-07 12:05:00-04:00,539.0900268554688,539.1500244140625,538.969970703125,538.969970703125
2026-08-07 12:10:00-04:00,538.989990234375,539.1699829101562,538.969970703125,539.010009765625
2026-08-07 12:15:00-04:00,539.030029296875,539.1599731445312,539.0,539.0650024414062
2026-08-07 12:20:00-04:00,539.0999755859375,539.2899780273438,538.7999877929688,538.7999877929688
2026-08-07 12:25:00-04:00,538.7901000976562,538.7901000976562,538.3099975585938,538.4199829101562
2026-08-07 12:30:00-04:00,538.5499877929688,538.6199951171875,538.260009765625,538.6199951171875
2026-08-07 12:35:00-04:00,538.6400146484375,538.8499755859375,538.489990234375,538.8499755859375
2026-08-07 12:40:00-04:00,538.85498046875,539.2000122070312,538.8400268554688,539.1699829101562
2026-08-07 12:45:00-04:00,539.1500244140625,539.1900024414062,538.9949951171875,539.094970703125
2026-08-07 12:50:00-04:00,539.1500244140625,539.25,538.8200073242188,538.9199829101562
2026-08-07 12:55:00-04:00,538.9199829101562,538.9299926757812,538.8350219726562,538.8400268554688
2026-08-07 13:00:00-04:00,538.89501953125,539.0700073242188,538.8499755859375,539.0
2026-08-07 13:05:00-04:00,539.02001953125,539.1400146484375,538.97998046875,539.0798950195312
2026-08-07 13:10:00-04:00,539.1199951171875,539.1514282226562,539.0,539.1514282226562
2026-08-07 13:15:00-04:00,539.1599731445312,539.3499755859375,539.1500244140625,539.3200073242188
2026-08-07 13:20:00-04:00,539.3200073242188,539.3499755859375,539.1199951171875,539.1199951171875
2026-08-07 13:25:00-04:00,539.1099853515625,539.1599731445312,539.0499877929688,539.0700073242188
2026-08-07 13:30:00-04:00,539.1500244140625,539.1599731445312,538.8674926757812,539.0
2026-08-07 13:35:00-04:00,539.0,539.1799926757812,538.9600219726562,539.1799926757812
2026-08-07 13:40:00-04:00,539.2000122070312,539.2100219726562,539.0399780273438,539.0599975585938
2026-08-07 13:45:00-04:00,539.0900268554688,539.219970703125,539.0900268554688,539.1699829101562
2026-08-07 13:50:00-04:00,539.2150268554688,539.2150268554688,539.0,539.2100219726562
2026-08-07 13:55:00-04:00,539.2000122070312,539.2100219726562,539.094970703125,539.094970703125
2026-08-07 14:00:00-04:00,539.0900268554688,539.1900024414062,538.969970703125,538.97998046875
2026-08-07 14:05:00-04:00,539.0,539.0,538.77001953125,538.9000244140625
2026-08-07 14:10:00-04:00,538.8900146484375,538.9099731445312,538.5549926757812,538.5900268554688
2026-08-07 14:15:00-04:00,538.5999755859375,538.7061767578125,538.5800170898438,538.6300048828125
2026-08-07 14:20:00-04:00,538.6599731445312,538.6599731445312,538.5499877929688,538.5800170898438
2026-08-07 14:25:00-04:00,538.6300048828125,538.6900024414062,538.5700073242188,538.5700073242188
2026-08-07 14:30:00-04:00,538.5700073242188,538.614990234375,538.4600219726562,538.530029296875
2026-08-07 14:35:00-04:00,538.5599975585938,538.5750122070312,538.4650268554688,538.5
2026-08-07 14:40:00-04:00,538.4932861328125,538.5850219726562,538.3900146484375,538.405029296875
2026-08-07 14:45:00-04:00,538.4149780273438,538.6799926757812,538.4149780273438,538.6799926757812
2026-08-07 14:50:00-04:00,538.6900024414062,538.8499755859375,538.6900024414062,538.7999877929688
2026-08-07 14:55:00-04:00,538.8099975585938,538.9299926757812,538.739990234375,538.8800048828125
2026-08-07 15:00:00-04:00,539.010009765625,539.2999877929688,538.9299926757812,539.1849975585938
2026-08-07 15:05:00-04:00,539.1959838867188,539.469970703125,539.1959838867188,539.469970703125
2026-08-07 15:10:00-04:00,539.47998046875,539.6900024414062,539.47998046875,539.6300048828125
2026-08-07 15:15:00-04:00,539.6699829101562,540.0800170898438,539.6558227539062,539.8200073242188
2026-08-07 15:20:00-04:00,539.8400268554688,540.030029296875,539.8400268554688,540.010009765625
2026-08-07 15:25:00-04:00,539.8250122070312,539.9400024414062,539.780029296875,539.9400024414062
2026-08-07 15:30:00-04:00,539.905029296875,540.0399780273438,539.7899780273438,539.9500122070312
2026-08-07 15:35:00-04:00,539.9600830078125,540.0850219726562,539.8275146484375,539.8857421875
2026-08-07 15:40:00-04:00,539.9000244140625,539.9000244140625,539.6199951171875,539.6406860351562
2026-08-07 15:45:00-04:00,539.6099853515625,539.905029296875,539.6099853515625,539.8400268554688
2026-08-07 15:50:00-04:00,539.8499755859375,539.8699951171875,539.3699951171875,539.3900146484375
2026-08-07 15:55:00-04:00,539.3800048828125,539.97998046875,539.3200073242188,539.5999755859375
2026-08-10 09:30:00-04:00,538.7000122070312,539.6099853515625,538.7000122070312,538.8900146484375
2026-08-10 09:35:00-04:00,538.9099731445312,539.2000122070312,538.5499877929688,538.8699951171875
2026-08-10 09:40:00-04:00,538.8499755859375,539.4199829101562,538.72998046875,538.72998046875
2026-08-10 09:45:00-04:00,538.719970703125,538.9299926757812,538.3800048828125,538.510009765625
2026-08-10 09:50:00-04:00,538.47998046875,539.1799926757812,538.02001953125,538.9099731445312
2026-08-10 09:55:00-04:00,538.9099731445312,539.22998046875,538.7999877929688,538.8499755859375
2026-08-10 10:00:00-04:00,538.8699951171875,539.1199951171875,538.6900024414062,538.6900024414062
2026-08-10 10:05:00-04:00,538.6900024414062,538.6900024414062,538.3499755859375,538.489990234375
2026-08-10 10:10:00-04:00,538.5,538.764892578125,538.3250122070312,538.5999755859375
2026-08-10 10:15:00-04:00,538.6300048828125,539.1599731445312,538.5750122070312,539.1201171875
2026-08-10 10:20:00-04:00,539.1300048828125,539.1599731445312,538.8900146484375,538.969970703125
2026-08-10 10:25:00-04:00,539.0499877929688,539.3900146484375,539.010009765625,539.2401123046875
2026-08-10 10:30:00-04:00,539.219970703125,539.27001953125,539.031005859375,539.1300048828125
2026-08-10 10:35:00-04:00,539.1400146484375,539.3300170898438,538.9249877929688,539.1400146484375
2026-08-10 10:40:00-04:00,539.1500244140625,539.4199829101562,539.1500244140625,539.3099975585938
2026-08-10 10:45:00-04:00,539.3400268554688,539.8800048828125,539.3300170898438,539.719970703125
2026-08-10 10:50:00-04:00,539.7899780273438,539.8499755859375,539.3699951171875,539.5399780273438
2026-08-10 10:55:00-04:00,539.530029296875,539.719970703125,539.3200073242188,539.3200073242188
2026-08-10 11:00:00-04:00,539.3200073242188,539.4400024414062,539.1099853515625,539.2999877929688
2026-08-10 11:05:00-04:00,539.3300170898438,539.5499877929688,539.3300170898438,539.4650268554688
2026-08-10 11:10:00-04:00,539.4400024414062,539.6799926757812,539.2899780273438,539.6799926757812
2026-08-10 11:15:00-04:00,539.7100219726562,539.8400268554688,539.52001953125,539.760009765625
2026-08-10 11:20:00-04:00,539.77001953125,540.02001953125,539.77001953125,539.8900146484375
2026-08-10 11:25:00-04:00,539.8599853515625,539.9099731445312,539.590087890625,539.7000122070312
2026-08-10 11:30:00-04:00,539.780029296875,539.7999877929688,539.6500244140625,539.6500244140625
2026-08-10 11:35:00-04:00,539.6599731445312,539.6898803710938,539.280029296875,539.3599853515625
2026-08-10 11:40:00-04:00,539.3200073242188,539.4000244140625,538.9600219726562,539.1400146484375
2026-08-10 11:45:00-04:00,539.1099853515625,539.3400268554688,539.010009765625,539.1599731445312
2026-08-10 11:50:00-04:00,539.1099853515625,539.5,539.0800170898438,539.3499755859375
2026-08-10 11:55:00-04:00,539.35498046875,539.5599975585938,539.239990234375,539.5499877929688
2026-08-10 12:00:00-04:00,539.5499877929688,539.5499877929688,539.0999755859375,539.1599731445312
2026-08-10 12:05:00-04:00,539.1799926757812,539.4099731445312,539.1599731445312,539.3499755859375
2026-08-10 12:10:00-04:00,539.3400268554688,539.3900146484375,539.1199951171875,539.1300048828125
2026-08-10 12:15:00-04:00,539.125,539.125,538.8699951171875,538.8900146484375
2026-08-10 12:20:00-04:00,538.8900146484375,538.9299926757812,538.6199951171875,538.8300170898438
2026-08-10 12:25:00-04:00,538.85498046875,538.9450073242188,538.760009765625,538.9199829101562
2026-08-10 12:30:00-04:00,538.9199829101562,538.969970703125,537.9000244140625,538.5700073242188
2026-08-10 12:35:00-04:00,538.6300048828125,538.9299926757812,538.6300048828125,538.7899780273438
2026-08-10 12:40:00-04:00,538.780029296875,538.780029296875,538.4199829101562,538.4500122070312
2026-08-10 12:45:00-04:00,538.4500122070312,538.6699829101562,538.3300170898438,538.6199951171875
2026-08-10 12:50:00-04:00,538.64501953125,538.72998046875,538.5399780273438,538.6799926757812
2026-08-10 12:55:00-04:00,538.6749877929688,538.7899780273438,538.5599975585938,538.739013671875
2026-08-10 13:00:00-04:00,538.7449951171875,538.780029296875,538.4299926757812,538.5289916992188
2026-08-10 13:05:00-04:00,538.530029296875,538.530029296875,538.3499755859375,538.5
2026-08-10 13:10:00-04:00,538.4849853515625,538.5800170898438,538.3200073242188,538.5
2026-08-10 13:15:00-04:00,538.510009765625,538.5999755859375,538.4199829101562,538.4649047851562
2026-08-10 13:20:00-04:00,538.4400024414062,538.52001953125,538.280029296875,538.52001953125
2026-08-10 13:25:00-04:00,538.5,538.510009765625,538.3400268554688,538.469970703125
2026-08-10 13:30:00-04:00,538.4600219726562,538.489990234375,538.3200073242188,538.4000244140625
2026-08-10 13:35:00-04:00,538.3599853515625,538.3699951171875,538.1699829101562,538.3099975585938
2026-08-10 13:40:00-04:00,538.280029296875,538.39501953125,538.2050170898438,538.280029296875
2026-08-10 13:45:00-04:00,538.27001953125,538.5,538.1900024414062,538.489990234375
2026-08-10 13:50:00-04:00,538.47998046875,538.52001953125,538.3300170898438,538.4000244140625
2026-08-10 13:55:00-04:00,538.3900146484375,538.4500122070312,538.2855224609375,538.3499755859375
2026-08-10 14:00:00-04:00,538.39501953125,538.510009765625,538.3900146484375,538.4401245117188
2026-08-10 14:05:00-04:00,538.4450073242188,538.4600219726562,538.3200073242188,538.3599853515625
2026-08-10 14:10:00-04:00,538.3699951171875,538.4099731445312,538.1300048828125,538.1300048828125
2026-08-10 14:15:00-04:00,538.1599731445312,538.25,538.0637817382812,538.0999755859375
2026-08-10 14:20:00-04:00,538.030029296875,538.1900024414062,538.02001953125,538.1599731445312
2026-08-10 14:25:00-04:00,538.1099853515625,538.219970703125,538.0850219726562,538.0850219726562
2026-08-10 14:30:00-04:00,538.0800170898438,538.0800170898438,537.9400024414062,537.9400024414062
2026-08-10 14:35:00-04:00,537.9299926757812,538.1300048828125,537.9099731445312,538.0750122070312
2026-08-10 14:40:00-04:00,538.1400146484375,538.3099975585938,538.1400146484375,538.260009765625
2026-08-10 14:45:00-04:00,538.239990234375,538.3499755859375,538.219970703125,538.239990234375
2026-08-10 14:50:00-04:00,538.27001953125,538.4500122070312,538.2503051757812,538.4249877929688
2026-08-10 14:55:00-04:00,538.4000244140625,538.4500122070312,538.2899780273438,538.2899780273438
2026-08-10 15:00:00-04:00,538.2899780273438,538.2899780273438,538.1599731445312,538.2750244140625
2026-08-10 15:05:00-04:00,538.3099975585938,538.5,538.260009765625,538.4918823242188
2026-08-10 15:10:00-04:00,538.469970703125,538.47998046875,538.2899780273438,538.3300170898438
2026-08-10 15:15:00-04:00,538.3200073242188,538.47998046875,538.2999877929688,538.47998046875
2026-08-10 15:20:00-04:00,538.489990234375,538.510009765625,538.3499755859375,538.4299926757812
2026-08-10 15:25:00-04:00,538.4199829101562,538.4199829101562,538.094970703125,538.114990234375
2026-08-10 15:30:00-04:00,538.1500244140625,538.1900024414062,538.0009765625,538.1699829101562
2026-08-10 15:35:00-04:00,538.1699829101562,538.4000244140625,538.0900268554688,538.3900146484375
2026-08-10 15:40:00-04:00,538.3400268554688,538.489990234375,538.29931640625,538.3800048828125
2026-08-10 15:45:00-04:00,538.3699951171875,538.47998046875,538.3400268554688,538.47998046875
2026-08-10 15:50:00-04:00,538.469970703125,538.530029296875,538.27001953125,538.385009765625
2026-08-10 15:55:00-04:00,538.3900146484375,539.1400146484375,538.2999877929688,539.02001953125
2026-08-11 09:30:00-04:00,539.9099731445312,540.52001953125,539.47998046875,540.0900268554688
2026-08-11 09:35:00-04:00,540.1199951171875,540.9299926757812,539.9650268554688,540.5999755859375
2026-08-11 09:40:00-04:00,540.5800170898438,541.0900268554688,540.3300170898438,540.75
2026-08-11 09:45:00-04:00,540.7449951171875,541.3671875,540.739990234375,541.3671875
2026-08-11 09:50:00-04:00,541.3499755859375,541.6400146484375,541.230712890625,541.5250244140625
2026-08-11 09:55:00-04:00,541.5,541.7150268554688,541.0700073242188,541.0900268554688
2026-08-11 10:00:00-04:00,541.0800170898438,541.4099731445312,540.6699829101562,540.7899780273438
2026-08-11 10:05:00-04:00,540.7899780273438,540.7899780273438,539.7999877929688,540.1599731445312
2026-08-11 10:10:00-04:00,540.1400146484375,540.1699829101562,539.739990234375,540.0700073242188
2026-08-11 10:15:00-04:00,540.0999755859375,540.25,539.635009765625,539.9600219726562
2026-08-11 10:20:00-04:00,539.9719848632812,540.0900268554688,539.6199951171875,539.780029296875
2026-08-11 10:25:00-04:00,539.7449951171875,539.969970703125,539.7050170898438,539.9199829101562
2026-08-11 10:30:00-04:00,539.9400024414062,539.9400024414062,539.4099731445312,539.52001953125
2026-08-11 10:35:00-04:00,539.5599975585938,539.72998046875,539.1199951171875,539.4155883789062
2026-08-11 10:40:00-04:00,539.3699951171875,539.4249877929688,538.9600219726562,539.0
2026-08-11 10:45:00-04:00,539.030029296875,539.5700073242188,539.030029296875,539.5499877929688
2026-08-11 10:50:00-04:00,539.5499877929688,539.5499877929688,539.1900024414062,539.3300170898438
2026-08-11 10:55:00-04:00,539.3300170898438,539.4099731445312,538.97998046875,539.260009765625
2026-08-11 11:00:00-04:00,539.2999877929688,539.5,539.1400146484375,539.2000122070312
2026-08-11 11:05:00-04:00,539.260009765625,539.260009765625,538.760009765625,538.885009765625
2026-08-11 11:10:00-04:00,538.840087890625,538.9600219726562,538.6900024414062,538.8800048828125
2026-08-11 11:15:00-04:00,538.8499755859375,539.0087890625,538.6099853515625,538.760009765625
2026-08-11 11:20:00-04:00,538.780029296875,539.0900268554688,538.72998046875,539.010009765625
2026-08-11 11:25:00-04:00,539.02001953125,539.0599975585938,538.8400268554688,539.0599975585938
2026-08-11 11:30:00-04:00,539.030029296875,539.030029296875,538.5900268554688,538.614990234375
2026-08-11 11:35:00-04:00,538.77001953125,538.8200073242188,538.52001953125,538.6699829101562
2026-08-11 11:40:00-04:00,538.6900024414062,538.8300170898438,538.6400146484375,538.719970703125
2026-08-11 11:45:00-04:00,538.7000122070312,538.844970703125,538.6699829101562,538.8200073242188
2026-08-11 11:50:00-04:00,538.77001953125,538.9349975585938,538.60498046875,538.6400146484375
2026-08-11 11:55:00-04:00,538.739990234375,538.8800048828125,538.6500244140625,538.8800048828125
2026-08-11 12:00:00-04:00,538.989990234375,539.0999755859375,538.8200073242188,538.8200073242188
2026-08-11 12:05:00-04:00,538.8145751953125,539.0900268554688,538.7999877929688,538.8400268554688
2026-08-11 12:10:00-04:00,538.8599853515625,538.875,538.6099853515625,538.6400146484375
2026-08-11 12:15:00-04:00,538.6300048828125,539.031005859375,538.6300048828125,538.8699951171875
2026-08-11 12:20:00-04:00,538.8499755859375,538.9400024414062,538.5050048828125,538.510009765625
2026-08-11 12:25:00-04:00,538.4949951171875,538.60498046875,538.4099731445312,538.5599975585938
2026-08-11 12:30:00-04:00,538.5850219726562,538.6099853515625,538.22998046875,538.3499755859375
2026-08-11 12:35:00-04:00,538.3250122070312,538.5800170898438,538.3250122070312,538.4600219726562
2026-08-11 12:40:00-04:00,538.3302001953125,538.4600219726562,538.3302001953125,538.3800048828125
2026-08-11 12:45:00-04:00,538.3599853515625,538.4500122070312,538.280029296875,538.4500122070312
2026-08-11 12:50:00-04:00,538.469970703125,538.52001953125,538.3900146484375,538.47998046875
2026-08-11 12:55:00-04:00,538.47998046875,538.5,538.27001953125,538.3051147460938
2026-08-11 13:00:00-04:00,538.3900146484375,538.3900146484375,538.22998046875,538.35498046875
2026-08-11 13:05:00-04:00,538.260009765625,538.4400024414062,538.2544555664062,538.3200073242188
2026-08-11 13:10:00-04:00,538.2899780273438,538.3599853515625,538.1300048828125,538.1400146484375
2026-08-11 13:15:00-04:00,538.0700073242188,538.3099975585938,538.0700073242188,538.2899780273438
2026-08-11 13:20:00-04:00,538.280029296875,538.3400268554688,538.0999755859375,538.25
2026-08-11 13:25:00-04:00,538.25,538.280029296875,538.0250244140625,538.1649780273438
2026-08-11 13:30:00-04:00,538.1699829101562,538.260009765625,538.1099853515625,538.2100219726562
2026-08-11 13:35:00-04:00,538.25,538.2899780273438,538.1199951171875,538.1599731445312
2026-08-11 13:40:00-04:00,538.1500244140625,538.3599853515625,538.1400146484375,538.3300170898438
2026-08-11 13:45:00-04:00,538.3300170898438,538.4199829101562,538.2899780273438,538.3300170898438
2026-08-11 13:50:00-04:00,538.3400268554688,538.4099731445312,538.260009765625,538.2849731445312
2026-08-11 13:55:00-04:00,538.2949829101562,538.3800048828125,538.219970703125,538.3800048828125
2026-08-11 14:00:00-04:00,538.3200073242188,538.3200073242188,538.1099853515625,538.1799926757812
2026-08-11 14:05:00-04:00,538.094970703125,538.1799926757812,537.9500122070312,537.9500122070312
2026-08-11 14:10:00-04:00,537.9500122070312,538.0999755859375,537.9251098632812,538.0800170898438
2026-08-11 14:15:00-04:00,538.0700073242188,538.1400146484375,537.9400024414062,538.0399780273438
2026-08-11 14:20:00-04:00,538.0150146484375,538.1300048828125,537.842529296875,538.1300048828125
2026-08-11 14:25:00-04:00,538.1199951171875,538.2100219726562,537.3499755859375,537.5499877929688
2026-08-11 14:30:00-04:00,537.5599975585938,537.9199829101562,537.5599975585938,537.8300170898438
2026-08-11 14:35:00-04:00,537.864990234375,537.9500122070312,537.7951049804688,537.8200073242188
2026-08-11 14:40:00-04:00,537.8099975585938,537.8099975585938,537.594970703125,537.6799926757812
2026-08-11 14:45:00-04:00,537.6900024414062,537.8300170898438,537.6810302734375,537.8200073242188
2026-08-11 14:50:00-04:00,537.8400268554688,537.8400268554688,537.64599609375,537.7000732421875
2026-08-11 14:55:00-04:00,537.719970703125,537.719970703125,537.5250244140625,537.5599975585938
2026-08-11 15:00:00-04:00,537.5599975585938,537.5700073242188,537.3150024414062,537.3150024414062
2026-08-11 15:05:00-04:00,537.2951049804688,537.3300170898438,537.2100219726562,537.2899780273438
2026-08-11 15:10:00-04:00,537.2899780273438,537.3800048828125,537.22998046875,537.25
2026-08-11 15:15:00-04:00,537.25,537.489990234375,537.2000122070312,537.489990234375
2026-08-11 15:20:00-04:00,537.47998046875,537.5750122070312,537.4199829101562,537.5549926757812
2026-08-11 15:25:00-04:00,537.5700073242188,537.5800170898438,537.4149780273438,537.489990234375
2026-08-11 15:30:00-04:00,537.52001953125,537.7150268554688,537.469970703125,537.6600952148438
2026-08-11 15:35:00-04:00,537.6699829101562,537.8300170898438,537.6400146484375,537.760009765625
2026-08-11 15:40:00-04:00,537.760009765625,537.8350219726562,537.6500244140625,537.6500244140625
2026-08-11 15:45:00-04:00,537.6500244140625,537.6599731445312,537.4849853515625,537.5599975585938
2026-08-11 15:50:00-04:00,537.4500122070312,537.5,537.0999755859375,537.2999877929688
2026-08-11 15:55:00-04:00,537.260009765625,537.385009765625,536.9099731445312,537.2899780273438
2026-08-12 09:30:00-04:00,537.8599853515625,539.1849975585938,537.4000244140625,538.22998046875
2026-08-12 09:35:00-04:00,538.1699829101562,538.6599731445312,538.0599975585938,538.3464965820312
2026-08-12 09:40:00-04:00,538.3300170898438,538.6699829101562,537.8200073242188,537.8400268554688
2026-08-12 09:45:00-04:00,537.8499755859375,538.2449951171875,537.5,538.14501953125
2026-08-12 09:50:00-04:00,538.1500244140625,538.3499755859375,537.7000122070312,537.844970703125
2026-08-12 09:55:00-04:00,537.8300170898438,537.9600219726562,537.27001953125,537.3099975585938
2026-08-12 10:00:00-04:00,537.3300170898438,537.7999877929688,537.2028198242188,537.3800048828125
2026-08-12 10:05:00-04:00,537.3800048828125,537.47998046875,536.864990234375,536.9600219726562
2026-08-12 10:10:00-04:00,536.9500122070312,537.3400268554688,536.8699951171875,537.260009765625
2026-08-12 10:15:00-04:00,537.260009765625,537.9600219726562,537.1400146484375,537.8200073242188
2026-08-12 10:20:00-04:00,537.8900146484375,538.1599731445312,537.5449829101562,537.9400024414062
2026-08-12 10:25:00-04:00,537.9000244140625,538.0900268554688,537.6599731445312,537.85498046875
2026-08-12 10:30:00-04:00,537.8200073242188,538.0,536.8599853515625,537.3800048828125
2026-08-12 10:35:00-04:00,537.405029296875,537.6099853515625,537.3200073242188,537.6099853515625
2026-08-12 10:40:00-04:00,537.6199951171875,537.9000244140625,537.5399780273438,537.72998046875
2026-08-12 10:45:00-04:00,537.75,537.8900146484375,537.3599853515625,537.719970703125
2026-08-12 10:50:00-04:00,537.6599731445312,537.7000122070312,537.2100219726562,537.22998046875
2026-08-12 10:55:00-04:00,537.22998046875,537.3699951171875,537.1099853515625,537.2675170898438
2026-08-12 11:00:00-04:00,537.25,537.25,537.0,537.0800170898438
2026-08-12 11:05:00-04:00,537.0599975585938,537.1300048828125,536.9099731445312,537.1300048828125
2026-08-12 11:10:00-04:00,537.1599731445312,537.4099731445312,537.0700073242188,537.1699829101562
2026-08-12 11:15:00-04:00,537.1099853515625,537.22998046875,536.9500122070312,537.1400146484375
2026-08-12 11:20:00-04:00,537.1500244140625,537.1500244140625,536.8900146484375,537.10498046875
2026-08-12 11:25:00-04:00,537.0800170898438,537.3099975585938,537.030029296875,537.3099975585938
2026-08-12 11:30:00-04:00,537.3800048828125,537.4400024414062,537.110595703125,537.239990234375
2026-08-12 11:35:00-04:00,537.22998046875,537.3200073242188,537.010009765625,537.010009765625
2026-08-12 11:40:00-04:00,537.0,537.5700073242188,537.0,537.469970703125
2026-08-12 11:45:00-04:00,537.4949951171875,537.5999755859375,537.4400024414062,537.489990234375
2026-08-12 11:50:00-04:00,537.5999755859375,537.5999755859375,537.3574829101562,537.5
2026-08-12 11:55:00-04:00,537.52001953125,537.6599731445312,537.4600219726562,537.5800170898438
2026-08-12 12:00:00-04:00,537.52001953125,537.8699951171875,537.52001953125,537.780029296875
2026-08-12 12:05:00-04:00,537.7750244140625,537.7999877929688,537.5,537.625
2026-08-12 12:10:00-04:00,537.6300048828125,537.905029296875,537.530029296875,537.8300170898438
2026-08-12 12:15:00-04:00,537.8499755859375,537.8800048828125,537.72998046875,537.760009765625
2026-08-12 12:20:00-04:00,537.7999877929688,537.7999877929688,537.6875,537.7650146484375
2026-08-12 12:25:00-04:00,537.760009765625,537.760009765625,537.5800170898438,537.5800170898438
2026-08-12 12:30:00-04:00,537.5599975585938,537.7000122070312,537.47998046875,537.6099853515625
2026-08-12 12:35:00-04:00,537.5800170898438,537.8300170898438,537.5800170898438,537.760009765625
2026-08-12 12:40:00-04:00,537.7650146484375,537.7899780273438,537.6699829101562,537.7000122070312
2026-08-12 12:45:00-04:00,537.7100219726562,537.72998046875,537.5599975585938,537.72998046875
2026-08-12 12:50:00-04:00,537.5999755859375,537.7999877929688,537.5999755859375,537.7100219726562
2026-08-12 12:55:00-04:00,537.6849975585938,537.7072143554688,537.5900268554688,537.6799926757812
2026-08-12 13:00:00-04:00,537.6300048828125,537.669921875,537.530029296875,537.5501098632812
2026-08-12 13:05:00-04:00,537.510009765625,537.85498046875,537.510009765625,537.6749877929688
2026-08-12 13:10:00-04:00,537.64501953125,537.6799926757812,537.510009765625,537.6199951171875
2026-08-12 13:15:00-04:00,537.510009765625,537.510009765625,537.3699951171875,537.4600219726562
2026-08-12 13:20:00-04:00,537.469970703125,537.489990234375,537.2899780273438,537.4400024414062
2026-08-12 13:25:00-04:00,537.4149780273438,537.6300048828125,537.4149780273438,537.510009765625
2026-08-12 13:30:00-04:00,537.510009765625,537.655029296875,537.4400024414062,537.655029296875
2026-08-12 13:35:00-04:00,537.6400146484375,537.6400146484375,537.5399780273438,537.5700073242188
2026-08-12 13:40:00-04:00,537.7119750976562,537.7999877929688,537.5900268554688,537.6900024414062
2026-08-12 13:45:00-04:00,537.655029296875,537.780029296875,537.5650024414062,537.6400146484375
2026-08-12 13:50:00-04:00,537.6199951171875,537.7150268554688,537.530029296875,537.530029296875
2026-08-12 13:55:00-04:00,537.5355834960938,537.6199951171875,537.4299926757812,537.5999755859375
2026-08-12 14:00:00-04:00,537.594970703125,537.6300048828125,537.5399780273438,537.5800170898438
2026-08-12 14:05:00-04:00,537.489990234375,537.5700073242188,537.489990234375,537.5399780273438
2026-08-12 14:10:00-04:00,537.5,537.5800170898438,537.469970703125,537.5599975585938
2026-08-12 14:15:00-04:00,537.530029296875,537.5900268554688,537.4500122070312,537.5900268554688
2026-08-12 14:20:00-04:00,537.5800170898438,537.5800170898438,537.489990234375,537.49951171875
2026-08-12 14:25:00-04:00,537.5850219726562,537.6500244140625,537.4600219726562,537.4600219726562
2026-08-12 14:30:00-04:00,537.489990234375,537.655029296875,537.489990234375,537.6099853515625
2026-08-12 14:35:00-04:00,537.6500244140625,537.7999877929688,537.6500244140625,537.6799926757812
2026-08-12 14:40:00-04:00,537.7050170898438,538.0,537.7050170898438,537.9500732421875
2026-08-12 14:45:00-04:00,537.9650268554688,538.0399780273438,537.9196166992188,537.97998046875
2026-08-12 14:50:00-04:00,537.97998046875,538.0150146484375,537.9400024414062,537.9500122070312
2026-08-12 14:55:00-04:00,537.97998046875,537.9949951171875,537.760009765625,537.77001953125
2026-08-12 15:00:00-04:00,537.7349853515625,538.0499877929688,537.7349853515625,538.0120239257812
2026-08-12 15:05:00-04:00,538.030029296875,538.0549926757812,537.8699951171875,537.8800048828125
2026-08-12 15:10:00-04:00,537.89501953125,537.9299926757812,537.6300048828125,537.6300048828125
2026-08-12 15:15:00-04:00,537.7000122070312,537.72998046875,537.5999755859375,537.655029296875
2026-08-12 15:20:00-04:00,537.6500244140625,537.6699829101562,537.5399780273438,537.5999755859375
2026-08-12 15:25:00-04:00,537.6099853515625,537.6699829101562,537.530029296875,537.6300048828125
2026-08-12 15:30:00-04:00,537.6500244140625,537.719970703125,537.5999755859375,537.7000122070312
2026-08-12 15:35:00-04:00,537.6849975585938,537.8800048828125,537.6699829101562,537.75
2026-08-12 15:40:00-04:00,537.7550048828125,537.7650146484375,537.489990234375,537.6300048828125
2026-08-12 15:45:00-04:00,537.6500244140625,537.72998046875,537.47998046875,537.6099853515625
2026-08-12 15:50:00-04:00,537.5599975585938,537.5999755859375,536.969970703125,537.0399780273438
2026-08-12 15:55:00-04:00,537.0499877929688,537.3150024414062,536.9600219726562,537.0900268554688
2026-08-13 09:30:00-04:00,538.7000122070312,539.3499755859375,538.2100219726562,538.22998046875
2026-08-13 09:35:00-04:00,538.3300170898438,538.77001953125,537.97998046875,538.77001953125
2026-08-13 09:40:00-04:00,538.760009765625,538.9199829101562,538.3099975585938,538.3099975585938
2026-08-13 09:45:00-04:00,538.4500122070312,539.0399780273438,538.2999877929688,538.3200073242188
2026-08-13 09:50:00-04:00,538.3099975585938,538.4199829101562,537.8800048828125,538.3499755859375
2026-08-13 09:55:00-04:00,538.2899780273438,538.6400146484375,538.1400146484375,538.489990234375
2026-08-13 10:00:00-04:00,538.47998046875,539.3599853515625,538.47998046875,539.3400268554688
2026-08-13 10:05:00-04:00,539.344970703125,539.5800170898438,538.9400024414062,539.155029296875
2026-08-13 10:10:00-04:00,539.1599731445312,539.1699829101562,538.9199829101562,539.1400146484375
2026-08-13 10:15:00-04:00,538.97998046875,539.3400268554688,538.5800170898438,539.3400268554688
2026-08-13 10:20:00-04:00,539.2999877929688,539.9669799804688,539.2999877929688,539.8499755859375
2026-08-13 10:25:00-04:00,539.9099731445312,539.9249877929688,539.5999755859375,539.6400146484375
2026-08-13 10:30:00-04:00,539.6099853515625,539.6199951171875,539.0599975585938,539.0999755859375
2026-08-13 10:35:00-04:00,539.1500244140625,539.3200073242188,538.8900146484375,539.0999755859375
2026-08-13 10:40:00-04:00,539.0999755859375,539.0999755859375,538.530029296875,538.530029296875
2026-08-13 10:45:00-04:00,538.5,538.5399780273438,537.8800048828125,537.9600219726562
2026-08-13 10:50:00-04:00,537.969970703125,538.0700073242188,537.7849731445312,537.9099731445312
2026-08-13 10:55:00-04:00,537.8699951171875,537.9400024414062,537.5599975585938,537.9299926757812
2026-08-13 11:00:00-04:00,537.9099731445312,538.1900024414062,537.5499877929688,537.5599975585938
2026-08-13 11:05:00-04:00,537.5800170898438,537.6400146484375,537.2750244140625,537.4099731445312
2026-08-13 11:10:00-04:00,537.4099731445312,537.4249267578125,536.8499755859375,536.9199829101562
2026-08-13 11:15:00-04:00,536.8599853515625,536.9299926757812,536.4199829101562,536.75
2026-08-13 11:20:00-04:00,536.760009765625,536.8200073242188,536.4249877929688,536.5599975585938
2026-08-13 11:25:00-04:00,536.5399780273438,536.5399780273438,535.6900024414062,535.93701171875
2026-08-13 11:30:00-04:00,535.9199829101562,536.3800048828125,535.9199829101562,536.2100219726562
2026-08-13 11:35:00-04:00,536.22998046875,536.5,536.1799926757812,536.4199829101562
2026-08-13 11:40:00-04:00,536.3300170898438,536.5474853515625,536.22998046875,536.3900146484375
2026-08-13 11:45:00-04:00,536.3344116210938,536.6300048828125,536.3344116210938,536.5645751953125
2026-08-13 11:50:00-04:00,536.489990234375,536.6500244140625,536.4500122070312,536.4500732421875
2026-08-13 11:55:00-04:00,536.5700073242188,536.5700073242188,536.0599975585938,536.10498046875
2026-08-13 12:00:00-04:00,536.0900268554688,536.4000244140625,536.0900268554688,536.27001953125
2026-08-13 12:05:00-04:00,536.260009765625,536.489990234375,536.1799926757812,536.1799926757812
2026-08-13 12:10:00-04:00,536.1400146484375,536.2899780273438,536.1400146484375,536.239990234375
2026-08-13 12:15:00-04:00,536.25,536.280029296875,536.1699829101562,536.280029296875
2026-08-13 12:20:00-04:00,536.280029296875,536.4099731445312,536.2449951171875,536.344970703125
2026-08-13 12:25:00-04:00,536.2999877929688,536.6400146484375,536.2999877929688,536.6400146484375
2026-08-13 12:30:00-04:00,536.635009765625,536.8699951171875,536.5499877929688,536.8400268554688
2026-08-13 12:35:00-04:00,536.8280029296875,536.8699951171875,536.6400146484375,536.6400146484375
2026-08-13 12:40:00-04:00,536.6400146484375,536.72998046875,536.5499877929688,536.7100219726562
2026-08-13 12:45:00-04:00,536.6685791015625,536.739990234375,536.6099853515625,536.6099853515625
2026-08-13 12:50:00-04:00,536.6599731445312,536.8250122070312,536.6599731445312,536.8139038085938
2026-08-13 12:55:00-04:00,536.72998046875,536.8200073242188,536.7000732421875,536.7100219726562
2026-08-13 13:00:00-04:00,536.760009765625,536.8400268554688,536.7100219726562,536.780029296875
2026-08-13 13:05:00-04:00,536.763916015625,537.0900268554688,536.7050170898438,536.9199829101562
2026-08-13 13:10:00-04:00,536.9500122070312,536.9500122070312,536.8099975585938,536.8900146484375
2026-08-13 13:15:00-04:00,536.9099731445312,537.1300048828125,536.9099731445312,537.0599975585938
2026-08-13 13:20:00-04:00,537.1046142578125,537.1300048828125,537.010009765625,537.094970703125
2026-08-13 13:25:00-04:00,537.10498046875,537.1300048828125,536.9500122070312,536.9500122070312
2026-08-13 13:30:00-04:00,536.9453735351562,536.989990234375,536.760009765625,536.7650146484375
2026-08-13 13:35:00-04:00,536.719970703125,536.75,536.5999145507812,536.75
2026-08-13 13:40:00-04:00,536.739990234375,536.8049926757812,536.6599731445312,536.7449951171875
2026-08-13 13:45:00-04:00,536.7999877929688,536.9000244140625,536.7999877929688,536.864990234375
2026-08-13 13:50:00-04:00,536.8699951171875,537.030029296875,536.8699951171875,536.9450073242188
2026-08-13 13:55:00-04:00,536.9349975585938,536.969970703125,536.8800048828125,536.9400024414062
2026-08-13 14:00:00-04:00,536.9400024414062,537.1500244140625,536.9400024414062,537.1500244140625
2026-08-13 14:05:00-04:00,537.1400146484375,537.2100219726562,537.0800170898438,537.135009765625
2026-08-13 14:10:00-04:00,537.1099853515625,537.4099731445312,537.0499877929688,537.3699951171875
2026-08-13 14:15:00-04:00,537.4000244140625,537.4199829101562,537.1199951171875,537.1649780273438
2026-08-13 14:20:00-04:00,537.1900024414062,537.1900024414062,536.97998046875,537.010009765625
2026-08-13 14:25:00-04:00,537.0599975585938,537.14501953125,537.010009765625,537.1099853515625
2026-08-13 14:30:00-04:00,537.0900268554688,537.1599731445312,537.0549926757812,537.155029296875
2026-08-13 14:35:00-04:00,537.2100219726562,537.489990234375,537.1900024414062,537.4550170898438
2026-08-13 14:40:00-04:00,537.5,537.6599731445312,537.4550170898438,537.6500244140625
2026-08-13 14:45:00-04:00,537.6099853515625,537.6400146484375,537.4000244140625,537.5075073242188
2026-08-13 14:50:00-04:00,537.5,537.5800170898438,537.364990234375,537.4949951171875
2026-08-13 14:55:00-04:00,537.5,537.530029296875,537.1900024414062,537.1900024414062
2026-08-13 15:00:00-04:00,537.2750244140625,537.4000244140625,537.2750244140625,537.3699951171875
2026-08-13 15:05:00-04:00,537.3599853515625,537.6300048828125,537.344970703125,537.510009765625
2026-08-13 15:10:00-04:00,537.5499877929688,537.5499877929688,537.364990234375,537.4249877929688
2026-08-13 15:15:00-04:00,537.4149780273438,537.6699829101562,537.3900146484375,537.6699829101562
2026-08-13 15:20:00-04:00,537.7100219726562,537.9000244140625,537.6400146484375,537.8800048828125
2026-08-13 15:25:00-04:00,537.8900146484375,537.9400024414062,537.7100219726562,537.7100219726562
2026-08-13 15:30:00-04:00,537.77001953125,537.9299926757812,537.760009765625,537.8499755859375
2026-08-13 15:35:00-04:00,537.8499755859375,537.8499755859375,537.6699829101562,537.7849731445312
2026-08-13 15:40:00-04:00,537.77001953125,537.8400268554688,537.6300048828125,537.6300048828125
2026-08-13 15:45:00-04:00,537.6599731445312,537.8300170898438,537.6199951171875,537.73291015625
2026-08-13 15:50:00-04:00,537.739990234375,537.8300170898438,537.5499877929688,537.6900024414062
2026-08-13 15:55:00-04:00,537.719970703125,538.0399780273438,537.6901245117188,537.8800048828125
2026-08-14 09:30:00-04:00,537.405029296875,537.7000122070312,536.3400268554688,537.7000122070312
2026-08-14 09:35:00-04:00,537.7000122070312,537.9500122070312,537.25,537.27001953125
2026-08-14 09:40:00-04:00,537.2849731445312,537.6599731445312,536.97998046875,537.469970703125
2026-08-14 09:45:00-04:00,537.5499877929688,538.0,537.469970703125,537.6900024414062
2026-08-14 09:50:00-04:00,537.701171875,538.280029296875,537.5999755859375,538.1900024414062
2026-08-14 09:55:00-04:00,538.2000122070312,538.2000122070312,537.739990234375,537.989990234375
2026-08-14 10:00:00-04:00,537.9299926757812,538.1300048828125,537.52001953125,537.6400146484375
2026-08-14 10:05:00-04:00,537.6400146484375,537.8192138671875,537.35498046875,537.5499877929688
2026-08-14 10:10:00-04:00,537.52001953125,537.780029296875,537.4400024414062,537.5800170898438
2026-08-14 10:15:00-04:00,537.5800170898438,538.0,537.4400024414062,537.8049926757812
2026-08-14 10:20:00-04:00,537.7899780273438,537.7899780273438,537.4349975585938,537.6900024414062
2026-08-14 10:25:00-04:00,537.6599731445312,537.6898803710938,537.4299926757812,537.5999755859375
2026-08-14 10:30:00-04:00,537.6400146484375,537.6699829101562,537.1099853515625,537.1950073242188
2026-08-14 10:35:00-04:00,537.10498046875,537.267578125,536.9099731445312,537.1799926757812
2026-08-14 10:40:00-04:00,537.1799926757812,537.2000122070312,536.9000244140625,536.9500122070312
2026-08-14 10:45:00-04:00,536.9600219726562,537.1799926757812,536.9500122070312,537.0999755859375
2026-08-14 10:50:00-04:00,537.0700073242188,537.0900268554688,536.8099975585938,536.8599853515625
2026-08-14 10:55:00-04:00,536.8599853515625,537.010009765625,536.72998046875,536.9299926757812
2026-08-14 11:00:00-04:00,536.9199829101562,537.3200073242188,536.9199829101562,537.1799926757812
2026-08-14 11:05:00-04:00,537.1799926757812,537.27001953125,536.9199829101562,537.0225219726562
2026-08-14 11:10:00-04:00,537.0399780273438,537.0999755859375,536.864990234375,536.8699951171875
2026-08-14 11:15:00-04:00,536.9000244140625,537.030029296875,536.8300170898438,536.8599853515625
2026-08-14 11:20:00-04:00,536.9199829101562,536.9400024414062,536.77001953125,536.8800048828125
2026-08-14 11:25:00-04:00,536.8599853515625,536.9210205078125,536.6799926757812,536.780029296875
2026-08-14 11:30:00-04:00,536.8099975585938,537.0,536.7449951171875,536.8599853515625
2026-08-14 11:35:00-04:00,536.8599853515625,536.9600219726562,536.7050170898438,536.8200073242188
2026-08-14 11:40:00-04:00,536.8099975585938,536.8300170898438,536.5050048828125,536.6400146484375
2026-08-14 11:45:00-04:00,536.6649780273438,536.77001953125,536.4500122070312,536.469970703125
2026-08-14 11:50:00-04:00,536.469970703125,536.52001953125,536.3200073242188,536.3800048828125
2026-08-14 11:55:00-04:00,536.3800048828125,536.5,536.2999877929688,536.3699951171875
2026-08-14 12:00:00-04:00,536.4000244140625,536.5800170898438,536.4000244140625,536.510009765625
2026-08-14 12:05:00-04:00,536.489990234375,536.6599731445312,536.4500122070312,536.489990234375
2026-08-14 12:10:00-04:00,536.489990234375,536.780029296875,536.3800048828125,536.780029296875
2026-08-14 12:15:00-04:00,536.83251953125,536.9000244140625,536.7100219726562,536.719970703125
2026-08-14 12:20:00-04:00,536.739990234375,536.7999877929688,536.6400146484375,536.7449951171875
2026-08-14 12:25:00-04:00,536.7349853515625,536.7625122070312,536.6300048828125,536.6749877929688
2026-08-14 12:30:00-04:00,536.7100219726562,536.8400268554688,536.6162109375,536.8400268554688
2026-08-14 12:35:00-04:00,536.8200073242188,536.9199829101562,536.75,536.9000244140625
2026-08-14 12:40:00-04:00,536.8900146484375,536.9600219726562,536.780029296875,536.780029296875
2026-08-14 12:45:00-04:00,536.77001953125,536.7799072265625,536.610107421875,536.6500244140625
2026-08-14 12:50:00-04:00,536.6300048828125,536.6300048828125,536.4199829101562,536.510009765625
2026-08-14 12:55:00-04:00,536.52001953125,536.5499877929688,536.2000122070312,536.260009765625
2026-08-14 13:00:00-04:00,536.3099975585938,536.4600219726562,536.2700805664062,536.4500122070312
2026-08-14 13:05:00-04:00,536.4500122070312,536.52001953125,536.4249877929688,536.4949951171875
2026-08-14 13:10:00-04:00,536.5399780273438,536.6900024414062,536.5,536.6649780273438
2026-08-14 13:15:00-04:00,536.7050170898438,536.739990234375,536.5700073242188,536.6900024414062
2026-08-14 13:20:00-04:00,536.635009765625,536.8200073242188,536.635009765625,536.7598876953125
2026-08-14 13:25:00-04:00,536.7349853515625,536.7481079101562,536.6400146484375,536.7349853515625
2026-08-14 13:30:00-04:00,536.760009765625,536.864990234375,536.6799926757812,536.6900024414062
2026-08-14 13:35:00-04:00,536.6900024414062,536.6900024414062,536.3699951171875,536.469970703125
2026-08-14 13:40:00-04:00,536.4500122070312,536.5349731445312,536.3699951171875,536.4801025390625
2026-08-14 13:45:00-04:00,536.47998046875,536.5650024414062,536.4199829101562,536.5399780273438
2026-08-14 13:50:00-04:00,536.5,536.6099853515625,536.489990234375,536.5900268554688
2026-08-14 13:55:00-04:00,536.6400146484375,536.7899780273438,536.6199951171875,536.7249755859375
2026-08-14 14:00:00-04:00,536.75,537.0,536.6699829101562,536.8599853515625
2026-08-14 14:05:00-04:00,536.8300170898438,537.0,536.8150024414062,536.9600219726562
2026-08-14 14:10:00-04:00,536.9600219726562,537.2000122070312,536.9400024414062,537.1099853515625
2026-08-14 14:15:00-04:00,537.1199951171875,537.239990234375,537.0900268554688,537.1300048828125
2026-08-14 14:20:00-04:00,537.1500244140625,537.239990234375,537.0449829101562,537.219970703125
2026-08-14 14:25:00-04:00,537.2100219726562,537.27001953125,537.1300048828125,537.1900024414062
2026-08-14 14:30:00-04:00,537.1799926757812,537.3300170898438,537.1300048828125,537.1599731445312
2026-08-14 14:35:00-04:00,537.1900024414062,537.27001953125,537.1199951171875,537.2449951171875
2026-08-14 14:40:00-04:00,537.22998046875,537.3049926757812,537.1900024414062,537.239990234375
2026-08-14 14:45:00-04:00,537.239990234375,537.4500122070312,537.1900024414062,537.4500122070312
2026-08-14 14:50:00-04:00,537.4749755859375,537.6099853515625,537.469970703125,537.52001953125
2026-08-14 14:55:00-04:00,537.510009765625,537.510009765625,537.3699951171875,537.3699951171875
2026-08-14 15:00:00-04:00,537.3900146484375,537.4199829101562,537.1199951171875,537.1300048828125
2026-08-14 15:05:00-04:00,537.1209106445312,537.1699829101562,537.030029296875,537.1300048828125
2026-08-14 15:10:00-04:00,537.1199951171875,537.25,537.0800170898438,537.1599731445312
2026-08-14 15:15:00-04:00,537.1799926757812,537.22998046875,537.0599975585938,537.0999755859375
2026-08-14 15:20:00-04:00,537.0900268554688,537.2100219726562,537.030029296875,537.2100219726562
2026-08-14 15:25:00-04:00,537.2100219726562,537.280029296875,537.0850219726562,537.0900268554688
2026-08-14 15:30:00-04:00,537.0599975585938,537.1900024414062,537.0045776367188,537.1799926757812
2026-08-14 15:35:00-04:00,537.1199951171875,537.1699829101562,536.9244995117188,537.02001953125
2026-08-14 15:40:00-04:00,537.0250244140625,537.1199951171875,536.989990234375,536.989990234375
2026-08-14 15:45:00-04:00,536.97998046875,537.0499877929688,536.864990234375,536.9299926757812
2026-08-14 15:50:00-04:00,536.9099731445312,536.9600219726562,536.6599731445312,536.7100219726562
2026-08-14 15:55:00-04:00,536.6699829101562,536.8499755859375,536.5,536.8200073242188
2026-08-17 09:30:00-04:00,534.4949951171875,535.6199951171875,534.4949951171875,535.030029296875
2026-08-17 09:35:00-04:00,535.0499877929688,535.2999877929688,534.5700073242188,535.280029296875
2026-08-17 09:40:00-04:00,535.219970703125,535.5700073242188,534.9000244140625,535.469970703125
2026-08-17 09:45:00-04:00,535.3599853515625,535.9749755859375,535.22998046875,535.9400024414062
2026-08-17 09:50:00-04:00,535.9400024414062,535.9400024414062,535.0900268554688,535.1699829101562
2026-08-17 09:55:00-04:00,535.0999755859375,535.2000122070312,534.9299926757812,535.0700073242188
2026-08-17 10:00:00-04:00,535.0700073242188,535.6500244140625,534.8499755859375,535.530029296875
2026-08-17 10:05:00-04:00,535.47998046875,535.9550170898438,535.3900146484375,535.9199829101562
2026-08-17 10:10:00-04:00,535.8900146484375,535.9299926757812,535.489990234375,535.489990234375
2026-08-17 10:15:00-04:00,535.4849853515625,535.52001953125,535.0900268554688,535.364990234375
2026-08-17 10:20:00-04:00,535.3900146484375,535.4500122070312,535.0750122070312,535.3099975585938
2026-08-17 10:25:00-04:00,535.3400268554688,535.4097900390625,535.010498046875,535.1099853515625
2026-08-17 10:30:00-04:00,535.1500244140625,535.260009765625,535.0399780273438,535.1900024414062
2026-08-17 10:35:00-04:00,535.25,535.25,534.3699951171875,534.6500244140625
2026-08-17 10:40:00-04:00,534.5900268554688,534.75,534.4149780273438,534.5650024414062
2026-08-17 10:45:00-04:00,534.52001953125,534.8499755859375,534.4099731445312,534.8099975585938
2026-08-17 10:50:00-04:00,534.8499755859375,534.9099731445312,534.5797729492188,534.5797729492188
2026-08-17 10:55:00-04:00,534.5700073242188,534.6599731445312,534.4500122070312,534.5999755859375
2026-08-17 11:00:00-04:00,534.5499877929688,534.780029296875,534.4600219726562,534.6300048828125
2026-08-17 11:05:00-04:00,534.6699829101562,534.77001953125,534.3900146484375,534.75
2026-08-17 11:10:00-04:00,534.75,535.02001953125,534.75,534.780029296875
2026-08-17 11:15:00-04:00,534.77001953125,535.1400146484375,534.72998046875,535.0349731445312
2026-08-17 11:20:00-04:00,535.010009765625,535.260009765625,535.00830078125,535.0499877929688
2026-08-17 11:25:00-04:00,535.0800170898438,535.1199951171875,534.9500122070312,535.030029296875
2026-08-17 11:30:00-04:00,535.0449829101562,535.0700073242188,534.6099853515625,534.6599731445312
2026-08-17 11:35:00-04:00,534.6599731445312,534.7899780273438,534.5999755859375,534.75
2026-08-17 11:40:00-04:00,534.75,534.75,534.5,534.6102294921875
2026-08-17 11:45:00-04:00,534.625,534.6900024414062,534.5399780273438,534.6400146484375
2026-08-17 11:50:00-04:00,534.614990234375,534.7899780273438,534.5449829101562,534.760009765625
2026-08-17 11:55:00-04:00,534.780029296875,534.8099975585938,534.5850219726562,534.625
2026-08-17 12:00:00-04:00,534.635009765625,534.9199829101562,534.6099853515625,534.9000244140625
2026-08-17 12:05:00-04:00,534.9299926757812,535.0894165039062,534.8150024414062,534.969970703125
2026-08-17 12:10:00-04:00,535.0,535.4600219726562,535.0,535.3300170898438
2026-08-17 12:15:00-04:00,535.3400268554688,535.489990234375,535.3400268554688,535.375
2026-08-17 12:20:00-04:00,535.3400268554688,535.614990234375,535.3250122070312,535.4849853515625
2026-08-17 12:25:00-04:00,535.510009765625,535.510009765625,535.2999877929688,535.360107421875
2026-08-17 12:30:00-04:00,535.3699951171875,535.385009765625,535.030029296875,535.030029296875
2026-08-17 12:35:00-04:00,535.0399780273438,535.1900024414062,535.0399780273438,535.1849975585938
2026-08-17 12:40:00-04:00,535.22998046875,535.2329711914062,534.969970703125,534.97998046875
2026-08-17 12:45:00-04:00,535.0,535.0700073242188,534.7949829101562,534.8400268554688
2026-08-17 12:50:00-04:00,534.85498046875,534.8800048828125,534.5999755859375,534.6400146484375
2026-08-17 12:55:00-04:00,534.6400146484375,534.6799926757812,534.52001953125,534.5499877929688
2026-08-17 13:00:00-04:00,534.530029296875,534.6799926757812,534.4099731445312,534.6500244140625
2026-08-17 13:05:00-04:00,534.6400146484375,534.8049926757812,534.6099853515625,534.760009765625
2026-08-17 13:10:00-04:00,534.739990234375,534.9500122070312,534.72998046875,534.8599853515625
2026-08-17 13:15:00-04:00,534.8699951171875,534.9299926757812,534.7100219726562,534.8099975585938
2026-08-17 13:20:00-04:00,534.8200073242188,534.9500122070312,534.4000244140625,534.4000244140625
2026-08-17 13:25:00-04:00,534.3699951171875,534.405029296875,534.0900268554688,534.2100219726562
2026-08-17 13:30:00-04:00,534.2100219726562,534.2750244140625,533.8400268554688,533.8400268554688
2026-08-17 13:35:00-04:00,533.8200073242188,533.8200073242188,533.5,533.5
2026-08-17 13:40:00-04:00,533.489990234375,534.02001953125,533.489990234375,533.9949951171875
2026-08-17 13:45:00-04:00,534.010009765625,534.0900268554688,533.7999877929688,533.8099975585938
2026-08-17 13:50:00-04:00,533.8200073242188,533.9450073242188,533.72998046875,533.885009765625
2026-08-17 13:55:00-04:00,533.885009765625,533.9400024414062,533.8499755859375,533.9000244140625
2026-08-17 14:00:00-04:00,533.8599853515625,534.0650024414062,533.8099975585938,534.0499877929688
2026-08-17 14:05:00-04:00,534.0700073242188,534.239990234375,533.97998046875,534.02001953125
2026-08-17 14:10:00-04:00,533.989990234375,534.219970703125,533.97998046875,534.2000122070312
2026-08-17 14:15:00-04:00,534.2150268554688,534.3800048828125,534.1099853515625,534.1699829101562
2026-08-17 14:20:00-04:00,534.1699829101562,534.3624877929688,534.01611328125,534.3300170898438
2026-08-17 14:25:00-04:00,534.3150024414062,534.4149780273438,534.2449951171875,534.3599853515625
2026-08-17 14:30:00-04:00,534.3499755859375,534.3499755859375,534.0250244140625,534.0250244140625
2026-08-17 14:35:00-04:00,534.0549926757812,534.3250122070312,534.0549926757812,534.2999877929688
2026-08-17 14:40:00-04:00,534.280029296875,534.3300170898438,534.1900024414062,534.260009765625
2026-08-17 14:45:00-04:00,534.260009765625,534.5399780273438,534.239990234375,534.489990234375
2026-08-17 14:50:00-04:00,534.5399780273438,534.5399780273438,534.2899780273438,534.3099975585938
2026-08-17 14:55:00-04:00,534.2999877929688,534.3499755859375,534.2150268554688,534.2150268554688
2026-08-17 15:00:00-04:00,534.25,534.3499755859375,534.14501953125,534.3049926757812
2026-08-17 15:05:00-04:00,534.2899780273438,534.4400024414062,534.280029296875,534.4099731445312
2026-08-17 15:10:00-04:00,534.4000244140625,534.5549926757812,534.3150024414062,534.4849853515625
2026-08-17 15:15:00-04:00,534.489990234375,534.639892578125,534.4450073242188,534.5499877929688
2026-08-17 15:20:00-04:00,534.5599975585938,534.6300048828125,534.364990234375,534.364990234375
2026-08-17 15:25:00-04:00,534.3499755859375,534.4299926757812,534.2999877929688,534.2999877929688
2026-08-17 15:30:00-04:00,534.3150024414062,534.3150024414062,533.9299926757812,534.0700073242188
2026-08-17 15:35:00-04:00,534.0700073242188,534.22998046875,533.9500732421875,534.0650024414062
2026-08-17 15:40:00-04:00,534.0700073242188,534.0900268554688,533.9450073242188,534.0599975585938
2026-08-17 15:45:00-04:00,534.02001953125,534.2000122070312,533.97998046875,534.1699829101562
2026-08-17 15:50:00-04:00,534.1900024414062,534.219970703125,533.9349975585938,534.1400146484375
2026-08-17 15:55:00-04:00,534.1500244140625,534.4299926757812,534.0599975585938,534.219970703125
2026-08-18 09:30:00-04:00,533.3800048828125,533.760009765625,532.02001953125,532.719970703125
2026-08-18 09:35:00-04:00,532.6400146484375,532.97998046875,532.1199951171875,532.8499755859375
2026-08-18 09:40:00-04:00,532.9000244140625,533.510009765625,532.3800048828125,533.280029296875
2026-08-18 09:45:00-04:00,533.2999877929688,534.0499877929688,533.1099853515625,533.5650024414062
2026-08-18 09:50:00-04:00,533.530029296875,533.8499755859375,533.2100219726562,533.739990234375
2026-08-18 09:55:00-04:00,533.760009765625,533.8300170898438,533.448486328125,533.469970703125
2026-08-18 10:00:00-04:00,533.5499877929688,533.8499755859375,533.4199829101562,533.6400146484375
2026-08-18 10:05:00-04:00,533.6300048828125,533.9099731445312,533.3699951171875,533.77001953125
2026-08-18 10:10:00-04:00,533.6599731445312,533.739990234375,533.2000122070312,533.7000122070312
2026-08-18 10:15:00-04:00,533.719970703125,534.0250244140625,533.6099853515625,533.8574829101562
2026-08-18 10:20:00-04:00,533.8699951171875,533.9000244140625,533.3375244140625,533.719970703125
2026-08-18 10:25:00-04:00,533.72998046875,533.739990234375,533.3300170898438,533.373779296875
2026-08-18 10:30:00-04:00,533.3699951171875,533.9000244140625,533.3699951171875,533.8400268554688
2026-08-18 10:35:00-04:00,533.6599731445312,533.9299926757812,533.5650024414062,533.8800048828125
2026-08-18 10:40:00-04:00,533.9500122070312,534.0499877929688,533.5599975585938,533.5800170898438
2026-08-18 10:45:00-04:00,533.5399780273438,533.8400268554688,533.4450073242188,533.8300170898438
2026-08-18 10:50:00-04:00,533.8499755859375,534.260009765625,533.489990234375,533.6400146484375
2026-08-18 10:55:00-04:00,533.5750122070312,533.77001953125,533.47998046875,533.7100219726562
2026-08-18 11:00:00-04:00,533.719970703125,533.9000244140625,533.3900146484375,533.8800048828125
2026-08-18 11:05:00-04:00,533.9000244140625,534.0,533.4500122070312,533.4500122070312
2026-08-18 11:10:00-04:00,533.469970703125,533.5700073242188,533.3499755859375,533.3800048828125
2026-08-18 11:15:00-04:00,533.3300170898438,533.3900146484375,533.0349731445312,533.0349731445312
2026-08-18 11:20:00-04:00,533.0,533.0,532.6500244140625,532.8350219726562
2026-08-18 11:25:00-04:00,532.64501953125,533.0,532.530029296875,532.8400268554688
2026-08-18 11:30:00-04:00,532.8400268554688,533.02001953125,532.760009765625,532.9400024414062
2026-08-18 11:35:00-04:00,532.909912109375,533.0900268554688,532.7100219726562,533.0900268554688
2026-08-18 11:40:00-04:00,533.030029296875,533.3099975585938,532.9949951171875,533.125
2026-08-18 11:45:00-04:00,533.1900024414062,533.260009765625,533.0700073242188,533.0700073242188
2026-08-18 11:50:00-04:00,533.0800170898438,533.1849975585938,532.9450073242188,533.0499877929688
2026-08-18 11:55:00-04:00,533.0499877929688,533.0499877929688,532.8099975585938,532.969970703125
2026-08-18 12:00:00-04:00,532.9500122070312,533.22998046875,532.9400024414062,533.22998046875
2026-08-18 12:05:00-04:00,533.22998046875,533.27001953125,533.0599975585938,533.0800170898438
2026-08-18 12:10:00-04:00,533.1199951171875,533.3099975585938,533.1199951171875,533.25
2026-08-18 12:15:00-04:00,533.280029296875,533.3400268554688,533.1500244140625,533.27001953125
2026-08-18 12:20:00-04:00,533.3400268554688,533.6339721679688,533.3303833007812,533.530029296875
2026-08-18 12:25:00-04:00,533.530029296875,533.6199951171875,533.22998046875,533.280029296875
2026-08-18 12:30:00-04:00,533.260009765625,533.3099975585938,533.1599731445312,533.2100219726562
2026-08-18 12:35:00-04:00,533.1699829101562,533.3400268554688,533.0900268554688,533.219970703125
2026-08-18 12:40:00-04:00,533.22998046875,533.3099975585938,533.1699829101562,533.3099975585938
2026-08-18 12:45:00-04:00,533.3200073242188,533.510009765625,533.25,533.4199829101562
2026-08-18 12:50:00-04:00,533.4199829101562,533.4400024414062,533.22998046875,533.4099731445312
2026-08-18 12:55:00-04:00,533.3900146484375,533.4199829101562,533.2000122070312,533.2100219726562
2026-08-18 13:00:00-04:00,533.2000122070312,533.25,533.030029296875,533.1900024414062
2026-08-18 13:05:00-04:00,533.2100219726562,533.469970703125,533.1799926757812,533.4400024414062
2026-08-18 13:10:00-04:00,533.469970703125,533.510009765625,533.25,533.2750244140625
2026-08-18 13:15:00-04:00,533.260009765625,533.3599853515625,533.1900024414062,533.260009765625
2026-08-18 13:20:00-04:00,533.260009765625,533.3699951171875,533.1900024414062,533.22998046875
2026-08-18 13:25:00-04:00,533.219970703125,533.239990234375,533.030029296875,533.1300048828125
2026-08-18 13:30:00-04:00,533.1199951171875,533.27001953125,533.0,533.22998046875
2026-08-18 13:35:00-04:00,533.219970703125,533.2899780273438,533.0999755859375,533.2100219726562
2026-08-18 13:40:00-04:00,533.2100219726562,533.239990234375,533.0900268554688,533.1400146484375
2026-08-18 13:45:00-04:00,533.1199951171875,533.1500244140625,533.030029296875,533.1199951171875
2026-08-18 13:50:00-04:00,533.1099853515625,533.2100219726562,533.0650024414062,533.1500244140625
2026-08-18 13:55:00-04:00,533.1300048828125,533.1500244140625,532.8200073242188,532.8200073242188
2026-08-18 14:00:00-04:00,532.8200073242188,532.9400024414062,532.77001953125,532.8599853515625
2026-08-18 14:05:00-04:00,532.8699951171875,532.9400024414062,532.7899780273438,532.8400268554688
2026-08-18 14:10:00-04:00,532.8599853515625,533.3599853515625,532.8400268554688,533.3200073242188
2026-08-18 14:15:00-04:00,533.3400268554688,533.4600219726562,533.3300170898438,533.4000244140625
2026-08-18 14:20:00-04:00,533.3732299804688,533.47998046875,533.27001953125,533.3350219726562
2026-08-18 14:25:00-04:00,533.2927856445312,533.4299926757812,533.2000122070312,533.3900146484375
2026-08-18 14:30:00-04:00,533.405029296875,533.5,533.3699951171875,533.5
2026-08-18 14:35:00-04:00,533.5,533.6300048828125,533.47998046875,533.5599975585938
2026-08-18 14:40:00-04:00,533.5599975585938,533.6300048828125,533.4714965820312,533.5800170898438
2026-08-18 14:45:00-04:00,533.530029296875,533.6199951171875,533.5150146484375,533.5399780273438
2026-08-18 14:50:00-04:00,533.530029296875,533.530029296875,533.3200073242188,533.3300170898438
2026-08-18 14:55:00-04:00,533.3200073242188,533.3699951171875,533.1500244140625,533.1599731445312
2026-08-18 15:00:00-04:00,533.1599731445312,533.280029296875,533.1300048828125,533.280029296875
2026-08-18 15:05:00-04:00,533.25,533.3800048828125,533.1699829101562,533.260009765625
2026-08-18 15:10:00-04:00,533.25,533.364990234375,533.10498046875,533.1300048828125
2026-08-18 15:15:00-04:00,533.14501953125,533.4299926757812,533.1199951171875,533.4299926757812
2026-08-18 15:20:00-04:00,533.3800048828125,533.6199951171875,533.344970703125,533.6199951171875
2026-08-18 15:25:00-04:00,533.6300048828125,533.6300048828125,533.4000244140625,533.4000244140625
2026-08-18 15:30:00-04:00,533.4099731445312,533.5599975585938,533.4000244140625,533.4299926757812
2026-08-18 15:35:00-04:00,533.4400024414062,533.530029296875,533.3699951171875,533.489990234375
2026-08-18 15:40:00-04:00,533.4981079101562,533.52001953125,533.4099731445312,533.4099731445312
2026-08-18 15:45:00-04:00,533.3699951171875,533.5,533.2899780273438,533.4600219726562
2026-08-18 15:50:00-04:00,533.4600219726562,533.52001953125,533.239990234375,533.2899780273438
2026-08-18 15:55:00-04:00,533.3200073242188,533.3200073242188,532.7144165039062,532.9500122070312
2026-08-19 09:30:00-04:00,535.3300170898438,535.4099731445312,533.5800170898438,533.9500122070312
2026-08-19 09:35:00-04:00,534.02001953125,534.239990234375,533.6900024414062,534.1699829101562
2026-08-19 09:40:00-04:00,534.1500244140625,534.5,533.7000122070312,534.3200073242188
2026-08-19 09:45:00-04:00,534.3499755859375,534.8300170898438,533.8300170898438,533.8400268554688
2026-08-19 09:50:00-04:00,533.9299926757812,535.2050170898438,533.85498046875,535.2050170898438
2026-08-19 09:55:00-04:00,535.2449951171875,535.8800048828125,535.0499877929688,535.47998046875
2026-08-19 10:00:00-04:00,535.4299926757812,535.9000244140625,535.3800048828125,535.3800048828125
2026-08-19 10:05:00-04:00,535.364990234375,535.7294921875,535.219970703125,535.7100219726562
2026-08-19 10:10:00-04:00,535.739990234375,535.8400268554688,535.1900024414062,535.2000122070312
2026-08-19 10:15:00-04:00,535.1199951171875,535.97998046875,535.1199951171875,535.9351806640625
2026-08-19 10:20:00-04:00,535.9400024414062,536.1500244140625,535.6300048828125,535.7650146484375
2026-08-19 10:25:00-04:00,535.72998046875,535.9099731445312,535.5449829101562,535.6300048828125
2026-08-19 10:30:00-04:00,535.5800170898438,535.97998046875,535.4500122070312,535.8400268554688
2026-08-19 10:35:00-04:00,535.8400268554688,536.280029296875,535.8300170898438,536.1199951171875
2026-08-19 10:40:00-04:00,536.1300048828125,536.3599243164062,535.969970703125,536.0700073242188
2026-08-19 10:45:00-04:00,536.0499877929688,536.260009765625,535.6699829101562,535.6699829101562
2026-08-19 10:50:00-04:00,535.739990234375,535.875,535.60498046875,535.6300048828125
2026-08-19 10:55:00-04:00,535.5999755859375,536.4199829101562,535.5999755859375,536.3598022460938
2026-08-19 11:00:00-04:00,536.3599853515625,536.60498046875,536.22998046875,536.5399780273438
2026-08-19 11:05:00-04:00,536.6500244140625,536.6799926757812,535.97998046875,535.989990234375
2026-08-19 11:10:00-04:00,535.97998046875,536.3300170898438,535.9149780273438,536.25
2026-08-19 11:15:00-04:00,536.22998046875,536.22998046875,535.52001953125,535.52001953125
2026-08-19 11:20:00-04:00,535.5499877929688,535.5499877929688,535.3699951171875,535.3699951171875
2026-08-19 11:25:00-04:00,535.2650146484375,535.2949829101562,535.0399780273438,535.0750122070312
2026-08-19 11:30:00-04:00,535.0900268554688,535.1699829101562,534.8900146484375,534.989990234375
2026-08-19 11:35:00-04:00,535.030029296875,535.1099853515625,534.760009765625,534.8200073242188
2026-08-19 11:40:00-04:00,534.8200073242188,534.8200073242188,534.489990234375,534.6099853515625
2026-08-19 11:45:00-04:00,534.5800170898438,534.7899780273438,534.47998046875,534.4849853515625
2026-08-19 11:50:00-04:00,534.4949951171875,534.6649780273438,534.4000244140625,534.4099731445312
2026-08-19 11:55:00-04:00,534.3900146484375,534.5800170898438,534.3699951171875,534.530029296875
2026-08-19 12:00:00-04:00,534.510009765625,534.8800048828125,534.4400024414062,534.8800048828125
2026-08-19 12:05:00-04:00,534.8699951171875,535.030029296875,534.780029296875,534.9500122070312
2026-08-19 12:10:00-04:00,534.97998046875,535.27001953125,534.97998046875,535.1699829101562
2026-08-19 12:15:00-04:00,535.1799926757812,535.4199829101562,535.0800170898438,535.1699829101562
2026-08-19 12:20:00-04:00,535.0999755859375,535.1099853515625,534.9000244140625,534.9099731445312
2026-08-19 12:25:00-04:00,534.9400024414062,535.0,534.5,534.5
2026-08-19 12:30:00-04:00,534.4000244140625,534.4299926757812,534.219970703125,534.4249877929688
2026-08-19 12:35:00-04:00,534.4199829101562,534.489990234375,534.1699829101562,534.4199829101562
2026-08-19 12:40:00-04:00,534.4000244140625,534.4000244140625,534.0399780273438,534.1099853515625
2026-08-19 12:45:00-04:00,534.0999755859375,534.260009765625,534.0599975585938,534.1799926757812
2026-08-19 12:50:00-04:00,534.1699829101562,534.1699829101562,533.9099731445312,533.9349975585938
2026-08-19 12:55:00-04:00,533.9500122070312,533.9500122070312,533.7150268554688,533.844970703125
2026-08-19 13:00:00-04:00,533.7999877929688,534.0900268554688,533.75,534.010009765625
2026-08-19 13:05:00-04:00,534.0050048828125,534.1699829101562,533.739990234375,533.760009765625
2026-08-19 13:10:00-04:00,533.780029296875,534.2100219726562,533.780029296875,534.114990234375
2026-08-19 13:15:00-04:00,534.1199951171875,534.1699829101562,533.9500122070312,533.9500122070312
2026-08-19 13:20:00-04:00,533.9600219726562,534.0,533.75,533.9550170898438
2026-08-19 13:25:00-04:00,534.030029296875,534.3300170898438,533.9749755859375,534.2698974609375
2026-08-19 13:30:00-04:00,534.27001953125,534.2999877929688,534.010009765625,534.2100219726562
2026-08-19 13:35:00-04:00,534.2000122070312,534.2150268554688,534.02001953125,534.02001953125
2026-08-19 13:40:00-04:00,534.010009765625,534.3099975585938,534.010009765625,534.0999755859375
2026-08-19 13:45:00-04:00,534.1099853515625,534.3099975585938,534.1099853515625,534.1300048828125
2026-08-19 13:50:00-04:00,534.1400146484375,534.3300170898438,534.1099853515625,534.1950073242188
2026-08-19 13:55:00-04:00,534.1099853515625,534.1400146484375,533.989990234375,534.0800170898438
2026-08-19 14:00:00-04:00,534.0800170898438,534.5999755859375,534.030029296875,534.4349975585938
2026-08-19 14:05:00-04:00,534.4000244140625,534.4400024414062,533.8599853515625,534.010009765625
2026-08-19 14:10:00-04:00,534.0599975585938,534.344970703125,533.9299926757812,534.25
2026-08-19 14:15:00-04:00,534.2100219726562,534.3499755859375,534.0800170898438,534.3099975585938
2026-08-19 14:20:00-04:00,534.219970703125,534.2999877929688,534.1500244140625,534.22998046875
2026-08-19 14:25:00-04:00,534.1900024414062,534.3699951171875,534.1400146484375,534.3699951171875
2026-08-19 14:30:00-04:00,534.4500122070312,534.5399780273438,534.3300170898438,534.469970703125
2026-08-19 14:35:00-04:00,534.4299926757812,534.5399169921875,534.3099975585938,534.3800048828125
2026-08-19 14:40:00-04:00,534.364990234375,534.5020751953125,534.1900024414062,534.22998046875
2026-08-19 14:45:00-04:00,534.22998046875,534.280029296875,534.1300048828125,534.1900024414062
2026-08-19 14:50:00-04:00,534.2899780273438,534.3099975585938,534.02001953125,534.030029296875
2026-08-19 14:55:00-04:00,534.0399780273438,534.0599975585938,533.9400024414062,533.969970703125
2026-08-19 15:00:00-04:00,533.9299926757812,534.0599975585938,533.8599853515625,533.9400024414062
2026-08-19 15:05:00-04:00,533.9500122070312,534.2249755859375,533.8900146484375,534.2000122070312
2026-08-19 15:10:00-04:00,534.1950073242188,534.3099975585938,534.1749877929688,534.1900024414062
2026-08-19 15:15:00-04:00,534.162109375,534.25,534.0499877929688,534.25
2026-08-19 15:20:00-04:00,534.239990234375,534.469970703125,534.0999755859375,534.4299926757812
2026-08-19 15:25:00-04:00,534.4099731445312,534.4400024414062,534.155029296875,534.1900024414062
2026-08-19 15:30:00-04:00,534.2449951171875,534.8099975585938,534.219970703125,534.7000122070312
2026-08-19 15:35:00-04:00,534.6804809570312,534.7000122070312,534.0499877929688,534.0499877929688
2026-08-19 15:40:00-04:00,534.0800170898438,534.1699829101562,533.989990234375,533.989990234375
2026-08-19 15:45:00-04:00,533.969970703125,534.1799926757812,533.969970703125,534.0800170898438
2026-08-19 15:50:00-04:00,534.0599975585938,534.1699829101562,533.8599853515625,534.0650024414062
2026-08-19 15:55:00-04:00,534.0399780273438,534.3499755859375,533.7650146484375,534.3499755859375
2026-08-20 09:30:00-04:00,530.3499755859375,531.0700073242188,529.52001953125,530.9600219726562
2026-08-20 09:35:00-04:00,530.9199829101562,531.25,530.4400024414062,530.8300170898438
2026-08-20 09:40:00-04:00,530.8099975585938,531.1699829101562,530.47998046875,530.6500244140625
2026-08-20 09:45:00-04:00,530.6400146484375,531.510009765625,530.6400146484375,531.510009765625
2026-08-20 09:50:00-04:00,531.5650024414062,531.6400146484375,531.0999755859375,531.4099731445312
2026-08-20 09:55:00-04:00,531.4099731445312,531.469970703125,530.6799926757812,530.8900146484375
2026-08-20 10:00:00-04:00,530.8900146484375,530.9400024414062,530.5499877929688,530.5499877929688
2026-08-20 10:05:00-04:00,530.5499877929688,530.6500244140625,530.1400146484375,530.530029296875
2026-08-20 10:10:00-04:00,530.4600219726562,530.5499877929688,529.8499755859375,529.8599853515625
2026-08-20 10:15:00-04:00,529.8599853515625,530.1099853515625,529.719970703125,529.739990234375
2026-08-20 10:20:00-04:00,529.760009765625,530.8099975585938,529.739990234375,530.739990234375
2026-08-20 10:25:00-04:00,530.760009765625,530.9099731445312,530.4400024414062,530.6500244140625
2026-08-20 10:30:00-04:00,530.6649780273438,531.030029296875,530.47998046875,530.6500244140625
2026-08-20 10:35:00-04:00,530.6900024414062,530.9600219726562,530.489990234375,530.75
2026-08-20 10:40:00-04:00,530.739990234375,530.9500122070312,530.530029296875,530.7899780273438
2026-08-20 10:45:00-04:00,530.7999877929688,530.989990234375,530.6199951171875,530.6799926757812
2026-08-20 10:50:00-04:00,530.6799926757812,531.2650146484375,530.5900268554688,531.02001953125
2026-08-20 10:55:00-04:00,530.97998046875,531.219970703125,530.77001953125,531.1749267578125
2026-08-20 11:00:00-04:00,531.1900024414062,531.780029296875,531.1500244140625,531.6300048828125
2026-08-20 11:05:00-04:00,531.594970703125,531.594970703125,530.7949829101562,530.9299926757812
2026-08-20 11:10:00-04:00,530.8599853515625,531.1300048828125,530.5750122070312,531.114990234375
2026-08-20 11:15:00-04:00,531.10498046875,531.260009765625,530.8300170898438,531.1400146484375
2026-08-20 11:20:00-04:00,531.02001953125,531.02001953125,530.469970703125,530.7100219726562
2026-08-20 11:25:00-04:00,530.7230224609375,530.9299926757812,530.5999755859375,530.8599853515625
2026-08-20 11:30:00-04:00,530.9099731445312,530.97998046875,530.3250122070312,530.3599853515625
2026-08-20 11:35:00-04:00,530.280029296875,530.3099975585938,529.97998046875,530.0150146484375
2026-08-20 11:40:00-04:00,529.9849853515625,530.0142211914062,529.5499877929688,529.5499877929688
2026-08-20 11:45:00-04:00,529.5549926757812,529.8255615234375,529.5549926757812,529.7449951171875
2026-08-20 11:50:00-04:00,529.7449951171875,529.93310546875,529.7000122070312,529.77001953125
2026-08-20 11:55:00-04:00,529.7650146484375,529.989990234375,529.6400146484375,529.77001953125
2026-08-20 12:00:00-04:00,529.8099975585938,529.9000244140625,529.52001953125,529.6699829101562
2026-08-20 12:05:00-04:00,529.6900024414062,529.989990234375,529.6799926757812,529.9299926757812
2026-08-20 12:10:00-04:00,529.9249877929688,530.0,529.5850219726562,529.6799926757812
2026-08-20 12:15:00-04:00,529.6600952148438,529.72998046875,529.5999755859375,529.6400146484375
2026-08-20 12:20:00-04:00,529.6400146484375,529.8599853515625,529.5349731445312,529.8099975585938
2026-08-20 12:25:00-04:00,529.75,529.8300170898438,529.5999755859375,529.677490234375
2026-08-20 12:30:00-04:00,529.6699829101562,529.989990234375,529.5150146484375,529.989990234375
2026-08-20 12:35:00-04:00,529.97998046875,530.1599731445312,529.9199829101562,530.0999755859375
2026-08-20 12:40:00-04:00,530.0800170898438,530.4199829101562,530.0750122070312,530.4199829101562
2026-08-20 12:45:00-04:00,530.3499755859375,530.375,530.2100219726562,530.3499755859375
2026-08-20 12:50:00-04:00,530.2849731445312,530.4400024414062,530.1099853515625,530.1463012695312
2026-08-20 12:55:00-04:00,530.1099853515625,530.2899780273438,530.02001953125,530.2899780273438
2026-08-20 13:00:00-04:00,530.2150268554688,530.219970703125,530.0,530.0050048828125
2026-08-20 13:05:00-04:00,529.969970703125,530.1199951171875,529.7849731445312,529.8499755859375
2026-08-20 13:10:00-04:00,529.8400268554688,529.8900146484375,529.7000122070312,529.72998046875
2026-08-20 13:15:00-04:00,529.719970703125,529.719970703125,529.280029296875,529.280029296875
2026-08-20 13:20:00-04:00,529.260009765625,529.4400024414062,529.22998046875,529.3200073242188
2026-08-20 13:25:00-04:00,529.2899780273438,529.3200073242188,529.14501953125,529.2100219726562
2026-08-20 13:30:00-04:00,529.1900024414062,529.2449951171875,528.9805297851562,528.9805297851562
2026-08-20 13:35:00-04:00,528.9749755859375,529.0499877929688,528.72998046875,528.8820190429688
2026-08-20 13:40:00-04:00,528.8599853515625,528.9000244140625,528.7000122070312,528.8200073242188
2026-08-20 13:45:00-04:00,528.7650146484375,528.9000244140625,528.7650146484375,528.8099975585938
2026-08-20 13:50:00-04:00,528.7999877929688,528.9199829101562,528.7999877929688,528.8049926757812
2026-08-20 13:55:00-04:00,528.8300170898438,528.9199829101562,528.72998046875,528.72998046875
2026-08-20 14:00:00-04:00,528.739990234375,528.739990234375,528.4299926757812,528.5399780273438
2026-08-20 14:05:00-04:00,528.5449829101562,528.5700073242188,528.2608642578125,528.4199829101562
2026-08-20 14:10:00-04:00,528.364990234375,528.3699951171875,528.1300048828125,528.1900024414062
2026-08-20 14:15:00-04:00,528.1707153320312,528.2000122070312,527.9650268554688,528.1699829101562
2026-08-20 14:20:00-04:00,528.1900024414062,528.3499755859375,528.1900024414062,528.2000122070312
2026-08-20 14:25:00-04:00,528.22998046875,528.25,528.0850219726562,528.0850219726562
2026-08-20 14:30:00-04:00,528.0499877929688,528.1099853515625,527.8599853515625,527.8699951171875
2026-08-20 14:35:00-04:00,527.8599853515625,528.1300048828125,527.8599853515625,528.0150146484375
2026-08-20 14:40:00-04:00,528.010009765625,528.1400146484375,527.9000244140625,528.0399780273438
2026-08-20 14:45:00-04:00,528.0275268554688,528.1799926757812,527.9724731445312,528.1099853515625
2026-08-20 14:50:00-04:00,528.1099853515625,528.1799926757812,527.9349975585938,527.9500122070312
2026-08-20 14:55:00-04:00,527.9400024414062,528.030029296875,527.719970703125,527.719970703125
2026-08-20 15:00:00-04:00,527.75,527.7650146484375,527.5700073242188,527.7650146484375
2026-08-20 15:05:00-04:00,527.75,527.9400024414062,527.7000122070312,527.9000244140625
2026-08-20 15:10:00-04:00,527.8900146484375,528.0050048828125,527.8250122070312,527.989990234375
2026-08-20 15:15:00-04:00,527.989990234375,528.1699829101562,527.97998046875,528.010009765625
2026-08-20 15:20:00-04:00,528.030029296875,528.2100219726562,527.9400024414062,528.1099853515625
2026-08-20 15:25:00-04:00,528.0900268554688,528.1099853515625,527.8499755859375,527.8800048828125
2026-08-20 15:30:00-04:00,527.885009765625,527.9400024414062,527.5850219726562,527.5900268554688
2026-08-20 15:35:00-04:00,527.5800170898438,527.8699951171875,527.5333251953125,527.8400268554688
2026-08-20 15:40:00-04:00,527.8300170898438,527.9099731445312,527.630126953125,527.7100219726562
2026-08-20 15:45:00-04:00,527.7000122070312,527.8800048828125,527.530029296875,527.8800048828125
2026-08-20 15:50:00-04:00,527.8900146484375,528.0599975585938,527.64501953125,527.719970703125
2026-08-20 15:55:00-04:00,527.72998046875,527.8200073242188,527.2000122070312,527.5
2026-08-21 09:30:00-04:00,530.030029296875,530.1799926757812,529.4299926757812,529.6749877929688
2026-08-21 09:35:00-04:00,529.6500244140625,530.1599731445312,529.4450073242188,530.1400146484375
2026-08-21 09:40:00-04:00,530.1900024414062,530.6099853515625,530.0599975585938,530.5700073242188
2026-08-21 09:45:00-04:00,530.5800170898438,530.6950073242188,530.2850952148438,530.4299926757812
2026-08-21 09:50:00-04:00,530.4400024414062,530.77001953125,530.1900024414062,530.2100219726562
2026-08-21 09:55:00-04:00,530.219970703125,530.4400024414062,530.1199951171875,530.2000122070312
2026-08-21 10:00:00-04:00,530.1400146484375,530.905029296875,530.1400146484375,530.6950073242188
2026-08-21 10:05:00-04:00,530.6799926757812,531.030029296875,530.5599975585938,530.8099975585938
2026-08-21 10:10:00-04:00,530.8200073242188,531.030029296875,530.5599975585938,530.72998046875
2026-08-21 10:15:00-04:00,530.7899780273438,531.0999755859375,530.6799926757812,530.969970703125
2026-08-21 10:20:00-04:00,530.969970703125,531.3400268554688,530.8099975585938,531.02001953125
2026-08-21 10:25:00-04:00,531.094970703125,531.1500244140625,530.6599731445312,530.7750244140625
2026-08-21 10:30:00-04:00,530.760009765625,530.989990234375,530.4500122070312,530.4500122070312
2026-08-21 10:35:00-04:00,530.3900146484375,530.4349975585938,530.0499877929688,530.1900024414062
2026-08-21 10:40:00-04:00,530.2000122070312,530.3900146484375,530.00390625,530.3350219726562
2026-08-21 10:45:00-04:00,530.3900146484375,530.6300048828125,530.25,530.5900268554688
2026-08-21 10:50:00-04:00,530.594970703125,530.6900024414062,530.4299926757812,530.5399780273438
2026-08-21 10:55:00-04:00,530.5700073242188,531.1400146484375,530.4600219726562,531.0499877929688
2026-08-21 11:00:00-04:00,531.030029296875,531.3900146484375,530.969970703125,531.3400268554688
2026-08-21 11:05:00-04:00,531.2999877929688,531.5499877929688,531.0599975585938,531.0700073242188
2026-08-21 11:10:00-04:00,531.1199951171875,531.1900024414062,530.739990234375,530.739990234375
2026-08-21 11:15:00-04:00,530.7650146484375,530.9400024414062,530.75,530.8099975585938
2026-08-21 11:20:00-04:00,530.8201293945312,531.0499877929688,530.77001953125,530.8201293945312
2026-08-21 11:25:00-04:00,530.8200073242188,531.1099853515625,530.72998046875,531.0399780273438
2026-08-21 11:30:00-04:00,531.1099853515625,531.1599731445312,530.8499755859375,531.1599731445312
2026-08-21 11:35:00-04:00,531.1749877929688,531.52001953125,531.1599731445312,531.510009765625
2026-08-21 11:40:00-04:00,531.489990234375,531.6799926757812,531.385009765625,531.6799926757812
2026-08-21 11:45:00-04:00,531.72998046875,531.8300170898438,531.530029296875,531.5999755859375
2026-08-21 11:50:00-04:00,531.6300048828125,531.9199829101562,531.6300048828125,531.8499755859375
2026-08-21 11:55:00-04:00,531.8599853515625,531.8699951171875,531.4201049804688,531.4500122070312
2026-08-21 12:00:00-04:00,531.469970703125,531.5499877929688,531.1300048828125,531.2100219726562
2026-08-21 12:05:00-04:00,531.1900024414062,531.2000122070312,530.989990234375,531.0549926757812
2026-08-21 12:10:00-04:00,531.0700073242188,531.2449951171875,530.9400024414062,530.9400024414062
2026-08-21 12:15:00-04:00,530.9600219726562,531.0650024414062,530.6300048828125,530.6849975585938
2026-08-21 12:20:00-04:00,530.6798706054688,531.2899780273438,530.5900268554688,530.7949829101562
2026-08-21 12:25:00-04:00,530.8800048828125,531.219970703125,530.760009765625,531.1749877929688
2026-08-21 12:30:00-04:00,531.219970703125,531.239990234375,530.9099731445312,530.9099731445312
2026-08-21 12:35:00-04:00,530.9500122070312,531.3150024414062,530.9099731445312,531.3150024414062
2026-08-21 12:40:00-04:00,531.3300170898438,531.3300170898438,531.0349731445312,531.0349731445312
2026-08-21 12:45:00-04:00,530.989990234375,531.0800170898438,530.9199829101562,531.0800170898438
2026-08-21 12:50:00-04:00,531.0599975585938,531.0599975585938,530.8800048828125,531.0250244140625
2026-08-21 12:55:00-04:00,531.010009765625,531.3099975585938,530.9949951171875,531.27001953125
2026-08-21 13:00:00-04:00,531.3250122070312,531.3499755859375,531.0599975585938,531.0599975585938
2026-08-21 13:05:00-04:00,531.0399780273438,531.22998046875,531.02001953125,531.1699829101562
2026-08-21 13:10:00-04:00,531.1799926757812,531.1950073242188,530.969970703125,531.010009765625
2026-08-21 13:15:00-04:00,531.0499877929688,531.1500244140625,531.0399780273438,531.1099853515625
2026-08-21 13:20:00-04:00,531.1199951171875,531.1370849609375,531.0050048828125,531.0900268554688
2026-08-21 13:25:00-04:00,531.0700073242188,531.1400146484375,531.02001953125,531.02001953125
2026-08-21 13:30:00-04:00,531.1099853515625,531.1400146484375,530.97998046875,531.0700073242188
2026-08-21 13:35:00-04:00,531.0800170898438,531.260009765625,531.0800170898438,531.1199951171875
2026-08-21 13:40:00-04:00,531.1300048828125,531.3400268554688,531.1199951171875,531.2100219726562
2026-08-21 13:45:00-04:00,531.2899780273438,531.5750122070312,531.2899780273438,531.4199829101562
2026-08-21 13:50:00-04:00,531.405029296875,531.4199829101562,531.2449951171875,531.260009765625
2026-08-21 13:55:00-04:00,531.27001953125,531.4199829101562,531.2000122070312,531.4000244140625
2026-08-21 14:00:00-04:00,531.3699951171875,531.5599975585938,531.3200073242188,531.5
2026-08-21 14:05:00-04:00,531.5,531.5,531.3599853515625,531.3800048828125
2026-08-21 14:10:00-04:00,531.3499755859375,531.4550170898438,531.2999877929688,531.3400268554688
2026-08-21 14:15:00-04:00,531.3200073242188,531.47998046875,531.2999877929688,531.4550170898438
2026-08-21 14:20:00-04:00,531.47998046875,531.5499877929688,531.4400024414062,531.530029296875
2026-08-21 14:25:00-04:00,531.5700073242188,531.7999877929688,531.5650024414062,531.77001953125
2026-08-21 14:30:00-04:00,531.760009765625,531.77001953125,531.6199951171875,531.75
2026-08-21 14:35:00-04:00,531.760009765625,531.8200073242188,531.7100219726562,531.780029296875
2026-08-21 14:40:00-04:00,531.760009765625,532.0449829101562,531.760009765625,531.97998046875
2026-08-21 14:45:00-04:00,531.9772338867188,532.0399780273438,531.9149780273438,532.0
2026-08-21 14:50:00-04:00,532.02001953125,532.27001953125,531.9600219726562,532.219970703125
2026-08-21 14:55:00-04:00,532.219970703125,532.52001953125,532.1500244140625,532.52001953125
2026-08-21 15:00:00-04:00,532.489990234375,532.719970703125,532.47998046875,532.5800170898438
2026-08-21 15:05:00-04:00,532.60498046875,532.739990234375,532.52001953125,532.52001953125
2026-08-21 15:10:00-04:00,532.5499877929688,532.6500244140625,532.4400024414062,532.6199951171875
2026-08-21 15:15:00-04:00,532.6199951171875,532.6799926757812,532.4600219726562,532.6599731445312
2026-08-21 15:20:00-04:00,532.6500244140625,532.8150024414062,532.6500244140625,532.8049926757812
2026-08-21 15:25:00-04:00,532.760009765625,532.760009765625,532.3099975585938,532.5900268554688
2026-08-21 15:30:00-04:00,532.6099853515625,532.7100219726562,532.4500122070312,532.530029296875
2026-08-21 15:35:00-04:00,532.530029296875,532.6300048828125,532.3599853515625,532.5999755859375
2026-08-21 15:40:00-04:00,532.60498046875,532.7000122070312,532.52001953125,532.6599731445312
2026-08-21 15:45:00-04:00,532.6849975585938,532.9099731445312,532.5499877929688,532.8300170898438
2026-08-21 15:50:00-04:00,532.8200073242188,532.8300170898438,532.47998046875,532.47998046875
2026-08-21 15:55:00-04:00,532.47998046875,532.6400146484375,532.1300048828125,532.1900024414062
2026-08-24 09:30:00-04:00,531.8300170898438,533.469970703125,531.8300170898438,532.6699829101562
2026-08-24 09:35:00-04:00,532.6500244140625,533.1300048828125,532.4500122070312,532.8900146484375
2026-08-24 09:40:00-04:00,532.8800048828125,533.4000244140625,532.72998046875,532.72998046875
2026-08-24 09:45:00-04:00,532.7100219726562,534.2216796875,532.7100219726562,533.8400268554688
2026-08-24 09:50:00-04:00,533.8599853515625,534.0499877929688,533.510009765625,534.0034790039062
2026-08-24 09:55:00-04:00,534.0,534.010009765625,533.6641235351562,533.739990234375
2026-08-24 10:00:00-04:00,533.77001953125,534.219970703125,533.5700073242188,533.6599731445312
2026-08-24 10:05:00-04:00,533.6799926757812,533.780029296875,533.27001953125,533.5499877929688
2026-08-24 10:10:00-04:00,533.4949951171875,533.614990234375,533.2100219726562,533.5499877929688
2026-08-24 10:15:00-04:00,533.5399780273438,533.6500244140625,533.4000244140625,533.530029296875
2026-08-24 10:20:00-04:00,533.5399780273438,533.8099975585938,533.4000244140625,533.4099731445312
2026-08-24 10:25:00-04:00,533.4199829101562,533.7999877929688,533.4000244140625,533.6099853515625
2026-08-24 10:30:00-04:00,533.5800170898438,533.9099731445312,533.5800170898438,533.5800170898438
2026-08-24 10:35:00-04:00,533.5999755859375,533.7000122070312,533.4400024414062,533.530029296875
2026-08-24 10:40:00-04:00,533.5800170898438,533.7750244140625,533.3400268554688,533.4199829101562
2026-08-24 10:45:00-04:00,533.3599853515625,533.72998046875,533.3599853515625,533.72998046875
2026-08-24 10:50:00-04:00,533.739990234375,533.739990234375,533.3900146484375,533.5700073242188
2026-08-24 10:55:00-04:00,533.5999755859375,533.739990234375,533.5150146484375,533.6199951171875
2026-08-24 11:00:00-04:00,533.6199951171875,533.64501953125,533.14501953125,533.2000122070312
2026-08-24 11:05:00-04:00,533.1799926757812,533.280029296875,533.0499877929688,533.0999755859375
2026-08-24 11:10:00-04:00,533.1099853515625,533.1400146484375,532.8900146484375,533.0399780273438
2026-08-24 11:15:00-04:00,532.969970703125,533.0,532.8300170898438,532.8599853515625
2026-08-24 11:20:00-04:00,532.8400268554688,533.4099731445312,532.719970703125,533.4000244140625
2026-08-24 11:25:00-04:00,533.4099731445312,533.9600219726562,533.4099731445312,533.780029296875
2026-08-24 11:30:00-04:00,533.739990234375,533.9600219726562,533.5,533.75
2026-08-24 11:35:00-04:00,533.780029296875,533.8099975585938,533.5999755859375,533.719970703125
2026-08-24 11:40:00-04:00,533.7100219726562,533.8489990234375,533.5800170898438,533.6749877929688
2026-08-24 11:45:00-04:00,533.7899780273438,533.8200073242188,533.614990234375,533.614990234375
2026-08-24 11:50:00-04:00,533.6599731445312,533.8499755859375,533.6599731445312,533.6599731445312
2026-08-24 11:55:00-04:00,533.6599731445312,533.9099731445312,533.6599731445312,533.9099731445312
2026-08-24 12:00:00-04:00,533.9500122070312,534.47998046875,533.9400024414062,534.3900146484375
2026-08-24 12:05:00-04:00,534.4099731445312,534.4249877929688,533.9000244140625,533.9500122070312
2026-08-24 12:10:00-04:00,533.9450073242188,533.989990234375,533.8599853515625,533.9500122070312
2026-08-24 12:15:00-04:00,533.9400024414062,534.1649780273438,533.9000244140625,534.0499877929688
2026-08-24 12:20:00-04:00,534.0599975585938,534.0599975585938,533.8099975585938,533.8099975585938
2026-08-24 12:25:00-04:00,533.8200073242188,533.9500122070312,533.7800903320312,533.9000244140625
2026-08-24 12:30:00-04:00,533.8900146484375,533.9450073242188,533.6099853515625,533.655029296875
2026-08-24 12:35:00-04:00,533.7000122070312,533.72998046875,533.3099975585938,533.3099975585938
2026-08-24 12:40:00-04:00,533.3200073242188,533.5599975585938,533.3200073242188,533.4099731445312
2026-08-24 12:45:00-04:00,533.409912109375,533.4299926757812,533.27001953125,533.3599853515625
2026-08-24 12:50:00-04:00,533.4099731445312,533.47998046875,533.2899780273438,533.4000244140625
2026-08-24 12:55:00-04:00,533.3800048828125,533.3900146484375,533.2750244140625,533.3699951171875
2026-08-24 13:00:00-04:00,533.3800048828125,533.3800048828125,533.1900024414062,533.260009765625
2026-08-24 13:05:00-04:00,533.3099975585938,533.6900024414062,533.219970703125,533.4500122070312
2026-08-24 13:10:00-04:00,533.4299926757812,533.6199951171875,533.4000244140625,533.5
2026-08-24 13:15:00-04:00,533.5,533.6099853515625,533.239990234375,533.4400024414062
2026-08-24 13:20:00-04:00,533.3900146484375,533.4199829101562,532.8900146484375,532.8900146484375
2026-08-24 13:25:00-04:00,532.8599853515625,532.9349975585938,532.719970703125,532.739990234375
2026-08-24 13:30:00-04:00,532.739990234375,532.9000244140625,532.6699829101562,532.75
2026-08-24 13:35:00-04:00,532.7100219726562,532.760009765625,532.6400146484375,532.7249755859375
2026-08-24 13:40:00-04:00,532.77001953125,532.7899780273438,532.5999755859375,532.5999755859375
2026-08-24 13:45:00-04:00,532.6300048828125,532.7000122070312,532.5399780273438,532.6799926757812
2026-08-24 13:50:00-04:00,532.6599731445312,532.8400268554688,532.6400146484375,532.7100219726562
2026-08-24 13:55:00-04:00,532.7150268554688,532.9299926757812,532.7050170898438,532.9299926757812
2026-08-24 14:00:00-04:00,532.97998046875,533.1199951171875,532.8800048828125,532.8800048828125
2026-08-24 14:05:00-04:00,532.885009765625,533.02001953125,532.8400268554688,532.9600219726562
2026-08-24 14:10:00-04:00,532.9550170898438,533.344970703125,532.9550170898438,533.344970703125
2026-08-24 14:15:00-04:00,533.3900146484375,533.510009765625,533.35498046875,533.489990234375
2026-08-24 14:20:00-04:00,533.4650268554688,533.5800170898438,533.4650268554688,533.530029296875
2026-08-24 14:25:00-04:00,533.5499877929688,533.8099975585938,533.510009765625,533.7899780273438
2026-08-24 14:30:00-04:00,533.8200073242188,533.969970703125,533.6400146484375,533.6400146484375
2026-08-24 14:35:00-04:00,533.6900024414062,533.719970703125,533.530029296875,533.5800170898438
2026-08-24 14:40:00-04:00,533.6300048828125,533.7462768554688,533.6099853515625,533.6900024414062
2026-08-24 14:45:00-04:00,533.7000122070312,533.8499755859375,533.5999755859375,533.8499755859375
2026-08-24 14:50:00-04:00,533.85498046875,533.8699951171875,533.719970703125,533.760009765625
2026-08-24 14:55:00-04:00,533.77001953125,533.8499755859375,533.6900024414062,533.719970703125
2026-08-24 15:00:00-04:00,533.7100219726562,533.8200073242188,533.6500244140625,533.6699829101562
2026-08-24 15:05:00-04:00,533.6799926757812,533.8400268554688,533.6500244140625,533.760009765625
2026-08-24 15:10:00-04:00,533.77001953125,533.9450073242188,533.77001953125,533.9299926757812
2026-08-24 15:15:00-04:00,533.9400024414062,534.0250244140625,533.85498046875,533.989990234375
2026-08-24 15:20:00-04:00,533.9400024414062,534.02001953125,533.8101196289062,533.8499755859375
2026-08-24 15:25:00-04:00,533.8499755859375,533.9099731445312,533.6950073242188,533.75
2026-08-24 15:30:00-04:00,533.7899780273438,533.9099731445312,533.719970703125,533.719970703125
2026-08-24 15:35:00-04:00,533.719970703125,533.9299926757812,533.719970703125,533.7899780273438
2026-08-24 15:40:00-04:00,533.7999877929688,533.8800048828125,533.7100219726562,533.8599853515625
2026-08-24 15:45:00-04:00,533.8499755859375,533.9099731445312,533.72998046875,533.9025268554688
2026-08-24 15:50:00-04:00,533.9199829101562,534.0,533.7100219726562,533.8900146484375
2026-08-24 15:55:00-04:00,533.8800048828125,534.030029296875,533.5800170898438,533.6599731445312
2026-08-25 09:30:00-04:00,536.3699951171875,536.52001953125,534.4500122070312,534.6599731445312
2026-08-25 09:35:00-04:00,534.5599975585938,534.9400024414062,534.094970703125,534.530029296875
2026-08-25 09:40:00-04:00,534.530029296875,534.7100219726562,534.2000122070312,534.2999877929688
2026-08-25 09:45:00-04:00,534.280029296875,534.3499755859375,533.7999877929688,533.8699951171875
2026-08-25 09:50:00-04:00,533.9000244140625,534.0,533.6300048828125,533.77001953125
2026-08-25 09:55:00-04:00,533.7999877929688,534.02001953125,533.6900024414062,533.8900146484375
2026-08-25 10:00:00-04:00,533.9000244140625,534.1099853515625,533.6900024414062,533.9724731445312
2026-08-25 10:05:00-04:00,534.0,534.1300048828125,533.9299926757812,534.0399780273438
2026-08-25 10:10:00-04:00,534.0700073242188,534.2899780273438,533.8499755859375,534.2899780273438
2026-08-25 10:15:00-04:00,534.2999877929688,534.5800170898438,534.280029296875,534.4299926757812
2026-08-25 10:20:00-04:00,534.469970703125,534.5800170898438,534.27001953125,534.5399780273438
2026-08-25 10:25:00-04:00,534.5599975585938,534.5800170898438,534.22998046875,534.2899780273438
2026-08-25 10:30:00-04:00,534.27001953125,534.3800048828125,533.1849975585938,534.1199951171875
2026-08-25 10:35:00-04:00,534.1400146484375,534.2999877929688,534.02001953125,534.1947021484375
2026-08-25 10:40:00-04:00,534.2100219726562,534.219970703125,533.7899780273438,533.7899780273438
2026-08-25 10:45:00-04:00,533.8400268554688,533.9099731445312,533.5999755859375,533.6420288085938
2026-08-25 10:50:00-04:00,533.6799926757812,534.0050048828125,533.5599975585938,533.9099731445312
2026-08-25 10:55:00-04:00,533.9000244140625,534.1300048828125,533.8800048828125,534.0399780273438
2026-08-25 11:00:00-04:00,534.0750122070312,534.2000122070312,533.9199829101562,534.02001953125
2026-08-25 11:05:00-04:00,534.0999755859375,534.3200073242188,534.0900268554688,534.3200073242188
2026-08-25 11:10:00-04:00,534.2899780273438,534.4000244140625,534.155029296875,534.2000122070312
2026-08-25 11:15:00-04:00,534.1900024414062,534.47998046875,534.1300048828125,534.47998046875
2026-08-25 11:20:00-04:00,534.4299926757812,534.5050048828125,534.219970703125,534.219970703125
2026-08-25 11:25:00-04:00,534.1500244140625,534.2100219726562,533.989990234375,534.1900024414062
2026-08-25 11:30:00-04:00,534.2100219726562,534.469970703125,534.010009765625,534.010009765625
2026-08-25 11:35:00-04:00,534.0800170898438,534.4400024414062,533.8701171875,534.0
2026-08-25 11:40:00-04:00,534.0,534.260009765625,533.9647216796875,534.260009765625
2026-08-25 11:45:00-04:00,534.260009765625,534.260009765625,534.0999755859375,534.1699829101562
2026-08-25 11:50:00-04:00,534.2000122070312,534.6500244140625,534.1900024414062,534.5900268554688
2026-08-25 11:55:00-04:00,534.5800170898438,534.9370727539062,534.5800170898438,534.8400268554688
2026-08-25 12:00:00-04:00,534.864990234375,535.0,534.760009765625,534.760009765625
2026-08-25 12:05:00-04:00,534.77001953125,534.7899780273438,534.4500122070312,534.47998046875
2026-08-25 12:10:00-04:00,534.4899291992188,534.52001953125,534.3699951171875,534.4299926757812
2026-08-25 12:15:00-04:00,534.4450073242188,534.4450073242188,534.2750244140625,534.2999877929688
2026-08-25 12:20:00-04:00,534.2650146484375,534.3900146484375,534.1599731445312,534.3599853515625
2026-08-25 12:25:00-04:00,534.3250122070312,534.4500122070312,534.3200073242188,534.4500122070312
2026-08-25 12:30:00-04:00,534.4500122070312,534.5499877929688,534.4400024414062,534.510009765625
2026-08-25 12:35:00-04:00,534.5225219726562,534.739990234375,534.469970703125,534.7100219726562
2026-08-25 12:40:00-04:00,534.6500244140625,534.739990234375,534.5900268554688,534.6199951171875
2026-08-25 12:45:00-04:00,534.6599731445312,534.6900024414062,534.5,534.6400146484375
2026-08-25 12:50:00-04:00,534.5999755859375,534.5999755859375,534.4600219726562,534.5599975585938
2026-08-25 12:55:00-04:00,534.5700073242188,534.8800048828125,534.5499877929688,534.8049926757812
2026-08-25 13:00:00-04:00,534.75,534.7899780273438,534.52001953125,534.5399780273438
2026-08-25 13:05:00-04:00,534.52001953125,534.5650024414062,534.2899780273438,534.35498046875
2026-08-25 13:10:00-04:00,534.3499755859375,534.469970703125,534.280029296875,534.4099731445312
2026-08-25 13:15:00-04:00,534.39501953125,534.530029296875,534.3400268554688,534.52001953125
2026-08-25 13:20:00-04:00,534.530029296875,534.530029296875,534.3499755859375,534.364990234375
2026-08-25 13:25:00-04:00,534.3400268554688,534.3400268554688,534.219970703125,534.3200073242188
2026-08-25 13:30:00-04:00,534.3099975585938,534.4550170898438,534.2949829101562,534.385009765625
2026-08-25 13:35:00-04:00,534.4000244140625,534.5,534.3800048828125,534.4500122070312
2026-08-25 13:40:00-04:00,534.4400024414062,534.6500244140625,534.4299926757812,534.52001953125
2026-08-25 13:45:00-04:00,534.5399780273438,534.6099853515625,534.4949951171875,534.5449829101562
2026-08-25 13:50:00-04:00,534.5499877929688,534.8150024414062,534.5499877929688,534.8150024414062
2026-08-25 13:55:00-04:00,534.8200073242188,534.844970703125,534.6799926757812,534.7000122070312
2026-08-25 14:00:00-04:00,534.7000122070312,534.780029296875,534.625,534.780029296875
2026-08-25 14:05:00-04:00,534.77001953125,534.8599853515625,534.72998046875,534.7650146484375
2026-08-25 14:10:00-04:00,534.77001953125,534.8599853515625,534.77001953125,534.7849731445312
2026-08-25 14:15:00-04:00,534.77001953125,534.7949829101562,534.6900024414062,534.739990234375
2026-08-25 14:20:00-04:00,534.739990234375,534.8400268554688,534.719970703125,534.7899780273438
2026-08-25 14:25:00-04:00,534.77001953125,534.844970703125,534.72998046875,534.77001953125
2026-08-25 14:30:00-04:00,534.7899780273438,535.0,534.780029296875,534.969970703125
2026-08-25 14:35:00-04:00,534.969970703125,534.989990234375,534.844970703125,534.8800048828125
2026-08-25 14:40:00-04:00,534.8900146484375,535.1187133789062,534.8900146484375,535.1099853515625
2026-08-25 14:45:00-04:00,535.1300048828125,535.2899780273438,535.1300048828125,535.280029296875
2026-08-25 14:50:00-04:00,535.2899780273438,535.3099975585938,535.1749877929688,535.239990234375
2026-08-25 14:55:00-04:00,535.22998046875,535.3099975585938,535.1300048828125,535.27001953125
2026-08-25 15:00:00-04:00,535.2899780273438,535.3300170898438,535.125,535.1599731445312
2026-08-25 15:05:00-04:00,535.1199951171875,535.1799926757812,535.0150146484375,535.0399780273438
2026-08-25 15:10:00-04:00,535.0100708007812,535.02001953125,534.8699951171875,534.8800048828125
2026-08-25 15:15:00-04:00,534.8800048828125,534.9301147460938,534.82080078125,534.8554077148438
2026-08-25 15:20:00-04:00,534.8200073242188,534.97998046875,534.8200073242188,534.969970703125
2026-08-25 15:25:00-04:00,534.97998046875,535.1799926757812,534.97998046875,535.1699829101562
2026-08-25 15:30:00-04:00,535.1599731445312,535.2550048828125,535.0999755859375,535.1400146484375
2026-08-25 15:35:00-04:00,535.1400146484375,535.219970703125,535.1199951171875,535.1799926757812
2026-08-25 15:40:00-04:00,535.1799926757812,535.4400024414062,535.1799926757812,535.3499755859375
2026-08-25 15:45:00-04:00,535.3400268554688,535.4199829101562,535.2249755859375,535.3699951171875
2026-08-25 15:50:00-04:00,535.3699951171875,535.5399780273438,535.1900024414062,535.489990234375
2026-08-25 15:55:00-04:00,535.52001953125,535.5599975585938,535.1199951171875,535.22998046875
2026-08-26 09:30:00-04:00,535.3400268554688,535.5599975585938,534.4600219726562,534.9849853515625
2026-08-26 09:35:00-04:00,535.030029296875,535.6799926757812,534.5223999023438,535.6199951171875
2026-08-26 09:40:00-04:00,535.635009765625,535.9500122070312,535.3699951171875,535.72998046875
2026-08-26 09:45:00-04:00,535.6801147460938,535.8200073242188,534.9400024414062,534.9400024414062
2026-08-26 09:50:00-04:00,534.969970703125,535.4199829101562,534.75,535.4000244140625
2026-08-26 09:55:00-04:00,535.489990234375,535.5900268554688,535.1500244140625,535.489990234375
2026-08-26 10:00:00-04:00,535.4500122070312,535.4500122070312,535.25,535.4199829101562
2026-08-26 10:05:00-04:00,535.3699951171875,535.4395141601562,535.0800170898438,535.4099731445312
2026-08-26 10:10:00-04:00,535.4400024414062,535.47998046875,534.969970703125,535.0
2026-08-26 10:15:00-04:00,535.030029296875,535.0499877929688,534.6300048828125,534.6300048828125
2026-08-26 10:20:00-04:00,534.6500244140625,534.719970703125,534.27001953125,534.280029296875
2026-08-26 10:25:00-04:00,534.3099975585938,534.375,533.989990234375,534.030029296875
2026-08-26 10:30:00-04:00,533.9600219726562,534.219970703125,533.864990234375,534.1699829101562
2026-08-26 10:35:00-04:00,534.1500244140625,534.5499877929688,534.1500244140625,534.4500122070312
2026-08-26 10:40:00-04:00,534.3900146484375,534.5050048828125,534.219970703125,534.3800048828125
2026-08-26 10:45:00-04:00,534.3200073242188,534.3599853515625,534.0,534.1199951171875
2026-08-26 10:50:00-04:00,534.1699829101562,534.2000122070312,534.010009765625,534.1199951171875
2026-08-26 10:55:00-04:00,534.1099853515625,534.27001953125,534.030029296875,534.1699829101562
2026-08-26 11:00:00-04:00,534.1599731445312,534.5599975585938,534.1199951171875,534.3200073242188
2026-08-26 11:05:00-04:00,534.2999877929688,534.5151977539062,534.260009765625,534.4199829101562
2026-08-26 11:10:00-04:00,534.4000244140625,534.489990234375,534.25,534.3099975585938
2026-08-26 11:15:00-04:00,534.3300170898438,534.3300170898438,533.9400024414062,533.9849853515625
2026-08-26 11:20:00-04:00,534.0399780273438,534.1500244140625,533.9500122070312,534.1199951171875
2026-08-26 11:25:00-04:00,534.0999755859375,534.1900024414062,533.989990234375,533.989990234375
2026-08-26 11:30:00-04:00,533.989990234375,534.0399780273438,533.6300048828125,533.6400146484375
2026-08-26 11:35:00-04:00,533.719970703125,533.8200073242188,533.6599731445312,533.8099975585938
2026-08-26 11:40:00-04:00,533.8400268554688,534.219970703125,533.7999877929688,534.1849975585938
2026-08-26 11:45:00-04:00,534.22998046875,534.47998046875,534.1500244140625,534.3900146484375
2026-08-26 11:50:00-04:00,534.3499755859375,534.3599853515625,533.9199829101562,534.0349731445312
2026-08-26 11:55:00-04:00,534.0349731445312,534.3400268554688,534.02001953125,534.2000122070312
2026-08-26 12:00:00-04:00,534.239990234375,534.280029296875,533.9749755859375,534.030029296875
2026-08-26 12:05:00-04:00,534.0,534.260009765625,534.0,534.1300048828125
2026-08-26 12:10:00-04:00,534.1099853515625,534.1099853515625,533.9500122070312,533.989990234375
2026-08-26 12:15:00-04:00,533.9400024414062,533.9650268554688,533.7982788085938,533.9199829101562
2026-08-26 12:20:00-04:00,533.9099731445312,533.9600219726562,533.7750244140625,533.7949829101562
2026-08-26 12:25:00-04:00,533.77001953125,533.8800048828125,533.7000122070312,533.7899780273438
2026-08-26 12:30:00-04:00,533.75,533.8499755859375,533.75,533.8099975585938
2026-08-26 12:35:00-04:00,533.7999877929688,533.8800048828125,533.5,533.5
2026-08-26 12:40:00-04:00,533.489990234375,533.6300048828125,533.3400268554688,533.3800048828125
2026-08-26 12:45:00-04:00,533.3699951171875,533.52001953125,533.3099975585938,533.3400268554688
2026-08-26 12:50:00-04:00,533.3499755859375,533.52001953125,533.3499755859375,533.3900756835938
2026-08-26 12:55:00-04:00,533.510009765625,533.7000122070312,533.510009765625,533.7000122070312
2026-08-26 13:00:00-04:00,533.6849975585938,533.8200073242188,533.6400146484375,533.760009765625
2026-08-26 13:05:00-04:00,533.6849975585938,533.8699951171875,533.6400146484375,533.8300170898438
2026-08-26 13:10:00-04:00,533.8099975585938,533.9550170898438,533.8049926757812,533.9299926757812
2026-08-26 13:15:00-04:00,533.969970703125,534.1500244140625,533.969970703125,534.02001953125
2026-08-26 13:20:00-04:00,534.0800170898438,534.260009765625,534.0800170898438,534.260009765625
2026-08-26 13:25:00-04:00,534.25,534.3300170898438,534.1400146484375,534.22998046875
2026-08-26 13:30:00-04:00,534.3699951171875,534.4199829101562,534.14501953125,534.25
2026-08-26 13:35:00-04:00,534.2650146484375,534.3400268554688,534.1300048828125,534.1300048828125
2026-08-26 13:40:00-04:00,534.1300048828125,534.2100219726562,534.0700073242188,534.1900024414062
2026-08-26 13:45:00-04:00,534.1749877929688,534.2000122070312,534.0001220703125,534.0700073242188
2026-08-26 13:50:00-04:00,534.0499877929688,534.1799926757812,534.0499877929688,534.1599731445312
2026-08-26 13:55:00-04:00,534.1900024414062,534.1900024414062,534.0700073242188,534.0700073242188
2026-08-26 14:00:00-04:00,534.0900268554688,534.0900268554688,533.9400024414062,533.9550170898438
2026-08-26 14:05:00-04:00,533.9349975585938,534.1199951171875,533.9349975585938,534.0499877929688
2026-08-26 14:10:00-04:00,534.0399780273438,534.0700073242188,533.9600219726562,534.0599975585938
2026-08-26 14:15:00-04:00,533.97998046875,534.1500244140625,533.97998046875,534.1300048828125
2026-08-26 14:20:00-04:00,534.27001953125,534.27001953125,534.0449829101562,534.0449829101562
2026-08-26 14:25:00-04:00,534.02001953125,534.0800170898438,533.8800048828125,533.8900146484375
2026-08-26 14:30:00-04:00,533.885009765625,533.9550170898438,533.77001953125,533.888427734375
2026-08-26 14:35:00-04:00,533.8699951171875,533.9000244140625,533.7999877929688,533.8800048828125
2026-08-26 14:40:00-04:00,533.9400024414062,534.030029296875,533.9199829101562,534.010009765625
2026-08-26 14:45:00-04:00,534.02001953125,534.2000122070312,534.02001953125,534.14501953125
2026-08-26 14:50:00-04:00,534.1699829101562,534.3049926757812,534.1199951171875,534.2349853515625
2026-08-26 14:55:00-04:00,534.1900024414062,534.280029296875,534.0399780273438,534.259521484375
2026-08-26 15:00:00-04:00,534.2100219726562,534.6799926757812,534.2100219726562,534.6400146484375
2026-08-26 15:05:00-04:00,534.52001953125,534.52001953125,534.39208984375,534.4400024414062
2026-08-26 15:10:00-04:00,534.4500122070312,534.510009765625,534.4199829101562,534.469970703125
2026-08-26 15:15:00-04:00,534.4749755859375,534.6500244140625,534.469970703125,534.6209716796875
2026-08-26 15:20:00-04:00,534.5999755859375,534.6300048828125,534.4550170898438,534.6300048828125
2026-08-26 15:25:00-04:00,534.6300048828125,534.7000122070312,534.6199951171875,534.6500244140625
2026-08-26 15:30:00-04:00,534.6199951171875,534.635009765625,534.52001953125,534.5700073242188
2026-08-26 15:35:00-04:00,534.52001953125,534.5999755859375,534.489990234375,534.5202026367188
2026-08-26 15:40:00-04:00,534.5700073242188,534.780029296875,534.5599975585938,534.719970703125
2026-08-26 15:45:00-04:00,534.72998046875,534.8400268554688,534.6300048828125,534.8400268554688
2026-08-26 15:50:00-04:00,534.8300170898438,534.8599853515625,534.3099975585938,534.3800048828125
2026-08-26 15:55:00-04:00,534.3699951171875,534.47998046875,533.97998046875,534.22998046875
2026-08-27 09:30:00-04:00,533.5599975585938,533.9299926757812,532.9199829101562,533.9299926757812
2026-08-27 09:35:00-04:00,533.9000244140625,535.0134887695312,533.7899780273438,534.9600219726562
2026-08-27 09:40:00-04:00,534.969970703125,534.97998046875,534.2750244140625,534.47998046875
2026-08-27 09:45:00-04:00,534.5,534.760009765625,534.0999755859375,534.1900024414062
2026-08-27 09:50:00-04:00,534.27001953125,534.72998046875,534.1400146484375,534.6849975585938
2026-08-27 09:55:00-04:00,534.6900024414062,534.719970703125,534.0700073242188,534.2249755859375
2026-08-27 10:00:00-04:00,534.22998046875,534.2999877929688,533.9500122070312,533.97998046875
2026-08-27 10:05:00-04:00,533.9600219726562,534.030029296875,533.489990234375,533.6799926757812
2026-08-27 10:10:00-04:00,533.6900024414062,533.8049926757812,533.5999755859375,533.760009765625
2026-08-27 10:15:00-04:00,533.760009765625,534.2999877929688,533.719970703125,534.0900268554688
2026-08-27 10:20:00-04:00,534.0999755859375,534.4600219726562,534.0700073242188,534.3699951171875
2026-08-27 10:25:00-04:00,534.4000244140625,534.4500122070312,534.1500244140625,534.2899780273438
2026-08-27 10:30:00-04:00,534.3900146484375,534.719970703125,534.1651000976562,534.719970703125
2026-08-27 10:35:00-04:00,534.72998046875,535.25,534.72998046875,535.2000122070312
2026-08-27 10:40:00-04:00,535.239990234375,535.510009765625,535.2000122070312,535.47998046875
2026-08-27 10:45:00-04:00,535.4500122070312,535.9199829101562,535.4199829101562,535.9199829101562
2026-08-27 10:50:00-04:00,535.9199829101562,535.969970703125,535.760009765625,535.8699951171875
2026-08-27 10:55:00-04:00,535.9000244140625,535.9099731445312,535.47998046875,535.5349731445312
2026-08-27 11:00:00-04:00,535.5399780273438,535.8499755859375,535.4149780273438,535.8300170898438
2026-08-27 11:05:00-04:00,535.8400268554688,535.9249877929688,535.4299926757812,535.6500244140625
2026-08-27 11:10:00-04:00,535.6099853515625,536.1199951171875,535.60498046875,536.0999755859375
2026-08-27 11:15:00-04:00,536.0800170898438,536.4000244140625,536.0499877929688,536.2899780273438
2026-08-27 11:20:00-04:00,536.3699951171875,536.6300048828125,536.2999877929688,536.5999145507812
2026-08-27 11:25:00-04:00,536.5850219726562,536.5850219726562,536.0399780273438,536.0700073242188
2026-08-27 11:30:00-04:00,536.0399780273438,536.0399780273438,535.739990234375,535.7899780273438
2026-08-27 11:35:00-04:00,535.8300170898438,536.0499877929688,535.719970703125,535.7849731445312
2026-08-27 11:40:00-04:00,535.7899780273438,536.0499877929688,535.52001953125,535.5399780273438
2026-08-27 11:45:00-04:00,535.5499877929688,535.7999877929688,535.489990234375,535.6849975585938
2026-08-27 11:50:00-04:00,535.6699829101562,536.0700073242188,535.6699829101562,535.989990234375
2026-08-27 11:55:00-04:00,535.97998046875,535.97998046875,535.72998046875,535.72998046875
2026-08-27 12:00:00-04:00,535.72998046875,535.7750244140625,535.4650268554688,535.719970703125
2026-08-27 12:05:00-04:00,535.72998046875,535.72998046875,535.4099731445312,535.4199829101562
2026-08-27 12:10:00-04:00,535.4299926757812,535.6900024414062,535.4299926757812,535.6900024414062
2026-08-27 12:15:00-04:00,535.6799926757812,535.9299926757812,535.6400756835938,535.719970703125
2026-08-27 12:20:00-04:00,535.6849975585938,535.780029296875,535.6199951171875,535.7650146484375
2026-08-27 12:25:00-04:00,535.760009765625,535.9500122070312,535.7000122070312,535.9500122070312
2026-08-27 12:30:00-04:00,535.9500122070312,536.02001953125,535.8800048828125,535.989990234375
2026-08-27 12:35:00-04:00,536.0,536.0900268554688,535.9099731445312,536.0850219726562
2026-08-27 12:40:00-04:00,536.1099853515625,536.2449951171875,536.0700073242188,536.16748046875
2026-08-27 12:45:00-04:00,536.1699829101562,536.260009765625,536.0499877929688,536.1500244140625
2026-08-27 12:50:00-04:00,536.1400146484375,536.375,536.1099853515625,536.260009765625
2026-08-27 12:55:00-04:00,536.260009765625,536.344970703125,536.1199951171875,536.3300170898438
2026-08-27 13:00:00-04:00,536.3400268554688,536.3499755859375,536.1400146484375,536.2000122070312
2026-08-27 13:05:00-04:00,536.2000122070312,536.3499755859375,536.0599975585938,536.3400268554688
2026-08-27 13:10:00-04:00,536.3200073242188,536.3699951171875,536.1400146484375,536.1400146484375
2026-08-27 13:15:00-04:00,536.1699829101562,536.260009765625,536.1699829101562,536.219970703125
2026-08-27 13:20:00-04:00,536.2100219726562,536.25,536.0999755859375,536.0999755859375
2026-08-27 13:25:00-04:00,536.0999755859375,536.1900024414062,536.0700073242188,536.10498046875
2026-08-27 13:30:00-04:00,536.135009765625,536.3350219726562,536.135009765625,536.27001953125
2026-08-27 13:35:00-04:00,536.27001953125,536.3099975585938,536.1099853515625,536.1699829101562
2026-08-27 13:40:00-04:00,536.1900024414062,536.3300170898438,536.135009765625,536.1599731445312
2026-08-27 13:45:00-04:00,536.1699829101562,536.1699829101562,535.9199829101562,535.969970703125
2026-08-27 13:50:00-04:00,535.969970703125,535.97998046875,535.7899780273438,535.8300170898438
2026-08-27 13:55:00-04:00,535.8499755859375,535.9099731445312,535.625,535.6898803710938
2026-08-27 14:00:00-04:00,535.6884155273438,535.72998046875,535.2899780273438,535.3499755859375
2026-08-27 14:05:00-04:00,535.3499755859375,535.4349975585938,535.22998046875,535.22998046875
2026-08-27 14:10:00-04:00,535.22998046875,535.2650146484375,534.905029296875,535.0599975585938
2026-08-27 14:15:00-04:00,535.0900268554688,535.25,534.989990234375,535.1199951171875
2026-08-27 14:20:00-04:00,535.1099853515625,535.22998046875,534.989990234375,535.0399780273438
2026-08-27 14:25:00-04:00,535.0499877929688,535.0499877929688,534.6799926757812,534.780029296875
2026-08-27 14:30:00-04:00,534.8099975585938,534.9600219726562,534.739990234375,534.7949829101562
2026-08-27 14:35:00-04:00,534.780029296875,535.0499877929688,534.780029296875,535.0449829101562
2026-08-27 14:40:00-04:00,535.0399780273438,535.0599975585938,534.8699951171875,534.9000244140625
2026-08-27 14:45:00-04:00,534.9249877929688,535.1500244140625,534.9099731445312,534.9099731445312
2026-08-27 14:50:00-04:00,534.8599853515625,534.8699951171875,534.6099853515625,534.6599731445312
2026-08-27 14:55:00-04:00,534.6599731445312,534.8800048828125,534.6099853515625,534.7999877929688
2026-08-27 15:00:00-04:00,534.8099975585938,535.0800170898438,534.780029296875,535.0250244140625
2026-08-27 15:05:00-04:00,535.02001953125,535.1300048828125,534.8800048828125,535.0549926757812
2026-08-27 15:10:00-04:00,535.0650024414062,535.14501953125,534.989990234375,535.030029296875
2026-08-27 15:15:00-04:00,534.9400024414062,535.0250244140625,534.8900146484375,534.969970703125
2026-08-27 15:20:00-04:00,534.9749755859375,535.0352172851562,534.7999877929688,534.8450927734375
2026-08-27 15:25:00-04:00,534.8499755859375,534.8499755859375,534.6500244140625,534.72998046875
2026-08-27 15:30:00-04:00,534.739990234375,534.9400024414062,534.72998046875,534.9099731445312
2026-08-27 15:35:00-04:00,534.9099731445312,535.0001220703125,534.85009765625,534.8800048828125
2026-08-27 15:40:00-04:00,534.9299926757812,535.010009765625,534.7999877929688,535.0
2026-08-27 15:45:00-04:00,535.030029296875,535.1400146484375,534.969970703125,535.0800170898438
2026-08-27 15:50:00-04:00,535.0599975585938,535.4199829101562,534.8300170898438,535.3099975585938
2026-08-27 15:55:00-04:00,535.27001953125,535.3300170898438,535.0399780273438,535.1699829101562
2026-08-28 09:30:00-04:00,536.530029296875,536.9500122070312,536.1799926757812,536.2999877929688
2026-08-28 09:35:00-04:00,536.2899780273438,536.3599853515625,535.6500244140625,535.8900146484375
2026-08-28 09:40:00-04:00,535.8900146484375,536.0499877929688,535.75,535.8499755859375
2026-08-28 09:45:00-04:00,535.760009765625,536.510009765625,535.760009765625,536.239990234375
2026-08-28 09:50:00-04:00,536.22998046875,536.4400024414062,536.0499877929688,536.1699829101562
2026-08-28 09:55:00-04:00,536.1699829101562,536.3900146484375,535.9500122070312,536.0499877929688
2026-08-28 10:00:00-04:00,536.260009765625,537.0,535.719970703125,536.0549926757812
2026-08-28 10:05:00-04:00,536.030029296875,536.22998046875,535.4199829101562,535.9099731445312
2026-08-28 10:10:00-04:00,535.8300170898438,535.8800048828125,534.9600219726562,535.2949829101562
2026-08-28 10:15:00-04:00,535.294677734375,535.989990234375,535.27001953125,535.7999877929688
2026-08-28 10:20:00-04:00,535.719970703125,535.9299926757812,534.97998046875,535.3200073242188
2026-08-28 10:25:00-04:00,535.3400268554688,535.3499755859375,534.510009765625,534.9500122070312
2026-08-28 10:30:00-04:00,534.8900146484375,535.6199951171875,534.7000122070312,535.6199951171875
2026-08-28 10:35:00-04:00,535.6099853515625,535.9400024414062,535.5449829101562,535.780029296875
2026-08-28 10:40:00-04:00,535.77001953125,536.4299926757812,535.77001953125,536.3400268554688
2026-08-28 10:45:00-04:00,536.3599853515625,536.4099731445312,536.1199951171875,536.4000244140625
2026-08-28 10:50:00-04:00,536.4500122070312,536.9199829101562,536.3400268554688,536.8699951171875
2026-08-28 10:55:00-04:00,536.8900146484375,537.1699829101562,536.780029296875,537.1199951171875
2026-08-28 11:00:00-04:00,537.094970703125,537.5800170898438,537.030029296875,537.0800170898438
2026-08-28 11:05:00-04:00,537.0999755859375,537.3150024414062,536.739990234375,536.8200073242188
2026-08-28 11:10:00-04:00,536.8101196289062,537.0399780273438,536.760009765625,536.989990234375
2026-08-28 11:15:00-04:00,537.0349731445312,537.3099975585938,536.9849853515625,537.239990234375
2026-08-28 11:20:00-04:00,537.2650146484375,537.5499877929688,537.2650146484375,537.510009765625
2026-08-28 11:25:00-04:00,537.5,537.72998046875,537.3800048828125,537.469970703125
2026-08-28 11:30:00-04:00,537.510009765625,537.5399780273438,536.9124755859375,536.9500122070312
2026-08-28 11:35:00-04:00,536.9500122070312,537.1099853515625,536.52001953125,536.5499877929688
2026-08-28 11:40:00-04:00,536.5599975585938,536.5599975585938,536.010009765625,536.0399780273438
2026-08-28 11:45:00-04:00,536.0399780273438,536.4099731445312,535.9400024414062,536.0050048828125
2026-08-28 11:50:00-04:00,536.0700073242188,536.3300170898438,535.8400268554688,536.3200073242188
2026-08-28 11:55:00-04:00,536.3200073242188,536.3599853515625,535.6099853515625,535.8099975585938
2026-08-28 12:00:00-04:00,535.8499755859375,536.1900024414062,535.7999877929688,536.0499877929688
2026-08-28 12:05:00-04:00,536.010009765625,536.3800048828125,536.0,536.34228515625
2026-08-28 12:10:00-04:00,536.2899780273438,536.3599853515625,535.6799926757812,535.6824951171875
2026-08-28 12:15:00-04:00,535.7000122070312,535.8300170898438,534.8800048828125,535.2000122070312
2026-08-28 12:20:00-04:00,535.1599731445312,535.22998046875,534.5599975585938,534.760009765625
2026-08-28 12:25:00-04:00,534.6799926757812,534.9600219726562,534.6500244140625,534.8049926757812
2026-08-28 12:30:00-04:00,534.8200073242188,535.3900146484375,534.7999877929688,534.9349975585938
2026-08-28 12:35:00-04:00,534.9600219726562,535.530029296875,534.9600219726562,535.4500122070312
2026-08-28 12:40:00-04:00,535.4099731445312,535.4299926757812,535.0700073242188,535.094970703125
2026-08-28 12:45:00-04:00,535.1099853515625,535.3900146484375,535.0999755859375,535.27001953125
2026-08-28 12:50:00-04:00,535.27001953125,535.510009765625,535.1550903320312,535.1900024414062
2026-08-28 12:55:00-04:00,535.1599731445312,535.260009765625,535.02001953125,535.030029296875
2026-08-28 13:00:00-04:00,535.030029296875,535.0599975585938,534.5700073242188,534.6400146484375
2026-08-28 13:05:00-04:00,534.5700073242188,534.7349853515625,534.4006958007812,534.4199829101562
2026-08-28 13:10:00-04:00,534.4000244140625,534.8599853515625,534.4000244140625,534.8599853515625
2026-08-28 13:15:00-04:00,534.8900146484375,534.9285888671875,534.6699829101562,534.7899780273438
2026-08-28 13:20:00-04:00,534.7550048828125,534.8300170898438,534.52001953125,534.7050170898438
2026-08-28 13:25:00-04:00,534.760009765625,534.9299926757812,534.64501953125,534.6599731445312
2026-08-28 13:30:00-04:00,534.6699829101562,535.0150146484375,534.6300048828125,535.0054931640625
2026-08-28 13:35:00-04:00,534.9749755859375,535.0650024414062,534.5499877929688,534.5499877929688
2026-08-28 13:40:00-04:00,534.5700073242188,534.8699951171875,534.5700073242188,534.8699951171875
2026-08-28 13:45:00-04:00,534.8699951171875,535.1099853515625,534.8499755859375,535.0800170898438
2026-08-28 13:50:00-04:00,535.0549926757812,535.0549926757812,534.8900146484375,534.905029296875
2026-08-28 13:55:00-04:00,534.8599853515625,534.97998046875,534.7100219726562,534.97998046875
2026-08-28 14:00:00-04:00,535.0,535.1900024414062,534.9500122070312,535.0599975585938
2026-08-28 14:05:00-04:00,534.989990234375,535.1300048828125,534.9149780273438,535.0900268554688
2026-08-28 14:10:00-04:00,535.0900268554688,535.1400146484375,534.760009765625,534.77001953125
2026-08-28 14:15:00-04:00,534.7750244140625,534.97998046875,534.760009765625,534.9199829101562
2026-08-28 14:20:00-04:00,534.9199829101562,535.0499877929688,534.5700073242188,534.625
2026-08-28 14:25:00-04:00,534.625,534.8150024414062,534.5499877929688,534.6649780273438
2026-08-28 14:30:00-04:00,534.6799926757812,534.969970703125,534.6599731445312,534.9099731445312
2026-08-28 14:35:00-04:00,534.9400024414062,535.0499877929688,534.7750244140625,534.8499755859375
2026-08-28 14:40:00-04:00,534.8599853515625,535.010009765625,534.8099975585938,534.9600219726562
2026-08-28 14:45:00-04:00,534.969970703125,534.969970703125,534.6199951171875,534.6699829101562
2026-08-28 14:50:00-04:00,534.6900024414062,534.780029296875,534.5900268554688,534.760009765625
2026-08-28 14:55:00-04:00,534.7000122070312,535.010009765625,534.7000122070312,534.9550170898438
2026-08-28 15:00:00-04:00,534.8900146484375,534.9199829101562,534.719970703125,534.8300170898438
2026-08-28 15:05:00-04:00,534.77001953125,535.2000122070312,534.77001953125,535.1900024414062
2026-08-28 15:10:00-04:00,535.1799926757812,535.3599853515625,535.0800170898438,535.3200073242188
2026-08-28 15:15:00-04:00,535.3200073242188,535.3200073242188,535.125,535.25
2026-08-28 15:20:00-04:00,535.260009765625,535.3900146484375,535.1300048828125,535.2000122070312
2026-08-28 15:25:00-04:00,535.2150268554688,535.4000244140625,535.2100219726562,535.3200073242188
2026-08-28 15:30:00-04:00,535.2650146484375,535.2650146484375,534.989990234375,535.0549926757812
2026-08-28 15:35:00-04:00,535.010009765625,535.1500244140625,534.9199829101562,535.1500244140625
2026-08-28 15:40:00-04:00,535.1599731445312,535.3099975585938,535.1599731445312,535.2150268554688
2026-08-28 15:45:00-04:00,535.2150268554688,535.2899780273438,534.9299926757812,535.0075073242188
2026-08-28 15:50:00-04:00,535.02001953125,535.3049926757812,534.989990234375,535.1799926757812
2026-08-28 15:55:00-04:00,535.1400146484375,535.3599853515625,534.9000244140625,535.0399780273438
2026-08-31 09:30:00-04:00,533.5599975585938,533.5599975585938,531.9000244140625,531.9199829101562
2026-08-31 09:35:00-04:00,531.7999877929688,532.530029296875,531.635009765625,532.4099731445312
2026-08-31 09:40:00-04:00,532.3699951171875,532.4199829101562,531.6799926757812,531.72998046875
2026-08-31 09:45:00-04:00,531.739990234375,532.1300048828125,531.5,531.760009765625
2026-08-31 09:50:00-04:00,531.75,531.9099731445312,531.3900146484375,531.719970703125
2026-08-31 09:55:00-04:00,531.72998046875,531.9299926757812,531.6300048828125,531.6699829101562
2026-08-31 10:00:00-04:00,531.6699829101562,531.9400024414062,531.5800170898438,531.7550048828125
2026-08-31 10:05:00-04:00,531.739990234375,531.8900146484375,531.4400024414062,531.5399780273438
2026-08-31 10:10:00-04:00,531.47998046875,531.719970703125,531.3400268554688,531.52001953125
2026-08-31 10:15:00-04:00,531.5399780273438,531.5999755859375,531.3099975585938,531.510009765625
2026-08-31 10:20:00-04:00,531.398681640625,531.5150146484375,530.9600219726562,530.9600219726562
2026-08-31 10:25:00-04:00,530.9605102539062,530.969970703125,530.780029296875,530.7999877929688
2026-08-31 10:30:00-04:00,530.8499755859375,531.0900268554688,530.7999877929688,530.8800048828125
2026-08-31 10:35:00-04:00,530.8800048828125,531.52001953125,530.8699951171875,531.52001953125
2026-08-31 10:40:00-04:00,531.5050048828125,531.8200073242188,531.3900146484375,531.4249877929688
2026-08-31 10:45:00-04:00,531.280029296875,531.5499877929688,531.280029296875,531.52001953125
2026-08-31 10:50:00-04:00,531.6199951171875,531.9000244140625,531.5499877929688,531.8900146484375
2026-08-31 10:55:00-04:00,531.8800048828125,532.1300048828125,531.760009765625,531.77001953125
2026-08-31 11:00:00-04:00,531.7449951171875,532.0999755859375,531.6099853515625,531.6199951171875
2026-08-31 11:05:00-04:00,531.6799926757812,531.9550170898438,531.5999755859375,531.6599731445312
2026-08-31 11:10:00-04:00,531.6699829101562,531.8499755859375,531.5700073242188,531.6599731445312
2026-08-31 11:15:00-04:00,531.72998046875,531.739990234375,531.489990234375,531.5999755859375
2026-08-31 11:20:00-04:00,531.6199951171875,531.7349853515625,531.510009765625,531.7349853515625
2026-08-31 11:25:00-04:00,531.719970703125,531.8150024414062,531.6699829101562,531.6951293945312
2026-08-31 11:30:00-04:00,531.72998046875,531.77001953125,531.530029296875,531.72998046875
2026-08-31 11:35:00-04:00,531.7100219726562,531.8099975585938,531.5599975585938,531.64501953125
2026-08-31 11:40:00-04:00,531.6199951171875,531.9849853515625,531.594970703125,531.8400268554688
2026-08-31 11:45:00-04:00,531.969970703125,532.1099853515625,531.9000244140625,531.9000244140625
2026-08-31 11:50:00-04:00,531.9099731445312,532.1699829101562,531.8900146484375,532.0399780273438
2026-08-31 11:55:00-04:00,532.0,532.0380249023438,531.6744995117188,531.719970703125
2026-08-31 12:00:00-04:00,531.7100219726562,531.7949829101562,531.6199951171875,531.6699829101562
2026-08-31 12:05:00-04:00,531.6599731445312,531.6599731445312,531.5499877929688,531.6099853515625
2026-08-31 12:10:00-04:00,531.5499877929688,531.7899780273438,531.5499877929688,531.760009765625
2026-08-31 12:15:00-04:00,531.739990234375,531.739990234375,531.489990234375,531.6699829101562
2026-08-31 12:20:00-04:00,531.6300048828125,531.64501953125,531.4199829101562,531.4450073242188
2026-08-31 12:25:00-04:00,531.4509887695312,531.7550048828125,531.4509887695312,531.6900024414062
2026-08-31 12:30:00-04:00,531.6799926757812,531.8099975585938,531.6199951171875,531.780029296875
2026-08-31 12:35:00-04:00,531.75,531.7899780273438,531.3499755859375,531.3599853515625
2026-08-31 12:40:00-04:00,531.2899780273438,531.655029296875,531.2899780273438,531.5700073242188
2026-08-31 12:45:00-04:00,531.5900268554688,531.8400268554688,531.5800170898438,531.8099975585938
2026-08-31 12:50:00-04:00,531.7750244140625,531.9299926757812,531.75,531.780029296875
2026-08-31 12:55:00-04:00,531.8200073242188,531.89501953125,531.760009765625,531.760009765625
2026-08-31 13:00:00-04:00,531.75,531.7999877929688,531.5399780273438,531.5399780273438
2026-08-31 13:05:00-04:00,531.6300048828125,531.6699829101562,531.5568237304688,531.6199951171875
2026-08-31 13:10:00-04:00,531.5999755859375,531.8865966796875,531.5999755859375,531.8865966796875
2026-08-31 13:15:00-04:00,531.8599853515625,531.9500122070312,531.7249755859375,531.7249755859375
2026-08-31 13:20:00-04:00,531.77001953125,531.8400268554688,531.72998046875,531.7952270507812
2026-08-31 13:25:00-04:00,531.719970703125,531.719970703125,531.47998046875,531.5399780273438
2026-08-31 13:30:00-04:00,531.52001953125,531.5499877929688,531.3800048828125,531.5449829101562
2026-08-31 13:35:00-04:00,531.4749755859375,531.6599731445312,531.4749755859375,531.6599731445312
2026-08-31 13:40:00-04:00,531.6749877929688,531.780029296875,531.6199951171875,531.780029296875
2026-08-31 13:45:00-04:00,531.780029296875,531.9099731445312,531.739990234375,531.8400268554688
2026-08-31 13:50:00-04:00,531.8300170898438,532.1199951171875,531.8300170898438,532.0900268554688
2026-08-31 13:55:00-04:00,532.0599975585938,532.1099853515625,531.9249877929688,532.010009765625
2026-08-31 14:00:00-04:00,531.9500122070312,532.0700073242188,531.8599853515625,532.02001953125
2026-08-31 14:05:00-04:00,532.0,532.0499877929688,531.9600219726562,532.0349731445312
2026-08-31 14:10:00-04:00,532.0349731445312,532.2100219726562,531.926513671875,532.2100219726562
2026-08-31 14:15:00-04:00,532.219970703125,532.219970703125,532.02001953125,532.0800170898438
2026-08-31 14:20:00-04:00,532.0599975585938,532.0800170898438,531.9500122070312,531.969970703125
2026-08-31 14:25:00-04:00,531.9099731445312,531.9500122070312,531.780029296875,531.8800048828125
2026-08-31 14:30:00-04:00,531.8699951171875,532.0,531.780029296875,531.780029296875
2026-08-31 14:35:00-04:00,531.8200073242188,531.8499755859375,531.4299926757812,531.5250244140625
2026-08-31 14:40:00-04:00,531.5401000976562,531.6300048828125,531.3150024414062,531.47998046875
2026-08-31 14:45:00-04:00,531.4249877929688,531.510009765625,531.3338012695312,531.4500122070312
2026-08-31 14:50:00-04:00,531.4501953125,531.6900024414062,531.3599853515625,531.6400146484375
2026-08-31 14:55:00-04:00,531.6199951171875,531.8350219726562,531.6099853515625,531.760009765625
2026-08-31 15:00:00-04:00,531.780029296875,531.9000244140625,531.6199951171875,531.6199951171875
2026-08-31 15:05:00-04:00,531.625,531.7650146484375,531.625,531.7550048828125
2026-08-31 15:10:00-04:00,531.77001953125,531.8400268554688,531.6400146484375,531.719970703125
2026-08-31 15:15:00-04:00,531.7000122070312,531.739990234375,531.52001953125,531.5399780273438
2026-08-31 15:20:00-04:00,531.5399780273438,531.780029296875,531.52001953125,531.780029296875
2026-08-31 15:25:00-04:00,531.7750244140625,531.9500122070312,531.6799926757812,531.9500122070312
2026-08-31 15:30:00-04:00,531.9450073242188,531.9500122070312,531.6799926757812,531.8400268554688
2026-08-31 15:35:00-04:00,531.8400268554688,532.0377197265625,531.8200073242188,531.9500122070312
2026-08-31 15:40:00-04:00,531.9600219726562,532.2999877929688,531.9600219726562,532.1950073242188
2026-08-31 15:45:00-04:00,532.1900024414062,532.219970703125,531.8800048828125,531.969970703125
2026-08-31 15:50:00-04:00,531.97998046875,532.239990234375,531.8499755859375,531.9500122070312
2026-08-31 15:55:00-04:00,531.9500122070312,532.1699829101562,531.3300170898438,531.52001953125
2026-09-01 09:30:00-04:00,528.6699829101562,529.3900146484375,527.9299926757812,529.1500244140625
2026-09-01 09:35:00-04:00,529.1099853515625,529.7000122070312,529.0800170898438,529.5750122070312
2026-09-01 09:40:00-04:00,529.5499877929688,529.8300170898438,529.4000244140625,529.6799926757812
2026-09-01 09:45:00-04:00,529.6599731445312,529.7100219726562,528.8800048828125,529.0900268554688
2026-09-01 09:50:00-04:00,529.25,529.4400024414062,528.75,528.7999877929688
2026-09-01 09:55:00-04:00,528.7849731445312,529.219970703125,528.4500122070312,529.1849975585938
2026-09-01 10:00:00-04:00,529.239990234375,529.719970703125,528.9099731445312,529.5800170898438
2026-09-01 10:05:00-04:00,529.5599975585938,529.9500122070312,529.510009765625,529.9099731445312
2026-09-01 10:10:00-04:00,529.97998046875,530.5399780273438,529.7899780273438,530.4874877929688
2026-09-01 10:15:00-04:00,530.489990234375,531.0399780273438,530.4896240234375,531.030029296875
2026-09-01 10:20:00-04:00,531.0599975585938,531.6500244140625,531.0499877929688,531.4149780273438
2026-09-01 10:25:00-04:00,531.4199829101562,531.5449829101562,531.2000122070312,531.2899780273438
2026-09-01 10:30:00-04:00,531.2999877929688,531.5900268554688,531.27001953125,531.52001953125
2026-09-01 10:35:00-04:00,531.5999755859375,531.6300048828125,531.219970703125,531.2999877929688
2026-09-01 10:40:00-04:00,531.3200073242188,531.3699951171875,530.6799926757812,530.77001953125
2026-09-01 10:45:00-04:00,530.7899780273438,530.7899780273438,530.25,530.2650146484375
2026-09-01 10:50:00-04:00,530.1900024414062,530.1900024414062,529.7750244140625,529.9099731445312
2026-09-01 10:55:00-04:00,529.9299926757812,530.0800170898438,529.6099853515625,529.75
2026-09-01 11:00:00-04:00,529.7449951171875,529.8297729492188,529.52001953125,529.5999755859375
2026-09-01 11:05:00-04:00,529.5499877929688,529.7100219726562,529.5001220703125,529.6500244140625
2026-09-01 11:10:00-04:00,529.625,529.9359741210938,529.5399780273438,529.8699951171875
2026-09-01 11:15:00-04:00,529.8099975585938,529.8099975585938,529.6199951171875,529.719970703125
2026-09-01 11:20:00-04:00,529.6799926757812,529.6799926757812,529.47998046875,529.5700073242188
2026-09-01 11:25:00-04:00,529.5399780273438,529.6599731445312,529.4450073242188,529.6199951171875
2026-09-01 11:30:00-04:00,529.6400146484375,529.7100219726562,529.4600219726562,529.6400146484375
2026-09-01 11:35:00-04:00,529.530029296875,529.7849731445312,529.4838256835938,529.760009765625
2026-09-01 11:40:00-04:00,529.756591796875,529.844970703125,529.5700073242188,529.6599731445312
2026-09-01 11:45:00-04:00,529.6599731445312,529.8599853515625,529.6099853515625,529.8400268554688
2026-09-01 11:50:00-04:00,529.8200073242188,529.8200073242188,529.5999755859375,529.7000122070312
2026-09-01 11:55:00-04:00,529.6799926757812,529.6799926757812,529.4500122070312,529.6300048828125
2026-09-01 12:00:00-04:00,529.5800170898438,529.8499755859375,529.5800170898438,529.8400268554688
2026-09-01 12:05:00-04:00,529.844970703125,529.9099731445312,529.510009765625,529.510009765625
2026-09-01 12:10:00-04:00,529.5250244140625,529.75,529.3300170898438,529.3300170898438
2026-09-01 12:15:00-04:00,529.3499755859375,529.4450073242188,529.0800170898438,529.0800170898438
2026-09-01 12:20:00-04:00,529.0900268554688,529.0900268554688,528.469970703125,528.6199951171875
2026-09-01 12:25:00-04:00,528.6199951171875,528.6400146484375,528.0701293945312,528.1300048828125
2026-09-01 12:30:00-04:00,528.1300048828125,528.1599731445312,527.3300170898438,527.3900146484375
2026-09-01 12:35:00-04:00,527.4199829101562,527.8800048828125,527.3800048828125,527.7999877929688
2026-09-01 12:40:00-04:00,527.7750244140625,528.0499877929688,527.5999755859375,527.5999755859375
2026-09-01 12:45:00-04:00,527.614990234375,527.719970703125,527.530029296875,527.530029296875
2026-09-01 12:50:00-04:00,527.5,527.6099853515625,527.3499755859375,527.413818359375
2026-09-01 12:55:00-04:00,527.47998046875,527.6513061523438,527.4400024414062,527.5499877929688
2026-09-01 13:00:00-04:00,527.47998046875,527.52001953125,527.3499755859375,527.3499755859375
2026-09-01 13:05:00-04:00,527.3599853515625,527.530029296875,527.3200073242188,527.530029296875
2026-09-01 13:10:00-04:00,527.47998046875,527.780029296875,527.47998046875,527.739990234375
2026-09-01 13:15:00-04:00,527.6900024414062,527.739990234375,527.3300170898438,527.3900146484375
2026-09-01 13:20:00-04:00,527.3900146484375,527.4949951171875,527.3300170898438,527.469970703125
2026-09-01 13:25:00-04:00,527.469970703125,527.530029296875,526.9600219726562,527.3800048828125
2026-09-01 13:30:00-04:00,527.5399780273438,527.75,527.4600219726562,527.7100219726562
2026-09-01 13:35:00-04:00,527.719970703125,527.8389892578125,527.5499877929688,527.6599731445312
2026-09-01 13:40:00-04:00,527.6900024414062,527.9099731445312,527.6400146484375,527.780029296875
2026-09-01 13:45:00-04:00,527.75,527.8400268554688,527.5999755859375,527.60498046875
2026-09-01 13:50:00-04:00,527.60400390625,527.6699829101562,527.4949951171875,527.4949951171875
2026-09-01 13:55:00-04:00,527.47998046875,527.5900268554688,527.4000244140625,527.5700073242188
2026-09-01 14:00:00-04:00,527.5800170898438,527.6799926757812,527.469970703125,527.530029296875
2026-09-01 14:05:00-04:00,527.530029296875,527.7100219726562,527.489990234375,527.6799926757812
2026-09-01 14:10:00-04:00,527.6799926757812,527.7899780273438,527.6409912109375,527.6599731445312
2026-09-01 14:15:00-04:00,527.6799926757812,527.9299926757812,527.6500244140625,527.9249877929688
2026-09-01 14:20:00-04:00,527.9500122070312,527.97998046875,527.8099975585938,527.8800048828125
2026-09-01 14:25:00-04:00,527.9000244140625,527.9000244140625,527.4500122070312,527.510009765625
2026-09-01 14:30:00-04:00,527.510009765625,527.5399780273438,527.3400268554688,527.3900146484375
2026-09-01 14:35:00-04:00,527.3900146484375,527.4299926757812,527.1599731445312,527.239990234375
2026-09-01 14:40:00-04:00,527.239990234375,527.3350219726562,526.9099731445312,526.9199829101562
2026-09-01 14:45:00-04:00,526.9099731445312,527.219970703125,526.8400268554688,527.1348266601562
2026-09-01 14:50:00-04:00,527.1799926757812,527.2750244140625,527.094970703125,527.1300048828125
2026-09-01 14:55:00-04:00,527.0999755859375,527.4199829101562,527.0599975585938,527.2600708007812
2026-09-01 15:00:00-04:00,527.27001953125,527.6300048828125,527.27001953125,527.5800170898438
2026-09-01 15:05:00-04:00,527.5750122070312,527.6400146484375,527.405029296875,527.47998046875
2026-09-01 15:10:00-04:00,527.530029296875,527.8800048828125,527.5,527.8800048828125
2026-09-01 15:15:00-04:00,527.8800048828125,527.9500122070312,527.6400146484375,527.75
2026-09-01 15:20:00-04:00,527.77001953125,527.77001953125,527.5250244140625,527.5900268554688
2026-09-01 15:25:00-04:00,527.5750122070312,527.6500244140625,527.530029296875,527.6099853515625
2026-09-01 15:30:00-04:00,527.510009765625,527.510009765625,527.3099975585938,527.489990234375
2026-09-01 15:35:00-04:00,527.5,527.6199951171875,527.2999877929688,527.2999877929688
2026-09-01 15:40:00-04:00,527.3049926757812,527.52001953125,527.2550048828125,527.3200073242188
2026-09-01 15:45:00-04:00,527.3300170898438,527.47998046875,527.25,527.3568725585938
2026-09-01 15:50:00-04:00,527.2999877929688,527.3800048828125,527.1300048828125,527.3699951171875
2026-09-01 15:55:00-04:00,527.3900146484375,527.75,527.0599975585938,527.719970703125
2026-09-02 09:30:00-04:00,529.510009765625,530.1300048828125,529.239990234375,530.0
2026-09-02 09:35:00-04:00,529.9199829101562,530.4500122070312,529.5700073242188,530.2650146484375
2026-09-02 09:40:00-04:00,530.25,530.25,529.4299926757812,530.135009765625
2026-09-02 09:45:00-04:00,530.1300048828125,530.1300048828125,529.260009765625,529.4099731445312
2026-09-02 09:50:00-04:00,529.4099731445312,530.1900024414062,529.4099731445312,530.1799926757812
2026-09-02 09:55:00-04:00,530.1849975585938,530.3599853515625,529.9199829101562,530.3099975585938
2026-09-02 10:00:00-04:00,530.2999877929688,530.8800048828125,530.239990234375,530.8150024414062
2026-09-02 10:05:00-04:00,530.8200073242188,531.0795288085938,530.7100219726562,530.7100219726562
2026-09-02 10:10:00-04:00,530.72998046875,531.1599731445312,530.6799926757812,531.0499877929688
2026-09-02 10:15:00-04:00,531.0900268554688,531.4400024414062,530.9199829101562,531.260009765625
2026-09-02 10:20:00-04:00,531.3099975585938,531.510009765625,531.1199951171875,531.260009765625
2026-09-02 10:25:00-04:00,531.260009765625,531.5800170898438,531.1849975585938,531.1950073242188
2026-09-02 10:30:00-04:00,531.1900024414062,531.2849731445312,530.969970703125,531.2349853515625
2026-09-02 10:35:00-04:00,531.3099975585938,531.780029296875,531.260009765625,531.780029296875
2026-09-02 10:40:00-04:00,531.8499755859375,532.1699829101562,531.8200073242188,532.1099853515625
2026-09-02 10:45:00-04:00,532.1300048828125,532.1300048828125,531.8499755859375,531.969970703125
2026-09-02 10:50:00-04:00,531.969970703125,531.989990234375,531.7100219726562,531.8800048828125
2026-09-02 10:55:00-04:00,531.885009765625,531.9400024414062,531.6400146484375,531.7100219726562
2026-09-02 11:00:00-04:00,531.7150268554688,531.8200073242188,531.2650146484375,531.2650146484375
2026-09-02 11:05:00-04:00,531.25,531.39501953125,530.9400024414062,530.97998046875
2026-09-02 11:10:00-04:00,530.969970703125,531.260009765625,530.7750244140625,530.8599853515625
2026-09-02 11:15:00-04:00,530.8900146484375,531.0,530.719970703125,530.8900146484375
2026-09-02 11:20:00-04:00,530.9000244140625,530.9500122070312,530.60498046875,530.60498046875
2026-09-02 11:25:00-04:00,530.6400146484375,530.8400268554688,530.469970703125,530.739990234375
2026-09-02 11:30:00-04:00,530.8099975585938,530.8499755859375,530.5599975585938,530.5900268554688
2026-09-02 11:35:00-04:00,530.6749877929688,530.719970703125,530.4000244140625,530.4099731445312
2026-09-02 11:40:00-04:00,530.4000244140625,530.5294799804688,530.1950073242188,530.1950073242188
2026-09-02 11:45:00-04:00,530.2000122070312,530.2000122070312,529.8668823242188,529.9114990234375
2026-09-02 11:50:00-04:00,530.02001953125,530.3099975585938,530.02001953125,530.25
2026-09-02 11:55:00-04:00,530.1950073242188,530.5449829101562,530.1300048828125,530.5449829101562
2026-09-02 12:00:00-04:00,530.4749755859375,530.52001953125,530.2100219726562,530.280029296875
2026-09-02 12:05:00-04:00,530.22998046875,530.3695068359375,530.1799926757812,530.27001953125
2026-09-02 12:10:00-04:00,530.27001953125,530.4600219726562,530.1400146484375,530.4400024414062
2026-09-02 12:15:00-04:00,530.4149780273438,530.4149780273438,530.0999755859375,530.2000122070312
2026-09-02 12:20:00-04:00,530.1799926757812,530.1799926757812,529.75,529.75
2026-09-02 12:25:00-04:00,529.7365112304688,529.8599853515625,529.52001953125,529.5900268554688
2026-09-02 12:30:00-04:00,529.5700073242188,529.9000244140625,529.5399780273438,529.865478515625
2026-09-02 12:35:00-04:00,529.8499755859375,530.0150146484375,529.8300170898438,529.969970703125
2026-09-02 12:40:00-04:00,529.9400024414062,529.9400024414062,529.719970703125,529.719970703125
2026-09-02 12:45:00-04:00,529.75,529.9000244140625,529.75,529.8800048828125
2026-09-02 12:50:00-04:00,529.9000244140625,529.969970703125,529.8099975585938,529.9600219726562
2026-09-02 12:55:00-04:00,530.0,530.010009765625,529.760009765625,529.760009765625
2026-09-02 13:00:00-04:00,529.77001953125,530.239990234375,529.760009765625,530.239990234375
2026-09-02 13:05:00-04:00,530.260009765625,530.260009765625,530.010009765625,530.010009765625
2026-09-02 13:10:00-04:00,530.0399780273438,530.1199951171875,529.989990234375,530.030029296875
2026-09-02 13:15:00-04:00,530.010009765625,530.0399780273438,529.7150268554688,529.75
2026-09-02 13:20:00-04:00,529.760009765625,529.7962036132812,529.6199951171875,529.6799926757812
2026-09-02 13:25:00-04:00,529.6699829101562,529.8150024414062,529.5900268554688,529.6099853515625
2026-09-02 13:30:00-04:00,529.614990234375,529.6599731445312,529.4249877929688,529.4500122070312
2026-09-02 13:35:00-04:00,529.4451904296875,529.6199951171875,529.4400024414062,529.5549926757812
2026-09-02 13:40:00-04:00,529.5900268554688,529.9000244140625,529.5700073242188,529.9000244140625
2026-09-02 13:45:00-04:00,529.8900146484375,530.1849975585938,529.8900146484375,529.9600219726562
2026-09-02 13:50:00-04:00,529.97998046875,530.0700073242188,529.9099731445312,530.0
2026-09-02 13:55:00-04:00,529.989990234375,530.22998046875,529.9197998046875,530.1649780273438
2026-09-02 14:00:00-04:00,530.1799926757812,530.375,529.905029296875,530.3400268554688
2026-09-02 14:05:00-04:00,530.3300170898438,530.3699951171875,530.090576171875,530.14501953125
2026-09-02 14:10:00-04:00,530.1500244140625,530.2550048828125,530.1300048828125,530.155029296875
2026-09-02 14:15:00-04:00,530.1849975585938,530.72998046875,530.1799926757812,530.39501953125
2026-09-02 14:20:00-04:00,530.4000244140625,530.47998046875,530.0599975585938,530.0599975585938
2026-09-02 14:25:00-04:00,530.0999755859375,530.1400146484375,529.9099731445312,530.0599975585938
2026-09-02 14:30:00-04:00,530.0399780273438,530.1400146484375,529.9949951171875,530.010009765625
2026-09-02 14:35:00-04:00,529.969970703125,529.989990234375,529.760009765625,529.7650146484375
2026-09-02 14:40:00-04:00,529.7949829101562,529.8300170898438,529.719970703125,529.7319946289062
2026-09-02 14:45:00-04:00,529.8099975585938,529.885009765625,529.719970703125,529.8800048828125
2026-09-02 14:50:00-04:00,529.9099731445312,530.14501953125,529.9000244140625,530.125
2026-09-02 14:55:00-04:00,530.1049194335938,530.1699829101562,529.9710083007812,530.0050048828125
2026-09-02 15:00:00-04:00,530.0250244140625,530.1300048828125,529.9400024414062,530.094970703125
2026-09-02 15:05:00-04:00,530.1300048828125,530.4000244140625,530.1300048828125,530.3599853515625
2026-09-02 15:10:00-04:00,530.389892578125,530.52001953125,530.3502807617188,530.52001953125
2026-09-02 15:15:00-04:00,530.530029296875,530.5900268554688,530.4299926757812,530.5800170898438
2026-09-02 15:20:00-04:00,530.5399780273438,530.5800170898438,530.3900146484375,530.5499877929688
2026-09-02 15:25:00-04:00,530.5700073242188,530.85498046875,530.5700073242188,530.85498046875
2026-09-02 15:30:00-04:00,530.8400268554688,530.8699951171875,530.5999755859375,530.6900024414062
2026-09-02 15:35:00-04:00,530.6895751953125,530.7899780273438,530.6599731445312,530.6799926757812
2026-09-02 15:40:00-04:00,530.6599731445312,530.8499755859375,530.6500244140625,530.7899780273438
2026-09-02 15:45:00-04:00,530.8049926757812,530.9249877929688,530.6900024414062,530.8400268554688
2026-09-02 15:50:00-04:00,530.8499755859375,530.8599853515625,530.510009765625,530.6099853515625
2026-09-02 15:55:00-04:00,530.6300048828125,530.6900024414062,530.3900146484375,530.6599731445312
2026-09-03 09:30:00-04:00,534.0399780273438,535.02001953125,533.8900146484375,534.5399780273438
2026-09-03 09:35:00-04:00,534.5499877929688,535.3800048828125,534.4000244140625,534.489990234375
2026-09-03 09:40:00-04:00,534.530029296875,535.2899780273438,534.1599731445312,535.1500244140625
2026-09-03 09:45:00-04:00,535.3400268554688,535.47998046875,534.4500732421875,534.5800170898438
2026-09-03 09:50:00-04:00,534.5599975585938,535.5700073242188,534.5599975585938,535.0
2026-09-03 09:55:00-04:00,535.010009765625,535.1099853515625,534.7999877929688,535.010009765625
2026-09-03 10:00:00-04:00,535.030029296875,535.030029296875,533.60498046875,533.6799926757812
2026-09-03 10:05:00-04:00,533.6400146484375,533.72998046875,533.010009765625,533.1400146484375
2026-09-03 10:10:00-04:00,533.1500244140625,533.5399780273438,532.9400024414062,533.4199829101562
2026-09-03 10:15:00-04:00,533.4849853515625,533.8800048828125,533.3419189453125,533.8800048828125
2026-09-03 10:20:00-04:00,533.8699951171875,533.9000244140625,533.5900268554688,533.739990234375
2026-09-03 10:25:00-04:00,533.72998046875,533.739990234375,533.3900146484375,533.489990234375
2026-09-03 10:30:00-04:00,533.4000244140625,533.8300170898438,533.4000244140625,533.5399780273438
2026-09-03 10:35:00-04:00,533.52001953125,534.3499755859375,533.5,534.1699829101562
2026-09-03 10:40:00-04:00,534.1799926757812,534.5700073242188,534.0900268554688,534.1400146484375
2026-09-03 10:45:00-04:00,534.1500244140625,534.9199829101562,534.1400146484375,534.739990234375
2026-09-03 10:50:00-04:00,534.7150268554688,534.7999877929688,534.4099731445312,534.7550048828125
2026-09-03 10:55:00-04:00,534.72998046875,535.1500244140625,533.8099975585938,535.0800170898438
2026-09-03 11:00:00-04:00,535.0700073242188,535.5,534.9400024414062,535.489990234375
2026-09-03 11:05:00-04:00,535.489990234375,535.8400268554688,535.47998046875,535.739990234375
2026-09-03 11:10:00-04:00,535.780029296875,536.1500244140625,535.6400146484375,536.1300048828125
2026-09-03 11:15:00-04:00,536.1300048828125,536.6400146484375,536.0900268554688,536.6400146484375
2026-09-03 11:20:00-04:00,536.6300048828125,536.9450073242188,536.3800048828125,536.8499755859375
2026-09-03 11:25:00-04:00,536.8599853515625,537.2899780273438,536.8300170898438,537.2899780273438
2026-09-03 11:30:00-04:00,537.2899780273438,537.6199951171875,537.0999755859375,537.27001953125
2026-09-03 11:35:00-04:00,537.260009765625,537.3300170898438,536.760009765625,536.77001953125
2026-09-03 11:40:00-04:00,536.8300170898438,537.1400146484375,536.739990234375,536.989990234375
2026-09-03 11:45:00-04:00,537.010009765625,537.3800048828125,536.989990234375,537.2999877929688
2026-09-03 11:50:00-04:00,537.338623046875,537.4600219726562,537.2000122070312,537.260009765625
2026-09-03 11:55:00-04:00,537.260009765625,537.3300170898438,537.0700073242188,537.280029296875
2026-09-03 12:00:00-04:00,537.280029296875,537.2899780273438,536.9099731445312,536.9400024414062
2026-09-03 12:05:00-04:00,536.9000244140625,536.9000244140625,536.530029296875,536.5549926757812
2026-09-03 12:10:00-04:00,536.5,536.6099853515625,536.3300170898438,536.5700073242188
2026-09-03 12:15:00-04:00,536.5599975585938,536.6599731445312,536.469970703125,536.5700073242188
2026-09-03 12:20:00-04:00,536.5900268554688,536.77001953125,536.5250244140625,536.7100219726562
2026-09-03 12:25:00-04:00,536.7000122070312,536.7000122070312,536.469970703125,536.6400146484375
2026-09-03 12:30:00-04:00,536.6500244140625,536.8900146484375,536.5999755859375,536.8499755859375
2026-09-03 12:35:00-04:00,536.8099975585938,537.0900268554688,536.72998046875,536.989990234375
2026-09-03 12:40:00-04:00,536.9949951171875,537.1400146484375,536.9299926757812,537.030029296875
2026-09-03 12:45:00-04:00,537.0599975585938,537.1599731445312,536.989990234375,537.0164794921875
2026-09-03 12:50:00-04:00,537.010009765625,537.02001953125,536.864990234375,536.9299926757812
2026-09-03 12:55:00-04:00,536.9223022460938,537.0,536.739990234375,536.739990234375
2026-09-03 13:00:00-04:00,536.72998046875,536.77001953125,536.5800170898438,536.6400146484375
2026-09-03 13:05:00-04:00,536.6500244140625,536.77001953125,536.4600219726562,536.5050048828125
2026-09-03 13:10:00-04:00,536.4450073242188,536.5800170898438,536.3800048828125,536.5501098632812
2026-09-03 13:15:00-04:00,536.5999755859375,536.6500244140625,536.5,536.5399780273438
2026-09-03 13:20:00-04:00,536.52001953125,536.6699829101562,536.5,536.6400146484375
2026-09-03 13:25:00-04:00,536.6599731445312,536.9299926757812,536.6599731445312,536.9199829101562
2026-09-03 13:30:00-04:00,536.9099731445312,537.219970703125,536.9099731445312,537.1500244140625
2026-09-03 13:35:00-04:00,537.1599731445312,537.280029296875,537.1599731445312,537.2150268554688
2026-09-03 13:40:00-04:00,537.2199096679688,537.260009765625,536.97998046875,537.010009765625
2026-09-03 13:45:00-04:00,536.989990234375,537.0599975585938,536.9000244140625,536.9099731445312
2026-09-03 13:50:00-04:00,536.969970703125,537.0999755859375,536.9600219726562,537.010009765625
2026-09-03 13:55:00-04:00,536.9600219726562,536.989990234375,536.8400268554688,536.8900146484375
2026-09-03 14:00:00-04:00,536.8900146484375,537.1799926757812,536.8900146484375,536.97998046875
2026-09-03 14:05:00-04:00,536.9500122070312,537.030029296875,536.9000244140625,537.0
2026-09-03 14:10:00-04:00,536.989990234375,537.1500244140625,536.9400024414062,537.0700073242188
2026-09-03 14:15:00-04:00,537.0900268554688,537.2000122070312,536.9099731445312,536.989990234375
2026-09-03 14:20:00-04:00,537.0291748046875,537.0499877929688,536.9099731445312,537.02001953125
2026-09-03 14:25:00-04:00,537.0399780273438,537.0599975585938,536.969970703125,537.0150146484375
2026-09-03 14:30:00-04:00,536.989990234375,537.030029296875,536.8900146484375,536.9500122070312
2026-09-03 14:35:00-04:00,536.9600219726562,537.0,536.9000244140625,536.9125366210938
2026-09-03 14:40:00-04:00,536.8800048828125,536.9099731445312,536.7501220703125,536.8200073242188
2026-09-03 14:45:00-04:00,536.8400268554688,536.8800048828125,536.760009765625,536.8400268554688
2026-09-03 14:50:00-04:00,536.8300170898438,536.8800048828125,536.760009765625,536.8499755859375
2026-09-03 14:55:00-04:00,536.8599853515625,536.8699951171875,536.7100219726562,536.8699951171875
2026-09-03 15:00:00-04:00,536.8900146484375,536.9600219726562,536.77001953125,536.9099731445312
2026-09-03 15:05:00-04:00,536.8900146484375,536.989990234375,536.8499755859375,536.9000244140625
2026-09-03 15:10:00-04:00,536.9099731445312,536.9400024414062,536.739990234375,536.739990234375
2026-09-03 15:15:00-04:00,536.7100219726562,536.7999877929688,536.6500244140625,536.7999877929688
2026-09-03 15:20:00-04:00,536.7999877929688,536.7999877929688,536.5999755859375,536.6199951171875
2026-09-03 15:25:00-04:00,536.6300048828125,536.7849731445312,536.5999755859375,536.75
2026-09-03 15:30:00-04:00,536.7999877929688,536.9500122070312,536.7899780273438,536.8900146484375
2026-09-03 15:35:00-04:00,536.9099731445312,537.1199951171875,536.8900146484375,537.02001953125
2026-09-03 15:40:00-04:00,537.02001953125,537.0599975585938,536.9000244140625,536.9299926757812
2026-09-03 15:45:00-04:00,536.9199829101562,537.02001953125,536.7899780273438,537.010009765625
2026-09-03 15:50:00-04:00,536.989990234375,537.0399780273438,536.7899780273438,536.8400268554688
2026-09-03 15:55:00-04:00,536.8400268554688,536.969970703125,536.6099853515625,536.9299926757812
2026-09-04 09:30:00-04:00,535.1300048828125,536.3699951171875,534.9600219726562,535.85498046875
2026-09-04 09:35:00-04:00,535.8499755859375,536.1099853515625,535.2100219726562,535.469970703125
2026-09-04 09:40:00-04:00,535.4000244140625,535.530029296875,535.0800170898438,535.27001953125
2026-09-04 09:45:00-04:00,535.27001953125,536.02001953125,535.27001953125,535.9000244140625
2026-09-04 09:50:00-04:00,535.7999877929688,535.8599853515625,535.1799926757812,535.2999877929688
2026-09-04 09:55:00-04:00,535.1900024414062,535.2000122070312,534.9301147460938,534.969970703125
2026-09-04 10:00:00-04:00,534.9500122070312,535.0800170898438,534.614990234375,534.614990234375
2026-09-04 10:05:00-04:00,534.639892578125,534.7999877929688,534.4299926757812,534.4400024414062
2026-09-04 10:10:00-04:00,534.4199829101562,534.4600219726562,534.0,534.4600219726562
2026-09-04 10:15:00-04:00,534.4400024414062,534.4749755859375,534.0399780273438,534.0499877929688
2026-09-04 10:20:00-04:00,534.0999755859375,534.1699829101562,533.969970703125,534.10498046875
2026-09-04 10:25:00-04:00,534.0900268554688,534.2899780273438,534.0399780273438,534.1599731445312
2026-09-04 10:30:00-04:00,534.2000122070312,534.3599853515625,534.030029296875,534.2650146484375
2026-09-04 10:35:00-04:00,534.3800048828125,534.4600219726562,534.0900268554688,534.4099731445312
2026-09-04 10:40:00-04:00,534.3400268554688,534.3900146484375,534.0,534.02001953125
2026-09-04 10:45:00-04:00,534.0599975585938,534.2150268554688,533.52001953125,533.5349731445312
2026-09-04 10:50:00-04:00,533.5449829101562,533.739990234375,533.239990234375,533.239990234375
2026-09-04 10:55:00-04:00,533.239990234375,533.3300170898438,533.02001953125,533.0900268554688
2026-09-04 11:00:00-04:00,533.0999755859375,533.3300170898438,532.9299926757812,533.2899780273438
2026-09-04 11:05:00-04:00,533.2899780273438,533.3499755859375,533.1099853515625,533.1699829101562
2026-09-04 11:10:00-04:00,533.219970703125,533.3900146484375,532.97998046875,533.3900146484375
2026-09-04 11:15:00-04:00,533.3699951171875,533.47998046875,533.1699829101562,533.2650146484375
2026-09-04 11:20:00-04:00,533.2100219726562,533.3400268554688,533.0599975585938,533.1199951171875
2026-09-04 11:25:00-04:00,533.1199951171875,533.3099975585938,532.969970703125,533.3099975585938
2026-09-04 11:30:00-04:00,533.22998046875,533.2449951171875,533.030029296875,533.1900024414062
2026-09-04 11:35:00-04:00,533.25,533.4099731445312,533.239990234375,533.4099731445312
2026-09-04 11:40:00-04:00,533.4299926757812,533.7999877929688,533.4299926757812,533.7750244140625
2026-09-04 11:45:00-04:00,533.760009765625,533.9299926757812,533.6599731445312,533.8464965820312
2026-09-04 11:50:00-04:00,533.8499755859375,534.010009765625,533.8099975585938,533.9400024414062
2026-09-04 11:55:00-04:00,533.9005126953125,534.010009765625,533.719970703125,533.8099975585938
2026-09-04 12:00:00-04:00,533.7750244140625,534.1199951171875,533.7750244140625,534.0900268554688
2026-09-04 12:05:00-04:00,534.1199951171875,534.2050170898438,533.9400024414062,534.1300048828125
2026-09-04 12:10:00-04:00,534.1400146484375,534.489990234375,534.1400146484375,534.4849853515625
2026-09-04 12:15:00-04:00,534.4600219726562,534.6599731445312,534.3616943359375,534.6599731445312
2026-09-04 12:20:00-04:00,534.6699829101562,534.77001953125,534.4600830078125,534.4949951171875
2026-09-04 12:25:00-04:00,534.510009765625,534.510009765625,534.3046264648438,534.3099975585938
2026-09-04 12:30:00-04:00,534.25,534.4199829101562,534.2249755859375,534.4099731445312
2026-09-04 12:35:00-04:00,534.4000244140625,534.4000244140625,534.239990234375,534.27001953125
2026-09-04 12:40:00-04:00,534.280029296875,534.4500122070312,534.219970703125,534.4299926757812
2026-09-04 12:45:00-04:00,534.4000244140625,534.4849853515625,534.3900146484375,534.4099731445312
2026-09-04 12:50:00-04:00,534.4099731445312,534.5989990234375,534.375,534.4500122070312
2026-09-04 12:55:00-04:00,534.4600219726562,534.5900268554688,534.3300170898438,534.3300170898438
2026-09-04 13:00:00-04:00,534.3200073242188,534.4000244140625,534.094970703125,534.1300048828125
2026-09-04 13:05:00-04:00,534.1900024414062,534.2949829101562,534.0800170898438,534.1699829101562
2026-09-04 13:10:00-04:00,534.1593017578125,534.280029296875,534.1593017578125,534.280029296875
2026-09-04 13:15:00-04:00,534.260009765625,534.3350219726562,534.1900024414062,534.27001953125
2026-09-04 13:20:00-04:00,534.260009765625,534.3400268554688,534.1500244140625,534.1729736328125
2026-09-04 13:25:00-04:00,534.1900024414062,534.1900024414062,533.9199829101562,533.9349975585938
2026-09-04 13:30:00-04:00,533.9299926757812,533.9600219726562,533.7899780273438,533.9401245117188
2026-09-04 13:35:00-04:00,533.9450073242188,534.1300048828125,533.9400024414062,534.02001953125
2026-09-04 13:40:00-04:00,534.0900268554688,534.0900268554688,533.8099975585938,533.8150024414062
2026-09-04 13:45:00-04:00,533.8599853515625,533.864990234375,533.719970703125,533.77001953125
2026-09-04 13:50:00-04:00,533.8300170898438,533.8499755859375,533.6799926757812,533.7747802734375
2026-09-04 13:55:00-04:00,533.8099975585938,533.9500122070312,533.7899780273438,533.9199829101562
2026-09-04 14:00:00-04:00,533.9299926757812,534.1400146484375,533.9000244140625,534.0399780273438
2026-09-04 14:05:00-04:00,534.0399169921875,534.2000122070312,534.010009765625,534.1900024414062
2026-09-04 14:10:00-04:00,534.1900024414062,534.3200073242188,534.1900024414062,534.27001953125
2026-09-04 14:15:00-04:00,534.280029296875,534.3300170898438,534.1849975585938,534.25
2026-09-04 14:20:00-04:00,534.27001953125,534.3400268554688,534.219970703125,534.3200073242188
2026-09-04 14:25:00-04:00,534.2999877929688,534.3400268554688,534.208984375,534.280029296875
2026-09-04 14:30:00-04:00,534.2899780273438,534.4299926757812,534.219970703125,534.3809204101562
2026-09-04 14:35:00-04:00,534.385009765625,534.4000244140625,534.22998046875,534.25
2026-09-04 14:40:00-04:00,534.2449951171875,534.4199829101562,534.2000122070312,534.4099731445312
2026-09-04 14:45:00-04:00,534.4199829101562,534.4199829101562,534.3123168945312,534.3300170898438
2026-09-04 14:50:00-04:00,534.3499755859375,534.3800048828125,534.22998046875,534.22998046875
2026-09-04 14:55:00-04:00,534.22998046875,534.25,534.1599731445312,534.1900024414062
2026-09-04 15:00:00-04:00,534.1799926757812,534.230712890625,533.8200073242188,533.8400268554688
2026-09-04 15:05:00-04:00,533.8599853515625,533.8900146484375,533.760009765625,533.8099975585938
2026-09-04 15:10:00-04:00,533.7999877929688,533.905029296875,533.7750244140625,533.8099975585938
2026-09-04 15:15:00-04:00,533.8200073242188,533.89501953125,533.7999877929688,533.8599853515625
2026-09-04 15:20:00-04:00,533.8599853515625,533.9299926757812,533.7750244140625,533.8900146484375
2026-09-04 15:25:00-04:00,533.9099731445312,534.0700073242188,533.8800048828125,534.0
2026-09-04 15:30:00-04:00,534.0,534.02001953125,533.8800048828125,533.9000244140625
2026-09-04 15:35:00-04:00,533.8699951171875,533.9099731445312,533.6599731445312,533.7000122070312
2026-09-04 15:40:00-04:00,533.7000122070312,533.9099731445312,533.6599731445312,533.8599853515625
2026-09-04 15:45:00-04:00,533.8499755859375,534.0499877929688,533.7100219726562,534.010009765625
2026-09-04 15:50:00-04:00,534.030029296875,534.1699829101562,533.9500122070312,534.0700073242188
2026-09-04 15:55:00-04:00,534.0999755859375,534.1599731445312,533.8200073242188,534.0700073242188
2026-09-08 09:30:00-04:00,530.219970703125,530.3699951171875,528.77001953125,529.4650268554688
2026-09-08 09:35:00-04:00,529.4400024414062,529.75,529.3300170898438,529.6099853515625
2026-09-08 09:40:00-04:00,529.3699951171875,529.8599853515625,529.010009765625,529.8150024414062
2026-09-08 09:45:00-04:00,529.8300170898438,530.0800170898438,529.489990234375,529.5700073242188
2026-09-08 09:50:00-04:00,529.6099853515625,529.6099853515625,529.0999755859375,529.1300048828125
2026-09-08 09:55:00-04:00,529.1400146484375,529.530029296875,528.85498046875,528.8599853515625
2026-09-08 10:00:00-04:00,528.9000244140625,529.1649780273438,528.0700073242188,528.39501953125
2026-09-08 10:05:00-04:00,528.3900146484375,528.52001953125,527.77001953125,527.780029296875
2026-09-08 10:10:00-04:00,527.760009765625,528.0194702148438,527.5050048828125,527.8300170898438
2026-09-08 10:15:00-04:00,527.8099975585938,527.9099731445312,527.4400024414062,527.7000122070312
2026-09-08 10:20:00-04:00,527.6599731445312,528.010009765625,527.52001953125,527.9400024414062
2026-09-08 10:25:00-04:00,528.030029296875,528.030029296875,527.3499755859375,527.35498046875
2026-09-08 10:30:00-04:00,527.4000244140625,527.6900024414062,527.4000244140625,527.6900024414062
2026-09-08 10:35:00-04:00,527.6099853515625,527.989990234375,527.5900268554688,527.9652709960938
2026-09-08 10:40:00-04:00,527.9199829101562,528.02001953125,527.7999877929688,527.8400268554688
2026-09-08 10:45:00-04:00,527.8400268554688,528.2371826171875,527.5599975585938,528.219970703125
2026-09-08 10:50:00-04:00,528.25,528.6199951171875,528.1900024414062,528.4299926757812
2026-09-08 10:55:00-04:00,528.4400024414062,528.7449951171875,528.39501953125,528.5900268554688
2026-09-08 11:00:00-04:00,528.6099853515625,528.969970703125,528.5,528.8099975585938
2026-09-08 11:05:00-04:00,528.7899780273438,528.9000244140625,528.6900024414062,528.8699951171875
2026-09-08 11:10:00-04:00,528.9199829101562,529.1300048828125,528.7750244140625,528.7750244140625
2026-09-08 11:15:00-04:00,528.7899780273438,529.0999755859375,528.77001953125,528.9099731445312
2026-09-08 11:20:00-04:00,528.8300170898438,528.8300170898438,528.3499755859375,528.6849975585938
2026-09-08 11:25:00-04:00,528.75,529.1199951171875,528.75,528.8800048828125
2026-09-08 11:30:00-04:00,528.9000244140625,529.0999755859375,528.8200073242188,528.9299926757812
2026-09-08 11:35:00-04:00,528.8300170898438,528.8300170898438,528.4299926757812,528.4600219726562
2026-09-08 11:40:00-04:00,528.4500122070312,528.8099975585938,528.3800048828125,528.7000122070312
2026-09-08 11:45:00-04:00,528.7050170898438,528.760009765625,528.530029296875,528.5650024414062
2026-09-08 11:50:00-04:00,528.5704956054688,528.75,528.4400024414062,528.4550170898438
2026-09-08 11:55:00-04:00,528.4400024414062,528.5599975585938,528.4000244140625,528.419189453125
2026-09-08 12:00:00-04:00,528.3900146484375,528.5499877929688,528.27001953125,528.5499877929688
2026-09-08 12:05:00-04:00,528.5349731445312,528.6199951171875,528.3300170898438,528.3300170898438
2026-09-08 12:10:00-04:00,528.2999877929688,528.3049926757812,528.0548095703125,528.1199951171875
2026-09-08 12:15:00-04:00,528.0999755859375,528.135009765625,527.9099731445312,528.0250244140625
2026-09-08 12:20:00-04:00,527.989990234375,528.52001953125,527.9650268554688,528.4849853515625
2026-09-08 12:25:00-04:00,528.5349731445312,528.5999755859375,528.4299926757812,528.4600219726562
2026-09-08 12:30:00-04:00,528.4299926757812,528.4600219726562,528.2899780273438,528.3599853515625
2026-09-08 12:35:00-04:00,528.3400268554688,528.3499755859375,528.0900268554688,528.0900268554688
2026-09-08 12:40:00-04:00,528.1400146484375,528.22998046875,528.0800170898438,528.1799926757812
2026-09-08 12:45:00-04:00,528.1900024414062,528.4600219726562,528.155029296875,528.4100952148438
2026-09-08 12:50:00-04:00,528.4299926757812,528.72998046875,528.3720092773438,528.5250244140625
2026-09-08 12:55:00-04:00,528.530029296875,528.530029296875,528.1199951171875,528.4299926757812
2026-09-08 13:00:00-04:00,528.3900146484375,528.9600219726562,528.3900146484375,528.9600219726562
2026-09-08 13:05:00-04:00,528.97998046875,529.2100219726562,528.7249755859375,528.8099975585938
2026-09-08 13:10:00-04:00,528.739990234375,528.8099975585938,528.5900268554688,528.6900024414062
2026-09-08 13:15:00-04:00,528.72998046875,528.8098754882812,528.6900024414062,528.7138061523438
2026-09-08 13:20:00-04:00,528.6599731445312,528.760009765625,528.5999755859375,528.739990234375
2026-09-08 13:25:00-04:00,528.6599731445312,528.75,528.5,528.75
2026-09-08 13:30:00-04:00,528.75,528.9450073242188,528.6699829101562,528.905029296875
2026-09-08 13:35:00-04:00,528.8300170898438,529.0277099609375,528.8200073242188,528.9500122070312
2026-09-08 13:40:00-04:00,528.9249877929688,529.010009765625,528.77001953125,528.7999877929688
2026-09-08 13:45:00-04:00,528.7949829101562,528.9199829101562,528.739990234375,528.9099731445312
2026-09-08 13:50:00-04:00,528.9000244140625,529.1699829101562,528.8900146484375,529.1599731445312
2026-09-08 13:55:00-04:00,529.1699829101562,529.1699829101562,528.989990234375,529.030029296875
2026-09-08 14:00:00-04:00,528.989990234375,529.0900268554688,528.9600219726562,529.0700073242188
2026-09-08 14:05:00-04:00,529.0750122070312,529.2050170898438,528.989990234375,529.125
2026-09-08 14:10:00-04:00,529.1199951171875,529.219970703125,528.9400024414062,528.9849853515625
2026-09-08 14:15:00-04:00,528.9949951171875,529.02001953125,528.85498046875,528.9400024414062
2026-09-08 14:20:00-04:00,528.9600219726562,528.97998046875,528.739990234375,528.7899780273438
2026-09-08 14:25:00-04:00,528.7349853515625,528.905029296875,528.72998046875,528.875
2026-09-08 14:30:00-04:00,528.8800048828125,528.8800048828125,528.6699829101562,528.6699829101562
2026-09-08 14:35:00-04:00,528.6599731445312,528.6599731445312,528.3699951171875,528.3699951171875
2026-09-08 14:40:00-04:00,528.3599853515625,528.5700073242188,528.3200073242188,528.5700073242188
2026-09-08 14:45:00-04:00,528.5999755859375,528.6594848632812,527.5,527.9500122070312
2026-09-08 14:50:00-04:00,528.030029296875,528.280029296875,527.6900024414062,528.0900268554688
2026-09-08 14:55:00-04:00,528.0800170898438,528.1599731445312,527.885009765625,527.885009765625
2026-09-08 15:00:00-04:00,527.905029296875,528.0499877929688,527.77001953125,527.969482421875
2026-09-08 15:05:00-04:00,528.0499877929688,528.4500122070312,528.0499877929688,528.4000244140625
2026-09-08 15:10:00-04:00,528.3900146484375,528.6199951171875,528.3699951171875,528.5599975585938
2026-09-08 15:15:00-04:00,528.5399780273438,528.6799926757812,528.3699951171875,528.3800048828125
2026-09-08 15:20:00-04:00,528.3599853515625,528.3900146484375,528.1950073242188,528.2100219726562
2026-09-08 15:25:00-04:00,528.25,528.6099853515625,528.25,528.5599975585938
2026-09-08 15:30:00-04:00,528.5900268554688,528.7750244140625,528.469970703125,528.72998046875
2026-09-08 15:35:00-04:00,528.7349853515625,528.7550048828125,528.4500122070312,528.5399780273438
2026-09-08 15:40:00-04:00,528.5399780273438,528.6300048828125,528.3800048828125,528.530029296875
2026-09-08 15:45:00-04:00,528.5599975585938,528.5599975585938,528.1950073242188,528.219970703125
2026-09-08 15:50:00-04:00,528.1699829101562,528.1900024414062,527.6699829101562,527.77001953125
2026-09-08 15:55:00-04:00,527.77001953125,528.1599731445312,527.5449829101562,528.0499877929688
2026-09-09 09:30:00-04:00,525.6400146484375,525.739990234375,524.6500244140625,525.1900024414062
2026-09-09 09:35:00-04:00,525.1900024414062,525.2000122070312,523.9232788085938,524.1300048828125
2026-09-09 09:40:00-04:00,524.1099853515625,524.780029296875,524.030029296875,524.3599853515625
2026-09-09 09:45:00-04:00,524.3499755859375,524.8400268554688,524.3499755859375,524.47998046875
2026-09-09 09:50:00-04:00,524.4600219726562,524.47998046875,523.8300170898438,524.1900024414062
2026-09-09 09:55:00-04:00,524.1099853515625,524.3699951171875,524.0700073242188,524.27001953125
2026-09-09 10:00:00-04:00,524.2899780273438,524.4099731445312,523.8800048828125,524.1199951171875
2026-09-09 10:05:00-04:00,524.1400146484375,524.2999877929688,523.8200073242188,524.1199951171875
2026-09-09 10:10:00-04:00,524.10498046875,524.2899780273438,523.8200073242188,524.239990234375
2026-09-09 10:15:00-04:00,524.219970703125,524.27001953125,523.7100219726562,523.8400268554688
2026-09-09 10:20:00-04:00,523.8800048828125,524.030029296875,523.7000122070312,523.7000122070312
2026-09-09 10:25:00-04:00,523.7000122070312,524.989990234375,523.7000122070312,524.85498046875
2026-09-09 10:30:00-04:00,524.8900146484375,525.1500244140625,524.6500244140625,524.6799926757812
2026-09-09 10:35:00-04:00,524.6699829101562,525.0399780273438,524.6599731445312,524.8499755859375
2026-09-09 10:40:00-04:00,524.8350219726562,525.0700073242188,524.7349853515625,524.85498046875
2026-09-09 10:45:00-04:00,524.8049926757812,524.9299926757812,524.5,524.885009765625
2026-09-09 10:50:00-04:00,524.9400024414062,525.52001953125,524.9400024414062,525.3400268554688
2026-09-09 10:55:00-04:00,525.4299926757812,525.4400024414062,524.969970703125,525.02001953125
2026-09-09 11:00:00-04:00,525.0700073242188,525.5800170898438,524.0700073242188,524.155029296875
2026-09-09 11:05:00-04:00,524.0900268554688,524.280029296875,523.989990234375,523.989990234375
2026-09-09 11:10:00-04:00,523.9749755859375,523.97998046875,523.6599731445312,523.77001953125
2026-09-09 11:15:00-04:00,523.739990234375,523.8599853515625,523.469970703125,523.6300048828125
2026-09-09 11:20:00-04:00,523.6400146484375,523.719970703125,523.25,523.364990234375
2026-09-09 11:25:00-04:00,523.3599853515625,523.9299926757812,523.25,523.9299926757812
2026-09-09 11:30:00-04:00,523.9299926757812,524.010009765625,523.6400146484375,523.9000244140625
2026-09-09 11:35:00-04:00,523.9249877929688,524.5399780273438,523.780029296875,524.5399780273438
2026-09-09 11:40:00-04:00,524.5399780273438,524.6199951171875,523.8699951171875,523.9650268554688
2026-09-09 11:45:00-04:00,523.969970703125,523.97998046875,523.7650146484375,523.9099731445312
2026-09-09 11:50:00-04:00,523.9149780273438,524.1500244140625,523.8699951171875,523.9500122070312
2026-09-09 11:55:00-04:00,523.9199829101562,523.9400024414062,523.5750122070312,523.6699829101562
2026-09-09 12:00:00-04:00,523.6400146484375,524.030029296875,523.5700073242188,524.02001953125
2026-09-09 12:05:00-04:00,523.9500122070312,523.9500122070312,523.530029296875,523.5700073242188
2026-09-09 12:10:00-04:00,523.4600219726562,523.6199951171875,523.3499755859375,523.6199951171875
2026-09-09 12:15:00-04:00,523.5399780273438,523.5399780273438,523.2999877929688,523.4149780273438
2026-09-09 12:20:00-04:00,523.4099731445312,523.7100219726562,523.2999877929688,523.7100219726562
2026-09-09 12:25:00-04:00,523.7100219726562,523.8900146484375,523.6900024414062,523.8800048828125
2026-09-09 12:30:00-04:00,523.875,524.260009765625,523.875,524.1699829101562
2026-09-09 12:35:00-04:00,524.1799926757812,524.3400268554688,524.14501953125,524.3400268554688
2026-09-09 12:40:00-04:00,524.3099975585938,524.5399780273438,524.3099975585938,524.5399780273438
2026-09-09 12:45:00-04:00,524.5399780273438,524.5791015625,524.3699951171875,524.489990234375
2026-09-09 12:50:00-04:00,524.5175170898438,524.72998046875,524.5175170898438,524.7000122070312
2026-09-09 12:55:00-04:00,524.6699829101562,524.8200073242188,524.6199951171875,524.6300048828125
2026-09-09 13:00:00-04:00,524.6099853515625,524.9000244140625,524.5,524.5800170898438
2026-09-09 13:05:00-04:00,524.5499877929688,524.8099975585938,524.510009765625,524.6199951171875
2026-09-09 13:10:00-04:00,524.6099853515625,525.2098999023438,524.5999755859375,525.1699829101562
2026-09-09 13:15:00-04:00,525.2000122070312,525.2999877929688,525.135009765625,525.1400146484375
2026-09-09 13:20:00-04:00,525.1099853515625,525.3400268554688,525.1099853515625,525.3300170898438
2026-09-09 13:25:00-04:00,525.3300170898438,525.3599853515625,525.1500244140625,525.2000122070312
2026-09-09 13:30:00-04:00,525.1900024414062,525.239990234375,524.8499755859375,524.8800048828125
2026-09-09 13:35:00-04:00,524.8900146484375,524.8900146484375,524.489990234375,524.5700073242188
2026-09-09 13:40:00-04:00,524.5700073242188,525.0399780273438,524.5700073242188,525.010009765625
2026-09-09 13:45:00-04:00,524.9949951171875,525.155029296875,524.969970703125,525.135009765625
2026-09-09 13:50:00-04:00,525.125,525.2000122070312,525.030029296875,525.0999755859375
2026-09-09 13:55:00-04:00,525.10498046875,525.10498046875,524.85009765625,524.8599853515625
2026-09-09 14:00:00-04:00,524.8499755859375,525.0499877929688,524.7999877929688,524.8200073242188
2026-09-09 14:05:00-04:00,524.8699951171875,524.8800048828125,524.5399780273438,524.6699829101562
2026-09-09 14:10:00-04:00,524.6649780273438,524.6900024414062,524.5650024414062,524.5999755859375
2026-09-09 14:15:00-04:00,524.5800170898438,524.719970703125,524.4600219726562,524.6300048828125
2026-09-09 14:20:00-04:00,524.6799926757812,524.8900146484375,524.6749877929688,524.7899780273438
2026-09-09 14:25:00-04:00,524.7899780273438,524.8599853515625,524.6900024414062,524.7100219726562
2026-09-09 14:30:00-04:00,524.7100219726562,524.780029296875,524.5800170898438,524.75
2026-09-09 14:35:00-04:00,524.7899780273438,525.0,524.7899780273438,524.9500122070312
2026-09-09 14:40:00-04:00,524.9500122070312,525.0449829101562,524.9000244140625,524.9199829101562
2026-09-09 14:45:00-04:00,524.9400024414062,524.97998046875,524.5900268554688,524.6099853515625
2026-09-09 14:50:00-04:00,524.6300048828125,524.7899780273438,524.5599975585938,524.7100219726562
2026-09-09 14:55:00-04:00,524.7100219726562,524.8800048828125,524.5999755859375,524.5999755859375
2026-09-09 15:00:00-04:00,524.6099853515625,524.7199096679688,524.469970703125,524.489990234375
2026-09-09 15:05:00-04:00,524.5,524.7100219726562,524.4000244140625,524.7100219726562
2026-09-09 15:10:00-04:00,524.719970703125,524.719970703125,524.5675048828125,524.5999755859375
2026-09-09 15:15:00-04:00,524.6099853515625,524.75,524.5399780273438,524.6799926757812
2026-09-09 15:20:00-04:00,524.719970703125,524.780029296875,524.6409912109375,524.760009765625
2026-09-09 15:25:00-04:00,524.7949829101562,524.8900146484375,524.719970703125,524.719970703125
2026-09-09 15:30:00-04:00,524.719970703125,524.8499755859375,524.6599731445312,524.760009765625
2026-09-09 15:35:00-04:00,524.760009765625,524.8300170898438,524.739990234375,524.77001953125
2026-09-09 15:40:00-04:00,524.7650146484375,524.7849731445312,524.5999755859375,524.7100219726562
2026-09-09 15:45:00-04:00,524.7000122070312,524.780029296875,524.5499877929688,524.6500244140625
2026-09-09 15:50:00-04:00,524.6400146484375,524.6400146484375,524.219970703125,524.39501953125
2026-09-09 15:55:00-04:00,524.3800048828125,524.489990234375,523.8499755859375,524.111328125
2026-09-10 09:30:00-04:00,522.2899780273438,522.72998046875,521.02001953125,522.3900146484375
2026-09-10 09:35:00-04:00,522.1900024414062,522.875,521.7899780273438,522.0250244140625
2026-09-10 09:40:00-04:00,522.0499877929688,522.6599731445312,521.6900024414062,522.1649780273438
2026-09-10 09:45:00-04:00,522.1799926757812,522.8499755859375,522.1199951171875,522.3900146484375
2026-09-10 09:50:00-04:00,522.3900146484375,522.3900146484375,521.2999877929688,521.3300170898438
2026-09-10 09:55:00-04:00,521.3200073242188,521.3200073242188,520.7899780273438,520.9849853515625
2026-09-10 10:00:00-04:00,521.0,521.2750244140625,520.7000122070312,520.72998046875
2026-09-10 10:05:00-04:00,520.7249755859375,520.8300170898438,520.3099975585938,520.3599853515625
2026-09-10 10:10:00-04:00,520.405029296875,521.1799926757812,520.280029296875,521.010009765625
2026-09-10 10:15:00-04:00,521.0399780273438,521.6300048828125,520.9000244140625,521.6300048828125
2026-09-10 10:20:00-04:00,521.6699829101562,523.02001953125,521.5800170898438,522.4000244140625
2026-09-10 10:25:00-04:00,522.4400024414062,522.8300170898438,521.719970703125,521.8599853515625
2026-09-10 10:30:00-04:00,521.875,522.0499877929688,521.6400146484375,521.9199829101562
2026-09-10 10:35:00-04:00,521.9199829101562,522.1900024414062,521.8099975585938,521.8499755859375
2026-09-10 10:40:00-04:00,521.760009765625,521.9400024414062,521.3599853515625,521.4299926757812
2026-09-10 10:45:00-04:00,521.4400024414062,521.6300048828125,521.27001953125,521.510009765625
2026-09-10 10:50:00-04:00,521.489990234375,521.8800048828125,521.4000244140625,521.8699951171875
2026-09-10 10:55:00-04:00,521.8800048828125,521.8800048828125,521.5700073242188,521.6300048828125
2026-09-10 11:00:00-04:00,521.6199951171875,521.6799926757812,521.1699829101562,521.3599853515625
2026-09-10 11:05:00-04:00,521.375,521.75,521.375,521.6500244140625
2026-09-10 11:10:00-04:00,521.6500244140625,521.8798828125,521.4299926757812,521.4400024414062
2026-09-10 11:15:00-04:00,521.4600219726562,521.7899780273438,521.4550170898438,521.6699829101562
2026-09-10 11:20:00-04:00,521.7000122070312,521.8074951171875,521.3800048828125,521.8074951171875
2026-09-10 11:25:00-04:00,521.8001098632812,521.8410034179688,521.530029296875,521.530029296875
2026-09-10 11:30:00-04:00,521.5700073242188,521.8599853515625,521.5700073242188,521.719970703125
2026-09-10 11:35:00-04:00,521.7349853515625,522.0,521.2849731445312,521.344970703125
2026-09-10 11:40:00-04:00,521.3400268554688,521.469970703125,521.219970703125,521.469970703125
2026-09-10 11:45:00-04:00,521.47998046875,521.5150146484375,521.2100219726562,521.489990234375
2026-09-10 11:50:00-04:00,521.489990234375,521.6099853515625,521.0700073242188,521.0700073242188
2026-09-10 11:55:00-04:00,521.0499877929688,521.0700073242188,520.8250122070312,520.97998046875
2026-09-10 12:00:00-04:00,520.9849853515625,521.260009765625,520.969970703125,521.0
2026-09-10 12:05:00-04:00,521.030029296875,521.030029296875,520.5,520.5399780273438
2026-09-10 12:10:00-04:00,520.530029296875,520.7974853515625,520.4550170898438,520.7000122070312
2026-09-10 12:15:00-04:00,520.6799926757812,520.8800048828125,520.6300048828125,520.8300170898438
2026-09-10 12:20:00-04:00,520.8250122070312,520.9249877929688,520.780029296875,520.790771484375
2026-09-10 12:25:00-04:00,520.7750244140625,520.8400268554688,520.6300048828125,520.7999877929688
2026-09-10 12:30:00-04:00,520.780029296875,521.1300048828125,520.4000244140625,520.4099731445312
2026-09-10 12:35:00-04:00,520.4000244140625,520.989990234375,520.3350219726562,520.969970703125
2026-09-10 12:40:00-04:00,520.9949951171875,521.2000122070312,520.8599853515625,521.2000122070312
2026-09-10 12:45:00-04:00,521.1500244140625,521.385009765625,521.0802001953125,521.1199951171875
2026-09-10 12:50:00-04:00,521.1099853515625,521.239990234375,520.9500122070312,521.2100219726562
2026-09-10 12:55:00-04:00,521.260009765625,521.364990234375,521.155029296875,521.3599853515625
2026-09-10 13:00:00-04:00,521.3300170898438,521.8099975585938,520.989990234375,521.1599731445312
2026-09-10 13:05:00-04:00,521.1699829101562,521.3099975585938,520.9099731445312,520.9400024414062
2026-09-10 13:10:00-04:00,520.9299926757812,521.3298950195312,520.9299926757812,521.0700073242188
2026-09-10 13:15:00-04:00,521.0499877929688,521.1099853515625,520.9199829101562,521.0700073242188
2026-09-10 13:20:00-04:00,521.0399780273438,521.2000122070312,520.8499755859375,520.8699951171875
2026-09-10 13:25:00-04:00,520.8699951171875,520.8900146484375,520.719970703125,520.7849731445312
2026-09-10 13:30:00-04:00,520.7000122070312,520.8400268554688,520.5499877929688,520.75
2026-09-10 13:35:00-04:00,520.72998046875,520.9199829101562,520.469970703125,520.4949951171875
2026-09-10 13:40:00-04:00,520.489990234375,520.5800170898438,520.4000244140625,520.489990234375
2026-09-10 13:45:00-04:00,520.5399780273438,520.5399780273438,520.3800048828125,520.47998046875
2026-09-10 13:50:00-04:00,520.5499877929688,520.6900024414062,520.5399780273438,520.6900024414062
2026-09-10 13:55:00-04:00,520.6500244140625,520.7000122070312,520.5399780273438,520.6300048828125
2026-09-10 14:00:00-04:00,520.6699829101562,520.8599853515625,520.3400268554688,520.4550170898438
2026-09-10 14:05:00-04:00,520.4400024414062,520.5499877929688,520.1799926757812,520.219970703125
2026-09-10 14:10:00-04:00,520.1900024414062,520.3234252929688,519.9600219726562,520.2150268554688
2026-09-10 14:15:00-04:00,520.0599975585938,520.2000122070312,520.030029296875,520.10498046875
2026-09-10 14:20:00-04:00,520.1099853515625,520.385009765625,520.1099853515625,520.1875
2026-09-10 14:25:00-04:00,520.1699829101562,520.3099975585938,520.0599975585938,520.1599731445312
2026-09-10 14:30:00-04:00,520.0936279296875,520.1599731445312,519.9099731445312,520.1500244140625
2026-09-10 14:35:00-04:00,520.1300048828125,520.27001953125,520.0800170898438,520.22998046875
2026-09-10 14:40:00-04:00,520.22998046875,520.3587036132812,520.1699829101562,520.3300170898438
2026-09-10 14:45:00-04:00,520.3200073242188,520.4600219726562,520.0900268554688,520.3250122070312
2026-09-10 14:50:00-04:00,520.2750244140625,520.6749877929688,520.2100219726562,520.3400268554688
2026-09-10 14:55:00-04:00,520.3400268554688,520.3800048828125,520.1199951171875,520.155029296875
2026-09-10 15:00:00-04:00,520.030029296875,520.1524047851562,519.8099975585938,519.8300170898438
2026-09-10 15:05:00-04:00,519.8099975585938,520.4400024414062,519.7999877929688,520.4400024414062
2026-09-10 15:10:00-04:00,520.405029296875,520.4199829101562,520.1950073242188,520.27001953125
2026-09-10 15:15:00-04:00,520.260009765625,520.35498046875,519.989990234375,520.0900268554688
2026-09-10 15:20:00-04:00,520.094970703125,520.1799926757812,520.0,520.1799926757812
2026-09-10 15:25:00-04:00,520.1300048828125,520.1900024414062,519.97998046875,520.0599975585938
2026-09-10 15:30:00-04:00,520.0800170898438,520.3699951171875,519.9600219726562,520.3699951171875
2026-09-10 15:35:00-04:00,520.3800048828125,520.6300048828125,520.3099975585938,520.530029296875
2026-09-10 15:40:00-04:00,520.5399780273438,520.6400146484375,520.4600219726562,520.4849853515625
2026-09-10 15:45:00-04:00,520.510009765625,520.5999755859375,520.4199829101562,520.5800170898438
2026-09-10 15:50:00-04:00,520.5599975585938,520.6500244140625,520.4600219726562,520.6500244140625
2026-09-10 15:55:00-04:00,520.6400146484375,520.9099731445312,520.5250244140625,520.7849731445312
2026-09-11 09:30:00-04:00,525.3699951171875,527.1099853515625,525.219970703125,527.0
2026-09-11 09:35:00-04:00,526.9400024414062,527.3599853515625,526.8400268554688,526.9299926757812
2026-09-11 09:40:00-04:00,526.9000244140625,527.114990234375,526.1599731445312,526.3699951171875
2026-09-11 09:45:00-04:00,526.3699951171875,526.4099731445312,525.3800048828125,525.3900146484375
2026-09-11 09:50:00-04:00,525.3900146484375,526.0999755859375,525.3499755859375,525.72998046875
2026-09-11 09:55:00-04:00,525.739990234375,526.9299926757812,525.739990234375,526.875
2026-09-11 10:00:00-04:00,526.8400268554688,526.8400268554688,526.2999877929688,526.8099975585938
2026-09-11 10:05:00-04:00,526.8499755859375,526.8499755859375,526.3099975585938,526.6900024414062
2026-09-11 10:10:00-04:00,526.6649780273438,526.780029296875,525.8599853515625,525.8900146484375
2026-09-11 10:15:00-04:00,525.9199829101562,526.3300170898438,525.72998046875,526.3300170898438
2026-09-11 10:20:00-04:00,526.280029296875,526.3599853515625,525.9749755859375,526.030029296875
2026-09-11 10:25:00-04:00,525.989990234375,526.0399780273438,525.5999755859375,525.5999755859375
2026-09-11 10:30:00-04:00,525.6199951171875,525.6799926757812,524.969970703125,525.010009765625
2026-09-11 10:35:00-04:00,524.9400024414062,525.110595703125,524.5750122070312,524.72998046875
2026-09-11 10:40:00-04:00,524.72998046875,524.9199829101562,524.4400024414062,524.4500122070312
2026-09-11 10:45:00-04:00,524.4099731445312,525.2999877929688,524.2899780273438,525.280029296875
2026-09-11 10:50:00-04:00,525.3099975585938,525.3099975585938,524.719970703125,524.760009765625
2026-09-11 10:55:00-04:00,524.780029296875,524.8900146484375,524.6300048828125,524.6699829101562
2026-09-11 11:00:00-04:00,524.6950073242188,525.3300170898438,524.6400146484375,525.1849975585938
2026-09-11 11:05:00-04:00,525.239990234375,525.7899780273438,525.2000122070312,525.52001953125
2026-09-11 11:10:00-04:00,525.47998046875,525.530029296875,525.1400146484375,525.3300170898438
2026-09-11 11:15:00-04:00,525.3599853515625,525.9199829101562,525.3599853515625,525.7999877929688
2026-09-11 11:20:00-04:00,525.8300170898438,526.1300048828125,525.7949829101562,526.0999145507812
2026-09-11 11:25:00-04:00,526.0700073242188,526.280029296875,525.9400024414062,526.0449829101562
2026-09-11 11:30:00-04:00,526.02001953125,526.0999755859375,525.75,526.02001953125
2026-09-11 11:35:00-04:00,526.010009765625,526.280029296875,525.9400024414062,526.239990234375
2026-09-11 11:40:00-04:00,526.219970703125,526.5900268554688,526.2000122070312,526.47998046875
2026-09-11 11:45:00-04:00,526.47998046875,526.52001953125,526.22998046875,526.22998046875
2026-09-11 11:50:00-04:00,526.260009765625,526.3300170898438,525.8400268554688,525.9099731445312
2026-09-11 11:55:00-04:00,525.9000244140625,526.0570068359375,525.8099975585938,526.02001953125
2026-09-11 12:00:00-04:00,526.0599975585938,526.3599853515625,526.0599975585938,526.280029296875
2026-09-11 12:05:00-04:00,526.239990234375,526.260009765625,526.05908203125,526.1199951171875
2026-09-11 12:10:00-04:00,526.2000122070312,526.219970703125,525.989990234375,526.02001953125
2026-09-11 12:15:00-04:00,526.0,526.1099853515625,525.9199829101562,526.0599975585938
2026-09-11 12:20:00-04:00,526.0900268554688,526.1599731445312,526.02001953125,526.0999755859375
2026-09-11 12:25:00-04:00,526.1500244140625,526.239990234375,525.8400268554688,525.8599853515625
2026-09-11 12:30:00-04:00,525.8900146484375,526.6400146484375,525.8099975585938,526.5650024414062
2026-09-11 12:35:00-04:00,526.52001953125,526.5399780273438,526.1599731445312,526.1599731445312
2026-09-11 12:40:00-04:00,526.1699829101562,526.5584716796875,526.14501953125,526.5584716796875
2026-09-11 12:45:00-04:00,526.5250244140625,526.7899780273438,526.5,526.6699829101562
2026-09-11 12:50:00-04:00,526.6599731445312,526.760009765625,526.530029296875,526.5700073242188
2026-09-11 12:55:00-04:00,526.5900268554688,526.8499755859375,526.5800170898438,526.72998046875
2026-09-11 13:00:00-04:00,526.780029296875,526.8699951171875,526.5599975585938,526.5599975585938
2026-09-11 13:05:00-04:00,526.5999755859375,526.8800048828125,526.5,526.530029296875
2026-09-11 13:10:00-04:00,526.52001953125,526.6749877929688,526.489990234375,526.6199951171875
2026-09-11 13:15:00-04:00,526.6500244140625,526.77001953125,526.5399780273438,526.77001953125
2026-09-11 13:20:00-04:00,526.780029296875,526.97998046875,526.7000122070312,526.97998046875
2026-09-11 13:25:00-04:00,526.97998046875,526.97998046875,526.8049926757812,526.8499755859375
2026-09-11 13:30:00-04:00,526.8099975585938,526.9199829101562,526.7600708007812,526.8150024414062
2026-09-11 13:35:00-04:00,526.8150024414062,526.8150024414062,526.5599975585938,526.5599975585938
2026-09-11 13:40:00-04:00,526.5900268554688,526.6799926757812,526.5449829101562,526.5999755859375
2026-09-11 13:45:00-04:00,526.5999755859375,526.6300048828125,526.489990234375,526.6199951171875
2026-09-11 13:50:00-04:00,526.6500244140625,526.6799926757812,526.5599975585938,526.6400146484375
2026-09-11 13:55:00-04:00,526.6300048828125,526.6500244140625,526.5399780273438,526.5800170898438
2026-09-11 14:00:00-04:00,526.5999755859375,526.7650146484375,526.5900268554688,526.72998046875
2026-09-11 14:05:00-04:00,526.6799926757812,526.7000122070312,526.5700073242188,526.635009765625
2026-09-11 14:10:00-04:00,526.6400146484375,526.6500244140625,526.469970703125,526.489990234375
2026-09-11 14:15:00-04:00,526.5,526.6199951171875,526.469970703125,526.5700073242188
2026-09-11 14:20:00-04:00,526.5700073242188,526.5700073242188,526.2100219726562,526.3099975585938
2026-09-11 14:25:00-04:00,526.3099975585938,526.3699951171875,526.1900024414062,526.239990234375
2026-09-11 14:30:00-04:00,526.260009765625,526.3001098632812,525.9849853515625,526.125
2026-09-11 14:35:00-04:00,526.0800170898438,526.1300048828125,526.0,526.010009765625
2026-09-11 14:40:00-04:00,526.030029296875,526.1199951171875,525.9600219726562,525.9949951171875
2026-09-11 14:45:00-04:00,525.989990234375,526.1099853515625,525.885009765625,525.9299926757812
2026-09-11 14:50:00-04:00,525.9299926757812,526.0700073242188,525.9299926757812,526.0499877929688
2026-09-11 14:55:00-04:00,526.030029296875,526.1199951171875,525.9749755859375,525.9749755859375
2026-09-11 15:00:00-04:00,526.010009765625,526.1799926757812,525.969970703125,526.1699829101562
2026-09-11 15:05:00-04:00,526.1300048828125,526.1400146484375,525.9000244140625,525.9099731445312
2026-09-11 15:10:00-04:00,525.8499755859375,525.9299926757812,525.719970703125,525.8900146484375
2026-09-11 15:15:00-04:00,525.9000244140625,525.9979858398438,525.8300170898438,525.905029296875
2026-09-11 15:20:00-04:00,525.9199829101562,526.1400146484375,525.9000244140625,526.1199951171875
2026-09-11 15:25:00-04:00,526.114990234375,526.260009765625,526.114990234375,526.1300048828125
2026-09-11 15:30:00-04:00,526.1400146484375,526.2100219726562,525.969970703125,526.0599975585938
2026-09-11 15:35:00-04:00,526.0599975585938,526.1199951171875,526.0,526.0700073242188
2026-09-11 15:40:00-04:00,526.0599975585938,526.1599731445312,526.010009765625,526.1099853515625
2026-09-11 15:45:00-04:00,526.0800170898438,526.1099853515625,525.9000244140625,525.9199829101562
2026-09-11 15:50:00-04:00,525.9099731445312,526.0700073242188,525.8499755859375,525.989990234375
2026-09-11 15:55:00-04:00,525.969970703125,526.0800170898438,525.6599731445312,525.8200073242188
2026-09-14 09:30:00-04:00,524.5399780273438,524.9299926757812,524.25,524.510009765625
2026-09-14 09:35:00-04:00,524.4600219726562,524.780029296875,524.4000244140625,524.530029296875
2026-09-14 09:40:00-04:00,524.5499877929688,525.0999755859375,524.5499877929688,524.8800048828125
2026-09-14 09:45:00-04:00,524.8400268554688,524.9099731445312,524.4099731445312,524.5499877929688
2026-09-14 09:50:00-04:00,524.5599975585938,524.97998046875,524.4600219726562,524.6400146484375
2026-09-14 09:55:00-04:00,524.6699829101562,524.7100219726562,524.2550048828125,524.4400024414062
2026-09-14 10:00:00-04:00,524.4000244140625,525.0700073242188,524.3800048828125,525.0399780273438
2026-09-14 10:05:00-04:00,525.0700073242188,525.4400024414062,524.8800048828125,525.280029296875
2026-09-14 10:10:00-04:00,525.260009765625,525.260009765625,524.7000122070312,524.7750244140625
2026-09-14 10:15:00-04:00,524.77001953125,525.02001953125,524.52001953125,524.5399780273438
2026-09-14 10:20:00-04:00,524.530029296875,524.530029296875,523.8200073242188,523.8200073242188
2026-09-14 10:25:00-04:00,523.7999877929688,523.7999877929688,523.3800048828125,523.739990234375
2026-09-14 10:30:00-04:00,523.6900024414062,523.9600219726562,523.5800170898438,523.8699951171875
2026-09-14 10:35:00-04:00,523.89501953125,523.89501953125,523.5,523.5
2026-09-14 10:40:00-04:00,523.5499877929688,523.6599731445312,523.3200073242188,523.6599731445312
2026-09-14 10:45:00-04:00,523.6599731445312,523.8699951171875,523.3800048828125,523.4299926757812
2026-09-14 10:50:00-04:00,523.4500122070312,523.4500122070312,523.239990234375,523.280029296875
2026-09-14 10:55:00-04:00,523.1900024414062,523.4500122070312,523.094970703125,523.4299926757812
2026-09-14 11:00:00-04:00,523.4099731445312,523.4299926757812,523.1699829101562,523.2100219726562
2026-09-14 11:05:00-04:00,523.1649780273438,524.3900146484375,523.1649780273438,523.989990234375
2026-09-14 11:10:00-04:00,523.9609985351562,524.02001953125,523.5800170898438,523.5800170898438
2026-09-14 11:15:00-04:00,523.5,523.7899780273438,523.4500122070312,523.7899780273438
2026-09-14 11:20:00-04:00,523.760009765625,524.010009765625,523.719970703125,523.9600219726562
2026-09-14 11:25:00-04:00,524.0499877929688,524.1699829101562,523.9199829101562,523.9199829101562
2026-09-14 11:30:00-04:00,523.9600219726562,524.5,523.8323974609375,524.469970703125
2026-09-14 11:35:00-04:00,524.4600219726562,524.77001953125,524.1699829101562,524.77001953125
2026-09-14 11:40:00-04:00,524.760009765625,525.5999755859375,524.5700073242188,525.5250244140625
2026-09-14 11:45:00-04:00,525.5399780273438,525.5900268554688,525.2100219726562,525.27001953125
2026-09-14 11:50:00-04:00,525.25,525.510009765625,525.0999755859375,525.510009765625
2026-09-14 11:55:00-04:00,525.489990234375,525.5349731445312,525.3099975585938,525.3099975585938
2026-09-14 12:00:00-04:00,525.27001953125,525.3400268554688,524.969970703125,525.1300048828125
2026-09-14 12:05:00-04:00,525.0800170898438,525.3400268554688,525.030029296875,525.2899780273438
2026-09-14 12:10:00-04:00,525.27001953125,525.3400268554688,525.1799926757812,525.260009765625
2026-09-14 12:15:00-04:00,525.27001953125,525.6699829101562,525.25,525.6400146484375
2026-09-14 12:20:00-04:00,525.625,525.719970703125,525.4199829101562,525.614990234375
2026-09-14 12:25:00-04:00,525.610107421875,525.6300048828125,525.3699951171875,525.489990234375
2026-09-14 12:30:00-04:00,525.469970703125,525.8900146484375,525.468994140625,525.5217895507812
2026-09-14 12:35:00-04:00,525.5,525.5,525.360107421875,525.4299926757812
2026-09-14 12:40:00-04:00,525.469970703125,525.6199951171875,525.4243774414062,525.5599975585938
2026-09-14 12:45:00-04:00,525.489990234375,526.6099853515625,525.4010009765625,526.4299926757812
2026-09-14 12:50:00-04:00,526.489990234375,526.7849731445312,526.3499755859375,526.47998046875
2026-09-14 12:55:00-04:00,526.4749755859375,526.489990234375,525.969970703125,526.1300048828125
2026-09-14 13:00:00-04:00,526.1099853515625,526.25,525.9600219726562,525.969970703125
2026-09-14 13:05:00-04:00,525.8900146484375,526.030029296875,525.5900268554688,525.72998046875
2026-09-14 13:10:00-04:00,525.6699829101562,525.8200073242188,524.969970703125,524.969970703125
2026-09-14 13:15:00-04:00,524.989990234375,525.2100219726562,524.7999877929688,525.0399780273438
2026-09-14 13:20:00-04:00,525.0900268554688,525.3400268554688,524.9600219726562,525.030029296875
2026-09-14 13:25:00-04:00,525.0549926757812,525.3699951171875,524.989990234375,525.3400268554688
2026-09-14 13:30:00-04:00,525.3499755859375,525.5,525.2050170898438,525.239990234375
2026-09-14 13:35:00-04:00,525.22998046875,525.3900146484375,525.1799926757812,525.25
2026-09-14 13:40:00-04:00,525.22998046875,525.260009765625,524.9500122070312,525.0
2026-09-14 13:45:00-04:00,525.0599975585938,525.0750122070312,524.8800048828125,524.9299926757812
2026-09-14 13:50:00-04:00,524.85498046875,524.989990234375,524.760009765625,524.989990234375
2026-09-14 13:55:00-04:00,525.030029296875,525.0750122070312,524.7249755859375,524.8200073242188
2026-09-14 14:00:00-04:00,524.8200073242188,525.1400146484375,524.6300048828125,524.6900024414062
2026-09-14 14:05:00-04:00,524.6900024414062,524.9400024414062,524.5499877929688,524.7999877929688
2026-09-14 14:10:00-04:00,524.72998046875,524.75,524.5,524.6300048828125
2026-09-14 14:15:00-04:00,524.6099853515625,524.760009765625,524.5800170898438,524.7000122070312
2026-09-14 14:20:00-04:00,524.7100219726562,524.8599853515625,524.7100219726562,524.8499755859375
2026-09-14 14:25:00-04:00,524.8200073242188,524.8599853515625,524.5499877929688,524.6270751953125
2026-09-14 14:30:00-04:00,524.6699829101562,524.8599853515625,524.5800170898438,524.8099975585938
2026-09-14 14:35:00-04:00,524.8300170898438,525.010009765625,524.8200073242188,524.9199829101562
2026-09-14 14:40:00-04:00,524.905029296875,525.1199951171875,524.8900146484375,525.0599975585938
2026-09-14 14:45:00-04:00,525.0700073242188,525.3200073242188,524.9199829101562,525.27001953125
2026-09-14 14:50:00-04:00,525.1900024414062,525.260009765625,525.0900268554688,525.1900024414062
2026-09-14 14:55:00-04:00,525.1799926757812,525.260009765625,524.8900146484375,524.969970703125
2026-09-14 15:00:00-04:00,524.989990234375,525.0800170898438,524.8400268554688,524.9000244140625
2026-09-14 15:05:00-04:00,524.9099731445312,525.010009765625,524.7999877929688,524.9600219726562
2026-09-14 15:10:00-04:00,524.97998046875,525.2100219726562,524.97998046875,525.1400146484375
2026-09-14 15:15:00-04:00,525.1599731445312,525.1699829101562,525.02001953125,525.0800170898438
2026-09-14 15:20:00-04:00,525.0900268554688,525.1649780273438,524.9401245117188,525.0399780273438
2026-09-14 15:25:00-04:00,525.0399780273438,525.0399780273438,524.8599853515625,524.8599853515625
2026-09-14 15:30:00-04:00,524.8099975585938,525.0399780273438,524.8099975585938,524.9000244140625
2026-09-14 15:35:00-04:00,524.8599853515625,524.9500122070312,524.6799926757812,524.8699951171875
2026-09-14 15:40:00-04:00,524.8499755859375,524.9400024414062,524.8099975585938,524.8699951171875
2026-09-14 15:45:00-04:00,524.8800048828125,525.030029296875,524.8300170898438,524.8721923828125
2026-09-14 15:50:00-04:00,524.8699951171875,524.9099731445312,524.5900268554688,524.6199951171875
2026-09-14 15:55:00-04:00,524.5900268554688,524.8599853515625,524.4099731445312,524.4500122070312
2026-09-15 09:30:00-04:00,523.1799926757812,523.6400146484375,521.530029296875,521.72998046875
2026-09-15 09:35:00-04:00,521.6699829101562,521.9199829101562,521.5850219726562,521.7000122070312
2026-09-15 09:40:00-04:00,521.6799926757812,521.8300170898438,521.4099731445312,521.75
2026-09-15 09:45:00-04:00,521.6649780273438,521.8400268554688,521.0599975585938,521.1337890625
2026-09-15 09:50:00-04:00,521.1099853515625,521.6699829101562,521.0499877929688,521.5449829101562
2026-09-15 09:55:00-04:00,521.530029296875,521.655029296875,521.1699829101562,521.2999877929688
2026-09-15 10:00:00-04:00,521.3099975585938,521.3099975585938,520.7000122070312,520.7100219726562
2026-09-15 10:05:00-04:00,520.780029296875,520.9299926757812,520.530029296875,520.5349731445312
2026-09-15 10:10:00-04:00,520.510009765625,520.5700073242188,520.1500244140625,520.1500244140625
2026-09-15 10:15:00-04:00,520.1500244140625,520.3900146484375,520.0,520.1199951171875
2026-09-15 10:20:00-04:00,520.1099853515625,520.1799926757812,519.3900146484375,519.5999755859375
2026-09-15 10:25:00-04:00,519.6699829101562,519.760009765625,519.5,519.5900268554688
2026-09-15 10:30:00-04:00,519.5700073242188,519.8699951171875,519.4099731445312,519.6199951171875
2026-09-15 10:35:00-04:00,519.6300048828125,519.760009765625,519.3699951171875,519.489990234375
2026-09-15 10:40:00-04:00,519.4600219726562,519.7750244140625,519.4299926757812,519.72998046875
2026-09-15 10:45:00-04:00,519.75,519.8900146484375,519.5599975585938,519.739990234375
2026-09-15 10:50:00-04:00,519.719970703125,519.7899780273438,519.3699951171875,519.6400146484375
2026-09-15 10:55:00-04:00,519.6400146484375,519.6400146484375,519.2100219726562,519.2550048828125
2026-09-15 11:00:00-04:00,519.260009765625,519.5498046875,519.2349853515625,519.5076293945312
2026-09-15 11:05:00-04:00,519.469970703125,519.5900268554688,519.3400268554688,519.3800048828125
2026-09-15 11:10:00-04:00,519.344970703125,519.4199829101562,519.2150268554688,519.3800048828125
2026-09-15 11:15:00-04:00,519.3699951171875,519.7100219726562,519.2899780273438,519.6599731445312
2026-09-15 11:20:00-04:00,519.6099853515625,520.0800170898438,519.6099853515625,520.0650024414062
2026-09-15 11:25:00-04:00,520.0700073242188,520.1300048828125,519.9149780273438,520.1300048828125
2026-09-15 11:30:00-04:00,520.1699829101562,520.2999877929688,519.719970703125,519.969970703125
2026-09-15 11:35:00-04:00,519.97998046875,520.1599731445312,519.8300170898438,520.1599731445312
2026-09-15 11:40:00-04:00,520.14208984375,520.4099731445312,520.1400146484375,520.2100219726562
2026-09-15 11:45:00-04:00,520.2199096679688,520.280029296875,519.780029296875,519.8400268554688
2026-09-15 11:50:00-04:00,519.8800048828125,520.260009765625,519.8599853515625,519.8599853515625
2026-09-15 11:55:00-04:00,519.8400268554688,520.22998046875,519.760009765625,519.8099975585938
2026-09-15 12:00:00-04:00,519.75,519.8900146484375,519.6599731445312,519.8699951171875
2026-09-15 12:05:00-04:00,519.8499755859375,519.8499755859375,519.469970703125,519.530029296875
2026-09-15 12:10:00-04:00,519.55322265625,519.719970703125,519.5399780273438,519.6400146484375
2026-09-15 12:15:00-04:00,519.6400146484375,519.739990234375,519.52001953125,519.719970703125
2026-09-15 12:20:00-04:00,519.719970703125,520.260009765625,519.7000122070312,520.260009765625
2026-09-15 12:25:00-04:00,520.219970703125,520.4500122070312,520.2100219726562,520.3400268554688
2026-09-15 12:30:00-04:00,520.3400268554688,520.530029296875,520.239990234375,520.4600219726562
2026-09-15 12:35:00-04:00,520.4500122070312,520.489990234375,520.239990234375,520.2999877929688
2026-09-15 12:40:00-04:00,520.3099975585938,520.52001953125,520.260009765625,520.510009765625
2026-09-15 12:45:00-04:00,520.52001953125,520.655029296875,520.4500122070312,520.52001953125
2026-09-15 12:50:00-04:00,520.489990234375,520.9199829101562,520.489990234375,520.9099731445312
2026-09-15 12:55:00-04:00,520.9199829101562,521.010009765625,520.8499755859375,520.9699096679688
2026-09-15 13:00:00-04:00,520.9500122070312,521.0399780273438,520.6500244140625,520.6599731445312
2026-09-15 13:05:00-04:00,520.6300048828125,520.6699829101562,520.3900146484375,520.3900146484375
2026-09-15 13:10:00-04:00,520.4299926757812,520.5399780273438,520.25,520.25
2026-09-15 13:15:00-04:00,520.22998046875,520.239990234375,520.0399780273438,520.0900268554688
2026-09-15 13:20:00-04:00,520.0900268554688,520.1699829101562,519.9299926757812,519.9600219726562
2026-09-15 13:25:00-04:00,519.8900146484375,520.1199951171875,519.8900146484375,520.094970703125
2026-09-15 13:30:00-04:00,520.0999755859375,520.4099731445312,520.0650024414062,520.280029296875
2026-09-15 13:35:00-04:00,520.25,520.4199829101562,520.25,520.4199829101562
2026-09-15 13:40:00-04:00,520.4099731445312,520.530029296875,520.3599853515625,520.4876708984375
2026-09-15 13:45:00-04:00,520.4400024414062,520.530029296875,520.2000122070312,520.2100219726562
2026-09-15 13:50:00-04:00,520.2000122070312,520.3599853515625,520.2000122070312,520.3599853515625
2026-09-15 13:55:00-04:00,520.35498046875,520.4600219726562,520.3099975585938,520.3800048828125
2026-09-15 14:00:00-04:00,520.3699951171875,520.5499877929688,520.263427734375,520.510009765625
2026-09-15 14:05:00-04:00,520.510009765625,520.7100219726562,520.47998046875,520.7100219726562
2026-09-15 14:10:00-04:00,520.719970703125,520.9500122070312,520.6199951171875,520.8599853515625
2026-09-15 14:15:00-04:00,520.8699951171875,520.9000244140625,520.5999755859375,520.7100219726562
2026-09-15 14:20:00-04:00,520.7000122070312,520.77001953125,520.510009765625,520.5700073242188
2026-09-15 14:25:00-04:00,520.5599975585938,520.6300048828125,520.510009765625,520.5900268554688
2026-09-15 14:30:00-04:00,520.469970703125,520.489990234375,520.2899780273438,520.3400268554688
2026-09-15 14:35:00-04:00,520.3699951171875,520.47998046875,520.3599853515625,520.4199829101562
2026-09-15 14:40:00-04:00,520.4000244140625,520.6799926757812,520.22998046875,520.22998046875
2026-09-15 14:45:00-04:00,520.2100219726562,520.2359008789062,519.7999877929688,519.9400024414062
2026-09-15 14:50:00-04:00,519.9400024414062,520.6300048828125,519.9400024414062,520.530029296875
2026-09-15 14:55:00-04:00,520.510009765625,521.1099853515625,520.5,521.0999755859375
2026-09-15 15:00:00-04:00,521.0999755859375,521.1099853515625,520.8599853515625,520.8900146484375
2026-09-15 15:05:00-04:00,520.9400024414062,521.1199951171875,520.9000244140625,521.0499877929688
2026-09-15 15:10:00-04:00,521.0499877929688,521.0700073242188,520.780029296875,520.9199829101562
2026-09-15 15:15:00-04:00,520.9199829101562,521.1699829101562,520.8800048828125,521.0700073242188
2026-09-15 15:20:00-04:00,521.119384765625,521.1699829101562,520.9400024414062,521.0
2026-09-15 15:25:00-04:00,521.010009765625,521.030029296875,520.8599853515625,520.9749755859375
2026-09-15 15:30:00-04:00,520.9400024414062,521.1500244140625,520.9249877929688,521.0900268554688
2026-09-15 15:35:00-04:00,521.094970703125,521.1199951171875,520.8499755859375,520.9199829101562
2026-09-15 15:40:00-04:00,520.885009765625,520.9799194335938,520.7550048828125,520.9149780273438
2026-09-15 15:45:00-04:00,520.9299926757812,521.0800170898438,520.8699951171875,521.030029296875
2026-09-15 15:50:00-04:00,521.02001953125,521.0499877929688,520.7899780273438,520.9299926757812
2026-09-15 15:55:00-04:00,520.9299926757812,521.3400268554688,520.77001953125,521.280029296875
2026-09-16 09:30:00-04:00,521.9000244140625,522.2999877929688,520.9000244140625,520.9099731445312
2026-09-16 09:35:00-04:00,520.8800048828125,521.1599731445312,520.3400268554688,520.4199829101562
2026-09-16 09:40:00-04:00,520.4500122070312,520.5598754882812,519.969970703125,520.4099731445312
2026-09-16 09:45:00-04:00,520.4099731445312,521.0900268554688,520.3400268554688,520.6599731445312
2026-09-16 09:50:00-04:00,520.719970703125,520.97998046875,520.5900268554688,520.9500122070312
2026-09-16 09:55:00-04:00,520.97998046875,520.989990234375,520.489990234375,520.489990234375
2026-09-16 10:00:00-04:00,520.4600219726562,520.8499755859375,520.4600219726562,520.5700073242188
2026-09-16 10:05:00-04:00,520.5399780273438,520.5399780273438,520.0800170898438,520.1799926757812
2026-09-16 10:10:00-04:00,520.2150268554688,520.3400268554688,519.9801025390625,520.0599975585938
2026-09-16 10:15:00-04:00,520.1400146484375,520.219970703125,519.6799926757812,519.6799926757812
2026-09-16 10:20:00-04:00,519.6599731445312,519.719970703125,519.2899780273438,519.3099975585938
2026-09-16 10:25:00-04:00,519.3300170898438,519.830078125,519.3300170898438,519.8099975585938
2026-09-16 10:30:00-04:00,519.8200073242188,520.0999755859375,519.6599731445312,520.0700073242188
2026-09-16 10:35:00-04:00,520.0399780273438,520.489990234375,520.02001953125,520.4000244140625
2026-09-16 10:40:00-04:00,520.3800048828125,520.7999877929688,520.3800048828125,520.7349853515625
2026-09-16 10:45:00-04:00,520.7100219726562,520.739990234375,520.489990234375,520.489990234375
2026-09-16 10:50:00-04:00,520.52001953125,520.739990234375,520.52001953125,520.530029296875
2026-09-16 10:55:00-04:00,520.5800170898438,520.97998046875,520.5700073242188,520.97998046875
2026-09-16 11:00:00-04:00,521.0,521.5499877929688,521.0,521.469970703125
2026-09-16 11:05:00-04:00,521.4600219726562,521.75,521.1199951171875,521.719970703125
2026-09-16 11:10:00-04:00,521.6799926757812,521.760009765625,521.2650146484375,521.3800048828125
2026-09-16 11:15:00-04:00,521.3900146484375,521.3900146484375,521.1799926757812,521.3300170898438
2026-09-16 11:20:00-04:00,521.280029296875,521.2999877929688,521.0150146484375,521.0700073242188
2026-09-16 11:25:00-04:00,521.0604248046875,521.2150268554688,521.030029296875,521.0599975585938
2026-09-16 11:30:00-04:00,521.1099853515625,521.1900024414062,520.8300170898438,520.9199829101562
2026-09-16 11:35:00-04:00,520.9298706054688,521.1900024414062,520.8900146484375,521.1699829101562
2026-09-16 11:40:00-04:00,521.1699829101562,521.3800048828125,521.1599731445312,521.3499755859375
2026-09-16 11:45:00-04:00,521.3200073242188,522.1699829101562,521.2999877929688,521.6500244140625
2026-09-16 11:50:00-04:00,521.6849975585938,521.7899780273438,521.530029296875,521.614990234375
2026-09-16 11:55:00-04:00,521.5700073242188,521.72998046875,521.530029296875,521.65478515625
2026-09-16 12:00:00-04:00,521.7100219726562,521.719970703125,521.47998046875,521.5399780273438
2026-09-16 12:05:00-04:00,521.52001953125,521.6649780273438,521.510009765625,521.6500244140625
2026-09-16 12:10:00-04:00,521.7100219726562,521.7100219726562,521.3499755859375,521.3900146484375
2026-09-16 12:15:00-04:00,521.4299926757812,521.4400024414062,521.2061157226562,521.2061157226562
2026-09-16 12:20:00-04:00,521.155029296875,521.219970703125,521.0700073242188,521.0999755859375
2026-09-16 12:25:00-04:00,521.0499877929688,521.1300048828125,520.9500122070312,521.125
2026-09-16 12:30:00-04:00,521.1300048828125,521.1400146484375,520.8200073242188,520.8992919921875
2026-09-16 12:35:00-04:00,520.9099731445312,521.02001953125,520.8800048828125,521.02001953125
2026-09-16 12:40:00-04:00,520.989990234375,521.0399780273438,520.9099731445312,520.989990234375
2026-09-16 12:45:00-04:00,521.010009765625,521.1300048828125,520.9401245117188,520.97998046875
2026-09-16 12:50:00-04:00,520.9600219726562,520.97998046875,520.760009765625,520.8699951171875
2026-09-16 12:55:00-04:00,520.8900146484375,521.02001953125,520.8699951171875,520.9500122070312
2026-09-16 13:00:00-04:00,520.9400024414062,520.9500122070312,520.7100219726562,520.75
2026-09-16 13:05:00-04:00,520.739990234375,520.8499755859375,520.7000122070312,520.8499755859375
2026-09-16 13:10:00-04:00,520.8300170898438,520.989990234375,520.780029296875,520.989990234375
2026-09-16 13:15:00-04:00,520.969970703125,521.1799926757812,520.9400024414062,521.1799926757812
2026-09-16 13:20:00-04:00,521.2192993164062,521.3599853515625,521.1900024414062,521.22998046875
2026-09-16 13:25:00-04:00,521.2750244140625,521.6199951171875,521.2750244140625,521.6199951171875
2026-09-16 13:30:00-04:00,521.64501953125,521.77001953125,521.4935302734375,521.6300048828125
2026-09-16 13:35:00-04:00,521.6300048828125,521.760009765625,521.6199951171875,521.6900024414062
2026-09-16 13:40:00-04:00,521.6300048828125,521.6300048828125,521.4000854492188,521.4000854492188
2026-09-16 13:45:00-04:00,521.4149780273438,521.52001953125,521.3900146484375,521.3900146484375
2026-09-16 13:50:00-04:00,521.4400024414062,521.6799926757812,521.4299926757812,521.6599731445312
2026-09-16 13:55:00-04:00,521.6500244140625,521.8400268554688,521.510009765625,521.8400268554688
2026-09-16 14:00:00-04:00,521.7349853515625,522.1900024414062,520.6400146484375,521.2000122070312
2026-09-16 14:05:00-04:00,521.25,521.8049926757812,521.0999755859375,521.52001953125
2026-09-16 14:10:00-04:00,521.5499877929688,521.6799926757812,521.030029296875,521.14501953125
2026-09-16 14:15:00-04:00,521.0800170898438,521.27001953125,520.7015991210938,521.0499877929688
2026-09-16 14:20:00-04:00,521.02001953125,521.364990234375,520.7800903320312,521.1900024414062
2026-09-16 14:25:00-04:00,521.1900024414062,521.3400268554688,519.8800048828125,520.469970703125
2026-09-16 14:30:00-04:00,520.47998046875,520.5894775390625,519.0900268554688,519.1500244140625
2026-09-16 14:35:00-04:00,519.1400146484375,519.4149780273438,518.1300048828125,519.3900146484375
2026-09-16 14:40:00-04:00,519.4099731445312,520.8699951171875,519.3300170898438,520.0499267578125
2026-09-16 14:45:00-04:00,519.9650268554688,520.3699951171875,518.760009765625,518.760009765625
2026-09-16 14:50:00-04:00,518.760009765625,518.969970703125,516.9600219726562,517.010009765625
2026-09-16 14:55:00-04:00,516.989990234375,517.3599853515625,515.8049926757812,515.885009765625
2026-09-16 15:00:00-04:00,515.9099731445312,516.6900024414062,515.8049926757812,516.1099853515625
2026-09-16 15:05:00-04:00,515.9650268554688,516.0499877929688,514.8699951171875,515.010009765625
2026-09-16 15:10:00-04:00,515.0098876953125,515.030029296875,513.77001953125,513.8300170898438
2026-09-16 15:15:00-04:00,513.8200073242188,514.2999877929688,513.22998046875,513.530029296875
2026-09-16 15:20:00-04:00,513.5499877929688,513.72998046875,512.6699829101562,513.0
2026-09-16 15:25:00-04:00,513.0,513.25,512.2899780273438,513.219970703125
2026-09-16 15:30:00-04:00,513.2000122070312,514.1500244140625,513.14501953125,514.0900268554688
2026-09-16 15:35:00-04:00,514.0800170898438,514.1199951171875,513.260009765625,513.6400146484375
2026-09-16 15:40:00-04:00,513.6300048828125,514.0,513.5800170898438,513.6099853515625
2026-09-16 15:45:00-04:00,513.5399780273438,514.656982421875,513.5321044921875,514.6300048828125
2026-09-16 15:50:00-04:00,514.6699829101562,515.22998046875,514.5800170898438,515.1699829101562
2026-09-16 15:55:00-04:00,515.1599731445312,515.4099731445312,514.97998046875,515.1599731445312
2026-09-17 09:30:00-04:00,520.489990234375,520.6699829101562,518.1400146484375,518.2000122070312
2026-09-17 09:35:00-04:00,518.2100219726562,518.3499755859375,517.7999877929688,518.0499877929688
2026-09-17 09:40:00-04:00,518.010009765625,518.0700073242188,517.0599975585938,517.1400146484375
2026-09-17 09:45:00-04:00,517.1500244140625,517.9600219726562,516.9299926757812,517.9299926757812
2026-09-17 09:50:00-04:00,517.9320068359375,518.3599853515625,517.47998046875,517.47998046875
2026-09-17 09:55:00-04:00,517.4400024414062,517.6099853515625,517.0900268554688,517.5900268554688
2026-09-17 10:00:00-04:00,517.5599975585938,517.6300048828125,516.72998046875,516.8975219726562
2026-09-17 10:05:00-04:00,516.8775024414062,516.97998046875,516.5499877929688,516.6799926757812
2026-09-17 10:10:00-04:00,516.739990234375,517.4000244140625,516.5800170898438,517.3499755859375
2026-09-17 10:15:00-04:00,517.3499755859375,517.9600219726562,517.3300170898438,517.9099731445312
2026-09-17 10:20:00-04:00,517.9500122070312,518.5,517.8599853515625,518.27001953125
2026-09-17 10:25:00-04:00,518.2899780273438,518.47998046875,517.9000244140625,517.9000244140625
2026-09-17 10:30:00-04:00,517.9500122070312,518.1500244140625,517.7100219726562,517.9609985351562
2026-09-17 10:35:00-04:00,517.989990234375,517.989990234375,517.5700073242188,517.5700073242188
2026-09-17 10:40:00-04:00,517.5700073242188,518.219970703125,517.5700073242188,518.135009765625
2026-09-17 10:45:00-04:00,518.1500244140625,518.1799926757812,517.6300048828125,517.6400146484375
2026-09-17 10:50:00-04:00,517.6599731445312,517.6599731445312,516.9299926757812,517.010009765625
2026-09-17 10:55:00-04:00,516.97998046875,517.22998046875,516.75,517.0599975585938
2026-09-17 11:00:00-04:00,517.0700073242188,517.5717163085938,517.0700073242188,517.25
2026-09-17 11:05:00-04:00,517.2650146484375,517.4600219726562,517.22998046875,517.3800048828125
2026-09-17 11:10:00-04:00,517.3400268554688,517.7899780273438,517.3400268554688,517.760009765625
2026-09-17 11:15:00-04:00,517.739990234375,518.0900268554688,517.52001953125,518.0900268554688
2026-09-17 11:20:00-04:00,518.0,518.010009765625,517.5800170898438,517.6699829101562
2026-09-17 11:25:00-04:00,517.72998046875,518.030029296875,517.72998046875,517.7899780273438
2026-09-17 11:30:00-04:00,517.77001953125,518.125,517.75,518.125
2026-09-17 11:35:00-04:00,518.1099853515625,518.3800048828125,518.1099853515625,518.1500244140625
2026-09-17 11:40:00-04:00,518.22998046875,518.5999755859375,518.22998046875,518.3900146484375
2026-09-17 11:45:00-04:00,518.3699951171875,518.3817749023438,518.1799926757812,518.25
2026-09-17 11:50:00-04:00,518.260009765625,518.3690795898438,518.0399780273438,518.3690795898438
2026-09-17 11:55:00-04:00,518.3400268554688,518.6798706054688,518.3300170898438,518.6699829101562
2026-09-17 12:00:00-04:00,518.6900024414062,518.9099731445312,518.5999755859375,518.8096923828125
2026-09-17 12:05:00-04:00,518.760009765625,518.8200073242188,518.5684204101562,518.8150024414062
2026-09-17 12:10:00-04:00,518.8200073242188,518.8200073242188,518.4400024414062,518.45654296875
2026-09-17 12:15:00-04:00,518.4949951171875,518.7000122070312,518.4949951171875,518.6500244140625
2026-09-17 12:20:00-04:00,518.6500244140625,518.8699951171875,518.6300048828125,518.780029296875
2026-09-17 12:25:00-04:00,518.8300170898438,518.9199829101562,518.760009765625,518.8900146484375
2026-09-17 12:30:00-04:00,518.8900146484375,518.9692993164062,518.47998046875,518.52001953125
2026-09-17 12:35:00-04:00,518.52001953125,518.7000122070312,518.5050048828125,518.5700073242188
2026-09-17 12:40:00-04:00,518.5549926757812,519.0,518.5549926757812,518.9400024414062
2026-09-17 12:45:00-04:00,519.0,519.030029296875,518.7000122070312,518.75
2026-09-17 12:50:00-04:00,518.6699829101562,518.780029296875,518.52099609375,518.5399780273438
2026-09-17 12:55:00-04:00,518.5499877929688,518.5499877929688,518.010009765625,518.530029296875
2026-09-17 13:00:00-04:00,518.530029296875,518.719970703125,518.4400024414062,518.719970703125
2026-09-17 13:05:00-04:00,518.7249755859375,518.780029296875,518.489990234375,518.4923706054688
2026-09-17 13:10:00-04:00,518.4600219726562,518.5900268554688,518.3900146484375,518.47998046875
2026-09-17 13:15:00-04:00,518.469970703125,518.5499877929688,518.2899780273438,518.3900146484375
2026-09-17 13:20:00-04:00,518.3200073242188,518.3699951171875,518.1699829101562,518.1900024414062
2026-09-17 13:25:00-04:00,518.2217407226562,518.22998046875,518.1400146484375,518.2288208007812
2026-09-17 13:30:00-04:00,518.3200073242188,518.3900146484375,518.2000122070312,518.3900146484375
2026-09-17 13:35:00-04:00,518.4000244140625,518.4349975585938,518.2999877929688,518.4199829101562
2026-09-17 13:40:00-04:00,518.4500122070312,518.5599975585938,518.4099731445312,518.47998046875
2026-09-17 13:45:00-04:00,518.4500122070312,518.5401000976562,518.3900146484375,518.4000244140625
2026-09-17 13:50:00-04:00,518.39501953125,518.489990234375,518.385009765625,518.4500122070312
2026-09-17 13:55:00-04:00,518.469970703125,518.8099975585938,518.469970703125,518.739990234375
2026-09-17 14:00:00-04:00,518.7349853515625,518.8200073242188,518.6599731445312,518.7849731445312
2026-09-17 14:05:00-04:00,518.77001953125,518.7949829101562,518.5599975585938,518.6300048828125
2026-09-17 14:10:00-04:00,518.5700073242188,518.9400024414062,518.5700073242188,518.9299926757812
2026-09-17 14:15:00-04:00,518.9400024414062,519.0399780273438,518.8499755859375,518.9199829101562
2026-09-17 14:20:00-04:00,518.9600219726562,518.9650268554688,518.6099853515625,518.6099853515625
2026-09-17 14:25:00-04:00,518.5700073242188,518.7000122070312,518.5700073242188,518.6500244140625
2026-09-17 14:30:00-04:00,518.6900024414062,518.7000122070312,518.480712890625,518.480712890625
2026-09-17 14:35:00-04:00,518.4603271484375,518.489990234375,518.3400268554688,518.3800048828125
2026-09-17 14:40:00-04:00,518.3800048828125,518.489990234375,518.3599853515625,518.469970703125
2026-09-17 14:45:00-04:00,518.489990234375,518.6663208007812,518.4600219726562,518.510009765625
2026-09-17 14:50:00-04:00,518.530029296875,518.530029296875,518.2849731445312,518.3499755859375
2026-09-17 14:55:00-04:00,518.3499755859375,518.530029296875,518.3099975585938,518.530029296875
2026-09-17 15:00:00-04:00,518.5399780273438,518.8800048828125,518.530029296875,518.8400268554688
2026-09-17 15:05:00-04:00,518.85498046875,518.9400024414062,518.75927734375,518.8099975585938
2026-09-17 15:10:00-04:00,518.7999877929688,518.7999877929688,518.52001953125,518.5800170898438
2026-09-17 15:15:00-04:00,518.5900268554688,518.6151733398438,518.47998046875,518.5499877929688
2026-09-17 15:20:00-04:00,518.5499877929688,518.5599975585938,518.39501953125,518.4500122070312
2026-09-17 15:25:00-04:00,518.469970703125,518.5399780273438,518.280029296875,518.3499755859375
2026-09-17 15:30:00-04:00,518.3300170898438,518.4500122070312,518.22998046875,518.3099975585938
2026-09-17 15:35:00-04:00,518.3099975585938,518.405029296875,518.260009765625,518.3150024414062
2026-09-17 15:40:00-04:00,518.3300170898438,518.4099731445312,518.1900024414062,518.4000244140625
2026-09-17 15:45:00-04:00,518.4000244140625,518.4000244140625,518.1900024414062,518.25
2026-09-17 15:50:00-04:00,518.280029296875,518.5700073242188,518.2100219726562,518.4199829101562
2026-09-17 15:55:00-04:00,518.4099731445312,518.5399780273438,518.1500244140625,518.3200073242188
2026-09-18 09:30:00-04:00,516.52001953125,517.0800170898438,515.9600219726562,515.989990234375
2026-09-18 09:35:00-04:00,515.9500122070312,516.0499877929688,515.3400268554688,515.6300048828125
2026-09-18 09:40:00-04:00,515.6599731445312,515.97998046875,515.5449829101562,515.5999755859375
2026-09-18 09:45:00-04:00,515.6599731445312,515.9805908203125,515.4450073242188,515.4600219726562
2026-09-18 09:50:00-04:00,515.489990234375,515.6199951171875,515.0900268554688,515.0900268554688
2026-09-18 09:55:00-04:00,515.0399780273438,515.1500244140625,514.77001953125,514.9600219726562
2026-09-18 10:00:00-04:00,514.969970703125,515.1300048828125,514.5850219726562,514.75
2026-09-18 10:05:00-04:00,514.72998046875,514.8499755859375,514.3499755859375,514.8400268554688
2026-09-18 10:10:00-04:00,514.8499755859375,515.3900146484375,514.8499755859375,514.9099731445312
2026-09-18 10:15:00-04:00,514.9299926757812,515.3200073242188,514.8800048828125,515.2899780273438
2026-09-18 10:20:00-04:00,515.2899780273438,515.3599853515625,514.97998046875,515.0399780273438
2026-09-18 10:25:00-04:00,515.0700073242188,515.260009765625,514.9371948242188,515.1199951171875
2026-09-18 10:30:00-04:00,515.1500244140625,515.2899780273438,514.8200073242188,514.9100952148438
2026-09-18 10:35:00-04:00,514.8900146484375,515.219970703125,514.739990234375,515.0300903320312
2026-09-18 10:40:00-04:00,515.0399780273438,515.0399780273438,514.3499755859375,514.3599853515625
2026-09-18 10:45:00-04:00,514.3599853515625,514.6699829101562,514.2899780273438,514.6099853515625
2026-09-18 10:50:00-04:00,514.6099853515625,515.0399169921875,514.530029296875,514.9949951171875
2026-09-18 10:55:00-04:00,515.0,515.1362915039062,514.8400268554688,515.1362915039062
2026-09-18 11:00:00-04:00,515.1199951171875,515.1199951171875,514.5499877929688,514.760009765625
2026-09-18 11:05:00-04:00,514.75,514.8499755859375,514.6099853515625,514.75
2026-09-18 11:10:00-04:00,514.7100219726562,514.9099731445312,514.6799926757812,514.7100219726562
2026-09-18 11:15:00-04:00,514.760009765625,514.97998046875,514.5999755859375,514.9650268554688
2026-09-18 11:20:00-04:00,514.9400024414062,515.02001953125,514.8300170898438,515.010009765625
2026-09-18 11:25:00-04:00,515.030029296875,515.2210083007812,514.9500122070312,515.0900268554688
2026-09-18 11:30:00-04:00,515.0999755859375,515.2100219726562,514.7999877929688,515.1900024414062
2026-09-18 11:35:00-04:00,515.1799926757812,515.2949829101562,514.77001953125,514.7999877929688
2026-09-18 11:40:00-04:00,514.760009765625,514.8800048828125,514.6799926757812,514.8300170898438
2026-09-18 11:45:00-04:00,514.8900146484375,514.9000244140625,514.6500244140625,514.719970703125
2026-09-18 11:50:00-04:00,514.7100219726562,514.72998046875,514.530029296875,514.5700073242188
2026-09-18 11:55:00-04:00,514.5700073242188,514.719970703125,514.530029296875,514.7000122070312
2026-09-18 12:00:00-04:00,514.6950073242188,514.6950073242188,514.469970703125,514.6099853515625
2026-09-18 12:05:00-04:00,514.6400146484375,514.8800048828125,514.6099853515625,514.7725219726562
2026-09-18 12:10:00-04:00,514.8350219726562,514.8499755859375,514.6599731445312,514.760009765625
2026-09-18 12:15:00-04:00,514.75,514.8099975585938,514.6500244140625,514.6900024414062
2026-09-18 12:20:00-04:00,514.7000122070312,514.75,514.260009765625,514.2999877929688
2026-09-18 12:25:00-04:00,514.2999877929688,514.75,514.1500244140625,514.614990234375
2026-09-18 12:30:00-04:00,514.6400146484375,514.969970703125,514.5,514.8599853515625
2026-09-18 12:35:00-04:00,514.8699951171875,514.9000244140625,514.7041015625,514.8099975585938
2026-09-18 12:40:00-04:00,514.8200073242188,515.0499877929688,514.7899780273438,514.9000244140625
2026-09-18 12:45:00-04:00,514.9000244140625,515.0399780273438,514.72998046875,515.0250244140625
2026-09-18 12:50:00-04:00,515.030029296875,515.3499755859375,515.030029296875,515.2601928710938
2026-09-18 12:55:00-04:00,515.27001953125,515.3200073242188,515.1900024414062,515.22998046875
2026-09-18 13:00:00-04:00,515.2100219726562,515.2100219726562,515.0,515.0850219726562
2026-09-18 13:05:00-04:00,515.2000122070312,515.2050170898438,514.9349975585938,514.9500122070312
2026-09-18 13:10:00-04:00,514.9600219726562,514.9600219726562,514.6901245117188,514.7899780273438
2026-09-18 13:15:00-04:00,514.780029296875,514.9199829101562,514.75,514.842529296875
2026-09-18 13:20:00-04:00,514.8599853515625,515.0,514.7700805664062,514.97998046875
2026-09-18 13:25:00-04:00,514.97998046875,515.0399780273438,514.8699951171875,514.8900146484375
2026-09-18 13:30:00-04:00,514.8599853515625,514.989990234375,514.8049926757812,514.969970703125
2026-09-18 13:35:00-04:00,514.9799194335938,515.1500244140625,514.9799194335938,515.1400146484375
2026-09-18 13:40:00-04:00,515.1400146484375,515.2127685546875,515.0599975585938,515.2050170898438
2026-09-18 13:45:00-04:00,515.1900024414062,515.1900024414062,514.989990234375,515.030029296875
2026-09-18 13:50:00-04:00,515.030029296875,515.25,515.030029296875,515.2000122070312
2026-09-18 13:55:00-04:00,515.1699829101562,515.2899780273438,515.1400146484375,515.2899780273438
2026-09-18 14:00:00-04:00,515.25,515.530029296875,515.1799926757812,515.4990234375
2026-09-18 14:05:00-04:00,515.47998046875,515.5399780273438,515.3350219726562,515.39501953125
2026-09-18 14:10:00-04:00,515.4199829101562,515.489990234375,515.3200073242188,515.4199829101562
2026-09-18 14:15:00-04:00,515.4000244140625,515.60498046875,515.4000244140625,515.60498046875
2026-09-18 14:20:00-04:00,515.6099853515625,515.9708862304688,515.5800170898438,515.7899780273438
2026-09-18 14:25:00-04:00,515.8300170898438,516.0900268554688,515.7999877929688,516.0900268554688
2026-09-18 14:30:00-04:00,516.10498046875,516.10498046875,515.8300170898438,516.030029296875
2026-09-18 14:35:00-04:00,516.010009765625,516.0399780273438,515.8499755859375,515.8800048828125
2026-09-18 14:40:00-04:00,515.8599853515625,515.9600219726562,515.8300170898438,515.9400024414062
2026-09-18 14:45:00-04:00,515.97998046875,516.5800170898438,515.97998046875,516.469970703125
2026-09-18 14:50:00-04:00,516.5,516.7000122070312,516.3599853515625,516.5050048828125
2026-09-18 14:55:00-04:00,516.489990234375,516.4924926757812,516.375,516.4299926757812
2026-09-18 15:00:00-04:00,516.4500122070312,516.510009765625,516.27001953125,516.4400024414062
2026-09-18 15:05:00-04:00,516.4000244140625,516.4600219726562,516.27001953125,516.3699951171875
2026-09-18 15:10:00-04:00,516.35498046875,516.4600219726562,516.239990234375,516.280029296875
2026-09-18 15:15:00-04:00,516.2775268554688,516.2899780273438,516.0900268554688,516.1400146484375
2026-09-18 15:20:00-04:00,516.1400146484375,516.1900024414062,516.0499877929688,516.1400146484375
2026-09-18 15:25:00-04:00,516.1799926757812,516.2849731445312,516.0599975585938,516.0599975585938
2026-09-18 15:30:00-04:00,516.0599975585938,516.1500244140625,515.8699951171875,515.9000244140625
2026-09-18 15:35:00-04:00,515.9099731445312,516.2100219726562,515.9099731445312,516.16552734375
2026-09-18 15:40:00-04:00,516.1699829101562,516.3499755859375,516.0599975585938,516.3499755859375
2026-09-18 15:45:00-04:00,516.3599853515625,516.4199829101562,516.219970703125,516.3900146484375
2026-09-18 15:50:00-04:00,516.4299926757812,516.5,516.1300048828125,516.2100219726562
2026-09-18 15:55:00-04:00,516.27001953125,516.3400268554688,515.7100219726562,515.8599853515625
2026-09-21 09:30:00-04:00,520.030029296875,520.0399780273438,518.02001953125,518.239990234375
2026-09-21 09:35:00-04:00,518.2000122070312,518.5250244140625,517.8300170898438,517.8800048828125
2026-09-21 09:40:00-04:00,517.8699951171875,517.9299926757812,516.7899780273438,517.0999755859375
2026-09-21 09:45:00-04:00,517.0700073242188,517.2476196289062,516.760009765625,517.2476196289062
2026-09-21 09:50:00-04:00,517.2100219726562,517.6950073242188,517.2100219726562,517.469970703125
2026-09-21 09:55:00-04:00,517.3800048828125,517.47998046875,517.1400146484375,517.3200073242188
2026-09-21 10:00:00-04:00,517.239990234375,517.6400146484375,517.0599975585938,517.3400268554688
2026-09-21 10:05:00-04:00,517.3800048828125,517.3800048828125,516.969970703125,517.260009765625
2026-09-21 10:10:00-04:00,517.2999877929688,517.614990234375,517.2100219726562,517.5499877929688
2026-09-21 10:15:00-04:00,517.6094970703125,518.1749877929688,517.580078125,518.030029296875
2026-09-21 10:20:00-04:00,518.0900268554688,518.5599975585938,518.010009765625,518.4099731445312
2026-09-21 10:25:00-04:00,518.4500122070312,518.5999755859375,518.2000122070312,518.219970703125
2026-09-21 10:30:00-04:00,518.2100219726562,518.4199829101562,518.1199951171875,518.2100219726562
2026-09-21 10:35:00-04:00,518.219970703125,518.4099731445312,518.0599975585938,518.3499755859375
2026-09-21 10:40:00-04:00,518.3300170898438,518.6300048828125,518.0800170898438,518.1099853515625
2026-09-21 10:45:00-04:00,518.1500244140625,518.4550170898438,517.989990234375,518.22998046875
2026-09-21 10:50:00-04:00,518.25,518.25,517.9500122070312,518.125
2026-09-21 10:55:00-04:00,518.1500244140625,518.1500244140625,517.969970703125,518.010009765625
2026-09-21 11:00:00-04:00,517.9500122070312,518.2000122070312,517.8499755859375,518.2000122070312
2026-09-21 11:05:00-04:00,518.2150268554688,518.2999877929688,518.1699829101562,518.1900024414062
2026-09-21 11:10:00-04:00,518.1900024414062,518.489990234375,518.0999755859375,518.4600219726562
2026-09-21 11:15:00-04:00,518.469970703125,518.75,518.469970703125,518.6400146484375
2026-09-21 11:20:00-04:00,518.6300048828125,518.6799926757812,518.4450073242188,518.5
2026-09-21 11:25:00-04:00,518.47998046875,518.614990234375,518.0449829101562,518.0449829101562
2026-09-21 11:30:00-04:00,518.0549926757812,518.25,517.969970703125,518.125
2026-09-21 11:35:00-04:00,518.125,518.4450073242188,518.0750122070312,518.3900146484375
2026-09-21 11:40:00-04:00,518.3900146484375,518.530029296875,518.2999877929688,518.530029296875
2026-09-21 11:45:00-04:00,518.5700073242188,518.989501953125,518.5599975585938,518.719970703125
2026-09-21 11:50:00-04:00,518.72998046875,519.0,518.4199829101562,518.4199829101562
2026-09-21 11:55:00-04:00,518.4199829101562,518.5250244140625,518.3607788085938,518.4000244140625
2026-09-21 12:00:00-04:00,518.3400268554688,518.5499877929688,518.2100219726562,518.52001953125
2026-09-21 12:05:00-04:00,518.5349731445312,519.1300048828125,518.4099731445312,519.0999755859375
2026-09-21 12:10:00-04:00,519.1300048828125,519.2349853515625,518.9199829101562,518.969970703125
2026-09-21 12:15:00-04:00,519.010009765625,519.1099243164062,518.8800048828125,519.0
2026-09-21 12:20:00-04:00,518.989990234375,518.989990234375,518.6849975585938,518.72998046875
2026-09-21 12:25:00-04:00,518.739990234375,518.9949951171875,518.7000122070312,518.9500122070312
2026-09-21 12:30:00-04:00,518.9500122070312,519.405029296875,518.9099731445312,519.2849731445312
2026-09-21 12:35:00-04:00,519.280029296875,519.4400024414062,519.1400146484375,519.155029296875
2026-09-21 12:40:00-04:00,519.1400146484375,519.1950073242188,519.010009765625,519.0549926757812
2026-09-21 12:45:00-04:00,519.0800170898438,519.2949829101562,519.0650024414062,519.22998046875
2026-09-21 12:50:00-04:00,519.2899780273438,519.3099975585938,519.0700073242188,519.2000122070312
2026-09-21 12:55:00-04:00,519.2000122070312,519.3599853515625,519.1199951171875,519.344970703125
2026-09-21 13:00:00-04:00,519.3599853515625,519.4299926757812,519.1199951171875,519.135009765625
2026-09-21 13:05:00-04:00,519.1799926757812,519.3300170898438,519.1799926757812,519.3200073242188
2026-09-21 13:10:00-04:00,519.3599853515625,519.7100219726562,519.35498046875,519.7100219726562
2026-09-21 13:15:00-04:00,519.7000122070312,519.875,519.5999755859375,519.780029296875
2026-09-21 13:20:00-04:00,519.8049926757812,519.885009765625,519.5999755859375,519.6699829101562
2026-09-21 13:25:00-04:00,519.6599731445312,519.6900024414062,519.4099731445312,519.5399780273438
2026-09-21 13:30:00-04:00,519.5750122070312,519.5750122070312,519.1099853515625,519.1300048828125
2026-09-21 13:35:00-04:00,519.1199951171875,519.2050170898438,518.97998046875,518.989990234375
2026-09-21 13:40:00-04:00,518.9749755859375,519.1300048828125,518.9550170898438,519.125
2026-09-21 13:45:00-04:00,519.1799926757812,519.3499755859375,519.010009765625,519.0100708007812
2026-09-21 13:50:00-04:00,519.02001953125,519.2399291992188,518.97998046875,519.0999755859375
2026-09-21 13:55:00-04:00,519.1099853515625,519.260009765625,519.010009765625,519.2100219726562
2026-09-21 14:00:00-04:00,519.2349853515625,519.4849853515625,519.2349853515625,519.469970703125
2026-09-21 14:05:00-04:00,519.489990234375,519.6099853515625,519.489990234375,519.5399780273438
2026-09-21 14:10:00-04:00,519.5399780273438,519.5700073242188,519.4000244140625,519.4299926757812
2026-09-21 14:15:00-04:00,519.4299926757812,519.5800170898438,519.3104248046875,519.5800170898438
2026-09-21 14:20:00-04:00,519.5900268554688,519.8350219726562,519.5294799804688,519.7899780273438
2026-09-21 14:25:00-04:00,519.780029296875,520.0150146484375,519.7550048828125,519.9600219726562
2026-09-21 14:30:00-04:00,519.989990234375,520.125,519.8900146484375,519.989990234375
2026-09-21 14:35:00-04:00,519.97998046875,520.0499877929688,519.85498046875,519.864990234375
2026-09-21 14:40:00-04:00,519.8800048828125,520.1900024414062,519.8800048828125,520.1599731445312
2026-09-21 14:45:00-04:00,520.1749877929688,520.4400024414062,520.1699829101562,520.4400024414062
2026-09-21 14:50:00-04:00,520.4500122070312,520.52001953125,520.1900024414062,520.2050170898438
2026-09-21 14:55:00-04:00,520.2000122070312,520.3200073242188,520.1799926757812,520.27001953125
2026-09-21 15:00:00-04:00,520.280029296875,520.4099731445312,520.219970703125,520.219970703125
2026-09-21 15:05:00-04:00,520.1900024414062,520.239990234375,520.0750122070312,520.219970703125
2026-09-21 15:10:00-04:00,520.239990234375,520.3049926757812,520.0999755859375,520.25
2026-09-21 15:15:00-04:00,520.27001953125,520.3499755859375,520.1500244140625,520.2949829101562
2026-09-21 15:20:00-04:00,520.2949829101562,520.3300170898438,520.0800170898438,520.0800170898438
2026-09-21 15:25:00-04:00,520.0988159179688,520.2100219726562,520.030029296875,520.0499877929688
2026-09-21 15:30:00-04:00,520.0499877929688,520.239990234375,520.010009765625,520.135009765625
2026-09-21 15:35:00-04:00,520.1300048828125,520.4500122070312,520.1300048828125,520.3499755859375
2026-09-21 15:40:00-04:00,520.3300170898438,520.3900146484375,520.14501953125,520.1900024414062
2026-09-21 15:45:00-04:00,520.1799926757812,520.2899780273438,520.1099853515625,520.1099853515625
2026-09-21 15:50:00-04:00,520.0999755859375,520.0999755859375,519.760009765625,519.8499755859375
2026-09-21 15:55:00-04:00,519.8499755859375,520.1500244140625,519.739990234375,519.8049926757812
2026-09-22 09:30:00-04:00,522.47998046875,522.5499877929688,520.739990234375,520.9400024414062
2026-09-22 09:35:00-04:00,520.780029296875,521.1799926757812,520.27001953125,520.9000244140625
2026-09-22 09:40:00-04:00,520.7999877929688,520.7999877929688,519.75,520.3400268554688
2026-09-22 09:45:00-04:00,520.2999877929688,520.2999877929688,519.3300170898438,519.72998046875
2026-09-22 09:50:00-04:00,519.719970703125,519.739990234375,518.9299926757812,518.969970703125
2026-09-22 09:55:00-04:00,519.0399780273438,519.510009765625,518.989990234375,519.0349731445312
2026-09-22 10:00:00-04:00,519.030029296875,519.6400146484375,518.97998046875,519.3099975585938
2026-09-22 10:05:00-04:00,519.3049926757812,519.4000244140625,518.5800170898438,518.6199951171875
2026-09-22 10:10:00-04:00,518.6300048828125,518.9600219726562,518.4000244140625,518.469970703125
2026-09-22 10:15:00-04:00,518.4600219726562,518.47998046875,517.6599731445312,517.909423828125
2026-09-22 10:20:00-04:00,517.8900146484375,517.969970703125,517.5850219726562,517.7100219726562
2026-09-22 10:25:00-04:00,517.719970703125,517.760009765625,517.1400146484375,517.1799926757812
2026-09-22 10:30:00-04:00,517.1500244140625,517.5599975585938,517.1300048828125,517.1300048828125
2026-09-22 10:35:00-04:00,517.135009765625,518.260009765625,516.9400024414062,517.6300048828125
2026-09-22 10:40:00-04:00,517.5499877929688,517.6500244140625,517.2849731445312,517.469970703125
2026-09-22 10:45:00-04:00,517.4600219726562,517.7100219726562,517.219970703125,517.5800170898438
2026-09-22 10:50:00-04:00,517.60498046875,517.760009765625,517.4500122070312,517.5449829101562
2026-09-22 10:55:00-04:00,517.54248046875,517.8400268554688,517.3300170898438,517.3599853515625
2026-09-22 11:00:00-04:00,517.4099731445312,517.8300170898438,517.3699951171875,517.6199951171875
2026-09-22 11:05:00-04:00,517.6199951171875,517.72998046875,517.3099975585938,517.3099975585938
2026-09-22 11:10:00-04:00,517.3400268554688,517.4500122070312,517.0900268554688,517.3599853515625
2026-09-22 11:15:00-04:00,517.3800048828125,517.4650268554688,517.2100219726562,517.2100219726562
2026-09-22 11:20:00-04:00,517.1799926757812,517.3499755859375,517.1599731445312,517.3300170898438
2026-09-22 11:25:00-04:00,517.3049926757812,517.5399780273438,517.1900024414062,517.2349853515625
2026-09-22 11:30:00-04:00,517.1300048828125,517.1300048828125,516.5900268554688,516.6400146484375
2026-09-22 11:35:00-04:00,516.5999755859375,516.719970703125,516.510009765625,516.6900024414062
2026-09-22 11:40:00-04:00,516.6500244140625,516.8150024414062,516.530029296875,516.739990234375
2026-09-22 11:45:00-04:00,516.739990234375,516.9099731445312,516.6199951171875,516.8400268554688
2026-09-22 11:50:00-04:00,516.8400268554688,516.8699951171875,516.719970703125,516.8300170898438
2026-09-22 11:55:00-04:00,516.780029296875,516.7999877929688,516.6099853515625,516.739990234375
2026-09-22 12:00:00-04:00,516.8699951171875,517.010009765625,516.8200073242188,517.0
2026-09-22 12:05:00-04:00,516.97998046875,517.219970703125,516.780029296875,517.1199951171875
2026-09-22 12:10:00-04:00,517.1599731445312,517.4349975585938,517.0399780273438,517.4349975585938
2026-09-22 12:15:00-04:00,517.4349975585938,517.4349975585938,517.1300048828125,517.1500244140625
2026-09-22 12:20:00-04:00,517.0800170898438,517.1799926757812,516.8200073242188,516.9249877929688
2026-09-22 12:25:00-04:00,516.9140014648438,517.2999877929688,516.885009765625,517.2999877929688
2026-09-22 12:30:00-04:00,517.2949829101562,517.510009765625,517.260009765625,517.510009765625
2026-09-22 12:35:00-04:00,517.5,517.5449829101562,517.3400268554688,517.530029296875
2026-09-22 12:40:00-04:00,517.530029296875,517.5700073242188,517.4400024414062,517.489990234375
2026-09-22 12:45:00-04:00,517.5399780273438,518.0549926757812,517.52001953125,518.02001953125
2026-09-22 12:50:00-04:00,517.97998046875,518.030029296875,517.739990234375,517.8499755859375
2026-09-22 12:55:00-04:00,517.8800048828125,517.9400024414062,517.7449951171875,517.8900146484375
2026-09-22 13:00:00-04:00,517.8800048828125,517.9299926757812,517.3001098632812,517.3065185546875
2026-09-22 13:05:00-04:00,517.3200073242188,517.5579833984375,517.2050170898438,517.4099731445312
2026-09-22 13:10:00-04:00,517.4099731445312,517.469970703125,517.2999877929688,517.3350219726562
2026-09-22 13:15:00-04:00,517.3300170898438,517.3499755859375,517.2075805664062,517.280029296875
2026-09-22 13:20:00-04:00,517.280029296875,517.2899780273438,517.0650024414062,517.1799926757812
2026-09-22 13:25:00-04:00,517.1400146484375,517.4600219726562,517.1400146484375,517.4600219726562
2026-09-22 13:30:00-04:00,517.4500122070312,517.5599975585938,517.4099731445312,517.5150146484375
2026-09-22 13:35:00-04:00,517.4749755859375,517.4749755859375,517.2100219726562,517.22998046875
2026-09-22 13:40:00-04:00,517.2100219726562,517.5800170898438,517.2100219726562,517.5800170898438
2026-09-22 13:45:00-04:00,517.5900268554688,517.6199951171875,517.4500122070312,517.5349731445312
2026-09-22 13:50:00-04:00,517.510009765625,518.219970703125,517.469970703125,518.0180053710938
2026-09-22 13:55:00-04:00,518.0599975585938,518.2650146484375,518.030029296875,518.0599975585938
2026-09-22 14:00:00-04:00,518.1099853515625,518.1599731445312,517.8800048828125,518.0001220703125
2026-09-22 14:05:00-04:00,518.0900268554688,518.1599731445312,517.8900146484375,518.094970703125
2026-09-22 14:10:00-04:00,518.10498046875,518.1400146484375,517.77001953125,517.8400268554688
2026-09-22 14:15:00-04:00,517.8200073242188,517.97998046875,517.8200073242188,517.9500122070312
2026-09-22 14:20:00-04:00,517.9299926757812,518.1699829101562,517.9299926757812,518.125
2026-09-22 14:25:00-04:00,518.1265869140625,518.1400146484375,517.9650268554688,517.969970703125
2026-09-22 14:30:00-04:00,517.989990234375,518.139892578125,517.9199829101562,517.989990234375
2026-09-22 14:35:00-04:00,518.0,518.0050048828125,517.780029296875,517.9400024414062
2026-09-22 14:40:00-04:00,517.9099731445312,518.0800170898438,517.8300170898438,517.989990234375
2026-09-22 14:45:00-04:00,518.030029296875,518.2100219726562,518.02001953125,518.2000122070312
2026-09-22 14:50:00-04:00,518.2100219726562,518.25,518.1099853515625,518.2000122070312
2026-09-22 14:55:00-04:00,518.2000122070312,518.22998046875,518.030029296875,518.0300903320312
2026-09-22 15:00:00-04:00,518.0700073242188,518.2000122070312,518.0599975585938,518.1500244140625
2026-09-22 15:05:00-04:00,518.2000122070312,518.2650146484375,518.0499877929688,518.0800170898438
2026-09-22 15:10:00-04:00,518.0772094726562,518.3599853515625,518.030029296875,518.2999877929688
2026-09-22 15:15:00-04:00,518.2849731445312,518.4000244140625,518.2349853515625,518.4000244140625
2026-09-22 15:20:00-04:00,518.3800048828125,518.489990234375,518.35498046875,518.4500122070312
2026-09-22 15:25:00-04:00,518.4400024414062,518.60498046875,518.3499755859375,518.4149780273438
2026-09-22 15:30:00-04:00,518.4000244140625,518.8499755859375,518.3099975585938,518.8300170898438
2026-09-22 15:35:00-04:00,518.8300170898438,519.02001953125,518.8300170898438,518.97998046875
2026-09-22 15:40:00-04:00,518.969970703125,518.97998046875,518.6699829101562,518.739990234375
2026-09-22 15:45:00-04:00,518.75,518.8685302734375,518.6500244140625,518.8099975585938
2026-09-22 15:50:00-04:00,518.7999877929688,518.8099975585938,518.5800170898438,518.6500244140625
2026-09-22 15:55:00-04:00,518.6300048828125,518.6300048828125,517.8150024414062,517.9500122070312
2026-09-23 09:30:00-04:00,516.02001953125,517.510009765625,515.75,516.8499145507812
2026-09-23 09:35:00-04:00,516.7999877929688,517.52001953125,516.489990234375,517.030029296875
2026-09-23 09:40:00-04:00,517.0,517.0999755859375,516.5399780273438,516.7000122070312
2026-09-23 09:45:00-04:00,516.6799926757812,516.719970703125,515.739990234375,515.9099731445312
2026-09-23 09:50:00-04:00,515.8900146484375,516.4400024414062,515.8900146484375,516.0750122070312
2026-09-23 09:55:00-04:00,516.0800170898438,516.3599853515625,515.9500122070312,516.3400268554688
2026-09-23 10:00:00-04:00,516.3400268554688,516.6400146484375,516.3099975585938,516.35498046875
2026-09-23 10:05:00-04:00,516.2999877929688,516.9000244140625,516.152587890625,516.8699951171875
2026-09-23 10:10:00-04:00,516.8699951171875,517.6599731445312,516.780029296875,517.47998046875
2026-09-23 10:15:00-04:00,517.4099731445312,517.6099853515625,517.0900268554688,517.239990234375
2026-09-23 10:20:00-04:00,517.260009765625,517.3599853515625,516.8499755859375,516.9099731445312
2026-09-23 10:25:00-04:00,516.8900146484375,516.9600219726562,516.5399780273438,516.864990234375
2026-09-23 10:30:00-04:00,517.1300048828125,517.260009765625,516.7999877929688,516.8499755859375
2026-09-23 10:35:00-04:00,516.8300170898438,517.2999877929688,516.2999877929688,516.2999877929688
2026-09-23 10:40:00-04:00,516.2899780273438,516.760009765625,516.1799926757812,516.6300048828125
2026-09-23 10:45:00-04:00,516.6400146484375,516.6500244140625,516.22998046875,516.3200073242188
2026-09-23 10:50:00-04:00,516.3099975585938,516.9000244140625,516.0900268554688,516.7949829101562
2026-09-23 10:55:00-04:00,516.8800048828125,516.8800048828125,516.260009765625,516.4500122070312
2026-09-23 11:00:00-04:00,516.4400024414062,516.47998046875,515.9199829101562,516.1749877929688
2026-09-23 11:05:00-04:00,516.1799926757812,516.3499755859375,515.989990234375,516.3300170898438
2026-09-23 11:10:00-04:00,516.344970703125,516.5,516.0,516.02001953125
2026-09-23 11:15:00-04:00,516.0399780273438,516.1099853515625,515.8499755859375,516.010009765625
2026-09-23 11:20:00-04:00,515.97998046875,516.0399780273438,515.7999877929688,516.0399780273438
2026-09-23 11:25:00-04:00,516.0700073242188,516.114990234375,515.1500244140625,515.2100219726562
2026-09-23 11:30:00-04:00,515.2150268554688,515.3099975585938,515.0150146484375,515.0800170898438
2026-09-23 11:35:00-04:00,515.0900268554688,515.2999877929688,514.9500122070312,514.989990234375
2026-09-23 11:40:00-04:00,514.9450073242188,515.0599975585938,514.780029296875,515.0
2026-09-23 11:45:00-04:00,515.010009765625,515.0800170898438,514.6599731445312,514.6599731445312
2026-09-23 11:50:00-04:00,514.6300048828125,514.75,514.5750122070312,514.6599731445312
2026-09-23 11:55:00-04:00,514.6699829101562,514.7999877929688,514.6599731445312,514.719970703125
2026-09-23 12:00:00-04:00,514.7000122070312,514.75,514.4500122070312,514.47998046875
2026-09-23 12:05:00-04:00,514.469970703125,514.72998046875,514.405029296875,514.6500244140625
2026-09-23 12:10:00-04:00,514.6400146484375,514.8599853515625,514.5900268554688,514.8200073242188
2026-09-23 12:15:00-04:00,514.8300170898438,514.8508911132812,514.5,514.6099853515625
2026-09-23 12:20:00-04:00,514.6649780273438,514.77001953125,514.6300048828125,514.739990234375
2026-09-23 12:25:00-04:00,514.719970703125,515.0499877929688,514.719970703125,514.9990234375
2026-09-23 12:30:00-04:00,515.0349731445312,515.0599975585938,514.760009765625,514.77001953125
2026-09-23 12:35:00-04:00,514.77001953125,514.8900146484375,514.72998046875,514.8699951171875
2026-09-23 12:40:00-04:00,514.8699951171875,514.8699951171875,514.6699829101562,514.6799926757812
2026-09-23 12:45:00-04:00,514.655029296875,514.780029296875,514.5150146484375,514.52001953125
2026-09-23 12:50:00-04:00,514.510009765625,514.5999755859375,514.219970703125,514.4000244140625
2026-09-23 12:55:00-04:00,514.3800048828125,514.7100219726562,514.375,514.6799926757812
2026-09-23 13:00:00-04:00,514.6950073242188,514.8900146484375,514.0,514.1500244140625
2026-09-23 13:05:00-04:00,514.1500244140625,514.4199829101562,514.030029296875,514.4199829101562
2026-09-23 13:10:00-04:00,514.4199829101562,514.5499877929688,514.1900024414062,514.3499755859375
2026-09-23 13:15:00-04:00,514.3300170898438,514.8800048828125,514.2550048828125,514.8300170898438
2026-09-23 13:20:00-04:00,514.8800048828125,514.9099731445312,514.6599731445312,514.7050170898438
2026-09-23 13:25:00-04:00,514.6900024414062,514.8250122070312,514.6599731445312,514.719970703125
2026-09-23 13:30:00-04:00,514.72998046875,514.8599853515625,514.5900268554688,514.760009765625
2026-09-23 13:35:00-04:00,514.75,514.77001953125,514.5,514.52001953125
2026-09-23 13:40:00-04:00,514.52001953125,515.2100219726562,514.3599853515625,515.1500244140625
2026-09-23 13:45:00-04:00,515.1799926757812,515.4099731445312,515.125,515.239990234375
2026-09-23 13:50:00-04:00,515.3049926757812,515.3499755859375,515.0800170898438,515.1900024414062
2026-09-23 13:55:00-04:00,515.22998046875,515.6599731445312,515.1500244140625,515.6599731445312
2026-09-23 14:00:00-04:00,515.6500244140625,515.6500244140625,515.0599975585938,515.0650024414062
2026-09-23 14:05:00-04:00,515.030029296875,515.239990234375,514.978515625,515.219970703125
2026-09-23 14:10:00-04:00,515.27001953125,515.2899780273438,515.0499877929688,515.1300048828125
2026-09-23 14:15:00-04:00,515.0900268554688,515.2100219726562,514.969970703125,515.0302124023438
2026-09-23 14:20:00-04:00,515.0349731445312,515.0640258789062,514.9600219726562,515.0
2026-09-23 14:25:00-04:00,515.0250244140625,515.1099853515625,514.7349853515625,514.8400268554688
2026-09-23 14:30:00-04:00,514.8300170898438,514.8400268554688,514.6900024414062,514.77001953125
2026-09-23 14:35:00-04:00,514.760009765625,514.7999877929688,514.47998046875,514.52001953125
2026-09-23 14:40:00-04:00,514.510009765625,514.6799926757812,514.489990234375,514.5599975585938
2026-09-23 14:45:00-04:00,514.5499877929688,514.6199951171875,514.4500122070312,514.5
2026-09-23 14:50:00-04:00,514.4349975585938,514.5150146484375,514.3599853515625,514.510009765625
2026-09-23 14:55:00-04:00,514.510009765625,514.72998046875,514.469970703125,514.6799926757812
2026-09-23 15:00:00-04:00,514.6799926757812,514.7899780273438,514.5,514.5599975585938
2026-09-23 15:05:00-04:00,514.5682983398438,514.8300170898438,514.510009765625,514.7349853515625
2026-09-23 15:10:00-04:00,514.780029296875,514.875,514.6699829101562,514.7100219726562
2026-09-23 15:15:00-04:00,514.7100219726562,514.719970703125,514.5700073242188,514.6300048828125
2026-09-23 15:20:00-04:00,514.6199951171875,514.6799926757812,514.4600219726562,514.64501953125
2026-09-23 15:25:00-04:00,514.6400146484375,514.7349853515625,514.4299926757812,514.5599975585938
2026-09-23 15:30:00-04:00,514.530029296875,514.739990234375,514.5,514.6900024414062
2026-09-23 15:35:00-04:00,514.6900024414062,514.8699951171875,514.6400146484375,514.8499755859375
2026-09-23 15:40:00-04:00,514.8300170898438,514.969970703125,514.5999755859375,514.655029296875
2026-09-23 15:45:00-04:00,514.6300048828125,514.9199829101562,514.5800170898438,514.7750244140625
2026-09-23 15:50:00-04:00,514.77001953125,514.77001953125,514.0349731445312,514.22998046875
2026-09-23 15:55:00-04:00,514.239990234375,514.4500122070312,513.9500122070312,514.3099975585938
2026-09-24 09:30:00-04:00,512.8499755859375,514.030029296875,512.4600219726562,513.4199829101562
2026-09-24 09:35:00-04:00,513.4500122070312,513.4500122070312,512.0499877929688,512.3599853515625
2026-09-24 09:40:00-04:00,512.4000244140625,512.5,511.6400146484375,511.6700134277344
2026-09-24 09:45:00-04:00,511.510009765625,512.468017578125,511.510009765625,512.468017578125
2026-09-24 09:50:00-04:00,512.4600219726562,512.6500244140625,512.25,512.5800170898438
2026-09-24 09:55:00-04:00,512.5399780273438,512.8599853515625,512.3800048828125,512.7150268554688
2026-09-24 10:00:00-04:00,512.75,513.1400146484375,512.52001953125,513.1300048828125
2026-09-24 10:05:00-04:00,513.1099853515625,513.5999755859375,513.0800170898438,513.1699829101562
2026-09-24 10:10:00-04:00,513.1799926757812,513.219970703125,512.8724975585938,512.8800048828125
2026-09-24 10:15:00-04:00,512.8098754882812,513.1900024414062,512.5700073242188,512.9089965820312
2026-09-24 10:20:00-04:00,512.8900146484375,512.8900146484375,512.5900268554688,512.5999755859375
2026-09-24 10:25:00-04:00,512.5900268554688,512.719970703125,512.4199829101562,512.5150146484375
2026-09-24 10:30:00-04:00,512.510009765625,512.5399780273438,512.0700073242188,512.4000244140625
2026-09-24 10:35:00-04:00,512.3800048828125,512.9099731445312,512.3400268554688,512.4824829101562
2026-09-24 10:40:00-04:00,512.489990234375,512.5599975585938,511.79998779296875,511.8500061035156
2026-09-24 10:45:00-04:00,511.82000732421875,511.8999938964844,511.5400085449219,511.8699951171875
2026-09-24 10:50:00-04:00,511.8500061035156,512.1099853515625,511.6000061035156,511.6499938964844
2026-09-24 10:55:00-04:00,511.6549987792969,511.7300109863281,511.29998779296875,511.57000732421875
2026-09-24 11:00:00-04:00,511.41119384765625,511.5400085449219,511.20001220703125,511.2699890136719
2026-09-24 11:05:00-04:00,511.25,511.3800048828125,511.1700134277344,511.3699951171875
2026-09-24 11:10:00-04:00,511.3999938964844,511.5299987792969,510.4200134277344,510.4800109863281
2026-09-24 11:15:00-04:00,510.4700012207031,511.0,510.45001220703125,510.80999755859375
2026-09-24 11:20:00-04:00,510.79998779296875,511.17999267578125,510.6600036621094,511.125
2026-09-24 11:25:00-04:00,511.1000061035156,511.1000061035156,510.6400146484375,510.75
2026-09-24 11:30:00-04:00,510.7799987792969,510.80999755859375,510.5,510.5
2026-09-24 11:35:00-04:00,510.5,510.8599853515625,510.4901123046875,510.8500061035156
2026-09-24 11:40:00-04:00,510.82000732421875,510.9800109863281,510.6199951171875,510.94000244140625
2026-09-24 11:45:00-04:00,511.0,511.04998779296875,510.61029052734375,510.739990234375
2026-09-24 11:50:00-04:00,510.7200012207031,511.1000061035156,510.69000244140625,510.989990234375
2026-09-24 11:55:00-04:00,510.9549865722656,511.19000244140625,510.8800048828125,511.07000732421875
2026-09-24 12:00:00-04:00,510.94000244140625,510.989990234375,510.69000244140625,510.989990234375
2026-09-24 12:05:00-04:00,511.07000732421875,511.0950012207031,510.760009765625,510.8699951171875
2026-09-24 12:10:00-04:00,510.95001220703125,511.3599853515625,510.8500061035156,511.3599853515625
2026-09-24 12:15:00-04:00,511.3599853515625,514.1400146484375,511.3299865722656,512.9000244140625
2026-09-24 12:20:00-04:00,512.9500122070312,513.3200073242188,512.77001953125,513.1500244140625
2026-09-24 12:25:00-04:00,513.1900024414062,513.2249755859375,512.6699829101562,513.010009765625
2026-09-24 12:30:00-04:00,513.0549926757812,513.0800170898438,512.5,512.8200073242188
2026-09-24 12:35:00-04:00,512.7849731445312,513.22998046875,512.7000122070312,513.1400146484375
2026-09-24 12:40:00-04:00,513.2000122070312,513.8399047851562,513.0599975585938,513.1400146484375
2026-09-24 12:45:00-04:00,513.1500244140625,513.6599731445312,512.919921875,513.6300048828125
2026-09-24 12:50:00-04:00,513.6199951171875,513.7050170898438,513.22998046875,513.2999877929688
2026-09-24 12:55:00-04:00,513.3499755859375,513.5650024414062,513.02001953125,513.0499877929688
2026-09-24 13:00:00-04:00,512.97998046875,513.25,512.6400146484375,512.72998046875
2026-09-24 13:05:00-04:00,512.8400268554688,513.2100219726562,512.7899780273438,513.1500244140625
2026-09-24 13:10:00-04:00,513.02001953125,513.375,512.6699829101562,513.2800903320312
2026-09-24 13:15:00-04:00,513.260009765625,513.260009765625,512.6898193359375,512.6898193359375
2026-09-24 13:20:00-04:00,512.60498046875,512.9099731445312,512.5050048828125,512.6799926757812
2026-09-24 13:25:00-04:00,512.5905151367188,512.6199951171875,512.2105102539062,512.4400024414062
2026-09-24 13:30:00-04:00,512.530029296875,512.7000122070312,512.219970703125,512.239990234375
2026-09-24 13:35:00-04:00,512.2100219726562,512.27001953125,511.9700012207031,512.0800170898438
2026-09-24 13:40:00-04:00,512.219970703125,512.3200073242188,511.8599853515625,512.02001953125
2026-09-24 13:45:00-04:00,511.8999938964844,512.27001953125,511.8599853515625,512.1699829101562
2026-09-24 13:50:00-04:00,512.1500244140625,512.3577880859375,512.1500244140625,512.2999877929688
2026-09-24 13:55:00-04:00,512.25,512.6900024414062,512.25,512.6099853515625
2026-09-24 14:00:00-04:00,512.6199951171875,512.72998046875,511.8800048828125,511.9100036621094
2026-09-24 14:05:00-04:00,511.8699951171875,512.7899780273438,511.8699951171875,512.6500244140625
2026-09-24 14:10:00-04:00,512.6500244140625,512.9299926757812,512.6099853515625,512.9299926757812
2026-09-24 14:15:00-04:00,512.8599853515625,513.0800170898438,512.739990234375,512.97998046875
2026-09-24 14:20:00-04:00,513.0599975585938,513.0599975585938,512.760009765625,512.969970703125
2026-09-24 14:25:00-04:00,512.989990234375,513.47998046875,512.9600219726562,513.27001953125
2026-09-24 14:30:00-04:00,513.219970703125,513.219970703125,512.8099975585938,512.8099975585938
2026-09-24 14:35:00-04:00,512.760009765625,513.6199951171875,512.6400146484375,513.239990234375
2026-09-24 14:40:00-04:00,513.06689453125,513.06689453125,512.6699829101562,512.969970703125
2026-09-24 14:45:00-04:00,512.8699951171875,512.9299926757812,512.780029296875,512.8300170898438
2026-09-24 14:50:00-04:00,512.9000244140625,513.0999755859375,512.8699951171875,512.8699951171875
2026-09-24 14:55:00-04:00,512.9099731445312,513.1199951171875,512.8599853515625,512.8599853515625
2026-09-24 15:00:00-04:00,512.9000244140625,512.9299926757812,512.3599853515625,512.4500122070312
2026-09-24 15:05:00-04:00,512.510009765625,512.8099975585938,512.510009765625,512.7650146484375
2026-09-24 15:10:00-04:00,512.780029296875,512.8099975585938,512.510009765625,512.530029296875
2026-09-24 15:15:00-04:00,512.52001953125,512.6799926757812,512.4299926757812,512.5599975585938
2026-09-24 15:20:00-04:00,512.5599975585938,512.739990234375,512.489990234375,512.6900024414062
2026-09-24 15:25:00-04:00,512.719970703125,512.8699951171875,512.719970703125,512.8400268554688
2026-09-24 15:30:00-04:00,512.7899780273438,513.030029296875,512.739990234375,513.02001953125
2026-09-24 15:35:00-04:00,513.0150146484375,513.02001953125,512.7999877929688,512.9299926757812
2026-09-24 15:40:00-04:00,512.9600219726562,513.0700073242188,512.8400268554688,512.969970703125
2026-09-24 15:45:00-04:00,512.9099731445312,512.9782104492188,512.780029296875,512.7999877929688
2026-09-24 15:50:00-04:00,512.7999877929688,513.1799926757812,512.77001953125,513.0399780273438
2026-09-24 15:55:00-04:00,513.010009765625,513.010009765625,512.5999755859375,512.6500244140625
2026-09-25 09:30:00-04:00,514.0,514.5399780273438,513.0800170898438,514.2130126953125
2026-09-25 09:35:00-04:00,514.2224731445312,514.7999877929688,514.0599975585938,514.75
2026-09-25 09:40:00-04:00,514.782470703125,515.4600219726562,514.4500122070312,515.0
2026-09-25 09:45:00-04:00,514.655029296875,514.8300170898438,514.2899780273438,514.8099975585938
2026-09-25 09:50:00-04:00,514.8400268554688,515.3900146484375,514.8400268554688,515.1799926757812
2026-09-25 09:55:00-04:00,515.2000122070312,515.3099975585938,514.8499755859375,514.8900146484375
2026-09-25 10:00:00-04:00,514.8900146484375,514.9299926757812,513.280029296875,513.280029296875
2026-09-25 10:05:00-04:00,513.2689208984375,513.5499877929688,512.5900268554688,513.5499877929688
2026-09-25 10:10:00-04:00,513.5599975585938,513.8099975585938,513.3499755859375,513.6799926757812
2026-09-25 10:15:00-04:00,513.7999877929688,513.9299926757812,513.3400268554688,513.8825073242188
2026-09-25 10:20:00-04:00,513.9199829101562,514.2100219726562,513.79248046875,513.97998046875
2026-09-25 10:25:00-04:00,514.0,514.2999877929688,513.8800048828125,514.1599731445312
2026-09-25 10:30:00-04:00,514.1599731445312,514.1799926757812,513.8699951171875,513.989990234375
2026-09-25 10:35:00-04:00,513.969970703125,514.469970703125,513.8599853515625,514.22998046875
2026-09-25 10:40:00-04:00,514.219970703125,514.22998046875,513.7899780273438,514.1849975585938
2026-09-25 10:45:00-04:00,514.1199951171875,514.3499755859375,513.8400268554688,514.3499755859375
2026-09-25 10:50:00-04:00,514.280029296875,514.280029296875,513.6699829101562,514.02001953125
2026-09-25 10:55:00-04:00,514.0599975585938,514.2899780273438,513.8099975585938,514.2050170898438
2026-09-25 11:00:00-04:00,514.1699829101562,514.7100219726562,514.1699829101562,514.5900268554688
2026-09-25 11:05:00-04:00,514.6599731445312,514.9199829101562,514.280029296875,514.2899780273438
2026-09-25 11:10:00-04:00,514.260009765625,514.489990234375,513.8599853515625,514.4600219726562
2026-09-25 11:15:00-04:00,514.4099731445312,514.7000122070312,514.2899780273438,514.3200073242188
2026-09-25 11:20:00-04:00,514.3200073242188,514.7999877929688,514.2999877929688,514.4249877929688
2026-09-25 11:25:00-04:00,514.4600219726562,514.72998046875,514.4000244140625,514.5800170898438
2026-09-25 11:30:00-04:00,514.5399780273438,515.0800170898438,514.530029296875,514.72998046875
2026-09-25 11:35:00-04:00,514.739990234375,514.75,514.3499755859375,514.3499755859375
2026-09-25 11:40:00-04:00,514.3499755859375,514.52001953125,514.0609741210938,514.0609741210938
2026-09-25 11:45:00-04:00,514.0499877929688,514.3300170898438,513.9099731445312,514.1900024414062
2026-09-25 11:50:00-04:00,514.3300170898438,514.8900146484375,513.9949951171875,514.75
2026-09-25 11:55:00-04:00,514.8699951171875,515.8099975585938,514.760009765625,515.77001953125
2026-09-25 12:00:00-04:00,515.75439453125,517.0700073242188,515.739990234375,517.0399780273438
2026-09-25 12:05:00-04:00,517.0650024414062,517.4400024414062,516.8400268554688,517.3400268554688
2026-09-25 12:10:00-04:00,517.3800048828125,517.6300048828125,517.1099853515625,517.239990234375
2026-09-25 12:15:00-04:00,517.239990234375,517.41748046875,516.7550048828125,517.02001953125
2026-09-25 12:20:00-04:00,517.0,517.0700073242188,516.5800170898438,516.7000122070312
2026-09-25 12:25:00-04:00,516.780029296875,517.4199829101562,516.75,517.3499755859375
2026-09-25 12:30:00-04:00,517.3099975585938,517.530029296875,516.4299926757812,516.6500244140625
2026-09-25 12:35:00-04:00,516.6799926757812,517.2000122070312,516.6799926757812,516.8200073242188
2026-09-25 12:40:00-04:00,516.8499755859375,517.0999755859375,516.6199951171875,516.9500122070312
2026-09-25 12:45:00-04:00,516.9400024414062,516.97998046875,516.4500122070312,516.7000122070312
2026-09-25 12:50:00-04:00,516.719970703125,516.8200073242188,516.5999755859375,516.8200073242188
2026-09-25 12:55:00-04:00,516.7899780273438,516.8499755859375,516.344970703125,516.469970703125
2026-09-25 13:00:00-04:00,516.489990234375,516.8699951171875,516.35498046875,516.7100219726562
2026-09-25 13:05:00-04:00,516.72998046875,516.8099975585938,516.467529296875,516.72998046875
2026-09-25 13:10:00-04:00,516.7849731445312,516.8400268554688,516.5599975585938,516.7783203125
2026-09-25 13:15:00-04:00,516.8900146484375,516.8900146484375,516.5599975585938,516.5900268554688
2026-09-25 13:20:00-04:00,516.6199951171875,516.7636108398438,516.530029296875,516.739990234375
2026-09-25 13:25:00-04:00,516.72998046875,516.8499145507812,516.6799926757812,516.8400268554688
2026-09-25 13:30:00-04:00,516.9000244140625,516.9000244140625,516.4199829101562,516.469970703125
2026-09-25 13:35:00-04:00,516.5,516.760009765625,516.2799072265625,516.5599975585938
2026-09-25 13:40:00-04:00,516.5900268554688,516.8699951171875,516.5700073242188,516.75
2026-09-25 13:45:00-04:00,516.7249755859375,516.8499755859375,516.6400146484375,516.7899780273438
2026-09-25 13:50:00-04:00,516.75,516.77001953125,516.489990234375,516.5599975585938
2026-09-25 13:55:00-04:00,516.5700073242188,516.9299926757812,516.510009765625,516.9199829101562
2026-09-25 14:00:00-04:00,516.9500122070312,516.9859008789062,516.830078125,516.9000244140625
2026-09-25 14:05:00-04:00,516.8599853515625,516.9299926757812,516.739990234375,516.8474731445312
2026-09-25 14:10:00-04:00,516.8400268554688,517.0700073242188,516.6900024414062,517.0700073242188
2026-09-25 14:15:00-04:00,517.0900268554688,517.1599731445312,516.9299926757812,516.9600219726562
2026-09-25 14:20:00-04:00,516.97998046875,517.0250244140625,516.8699951171875,516.9949951171875
2026-09-25 14:25:00-04:00,517.0050048828125,517.1055908203125,516.6099853515625,516.9500122070312
2026-09-25 14:30:00-04:00,516.989990234375,517.25,516.989990234375,517.1599731445312
2026-09-25 14:35:00-04:00,517.1199951171875,517.22998046875,516.7899780273438,516.8699951171875
2026-09-25 14:40:00-04:00,516.875,517.0499877929688,516.7899780273438,517.0300903320312
2026-09-25 14:45:00-04:00,517.0599975585938,517.0800170898438,516.9265747070312,517.0692749023438
2026-09-25 14:50:00-04:00,516.989990234375,517.0900268554688,516.9375,516.9400024414062
2026-09-25 14:55:00-04:00,516.9268188476562,517.1500244140625,516.9268188476562,517.0700073242188
2026-09-25 15:00:00-04:00,517.1699829101562,517.280029296875,516.8099975585938,516.8599853515625
2026-09-25 15:05:00-04:00,516.8800048828125,517.0800170898438,516.8499755859375,517.010009765625
2026-09-25 15:10:00-04:00,517.0001220703125,517.260009765625,516.9099731445312,517.25
2026-09-25 15:15:00-04:00,517.2550048828125,517.3151245117188,517.1199951171875,517.1199951171875
2026-09-25 15:20:00-04:00,517.114990234375,517.1300048828125,516.8101196289062,516.8300170898438
2026-09-25 15:25:00-04:00,516.8049926757812,516.8049926757812,516.6500244140625,516.7100219726562
2026-09-25 15:30:00-04:00,516.780029296875,516.9299926757812,516.7100219726562,516.9099731445312
2026-09-25 15:35:00-04:00,516.9099731445312,517.4400024414062,516.9000244140625,517.4099731445312
2026-09-25 15:40:00-04:00,517.39990234375,517.489990234375,517.25,517.39501953125
2026-09-25 15:45:00-04:00,517.4000244140625,517.8300170898438,517.3900146484375,517.5798950195312
2026-09-25 15:50:00-04:00,517.5800170898438,517.9199829101562,517.5399780273438,517.5800170898438
2026-09-25 15:55:00-04:00,517.5599975585938,517.6099853515625,517.22998046875,517.469970703125
2026-09-28 09:30:00-04:00,514.2899780273438,514.3900146484375,513.5599975585938,514.2169799804688
2026-09-28 09:35:00-04:00,514.114990234375,514.3099975585938,513.4199829101562,514.0700073242188
2026-09-28 09:40:00-04:00,514.1900024414062,514.7100219726562,513.9550170898438,514.7100219726562
2026-09-28 09:45:00-04:00,514.6950073242188,515.2449951171875,514.4400024414062,515.0999755859375
2026-09-28 09:50:00-04:00,515.1199951171875,515.25,514.72998046875,514.9199829101562
2026-09-28 09:55:00-04:00,514.9299926757812,514.969970703125,514.1799926757812,514.9315185546875
2026-09-28 10:00:00-04:00,514.9249877929688,515.0999755859375,514.6300048828125,514.6400146484375
2026-09-28 10:05:00-04:00,514.75,515.4199829101562,514.5599975585938,515.3300170898438
2026-09-28 10:10:00-04:00,515.3400268554688,515.5599975585938,514.969970703125,515.1300048828125
2026-09-28 10:15:00-04:00,515.1099853515625,515.2100219726562,514.77001953125,515.0499877929688
2026-09-28 10:20:00-04:00,515.1799926757812,515.3900146484375,514.97998046875,515.3499755859375
2026-09-28 10:25:00-04:00,515.4149780273438,515.6300048828125,515.3300170898438,515.5900268554688
2026-09-28 10:30:00-04:00,515.5700073242188,515.5800170898438,515.1699829101562,515.1799926757812
2026-09-28 10:35:00-04:00,515.1099853515625,515.469970703125,514.989990234375,514.989990234375
2026-09-28 10:40:00-04:00,514.989990234375,515.1199951171875,514.47998046875,514.6400146484375
2026-09-28 10:45:00-04:00,514.6400756835938,514.6400756835938,513.8900146484375,514.02001953125
2026-09-28 10:50:00-04:00,514.0399780273438,514.2999877929688,513.6400146484375,513.6400146484375
2026-09-28 10:55:00-04:00,513.6099853515625,513.72998046875,513.4500122070312,513.5399780273438
2026-09-28 11:00:00-04:00,513.5999755859375,513.760009765625,513.2999267578125,513.6300048828125
2026-09-28 11:05:00-04:00,513.6799926757812,514.0700073242188,513.4600219726562,514.0501098632812
2026-09-28 11:10:00-04:00,514.10009765625,514.1599731445312,513.5700073242188,513.6099853515625
2026-09-28 11:15:00-04:00,513.6500244140625,514.0,513.6300048828125,513.969970703125
2026-09-28 11:20:00-04:00,513.7603149414062,513.77001953125,513.4600219726562,513.5449829101562
2026-09-28 11:25:00-04:00,513.5250244140625,513.8300170898438,513.4099731445312,513.6199951171875
2026-09-28 11:30:00-04:00,513.6900024414062,513.780029296875,513.4199829101562,513.5800170898438
2026-09-28 11:35:00-04:00,513.6099853515625,514.0599975585938,513.5499877929688,514.0599975585938
2026-09-28 11:40:00-04:00,514.0700073242188,514.0700073242188,513.7050170898438,513.8150024414062
2026-09-28 11:45:00-04:00,513.8200073242188,513.8200073242188,513.6199951171875,513.65771484375
2026-09-28 11:50:00-04:00,513.6400146484375,513.760009765625,513.5767211914062,513.7449951171875
2026-09-28 11:55:00-04:00,513.8099975585938,513.9500122070312,513.8099975585938,513.9099731445312
2026-09-28 12:00:00-04:00,513.9299926757812,514.0994873046875,513.8699951171875,513.8699951171875
2026-09-28 12:05:00-04:00,513.9099731445312,514.2999877929688,513.8900146484375,514.2349853515625
2026-09-28 12:10:00-04:00,514.22998046875,514.3800048828125,513.969970703125,514.0
2026-09-28 12:15:00-04:00,514.0750122070312,514.8800048828125,513.9301147460938,514.6300048828125
2026-09-28 12:20:00-04:00,514.5800170898438,515.469970703125,514.5499877929688,515.3599853515625
2026-09-28 12:25:00-04:00,515.4400024414062,516.6699829101562,515.3699951171875,516.2501220703125
2026-09-28 12:30:00-04:00,516.2000122070312,516.260009765625,515.4000244140625,515.4149780273438
2026-09-28 12:35:00-04:00,515.4650268554688,515.5900268554688,515.0900268554688,515.1599731445312
2026-09-28 12:40:00-04:00,515.1699829101562,515.239990234375,514.72998046875,515.0
2026-09-28 12:45:00-04:00,515.0549926757812,515.27001953125,514.6699829101562,514.760009765625
2026-09-28 12:50:00-04:00,514.7899780273438,515.1749877929688,514.6950073242188,515.1400146484375
2026-09-28 12:55:00-04:00,515.1500244140625,515.2100219726562,515.0499877929688,515.1300048828125
2026-09-28 13:00:00-04:00,515.0499877929688,515.0700073242188,514.8499755859375,514.9400024414062
2026-09-28 13:05:00-04:00,514.989990234375,515.0800170898438,514.8400268554688,515.0399780273438
2026-09-28 13:10:00-04:00,515.0700073242188,517.0399780273438,515.0399780273438,516.5
2026-09-28 13:15:00-04:00,516.489990234375,516.489990234375,515.4600219726562,515.4700927734375
2026-09-28 13:20:00-04:00,515.4199829101562,515.6199951171875,515.2999877929688,515.3699951171875
2026-09-28 13:25:00-04:00,515.3599853515625,515.469970703125,515.1099853515625,515.1749877929688
2026-09-28 13:30:00-04:00,515.280029296875,515.4199829101562,515.0399780273438,515.1849975585938
2026-09-28 13:35:00-04:00,515.1799926757812,515.3300170898438,514.969970703125,515.260009765625
2026-09-28 13:40:00-04:00,515.27001953125,515.4600219726562,515.1900024414062,515.4400024414062
2026-09-28 13:45:00-04:00,515.4201049804688,515.4600219726562,515.25,515.4400024414062
2026-09-28 13:50:00-04:00,515.3599853515625,515.4299926757812,515.2249755859375,515.405029296875
2026-09-28 13:55:00-04:00,515.4450073242188,515.4450073242188,515.1500244140625,515.3499755859375
2026-09-28 14:00:00-04:00,515.3800048828125,515.4400024414062,515.1799926757812,515.3499755859375
2026-09-28 14:05:00-04:00,515.3300170898438,515.3300170898438,515.1599731445312,515.2999877929688
2026-09-28 14:10:00-04:00,515.2949829101562,515.4099731445312,515.1699829101562,515.3699951171875
2026-09-28 14:15:00-04:00,515.375,515.405029296875,514.9774780273438,514.9774780273438
2026-09-28 14:20:00-04:00,514.97998046875,515.0900268554688,514.75,514.8699951171875
2026-09-28 14:25:00-04:00,514.8800048828125,514.9600219726562,514.8150024414062,514.8900146484375
2026-09-28 14:30:00-04:00,514.8900146484375,514.97998046875,514.6699829101562,514.7999877929688
2026-09-28 14:35:00-04:00,514.7899780273438,514.9000244140625,514.6699829101562,514.6699829101562
2026-09-28 14:40:00-04:00,514.6300048828125,514.9650268554688,514.6300048828125,514.9299926757812
2026-09-28 14:45:00-04:00,514.8900146484375,515.0499877929688,514.72998046875,515.02001953125
2026-09-28 14:50:00-04:00,514.9099731445312,514.9199829101562,514.5399780273438,514.7000122070312
2026-09-28 14:55:00-04:00,514.6900024414062,514.7999877929688,514.5800170898438,514.739990234375
2026-09-28 15:00:00-04:00,514.739990234375,514.75,514.3699951171875,514.47998046875
2026-09-28 15:05:00-04:00,514.469970703125,514.530029296875,514.3499755859375,514.3599853515625
2026-09-28 15:10:00-04:00,514.3574829101562,514.3699951171875,514.030029296875,514.1599731445312
2026-09-28 15:15:00-04:00,514.1199951171875,514.1849975585938,514.0,514.0700073242188
2026-09-28 15:20:00-04:00,514.0499877929688,514.1699829101562,514.02001953125,514.1400146484375
2026-09-28 15:25:00-04:00,514.1799926757812,514.2899780273438,514.1099853515625,514.2650146484375
2026-09-28 15:30:00-04:00,514.260009765625,514.3300170898438,514.0700073242188,514.2700805664062
2026-09-28 15:35:00-04:00,514.2650146484375,514.3800048828125,513.989990234375,514.010009765625
2026-09-28 15:40:00-04:00,514.0599975585938,514.2100219726562,514.0,514.1599731445312
2026-09-28 15:45:00-04:00,514.1649780273438,514.2899780273438,513.969970703125,513.989990234375
2026-09-28 15:50:00-04:00,513.97998046875,514.0599975585938,513.7999877929688,513.7999877929688
2026-09-28 15:55:00-04:00,513.780029296875,514.1599731445312,513.6799926757812,514.0900268554688
2026-09-29 09:30:00-04:00,513.7899780273438,513.844970703125,512.6599731445312,513.0700073242188
2026-09-29 09:35:00-04:00,513.0399780273438,513.8300170898438,513.010009765625,513.52001953125
2026-09-29 09:40:00-04:00,513.5700073242188,514.260009765625,513.3900146484375,513.5399780273438
2026-09-29 09:45:00-04:00,513.4600219726562,513.6599731445312,513.0,513.364990234375
2026-09-29 09:50:00-04:00,513.3200073242188,513.4500122070312,512.9299926757812,513.02001953125
2026-09-29 09:55:00-04:00,513.0,513.2999877929688,512.7999877929688,512.8200073242188
2026-09-29 10:00:00-04:00,512.8900146484375,513.489990234375,512.75,512.8400268554688
2026-09-29 10:05:00-04:00,512.8200073242188,513.0750122070312,512.6099853515625,513.0750122070312
2026-09-29 10:10:00-04:00,513.0401000976562,513.219970703125,512.7650146484375,513.125
2026-09-29 10:15:00-04:00,513.1300048828125,513.3099975585938,512.9401245117188,512.9401245117188
2026-09-29 10:20:00-04:00,513.030029296875,513.1900024414062,512.47998046875,512.5800170898438
2026-09-29 10:25:00-04:00,512.4600219726562,513.0599975585938,512.4600219726562,512.6599731445312
2026-09-29 10:30:00-04:00,512.7999877929688,512.9199829101562,512.1400146484375,512.5599975585938
2026-09-29 10:35:00-04:00,512.530029296875,512.6199951171875,512.2650146484375,512.4400024414062
2026-09-29 10:40:00-04:00,512.510009765625,512.7999877929688,511.9100036621094,512.239990234375
2026-09-29 10:45:00-04:00,512.280029296875,512.4099731445312,511.8800048828125,511.8949890136719
2026-09-29 10:50:00-04:00,511.8900146484375,512.4099731445312,511.8900146484375,512.4000244140625
2026-09-29 10:55:00-04:00,512.3699951171875,512.4705200195312,511.92999267578125,511.94000244140625
2026-09-29 11:00:00-04:00,512.0,512.0,511.57000732421875,511.5799865722656
2026-09-29 11:05:00-04:00,511.55999755859375,511.6499938964844,511.25,511.4200134277344
2026-09-29 11:10:00-04:00,511.3900146484375,511.5,511.0299987792969,511.1199951171875
2026-09-29 11:15:00-04:00,511.1700134277344,511.2349853515625,510.8500061035156,510.95001220703125
2026-09-29 11:20:00-04:00,510.95001220703125,510.95001220703125,510.489990234375,510.69000244140625
2026-09-29 11:25:00-04:00,510.70001220703125,510.9100036621094,510.6000061035156,510.7699890136719
2026-09-29 11:30:00-04:00,510.7799987792969,511.42999267578125,510.7799987792969,511.4200134277344
2026-09-29 11:35:00-04:00,511.42498779296875,511.625,511.3599853515625,511.45001220703125
2026-09-29 11:40:00-04:00,511.42999267578125,511.5400085449219,511.17498779296875,511.4949951171875
2026-09-29 11:45:00-04:00,511.5199890136719,511.760009765625,511.1600036621094,511.3699951171875
2026-09-29 11:50:00-04:00,511.4700012207031,511.4800109863281,510.739990234375,510.8299865722656
2026-09-29 11:55:00-04:00,510.8299865722656,510.8699951171875,510.7300109863281,510.760009765625
2026-09-29 12:00:00-04:00,510.79998779296875,510.79998779296875,510.4599914550781,510.6000061035156
2026-09-29 12:05:00-04:00,510.5899963378906,510.9049987792969,510.489990234375,510.8599853515625
2026-09-29 12:10:00-04:00,510.8500061035156,510.989990234375,510.6300048828125,510.75
2026-09-29 12:15:00-04:00,510.7300109863281,510.8699951171875,510.70001220703125,510.8500061035156
2026-09-29 12:20:00-04:00,510.8949890136719,511.0400085449219,510.6700134277344,510.8599853515625
2026-09-29 12:25:00-04:00,510.92999267578125,511.0950012207031,510.8999938964844,511.04998779296875
2026-09-29 12:30:00-04:00,511.0199890136719,511.1199951171875,510.9599914550781,511.0799865722656
2026-09-29 12:35:00-04:00,511.05999755859375,511.2250061035156,511.05999755859375,511.1499938964844
2026-09-29 12:40:00-04:00,511.1300048828125,511.20001220703125,510.9800109863281,511.010009765625
2026-09-29 12:45:00-04:00,510.9800109863281,511.1499938964844,510.82501220703125,511.0400085449219
2026-09-29 12:50:00-04:00,511.0799865722656,511.20001220703125,511.0199890136719,511.1900939941406
2026-09-29 12:55:00-04:00,511.1499938964844,511.1499938964844,510.9200134277344,511.135009765625
2026-09-29 13:00:00-04:00,511.1000061035156,511.1099853515625,510.67999267578125,510.8999938964844
2026-09-29 13:05:00-04:00,510.8900146484375,510.9649963378906,510.7850036621094,510.7900085449219
2026-09-29 13:10:00-04:00,510.7900085449219,511.05499267578125,510.739990234375,511.0299987792969
2026-09-29 13:15:00-04:00,511.0400085449219,511.0400085449219,510.82000732421875,510.9599914550781
2026-09-29 13:20:00-04:00,510.9200134277344,511.05999755859375,510.79998779296875,511.05999755859375
2026-09-29 13:25:00-04:00,511.07000732421875,511.20001220703125,510.9599914550781,511.1650085449219
2026-09-29 13:30:00-04:00,511.2200012207031,511.3699951171875,511.1499938964844,511.3599853515625
2026-09-29 13:35:00-04:00,511.3699951171875,511.4700012207031,511.2900085449219,511.4700012207031
2026-09-29 13:40:00-04:00,511.45001220703125,511.6000061035156,511.3500061035156,511.6000061035156
2026-09-29 13:45:00-04:00,511.635009765625,511.7300109863281,511.4200134277344,511.5
2026-09-29 13:50:00-04:00,511.5,511.55999755859375,511.2250061035156,511.25
2026-09-29 13:55:00-04:00,511.239990234375,511.3500061035156,511.1700134277344,511.30999755859375
2026-09-29 14:00:00-04:00,511.3399963378906,512.1300048828125,511.3299865722656,512.02001953125
2026-09-29 14:05:00-04:00,511.95001220703125,512.2100219726562,511.4800109863281,511.4800109863281
2026-09-29 14:10:00-04:00,511.45001220703125,511.9100036621094,511.44000244140625,511.8900146484375
2026-09-29 14:15:00-04:00,511.8699951171875,512.0,511.82000732421875,511.9599914550781
2026-09-29 14:20:00-04:00,511.9800109863281,512.3499755859375,511.9599914550781,512.0999755859375
2026-09-29 14:25:00-04:00,512.1099853515625,512.1199951171875,511.9200134277344,511.9599914550781
2026-09-29 14:30:00-04:00,511.95001220703125,512.2899780273438,511.7699890136719,511.989990234375
2026-09-29 14:35:00-04:00,511.93499755859375,512.7000122070312,511.93499755859375,512.7000122070312
2026-09-29 14:40:00-04:00,512.7150268554688,513.010009765625,512.52001953125,512.7050170898438
2026-09-29 14:45:00-04:00,512.739990234375,512.7999877929688,512.47998046875,512.530029296875
2026-09-29 14:50:00-04:00,512.530029296875,512.614990234375,512.4500122070312,512.489990234375
2026-09-29 14:55:00-04:00,512.489990234375,512.6799926757812,512.4400024414062,512.6799926757812
2026-09-29 15:00:00-04:00,512.7000122070312,512.8499755859375,512.5999755859375,512.8499755859375
2026-09-29 15:05:00-04:00,512.8300170898438,512.8699951171875,512.760009765625,512.8104248046875
2026-09-29 15:10:00-04:00,512.8250122070312,512.8900146484375,512.739990234375,512.760009765625
2026-09-29 15:15:00-04:00,512.780029296875,512.9000244140625,512.6400146484375,512.8599853515625
2026-09-29 15:20:00-04:00,512.8699951171875,512.969970703125,512.760009765625,512.780029296875
2026-09-29 15:25:00-04:00,512.780029296875,512.8900146484375,512.7100219726562,512.8800048828125
2026-09-29 15:30:00-04:00,512.9199829101562,513.030029296875,512.760009765625,512.760009765625
2026-09-29 15:35:00-04:00,512.780029296875,512.8699951171875,512.7200927734375,512.780029296875
2026-09-29 15:40:00-04:00,512.77001953125,512.864990234375,512.6950073242188,512.72998046875
2026-09-29 15:45:00-04:00,512.760009765625,512.9199829101562,512.625,512.77001953125
2026-09-29 15:50:00-04:00,512.760009765625,513.0399780273438,512.7100219726562,512.969970703125
2026-09-29 15:55:00-04:00,512.9500122070312,513.02001953125,512.6400146484375,512.8699951171875
2026-09-30 09:30:00-04:00,513.989990234375,514.1599731445312,512.8200073242188,513.1099853515625
2026-09-30 09:35:00-04:00,513.1099853515625,513.5700073242188,512.9099731445312,513.2100219726562
2026-09-30 09:40:00-04:00,513.2000122070312,513.3474731445312,512.5399780273438,512.6824951171875
2026-09-30 09:45:00-04:00,512.760009765625,513.0999755859375,512.3599853515625,513.0900268554688
2026-09-30 09:50:00-04:00,513.0700073242188,513.3900146484375,512.8099975585938,513.22998046875
2026-09-30 09:55:00-04:00,513.1500244140625,513.239990234375,512.5999755859375,513.0399780273438
2026-09-30 10:00:00-04:00,513.0999755859375,513.22998046875,512.7899780273438,513.22998046875
2026-09-30 10:05:00-04:00,513.25,513.9199829101562,513.2100219726562,513.2899780273438
2026-09-30 10:10:00-04:00,513.2899780273438,513.8800048828125,513.1300048828125,513.5
2026-09-30 10:15:00-04:00,513.47998046875,513.6799926757812,513.3099975585938,513.510009765625
2026-09-30 10:20:00-04:00,513.510009765625,513.780029296875,513.3150024414062,513.3200073242188
2026-09-30 10:25:00-04:00,513.2999877929688,513.2999877929688,512.47998046875,512.5750122070312
2026-09-30 10:30:00-04:00,512.5800170898438,512.9099731445312,512.489990234375,512.52001953125
2026-09-30 10:35:00-04:00,512.5900268554688,512.7899780273438,512.27001953125,512.5349731445312
2026-09-30 10:40:00-04:00,512.5250244140625,513.219970703125,512.3900146484375,512.780029296875
2026-09-30 10:45:00-04:00,512.6699829101562,513.4199829101562,512.6699829101562,513.110107421875
2026-09-30 10:50:00-04:00,513.0999755859375,513.739990234375,513.0,513.5999755859375
2026-09-30 10:55:00-04:00,513.6099853515625,513.7000122070312,513.0900268554688,513.0900268554688
2026-09-30 11:00:00-04:00,513.0800170898438,513.3699951171875,512.8295288085938,513.3400268554688
2026-09-30 11:05:00-04:00,513.3699951171875,513.3699951171875,512.9099731445312,513.25
2026-09-30 11:10:00-04:00,513.1699829101562,513.284423828125,512.5599975585938,513.0399780273438
2026-09-30 11:15:00-04:00,513.0700073242188,513.510009765625,513.0700073242188,513.1300048828125
2026-09-30 11:20:00-04:00,513.1199951171875,513.1900024414062,512.77001953125,512.8200073242188
2026-09-30 11:25:00-04:00,512.9099731445312,513.1099853515625,512.5999755859375,513.1005249023438
2026-09-30 11:30:00-04:00,513.1599731445312,513.219970703125,512.8099975585938,512.8599853515625
2026-09-30 11:35:00-04:00,512.89501953125,512.9400024414062,512.6300048828125,512.7999877929688
2026-09-30 11:40:00-04:00,512.739990234375,512.77001953125,512.1400146484375,512.1900024414062
2026-09-30 11:45:00-04:00,512.1500244140625,512.8049926757812,512.1500244140625,512.77001953125
2026-09-30 11:50:00-04:00,512.7310180664062,512.780029296875,512.3099975585938,512.3099975585938
2026-09-30 11:55:00-04:00,512.3400268554688,512.5999755859375,512.27001953125,512.5900268554688
2026-09-30 12:00:00-04:00,512.5800170898438,512.8400268554688,512.4299926757812,512.776611328125
2026-09-30 12:05:00-04:00,512.7899780273438,512.9199829101562,512.5700073242188,512.572021484375
2026-09-30 12:10:00-04:00,512.5800170898438,512.72998046875,512.4500122070312,512.6300048828125
2026-09-30 12:15:00-04:00,512.6799926757812,512.6799926757812,512.2999877929688,512.489990234375
2026-09-30 12:20:00-04:00,512.4400024414062,512.52001953125,512.2999877929688,512.3150024414062
2026-09-30 12:25:00-04:00,512.3198852539062,512.4000244140625,512.0900268554688,512.1599731445312
2026-09-30 12:30:00-04:00,512.1799926757812,512.3400268554688,512.0399780273438,512.3300170898438
2026-09-30 12:35:00-04:00,512.3200073242188,512.3599853515625,512.0499877929688,512.1799926757812
2026-09-30 12:40:00-04:00,512.2100219726562,512.5499877929688,512.1699829101562,512.47998046875
2026-09-30 12:45:00-04:00,512.469970703125,512.4749755859375,511.9700012207031,512.0150146484375
2026-09-30 12:50:00-04:00,512.1099853515625,512.2249755859375,512.0999755859375,512.1500244140625
2026-09-30 12:55:00-04:00,512.219970703125,512.3699951171875,512.0800170898438,512.280029296875
2026-09-30 13:00:00-04:00,512.25,512.4400024414062,512.22998046875,512.22998046875
2026-09-30 13:05:00-04:00,512.3300170898438,512.3900146484375,512.2000122070312,512.2000122070312
2026-09-30 13:10:00-04:00,512.219970703125,512.219970703125,511.7850036621094,511.8500061035156
2026-09-30 13:15:00-04:00,511.8699951171875,511.8699951171875,511.32000732421875,511.32000732421875
2026-09-30 13:20:00-04:00,511.25,511.42999267578125,511.1199951171875,511.2900085449219
2026-09-30 13:25:00-04:00,511.32000732421875,511.3800048828125,510.9100036621094,511.3500061035156
2026-09-30 13:30:00-04:00,511.3599853515625,511.6600036621094,511.3299865722656,511.6199951171875
2026-09-30 13:35:00-04:00,511.6600036621094,511.8500061035156,511.4549865722656,511.8399963378906
2026-09-30 13:40:00-04:00,511.82501220703125,512.1199951171875,511.760009765625,511.9949951171875
2026-09-30 13:45:00-04:00,511.8699951171875,511.95001220703125,511.5899963378906,511.8900146484375
2026-09-30 13:50:00-04:00,511.96990966796875,512.0449829101562,511.7900085449219,511.8800048828125
2026-09-30 13:55:00-04:00,511.7799987792969,511.8599853515625,511.7099914550781,511.8399963378906
2026-09-30 14:00:00-04:00,511.79998779296875,511.79998779296875,511.4800109863281,511.5400085449219
2026-09-30 14:05:00-04:00,511.5299987792969,511.57000732421875,511.260009765625,511.3699951171875
2026-09-30 14:10:00-04:00,511.3999938964844,511.4800109863281,511.2300109863281,511.32000732421875
2026-09-30 14:15:00-04:00,511.32501220703125,511.3399963378906,511.0299987792969,511.0299987792969
2026-09-30 14:20:00-04:00,511.0450134277344,511.1090087890625,510.739990234375,510.760009765625
2026-09-30 14:25:00-04:00,510.7799987792969,510.8800048828125,510.5400085449219,510.82000732421875
2026-09-30 14:30:00-04:00,510.8196105957031,510.8699951171875,510.5199890136719,510.6099853515625
2026-09-30 14:35:00-04:00,510.6300048828125,510.95001220703125,510.54998779296875,510.9200134277344
2026-09-30 14:40:00-04:00,510.9200134277344,510.9299011230469,510.7799987792969,510.875
2026-09-30 14:45:00-04:00,510.9200134277344,510.9200134277344,510.4800109863281,510.510009765625
2026-09-30 14:50:00-04:00,510.5199890136719,510.55999755859375,510.3110046386719,510.4100036621094
2026-09-30 14:55:00-04:00,510.4100036621094,510.6499938964844,510.3500061035156,510.5299987792969
2026-09-30 15:00:00-04:00,510.54998779296875,510.67999267578125,510.4599914550781,510.54998779296875
2026-09-30 15:05:00-04:00,510.54998779296875,510.5899963378906,510.3999938964844,510.489990234375
2026-09-30 15:10:00-04:00,510.5,510.67999267578125,510.3999938964844,510.67999267578125
2026-09-30 15:15:00-04:00,510.6499938964844,510.6650085449219,510.5365905761719,510.6000061035156
2026-09-30 15:20:00-04:00,510.6050109863281,510.6050109863281,510.29998779296875,510.375
2026-09-30 15:25:00-04:00,510.364990234375,510.4100036621094,510.239990234375,510.3399963378906
2026-09-30 15:30:00-04:00,510.30999755859375,510.3699951171875,510.0400085449219,510.0400085449219
2026-09-30 15:35:00-04:00,510.0849914550781,510.25,509.94000244140625,510.1300048828125
2026-09-30 15:40:00-04:00,510.0799865722656,510.1600036621094,509.8399963378906,509.9200134277344
2026-09-30 15:45:00-04:00,509.8999938964844,509.94000244140625,509.57000732421875,509.5899963378906
2026-09-30 15:50:00-04:00,509.54998779296875,509.7200012207031,509.1499938964844,509.3299865722656
2026-09-30 15:55:00-04:00,509.3299865722656,509.45001220703125,508.3500061035156,508.489990234375
2026-10-01 09:30:00-04:00,509.3699951171875,510.5299987792969,508.82000732421875,510.2799987792969
2026-10-01 09:35:00-04:00,510.2799987792969,510.95001220703125,509.44000244140625,509.4549865722656
2026-10-01 09:40:00-04:00,509.4200134277344,509.4200134277344,508.0400085449219,508.05999755859375
2026-10-01 09:45:00-04:00,508.1000061035156,508.45989990234375,507.6400146484375,507.69000244140625
2026-10-01 09:50:00-04:00,507.6650085449219,508.57000732421875,507.6650085449219,507.989990234375
2026-10-01 09:55:00-04:00,508.05499267578125,508.2200012207031,507.2699890136719,507.3399963378906
2026-10-01 10:00:00-04:00,507.3299865722656,507.4100036621094,505.6449890136719,505.68499755859375
2026-10-01 10:05:00-04:00,505.6400146484375,506.5799865722656,505.4599914550781,506.4599914550781
2026-10-01 10:10:00-04:00,506.510009765625,506.510009765625,505.82000732421875,506.2099914550781
2026-10-01 10:15:00-04:00,506.2799072265625,506.67999267578125,505.8500061035156,506.19000244140625
2026-10-01 10:20:00-04:00,506.2900085449219,506.45001220703125,506.0,506.2049865722656
2026-10-01 10:25:00-04:00,506.20001220703125,506.3800048828125,505.6199951171875,505.8599853515625
2026-10-01 10:30:00-04:00,505.8500061035156,506.6600036621094,505.82000732421875,506.6600036621094
2026-10-01 10:35:00-04:00,506.6986083984375,507.0400085449219,506.4049987792969,506.92999267578125
2026-10-01 10:40:00-04:00,506.8599853515625,507.07000732421875,506.2900085449219,506.3999938964844
2026-10-01 10:45:00-04:00,506.3599853515625,506.8999938964844,506.0799865722656,506.3599853515625
2026-10-01 10:50:00-04:00,506.3500061035156,506.510009765625,505.6600036621094,505.739990234375
2026-10-01 10:55:00-04:00,505.75,506.4649963378906,505.6499938964844,505.95001220703125
2026-10-01 11:00:00-04:00,505.9800109863281,506.0899963378906,504.9150085449219,504.9200134277344
2026-10-01 11:05:00-04:00,505.0299987792969,505.239990234375,504.760009765625,505.0400085449219
2026-10-01 11:10:00-04:00,504.989990234375,505.5,504.70001220703125,505.43701171875
2026-10-01 11:15:00-04:00,505.3999938964844,505.8500061035156,505.2300109863281,505.3800048828125
2026-10-01 11:20:00-04:00,505.375,505.760009765625,505.2300109863281,505.5350036621094
2026-10-01 11:25:00-04:00,505.54998779296875,505.9700012207031,505.3699951171875,505.3699951171875
2026-10-01 11:30:00-04:00,505.3900146484375,505.5299987792969,505.0299987792969,505.0400085449219
2026-10-01 11:35:00-04:00,505.1300048828125,506.1700134277344,504.9599914550781,506.1099853515625
2026-10-01 11:40:00-04:00,506.07000732421875,506.4200134277344,505.489990234375,505.6499938964844
2026-10-01 11:45:00-04:00,505.6499938964844,506.2099914550781,505.54998779296875,506.05999755859375
2026-10-01 11:50:00-04:00,506.0,506.0,505.45001220703125,505.67498779296875
2026-10-01 11:55:00-04:00,505.70001220703125,506.6099853515625,505.69000244140625,506.5450134277344
2026-10-01 12:00:00-04:00,506.67999267578125,507.05999755859375,506.42999267578125,506.9800109863281
2026-10-01 12:05:00-04:00,506.8800048828125,507.07000732421875,506.6099853515625,506.69000244140625
2026-10-01 12:10:00-04:00,506.7099914550781,506.9200134277344,506.6400146484375,506.6600036621094
2026-10-01 12:15:00-04:00,506.7699890136719,507.3999938964844,506.54998779296875,507.1199951171875
2026-10-01 12:20:00-04:00,507.1300048828125,507.75,506.9700012207031,507.67999267578125
2026-10-01 12:25:00-04:00,507.6300048828125,507.69000244140625,507.4200134277344,507.4800109863281
2026-10-01 12:30:00-04:00,507.4700012207031,508.1499938964844,507.3500061035156,508.05499267578125
2026-10-01 12:35:00-04:00,508.05999755859375,508.125,507.5899963378906,507.7200012207031
2026-10-01 12:40:00-04:00,507.7699890136719,507.9100036621094,507.4700012207031,507.8349914550781
2026-10-01 12:45:00-04:00,507.79998779296875,507.8699951171875,507.5199890136719,507.55999755859375
2026-10-01 12:50:00-04:00,507.6199951171875,507.67999267578125,507.04998779296875,507.1300048828125
2026-10-01 12:55:00-04:00,507.135009765625,507.2799987792969,506.8299865722656,507.1300048828125
2026-10-01 13:00:00-04:00,507.1099853515625,507.70001220703125,506.95001220703125,507.70001220703125
2026-10-01 13:05:00-04:00,507.67498779296875,507.760009765625,507.3800048828125,507.4200134277344
2026-10-01 13:10:00-04:00,507.45001220703125,507.7049865722656,507.42999267578125,507.4800109863281
2026-10-01 13:15:00-04:00,507.4949951171875,508.0799865722656,507.4200134277344,508.0400085449219
2026-10-01 13:20:00-04:00,508.0400085449219,508.4649963378906,508.0350036621094,508.4649963378906
2026-10-01 13:25:00-04:00,508.4700012207031,508.6099853515625,508.260009765625,508.45001220703125
2026-10-01 13:30:00-04:00,508.42999267578125,509.4599914550781,508.42999267578125,508.92999267578125
2026-10-01 13:35:00-04:00,508.8999938964844,508.95001220703125,508.4800109863281,508.6000061035156
2026-10-01 13:40:00-04:00,508.5799865722656,508.82000732421875,508.3900146484375,508.6650085449219
2026-10-01 13:45:00-04:00,508.68499755859375,508.8900146484375,508.4700012207031,508.6300048828125
2026-10-01 13:50:00-04:00,508.6400146484375,508.6600036621094,508.0409851074219,508.0799865722656
2026-10-01 13:55:00-04:00,508.0799865722656,508.32000732421875,507.82000732421875,507.9599914550781
2026-10-01 14:00:00-04:00,507.989990234375,508.0199890136719,507.54998779296875,507.7200012207031
2026-10-01 14:05:00-04:00,507.7699890136719,507.8299865722656,507.260009765625,507.70001220703125
2026-10-01 14:10:00-04:00,507.6700134277344,508.25,507.510009765625,508.239990234375
2026-10-01 14:15:00-04:00,508.29998779296875,508.4599914550781,508.20001220703125,508.29998779296875
2026-10-01 14:20:00-04:00,508.2699890136719,508.6000061035156,507.8299865722656,508.4599914550781
2026-10-01 14:25:00-04:00,508.3999938964844,508.44000244140625,508.1099853515625,508.3299865722656
2026-10-01 14:30:00-04:00,508.2799987792969,509.1199951171875,508.04998779296875,509.07000732421875
2026-10-01 14:35:00-04:00,509.07501220703125,509.07501220703125,508.4200134277344,508.44989013671875
2026-10-01 14:40:00-04:00,508.45001220703125,508.510009765625,508.19000244140625,508.30999755859375
2026-10-01 14:45:00-04:00,508.2699890136719,508.30999755859375,508.0799865722656,508.1099853515625
2026-10-01 14:50:00-04:00,508.0899963378906,508.32281494140625,508.0199890136719,508.260009765625
2026-10-01 14:55:00-04:00,508.239990234375,508.4200134277344,508.1000061035156,508.3900146484375
2026-10-01 15:00:00-04:00,508.375,508.4100036621094,508.1300048828125,508.3900146484375
2026-10-01 15:05:00-04:00,508.3800048828125,508.5,508.260009765625,508.44000244140625
2026-10-01 15:10:00-04:00,508.4599914550781,508.6600036621094,508.42498779296875,508.6600036621094
2026-10-01 15:15:00-04:00,508.6499938964844,508.7799987792969,508.54998779296875,508.7300109863281
2026-10-01 15:20:00-04:00,508.70001220703125,508.7900085449219,508.4100036621094,508.4100036621094
2026-10-01 15:25:00-04:00,508.4200134277344,508.43499755859375,508.2200012207031,508.42999267578125
2026-10-01 15:30:00-04:00,508.4700012207031,508.8900146484375,508.44000244140625,508.7799987792969
2026-10-01 15:35:00-04:00,508.7099914550781,509.05950927734375,508.6499938964844,509.0
2026-10-01 15:40:00-04:00,508.96148681640625,509.0249938964844,508.7900085449219,508.80499267578125
2026-10-01 15:45:00-04:00,508.7900085449219,509.0299987792969,508.739990234375,508.92999267578125
2026-10-01 15:50:00-04:00,508.9100036621094,509.5299987792969,508.9100036621094,508.92498779296875
2026-10-01 15:55:00-04:00,508.8999938964844,508.9800109863281,508.3399963378906,508.57000732421875
2026-10-02 09:30:00-04:00,512.5399780273438,512.6400146484375,511.1700134277344,511.7650146484375
2026-10-02 09:35:00-04:00,511.760009765625,512.719970703125,511.7300109863281,512.2000122070312
2026-10-02 09:40:00-04:00,512.2100219726562,512.5250244140625,511.7300109863281,512.3900146484375
2026-10-02 09:45:00-04:00,512.39501953125,513.0601196289062,511.80999755859375,512.2650146484375
2026-10-02 09:50:00-04:00,512.2999877929688,512.5750122070312,511.20001220703125,511.20001220703125
2026-10-02 09:55:00-04:00,511.25,511.3599853515625,510.1700134277344,511.0199890136719
2026-10-02 10:00:00-04:00,511.05999755859375,511.6099853515625,510.3999938964844,511.6000061035156
2026-10-02 10:05:00-04:00,511.5400085449219,511.9200134277344,511.3399963378906,511.55999755859375
2026-10-02 10:10:00-04:00,511.4599914550781,511.864990234375,511.0400085449219,511.4100036621094
2026-10-02 10:15:00-04:00,511.44000244140625,511.80999755859375,511.1000061035156,511.80999755859375
2026-10-02 10:20:00-04:00,511.80999755859375,511.9800109863281,511.1400146484375,511.6850891113281
2026-10-02 10:25:00-04:00,511.69500732421875,511.7099914550781,511.32000732421875,511.3399963378906
2026-10-02 10:30:00-04:00,511.3699951171875,511.3900146484375,510.7900085449219,511.17999267578125
2026-10-02 10:35:00-04:00,511.1400146484375,511.80999755859375,511.1099853515625,511.5199890136719
2026-10-02 10:40:00-04:00,511.5199890136719,511.8699951171875,511.44000244140625,511.6400146484375
2026-10-02 10:45:00-04:00,511.5899963378906,512.0549926757812,511.3699951171875,511.80999755859375
2026-10-02 10:50:00-04:00,511.8299865722656,511.8299865722656,511.114990234375,511.20001220703125
2026-10-02 10:55:00-04:00,511.1000061035156,511.6499938964844,511.07000732421875,511.2300109863281
2026-10-02 11:00:00-04:00,511.260009765625,511.3599853515625,510.2799987792969,510.30999755859375
2026-10-02 11:05:00-04:00,510.32000732421875,510.4100036621094,509.8299865722656,509.8699951171875
2026-10-02 11:10:00-04:00,509.5950012207031,509.75,509.1099853515625,509.30999755859375
2026-10-02 11:15:00-04:00,509.3450012207031,509.6700134277344,509.010009765625,509.2049865722656
2026-10-02 11:20:00-04:00,509.1499938964844,509.42999267578125,508.79998779296875,508.80999755859375
2026-10-02 11:25:00-04:00,508.79998779296875,509.8900146484375,508.69000244140625,509.8699951171875
2026-10-02 11:30:00-04:00,509.8999938964844,510.239990234375,509.510009765625,510.239990234375
2026-10-02 11:35:00-04:00,510.2550048828125,510.55999755859375,510.1600036621094,510.42999267578125
2026-10-02 11:40:00-04:00,510.4700012207031,510.5799865722656,510.0799865722656,510.2099914550781
2026-10-02 11:45:00-04:00,510.1700134277344,510.29998779296875,510.010009765625,510.1000061035156
2026-10-02 11:50:00-04:00,510.1400146484375,510.3299865722656,509.95001220703125,510.0400085449219
2026-10-02 11:55:00-04:00,510.010009765625,510.25,509.9200134277344,510.2300109863281
2026-10-02 12:00:00-04:00,510.25,510.55999755859375,510.010009765625,510.2799987792969
2026-10-02 12:05:00-04:00,510.260009765625,510.45001220703125,510.0400085449219,510.4200134277344
2026-10-02 12:10:00-04:00,510.4200134277344,510.4700012207031,510.0,510.1400146484375
2026-10-02 12:15:00-04:00,510.1300048828125,510.5299987792969,510.0799865722656,510.5050048828125
2026-10-02 12:20:00-04:00,510.3599853515625,510.4200134277344,509.9599914550781,510.0013122558594
2026-10-02 12:25:00-04:00,509.9800109863281,510.2699890136719,509.9599914550781,510.1000061035156
2026-10-02 12:30:00-04:00,510.1000061035156,510.3399963378906,510.1000061035156,510.239990234375
2026-10-02 12:35:00-04:00,510.2449951171875,510.57000732421875,510.2200012207031,510.5299987792969
2026-10-02 12:40:00-04:00,510.55999755859375,510.5799865722656,510.0299987792969,510.42999267578125
2026-10-02 12:45:00-04:00,510.44000244140625,510.55999755859375,510.2900085449219,510.3699951171875
2026-10-02 12:50:00-04:00,510.3299865722656,510.8699951171875,510.2900085449219,510.7900085449219
2026-10-02 12:55:00-04:00,510.7900085449219,510.81500244140625,510.45001220703125,510.510009765625
2026-10-02 13:00:00-04:00,510.5199890136719,511.010009765625,510.5,510.8299865722656
2026-10-02 13:05:00-04:00,510.8399963378906,510.95001220703125,510.6549987792969,510.95001220703125
2026-10-02 13:10:00-04:00,510.9200134277344,510.9800109863281,510.5299987792969,510.739990234375
2026-10-02 13:15:00-04:00,510.739990234375,510.92999267578125,510.6400146484375,510.9100036621094
2026-10-02 13:20:00-04:00,510.8900146484375,510.92999267578125,510.30499267578125,510.30999755859375
2026-10-02 13:25:00-04:00,510.3500061035156,510.4599914550781,509.9800109863281,510.1499938964844
2026-10-02 13:30:00-04:00,510.1400146484375,510.7300109863281,510.1300048828125,510.69989013671875
2026-10-02 13:35:00-04:00,510.67999267578125,510.67999267578125,510.4599914550781,510.5450134277344
2026-10-02 13:40:00-04:00,510.5150146484375,510.6600036621094,510.3970947265625,510.6199951171875
2026-10-02 13:45:00-04:00,510.6600036621094,510.7300109863281,510.54998779296875,510.6700134277344
2026-10-02 13:50:00-04:00,510.69000244140625,510.989990234375,510.32000732421875,510.9549865722656
2026-10-02 13:55:00-04:00,510.9700012207031,510.9700012207031,510.6099853515625,510.80999755859375
2026-10-02 14:00:00-04:00,510.80999755859375,511.0299987792969,510.6700134277344,510.7300109863281
2026-10-02 14:05:00-04:00,510.7200012207031,510.760009765625,510.54998779296875,510.7200012207031
2026-10-02 14:10:00-04:00,510.7300109863281,510.79998779296875,510.5950012207031,510.7799987792969
2026-10-02 14:15:00-04:00,510.7200012207031,510.7250061035156,510.4100036621094,510.42999267578125
2026-10-02 14:20:00-04:00,510.4700012207031,510.5,510.25,510.2900085449219
2026-10-02 14:25:00-04:00,510.260009765625,510.54998779296875,510.25,510.5299987792969
2026-10-02 14:30:00-04:00,510.5400085449219,510.7099914550781,510.44000244140625,510.57000732421875
2026-10-02 14:35:00-04:00,510.5398864746094,510.8500061035156,510.5,510.6000061035156
2026-10-02 14:40:00-04:00,510.5799865722656,510.9599914550781,510.54998779296875,510.9100036621094
2026-10-02 14:45:00-04:00,510.9200134277344,510.9649963378906,510.7900085449219,510.7900085449219
2026-10-02 14:50:00-04:00,510.75,510.8399963378906,510.67999267578125,510.7900085449219
2026-10-02 14:55:00-04:00,510.7900085449219,510.82000732421875,510.6300048828125,510.7699890136719
2026-10-02 15:00:00-04:00,510.7900085449219,510.8500061035156,510.7200012207031,510.8299865722656
2026-10-02 15:05:00-04:00,510.7900085449219,510.7900085449219,510.6300048828125,510.7200012207031
2026-10-02 15:10:00-04:00,510.739990234375,510.8800048828125,510.69000244140625,510.8699951171875
2026-10-02 15:15:00-04:00,510.8399963378906,511.0299987792969,510.69000244140625,510.9200134277344
2026-10-02 15:20:00-04:00,510.9599914550781,511.1099853515625,510.7799987792969,510.9100036621094
2026-10-02 15:25:00-04:00,510.8949890136719,511.0199890136719,510.760009765625,510.8399963378906
2026-10-02 15:30:00-04:00,510.8599853515625,511.0899963378906,510.7900085449219,511.0899963378906
2026-10-02 15:35:00-04:00,511.0899963378906,511.17999267578125,510.94000244140625,510.9599914550781
2026-10-02 15:40:00-04:00,510.9700012207031,510.9800109863281,510.79998779296875,510.8500061035156
2026-10-02 15:45:00-04:00,510.8699951171875,511.1700134277344,510.80999755859375,510.92999267578125
2026-10-02 15:50:00-04:00,510.95001220703125,511.2799987792969,510.8900146484375,511.0150146484375
2026-10-02 15:55:00-04:00,511.04998779296875,511.29998779296875,510.9100036621094,511.07000732421875
