Datetime,open,high,low,close
2023-11-03 09:30:00-04:00,340.0799865722656,340.7099914550781,339.6300048828125,339.8500061035156
2023-11-03 10:30:00-04:00,339.79998779296875,340.4200134277344,339.3900146484375,340.1300048828125
2023-11-03 11:30:00-04:00,340.1499938964844,341.0914001464844,340.1499938964844,341.0199890136719
2023-11-03 12:30:00-04:00,341.0299987792969,341.614990234375,340.69000244140625,340.8500061035156
2023-11-03 13:30:00-04:00,340.8500061035156,341.3299865722656,340.760009765625,341.2099914550781
2023-11-03 14:30:00-04:00,341.2099914550781,341.5199890136719,340.8619079589844,340.9599914550781
2023-11-03 15:30:00-04:00,340.9100036621094,341.05999755859375,340.4800109863281,340.6099853515625
2023-11-06 09:30:00-05:00,340.8599853515625,341.6400146484375,340.4100036621094,340.9317932128906
2023-11-06 10:30:00-05:00,340.95001220703125,341.1700134277344,340.70001220703125,340.989990234375
2023-11-06 11:30:00-05:00,340.989990234375,341.2699890136719,340.875,340.95001220703125
2023-11-06 12:30:00-05:00,340.94000244140625,341.00030517578125,340.06500244140625,340.5400085449219
2023-11-06 13:30:00-05:00,340.5,340.5799865722656,339.8900146484375,340.2099914550781
2023-11-06 14:30:00-05:00,340.17999267578125,340.8800048828125,340.1600036621094,340.739990234375
2023-11-06 15:30:00-05:00,340.760009765625,341.07000732421875,340.5050048828125,341.0299987792969
2023-11-07 09:30:00-05:00,340.7300109863281,341.4100036621094,340.29998779296875,341.4100036621094
2023-11-07 10:30:00-05:00,341.38800048828125,341.9200134277344,341.2799987792969,341.6400146484375
2023-11-07 11:30:00-05:00,341.6600036621094,342.07000732421875,341.1600036621094,341.29998779296875
2023-11-07 12:30:00-05:00,341.2900085449219,341.7699890136719,341.0,341.55999755859375
2023-11-07 13:30:00-05:00,341.57000732421875,341.75,341.3500061035156,341.6449890136719
2023-11-07 14:30:00-05:00,341.67999267578125,341.739990234375,341.32000732421875,341.6199951171875
2023-11-07 15:30:00-05:00,341.6199951171875,341.9800109863281,341.05999755859375,341.55999755859375
2023-11-08 09:30:00-05:00,342.06610107421875,342.5899963378906,341.82000732421875,341.9700012207031
2023-11-08 10:30:00-05:00,341.95989990234375,342.04998779296875,341.07000732421875,341.2601013183594
2023-11-08 11:30:00-05:00,341.2099914550781,341.3999938964844,339.94000244140625,340.4200134277344
2023-11-08 12:30:00-05:00,340.3599853515625,340.8399963378906,340.19000244140625,340.6099853515625
2023-11-08 13:30:00-05:00,340.65008544921875,341.0799865722656,340.6400146484375,340.8399963378906
2023-11-08 14:30:00-05:00,340.82000732421875,340.95001220703125,340.5299987792969,340.80999755859375
2023-11-08 15:30:00-05:00,340.82000732421875,341.4700012207031,340.67999267578125,341.1099853515625
2023-11-09 09:30:00-05:00,342.010009765625,342.04998779296875,340.1400146484375,340.2900085449219
2023-11-09 10:30:00-05:00,340.30999755859375,341.42999267578125,340.0299987792969,341.1400146484375
2023-11-09 11:30:00-05:00,341.1199951171875,341.4700012207031,341.0,341.0
2023-11-09 12:30:00-05:00,341.0299987792969,341.3500061035156,339.70001220703125,340.6099853515625
2023-11-09 13:30:00-05:00,340.5199890136719,340.70001220703125,338.92999267578125,339.4800109863281
2023-11-09 14:30:00-05:00,339.4599914550781,339.6199951171875,338.79998779296875,338.95001220703125
2023-11-09 15:30:00-05:00,338.92999267578125,339.19000244140625,338.7699890136719,339.1400146484375
2023-11-10 09:30:00-05:00,340.760009765625,340.8900146484375,339.4549865722656,339.6499938964844
2023-11-10 10:30:00-05:00,339.69000244140625,340.7300109863281,339.2699890136719,340.4800109863281
2023-11-10 11:30:00-05:00,340.4599914550781,340.9599914550781,340.2699890136719,340.8900146484375
2023-11-10 12:30:00-05:00,340.8900146484375,342.05999755859375,340.8900146484375,341.8500061035156
2023-11-10 13:30:00-05:00,341.8500061035156,342.4999084472656,341.8500061035156,342.42999267578125
2023-11-10 14:30:00-05:00,342.45001220703125,342.8900146484375,342.1477966308594,342.8900146484375
2023-11-10 15:30:00-05:00,342.8699951171875,343.29998779296875,342.82000732421875,343.0
2023-11-13 09:30:00-05:00,342.3800048828125,342.9800109863281,342.2300109863281,342.5899963378906
2023-11-13 10:30:00-05:00,342.6099853515625,343.4580078125,342.55999755859375,343.44000244140625
2023-11-13 11:30:00-05:00,343.45001220703125,344.29998779296875,343.3399963378906,344.04998779296875
2023-11-13 12:30:00-05:00,344.05999755859375,344.0799865722656,343.4100036621094,343.45001220703125
2023-11-13 13:30:00-05:00,343.45001220703125,343.9200134277344,343.25,343.8299865722656
2023-11-13 14:30:00-05:00,343.8399963378906,343.98370361328125,343.3999938964844,343.79998779296875
2023-11-13 15:30:00-05:00,343.79998779296875,343.8500061035156,343.44000244140625,343.5400085449219
2023-11-14 09:30:00-05:00,347.15899658203125,348.79998779296875,346.6700134277344,348.760009765625
2023-11-14 10:30:00-05:00,348.7699890136719,349.3999938964844,348.6000061035156,349.3500061035156
2023-11-14 11:30:00-05:00,349.3500061035156,349.42999267578125,348.0400085449219,348.1200866699219
2023-11-14 12:30:00-05:00,348.1499938964844,348.6199951171875,348.1199951171875,348.489990234375
2023-11-14 13:30:00-05:00,348.489990234375,348.7200012207031,347.8900146484375,348.4100036621094
2023-11-14 14:30:00-05:00,348.4200134277344,349.5199890136719,348.4200134277344,349.32000732421875
2023-11-14 15:30:00-05:00,349.32000732421875,349.3800048828125,348.1700134277344,348.4700012207031
2023-11-15 09:30:00-05:00,349.2900085449219,350.17999267578125,348.9800109863281,349.8399963378906
2023-11-15 10:30:00-05:00,349.8500061035156,350.2488098144531,349.67999267578125,349.7250061035156
2023-11-15 11:30:00-05:00,349.7200012207031,350.05999755859375,349.04998779296875,350.010009765625
2023-11-15 12:30:00-05:00,350.0,350.0899963378906,349.4100036621094,349.92999267578125
2023-11-15 13:30:00-05:00,349.92999267578125,350.5299987792969,349.8399963378906,350.5299987792969
2023-11-15 14:30:00-05:00,350.5400085449219,350.7099914550781,350.25,350.56500244140625
2023-11-15 15:30:00-05:00,350.5801086425781,350.7799987792969,349.94000244140625,350.260009765625
2023-11-16 09:30:00-05:00,349.5799865722656,350.8009948730469,349.5,350.010009765625
2023-11-16 10:30:00-05:00,350.0,350.2099914550781,348.9800109863281,349.07000732421875
2023-11-16 11:30:00-05:00,349.07000732421875,349.4599914550781,348.8500061035156,349.3399963378906
2023-11-16 12:30:00-05:00,349.3299865722656,349.7300109863281,349.20001220703125,349.4800109863281
2023-11-16 13:30:00-05:00,349.510009765625,349.5299987792969,348.75,348.8550109863281
2023-11-16 14:30:00-05:00,348.8399963378906,349.4700012207031,348.8299865722656,349.42999267578125
2023-11-16 15:30:00-05:00,349.45001220703125,350.1600036621094,349.3999938964844,350.05999755859375
2023-11-17 09:30:00-05:00,349.7799987792969,350.2200012207031,348.79998779296875,349.2900085449219
2023-11-17 10:30:00-05:00,349.2699890136719,349.32000732421875,348.7300109863281,348.8599853515625
2023-11-17 11:30:00-05:00,348.8999938964844,349.489990234375,348.760009765625,349.1300048828125
2023-11-17 12:30:00-05:00,349.1499938964844,349.30999755859375,348.94989013671875,349.2200012207031
2023-11-17 13:30:00-05:00,349.2690124511719,349.81500244140625,349.2650146484375,349.4100036621094
2023-11-17 14:30:00-05:00,349.42999267578125,349.7900085449219,349.29998779296875,349.6199951171875
2023-11-17 15:30:00-05:00,349.6099853515625,349.6099853515625,348.9800109863281,349.4100036621094
2023-11-20 09:30:00-05:00,349.1000061035156,350.45001220703125,349.07000732421875,350.260009765625
2023-11-20 10:30:00-05:00,350.239990234375,350.5299987792969,350.1099853515625,350.364990234375
2023-11-20 11:30:00-05:00,350.3800048828125,350.760009765625,350.2900085449219,350.67999267578125
2023-11-20 12:30:00-05:00,350.7099914550781,351.30999755859375,350.4100036621094,351.2099914550781
2023-11-20 13:30:00-05:00,351.2099914550781,351.510009765625,351.1700134277344,351.3800048828125
2023-11-20 14:30:00-05:00,351.3900146484375,352.20001220703125,351.3900146484375,352.1600036621094
2023-11-20 15:30:00-05:00,352.1499938964844,352.239990234375,351.2900085449219,351.57000732421875
2023-11-21 09:30:00-05:00,351.1099853515625,351.2099914550781,350.3599853515625,350.56988525390625
2023-11-21 10:30:00-05:00,350.57000732421875,350.9800109863281,350.4100036621094,350.54998779296875
2023-11-21 11:30:00-05:00,350.5400085449219,350.8599853515625,350.3800048828125,350.8399963378906
2023-11-21 12:30:00-05:00,350.8599853515625,351.010009765625,350.5,350.6099853515625
2023-11-21 13:30:00-05:00,350.6099853515625,351.05999755859375,350.54998779296875,350.82000732421875
2023-11-21 14:30:00-05:00,350.79998779296875,351.0299987792969,350.4700012207031,350.7099914550781
2023-11-21 15:30:00-05:00,350.70001220703125,351.0,350.4800109863281,350.8500061035156
2023-11-22 09:30:00-05:00,351.8900146484375,352.680908203125,351.5,352.1300048828125
2023-11-22 10:30:00-05:00,352.1199951171875,352.5899963378906,351.6600036621094,352.3699951171875
2023-11-22 11:30:00-05:00,352.3699951171875,353.1400146484375,352.32000732421875,352.6300048828125
2023-11-22 12:30:00-05:00,352.6400146484375,352.82000732421875,352.0799865722656,352.6929016113281
2023-11-22 13:30:00-05:00,352.7200012207031,352.7300109863281,352.4100036621094,352.7200012207031
2023-11-22 14:30:00-05:00,352.7200012207031,352.8699951171875,351.8800048828125,352.8699951171875
2023-11-22 15:30:00-05:00,352.8599853515625,352.92999267578125,352.6199951171875,352.6499938964844
2023-11-24 09:30:00-05:00,353.1600036621094,353.8999938964844,353.0400085449219,353.8399963378906
2023-11-24 10:30:00-05:00,353.839599609375,353.95001220703125,353.57000732421875,353.6400146484375
2023-11-24 11:30:00-05:00,353.67999267578125,353.7300109863281,353.260009765625,353.3999938964844
2023-11-27 09:30:00-05:00,353.6300048828125,354.1400146484375,353.1499938964844,353.3800048828125
2023-11-27 10:30:00-05:00,353.3999938964844,353.5400085449219,352.989990234375,353.3800048828125
2023-11-27 11:30:00-05:00,353.3599853515625,353.45001220703125,352.7799987792969,352.8900146484375
2023-11-27 12:30:00-05:00,352.9299011230469,353.30999755859375,352.8399963378906,353.2300109863281
2023-11-27 13:30:00-05:00,353.239990234375,353.510009765625,353.19000244140625,353.42999267578125
2023-11-27 14:30:00-05:00,353.4100036621094,353.4100036621094,352.8800048828125,353.3699951171875
2023-11-27 15:30:00-05:00,353.3999938964844,353.7200012207031,353.17999267578125,353.3299865722656
2023-11-28 09:30:00-05:00,353.489990234375,353.70001220703125,353.0899963378906,353.57000732421875
2023-11-28 10:30:00-05:00,353.5299987792969,354.7699890136719,353.5199890136719,354.6199951171875
2023-11-28 11:30:00-05:00,354.6000061035156,355.1400146484375,354.5002136230469,354.55999755859375
2023-11-28 12:30:00-05:00,354.57000732421875,354.57000732421875,353.3500061035156,353.9800109863281
2023-11-28 13:30:00-05:00,353.9800109863281,354.1700134277344,353.7799987792969,353.94000244140625
2023-11-28 14:30:00-05:00,353.94000244140625,354.42999267578125,353.75,354.1300048828125
2023-11-28 15:30:00-05:00,354.1199951171875,354.42999267578125,353.8999938964844,354.1099853515625
2023-11-29 09:30:00-05:00,354.9700012207031,355.5199890136719,354.6300048828125,354.80999755859375
2023-11-29 10:30:00-05:00,354.8500061035156,355.3599853515625,354.42999267578125,354.5899963378906
2023-11-29 11:30:00-05:00,354.6000061035156,355.5387878417969,354.510009765625,355.489990234375
2023-11-29 12:30:00-05:00,355.5,355.9599914550781,355.45001220703125,355.9399108886719
2023-11-29 13:30:00-05:00,355.92999267578125,356.1300048828125,355.6000061035156,355.760009765625
2023-11-29 14:30:00-05:00,355.739990234375,355.739990234375,354.5400085449219,354.6000061035156
2023-11-29 15:30:00-05:00,354.6000061035156,354.69000244140625,354.3699951171875,354.6499938964844
2023-11-30 09:30:00-05:00,356.7099914550781,357.69000244140625,356.45001220703125,357.3599853515625
2023-11-30 10:30:00-05:00,357.4100036621094,358.2200012207031,357.30999755859375,357.989990234375
2023-11-30 11:30:00-05:00,357.989990234375,358.0400085449219,356.9200134277344,357.05999755859375
2023-11-30 12:30:00-05:00,357.04998779296875,357.6499938964844,357.0199890136719,357.2799987792969
2023-11-30 13:30:00-05:00,357.2900085449219,358.2749938964844,357.0400085449219,358.19000244140625
2023-11-30 14:30:00-05:00,358.2099914550781,358.7589111328125,358.0,358.1700134277344
2023-11-30 15:30:00-05:00,358.1549987792969,360.17999267578125,358.1000061035156,359.8399963378906
2023-12-01 09:30:00-05:00,360.0199890136719,361.3399963378906,359.8599853515625,360.55999755859375
2023-12-01 10:30:00-05:00,360.54998779296875,361.3299865722656,359.94000244140625,361.2300109863281
2023-12-01 11:30:00-05:00,361.2300109863281,362.6199951171875,360.9200134277344,362.54998779296875
2023-12-01 12:30:00-05:00,362.54998779296875,363.25,362.45001220703125,362.57000732421875
2023-12-01 13:30:00-05:00,362.57000732421875,362.7699890136719,362.3399963378906,362.6400146484375
2023-12-01 14:30:00-05:00,362.6600036621094,363.0299987792969,362.44000244140625,362.8399963378906
2023-12-01 15:30:00-05:00,362.8399963378906,363.2284851074219,362.67498779296875,362.9800109863281
2023-12-04 09:30:00-05:00,361.7900085449219,362.95001220703125,361.5299987792969,361.79998779296875
2023-12-04 10:30:00-05:00,361.7900085449219,361.8800048828125,361.2143859863281,361.55999755859375
2023-12-04 11:30:00-05:00,361.55499267578125,362.0899963378906,361.2799987792969,362.0
2023-12-04 12:30:00-05:00,361.9800109863281,362.4599914550781,361.9150085449219,362.25
2023-12-04 13:30:00-05:00,362.2300109863281,362.5400085449219,362.1499938964844,362.2699890136719
2023-12-04 14:30:00-05:00,362.3399963378906,362.6600036621094,362.1499938964844,362.3900146484375
2023-12-04 15:30:00-05:00,362.3949890136719,362.94000244140625,362.2095031738281,362.6499938964844
2023-12-05 09:30:00-05:00,361.8599853515625,361.9599914550781,360.7001037597656,361.57000732421875
2023-12-05 10:30:00-05:00,361.5799865722656,362.1400146484375,360.9599914550781,361.57000732421875
2023-12-05 11:30:00-05:00,361.5899963378906,361.75,360.9100036621094,361.57000732421875
2023-12-05 12:30:00-05:00,361.6499938964844,362.0299987792969,361.1099853515625,361.92498779296875
2023-12-05 13:30:00-05:00,361.95001220703125,362.1099853515625,361.6400146484375,361.7799987792969
2023-12-05 14:30:00-05:00,361.79998779296875,362.2099914550781,361.54998779296875,362.1549987792969
2023-12-05 15:30:00-05:00,362.1499938964844,362.260009765625,361.67999267578125,361.92999267578125
2023-12-06 09:30:00-05:00,362.80999755859375,363.5508117675781,362.5,362.70001220703125
2023-12-06 10:30:00-05:00,362.7200012207031,362.8399963378906,362.07501220703125,362.2900085449219
2023-12-06 11:30:00-05:00,362.260009765625,362.2900085449219,361.7900085449219,362.04998779296875
2023-12-06 12:30:00-05:00,362.0400085449219,362.375,361.82000732421875,362.3699951171875
2023-12-06 13:30:00-05:00,362.3699951171875,362.54998779296875,361.92999267578125,361.9700012207031
2023-12-06 14:30:00-05:00,361.9599914550781,362.2099914550781,361.19000244140625,361.32000732421875
2023-12-06 15:30:00-05:00,361.2799987792969,361.44500732421875,360.8299865722656,361.20001220703125
2023-12-07 09:30:00-05:00,361.9599914550781,362.2900085449219,361.0,361.6199951171875
2023-12-07 10:30:00-05:00,361.6700134277344,361.8900146484375,360.92999267578125,361.1400146484375
2023-12-07 11:30:00-05:00,361.1400146484375,361.7900085449219,361.07000732421875,361.70001220703125
2023-12-07 12:30:00-05:00,361.7300109863281,362.2449951171875,361.6700134277344,362.1099853515625
2023-12-07 13:30:00-05:00,362.125,362.3599853515625,362.05999755859375,362.2200012207031
2023-12-07 14:30:00-05:00,362.239990234375,362.2699890136719,361.760009765625,361.95001220703125
2023-12-07 15:30:00-05:00,361.95001220703125,362.05999755859375,361.6549987792969,361.8399963378906
2023-12-08 09:30:00-05:00,361.760009765625,363.32000732421875,361.3800048828125,362.8500061035156
2023-12-08 10:30:00-05:00,362.8699951171875,363.19000244140625,361.8500061035156,362.12701416015625
2023-12-08 11:30:00-05:00,362.1700134277344,362.33990478515625,361.57000732421875,362.2900085449219
2023-12-08 12:30:00-05:00,362.3399963378906,362.95001220703125,362.1199951171875,362.8399963378906
2023-12-08 13:30:00-05:00,362.8699951171875,363.0299987792969,362.5299987792969,362.989501953125
2023-12-08 14:30:00-05:00,363.0,363.489990234375,362.8900146484375,363.45001220703125
2023-12-08 15:30:00-05:00,363.44500732421875,363.67999267578125,363.05999755859375,363.0799865722656
2023-12-11 09:30:00-05:00,363.6700134277344,364.04998779296875,363.0,363.67999267578125
2023-12-11 10:30:00-05:00,363.69000244140625,364.3999938964844,363.5899963378906,364.260009765625
2023-12-11 11:30:00-05:00,364.2900085449219,364.2900085449219,363.7300109863281,363.79998779296875
2023-12-11 12:30:00-05:00,363.82000732421875,364.6299133300781,363.7650146484375,364.489990234375
2023-12-11 13:30:00-05:00,364.5,364.6400146484375,364.0899963378906,364.2294921875
2023-12-11 14:30:00-05:00,364.2499084472656,364.4800109863281,364.0799865722656,364.3511962890625
2023-12-11 15:30:00-05:00,364.3399963378906,364.8699951171875,364.2099914550781,364.7300109863281
2023-12-12 09:30:00-05:00,365.4100036621094,365.6600036621094,364.42999267578125,365.5299987792969
2023-12-12 10:30:00-05:00,365.5299987792969,366.010009765625,365.45001220703125,365.70001220703125
2023-12-12 11:30:00-05:00,365.760009765625,366.3500061035156,365.7300109863281,366.260009765625
2023-12-12 12:30:00-05:00,366.2699890136719,366.4200134277344,365.70001220703125,365.8299865722656
2023-12-12 13:30:00-05:00,365.8299865722656,366.1199951171875,365.7300109863281,365.9703063964844
2023-12-12 14:30:00-05:00,365.9800109863281,366.67999267578125,365.9800109863281,366.5899963378906
2023-12-12 15:30:00-05:00,366.6199951171875,366.6400146484375,366.2200012207031,366.45001220703125
2023-12-13 09:30:00-05:00,366.6000061035156,366.67999267578125,366.0,366.4209899902344
2023-12-13 10:30:00-05:00,366.44000244140625,366.8999938964844,366.3299865722656,366.69000244140625
2023-12-13 11:30:00-05:00,366.68011474609375,366.760009765625,366.4200134277344,366.45001220703125
2023-12-13 12:30:00-05:00,366.44000244140625,366.739990234375,366.3800048828125,366.5400085449219
2023-12-13 13:30:00-05:00,366.489990234375,369.0378112792969,366.4599914550781,368.80999755859375
2023-12-13 14:30:00-05:00,368.8599853515625,371.2799987792969,368.7200012207031,370.3500061035156
2023-12-13 15:30:00-05:00,370.3399963378906,371.6600036621094,370.0199890136719,371.6000061035156
2023-12-14 09:30:00-05:00,372.9800109863281,373.010009765625,371.67999267578125,372.3800048828125
2023-12-14 10:30:00-05:00,372.4200134277344,372.9800109863281,372.0325927734375,372.3900146484375
2023-12-14 11:30:00-05:00,372.42999267578125,373.54998779296875,372.25,373.44000244140625
2023-12-14 12:30:00-05:00,373.5199890136719,373.6700134277344,372.260009765625,372.260009765625
2023-12-14 13:30:00-05:00,372.2749938964844,372.5,371.260009765625,372.4599914550781
2023-12-14 14:30:00-05:00,372.510009765625,373.0299987792969,372.32000732421875,372.8800048828125
2023-12-14 15:30:00-05:00,372.8800048828125,373.3999938964844,372.6300048828125,373.3999938964844
2023-12-15 09:30:00-05:00,372.0799865722656,372.6099853515625,371.3299865722656,371.78009033203125
2023-12-15 10:30:00-05:00,371.7699890136719,372.6499938964844,371.69000244140625,372.64990234375
2023-12-15 11:30:00-05:00,372.6400146484375,372.8999938964844,372.4800109863281,372.8500061035156
2023-12-15 12:30:00-05:00,372.8399963378906,372.8699951171875,372.3599853515625,372.6499938964844
2023-12-15 13:30:00-05:00,372.6600036621094,372.7699890136719,371.45001220703125,371.45001220703125
2023-12-15 14:30:00-05:00,371.4599914550781,372.260009765625,371.45001220703125,372.20001220703125
2023-12-15 15:30:00-05:00,372.2200012207031,373.3900146484375,371.9700012207031,372.57000732421875
2023-12-18 09:30:00-05:00,373.2900085449219,373.7699890136719,372.8900146484375,373.1000061035156
2023-12-18 10:30:00-05:00,373.1199951171875,373.8699951171875,372.8599853515625,373.7699890136719
2023-12-18 11:30:00-05:00,373.75,373.8699951171875,373.42999267578125,373.5450134277344
2023-12-18 12:30:00-05:00,373.55999755859375,373.5799865722656,373.0199890136719,373.239990234375
2023-12-18 13:30:00-05:00,373.2300109863281,373.3800048828125,372.8999938964844,372.989990234375
2023-12-18 14:30:00-05:00,373.0,373.4049987792969,372.760009765625,373.32000732421875
2023-12-18 15:30:00-05:00,373.260009765625,373.2900085449219,372.9100036621094,372.9599914550781
2023-12-19 09:30:00-05:00,373.239990234375,374.7300109863281,373.1199951171875,374.625
2023-12-19 10:30:00-05:00,374.6300048828125,375.2900085449219,374.55499267578125,375.17999267578125
2023-12-19 11:30:00-05:00,375.17999267578125,375.25,374.57000732421875,374.6400146484375
2023-12-19 12:30:00-05:00,374.6300048828125,375.05999755859375,374.6099853515625,374.9100036621094
2023-12-19 13:30:00-05:00,374.9200134277344,375.19000244140625,374.739990234375,375.0199890136719
2023-12-19 14:30:00-05:00,375.04998779296875,375.1000061035156,374.7200012207031,374.92999267578125
2023-12-19 15:30:00-05:00,374.94000244140625,375.55999755859375,374.8503112792969,375.4700012207031
2023-12-20 09:30:00-05:00,374.79998779296875,375.2900085449219,374.57000732421875,375.07000732421875
2023-12-20 10:30:00-05:00,375.1000061035156,375.7900085449219,375.09600830078125,375.7900085449219
2023-12-20 11:30:00-05:00,375.7900085449219,376.2398986816406,375.54998779296875,376.2099914550781
2023-12-20 12:30:00-05:00,376.2200012207031,376.3399963378906,375.8500061035156,375.9367980957031
2023-12-20 13:30:00-05:00,375.94000244140625,376.07000732421875,375.510009765625,375.5899963378906
2023-12-20 14:30:00-05:00,375.5899963378906,375.6199951171875,371.8999938964844,371.95001220703125
2023-12-20 15:30:00-05:00,371.9800109863281,372.3800048828125,370.6099853515625,370.7900085449219
2023-12-21 09:30:00-05:00,372.8900146484375,373.989990234375,372.489990234375,372.9100036621094
2023-12-21 10:30:00-05:00,372.9800109863281,373.29998779296875,372.57000732421875,373.1600036621094
2023-12-21 11:30:00-05:00,373.17999267578125,373.2200012207031,371.5299987792969,371.6889953613281
2023-12-21 12:30:00-05:00,371.7099914550781,372.17999267578125,371.1600036621094,372.1499938964844
2023-12-21 13:30:00-05:00,372.1499938964844,372.54998779296875,371.8999938964844,372.3999938964844
2023-12-21 14:30:00-05:00,372.3999938964844,373.3800048828125,372.0,373.3800048828125
2023-12-21 15:30:00-05:00,373.3999938964844,374.1300048828125,373.17999267578125,373.92999267578125
2023-12-22 09:30:00-05:00,373.6400146484375,375.30999755859375,373.510009765625,375.0400085449219
2023-12-22 10:30:00-05:00,375.0899963378906,375.239990234375,373.9800109863281,374.3599853515625
2023-12-22 11:30:00-05:00,374.3999938964844,374.6300048828125,374.1600036621094,374.3399963378906
2023-12-22 12:30:00-05:00,374.3800048828125,374.7099914550781,374.19000244140625,374.5799865722656
2023-12-22 13:30:00-05:00,374.57000732421875,374.6050109863281,372.75,372.79998779296875
2023-12-22 14:30:00-05:00,372.79998779296875,374.17999267578125,372.5799865722656,374.1400146484375
2023-12-22 15:30:00-05:00,374.1400146484375,374.1600036621094,373.3500061035156,373.9100036621094
2023-12-26 09:30:00-05:00,373.67999267578125,374.8699951171875,373.5799865722656,374.6600036621094
2023-12-26 10:30:00-05:00,374.67999267578125,374.9949951171875,374.5799865722656,374.6520080566406
2023-12-26 11:30:00-05:00,374.6400146484375,375.1199035644531,374.6400146484375,374.9700012207031
2023-12-26 12:30:00-05:00,374.9700012207031,375.2900085449219,374.80999755859375,375.19000244140625
2023-12-26 13:30:00-05:00,375.2300109863281,375.4800109863281,375.1000061035156,375.4700012207031
2023-12-26 14:30:00-05:00,375.489990234375,376.0899963378906,375.41400146484375,375.7300109863281
2023-12-26 15:30:00-05:00,375.739990234375,375.8999938964844,375.1600036621094,375.3800048828125
2023-12-27 09:30:00-05:00,375.1000061035156,376.19000244140625,374.75,376.1199951171875
2023-12-27 10:30:00-05:00,376.125,376.239990234375,375.6199951171875,375.80999755859375
2023-12-27 11:30:00-05:00,375.79998779296875,376.2300109863281,375.760986328125,376.1000061035156
2023-12-27 12:30:00-05:00,376.0899963378906,376.7900085449219,375.7799987792969,376.3399963378906
2023-12-27 13:30:00-05:00,376.3900146484375,376.45001220703125,375.30999755859375,376.010009765625
2023-12-27 14:30:00-05:00,376.0199890136719,376.1199951171875,375.5799865722656,375.9682922363281
2023-12-27 15:30:00-05:00,375.95001220703125,376.6700134277344,375.55999755859375,376.5899963378906
2023-12-28 09:30:00-05:00,376.5199890136719,377.2207946777344,376.5199890136719,377.1300048828125
2023-12-28 10:30:00-05:00,377.17999267578125,377.32000732421875,376.7099914550781,376.8399963378906
2023-12-28 11:30:00-05:00,376.889892578125,377.2200012207031,376.80999755859375,376.9100036621094
2023-12-28 12:30:00-05:00,376.8999938964844,377.45001220703125,376.75,377.20001220703125
2023-12-28 13:30:00-05:00,377.20001220703125,377.5400085449219,377.1400146484375,377.4599914550781
2023-12-28 14:30:00-05:00,377.4707946777344,377.6199951171875,377.1600036621094,377.4200134277344
2023-12-28 15:30:00-05:00,377.42999267578125,377.69000244140625,376.79998779296875,377.1199951171875
2023-12-29 09:30:00-05:00,376.95001220703125,377.4599914550781,376.8900146484375,377.1796875
2023-12-29 10:30:00-05:00,377.1700134277344,377.2200012207031,375.79998779296875,375.8599853515625
2023-12-29 11:30:00-05:00,375.79998779296875,376.05999755859375,375.2699890136719,375.510009765625
2023-12-29 12:30:00-05:00,375.44000244140625,376.5299987792969,375.44000244140625,376.07000732421875
2023-12-29 13:30:00-05:00,376.1000061035156,376.7300109863281,376.1000061035156,376.489990234375
2023-12-29 14:30:00-05:00,376.4800109863281,376.9800109863281,376.45001220703125,376.9100036621094
2023-12-29 15:30:00-05:00,376.8699951171875,377.1499938964844,376.19000244140625,376.8699951171875
2024-01-02 09:30:00-05:00,374.79998779296875,376.82000732421875,374.79998779296875,376.44000244140625
2024-01-02 10:30:00-05:00,376.42999267578125,377.0957946777344,376.1600036621094,376.739990234375
2024-01-02 11:30:00-05:00,376.7099914550781,377.6499938964844,376.55999755859375,377.3900146484375
2024-01-02 12:30:00-05:00,377.44000244140625,377.81500244140625,377.1300048828125,377.2200012207031
2024-01-02 13:30:00-05:00,377.19000244140625,377.4159851074219,376.4599914550781,376.6600036621094
2024-01-02 14:30:00-05:00,376.6300048828125,376.7699890136719,375.7300109863281,376.0299987792969
2024-01-02 15:30:00-05:00,376.05999755859375,377.1700134277344,375.9599914550781,377.1300048828125
2024-01-03 09:30:00-05:00,375.92999267578125,376.1199951171875,374.5400085449219,374.8399963378906
2024-01-03 10:30:00-05:00,374.8299865722656,375.010009765625,373.9599914550781,374.70001220703125
2024-01-03 11:30:00-05:00,374.6600036621094,374.8699951171875,374.29998779296875,374.7799987792969
2024-01-03 12:30:00-05:00,374.80999755859375,375.80499267578125,374.72088623046875,375.6600036621094
2024-01-03 13:30:00-05:00,375.6600036621094,376.04998779296875,374.593505859375,375.8900146484375
2024-01-03 14:30:00-05:00,375.9200134277344,376.05999755859375,374.44000244140625,374.6697082519531
2024-01-03 15:30:00-05:00,374.6700134277344,375.0899963378906,373.8999938964844,374.260009765625
2024-01-04 09:30:00-05:00,374.8399963378906,376.4599914550781,374.6099853515625,376.04998779296875
2024-01-04 10:30:00-05:00,376.0199890136719,377.2200012207031,375.8800048828125,377.010009765625
2024-01-04 11:30:00-05:00,377.0,377.1400146484375,375.75,375.75
2024-01-04 12:30:00-05:00,375.760009765625,375.7699890136719,375.1000061035156,375.7300109863281
2024-01-04 13:30:00-05:00,375.739990234375,375.7799987792969,375.29998779296875,375.3999938964844
2024-01-04 14:30:00-05:00,375.3900146484375,375.7300109863281,374.94000244140625,375.0899963378906
2024-01-04 15:30:00-05:00,375.0899963378906,375.3900146484375,374.3999938964844,374.5899963378906
2024-01-05 09:30:00-05:00,374.42999267578125,376.25,373.94000244140625,375.29998779296875
2024-01-05 10:30:00-05:00,375.0899963378906,375.9100036621094,374.94000244140625,375.0199890136719
2024-01-05 11:30:00-05:00,375.0199890136719,375.1499938964844,373.42999267578125,373.5299987792969
2024-01-05 12:30:00-05:00,373.489990234375,374.364990234375,373.2099914550781,374.3399963378906
2024-01-05 13:30:00-05:00,374.3299865722656,375.25,374.3299865722656,374.7699890136719
2024-01-05 14:30:00-05:00,374.8399963378906,375.0199890136719,373.7900085449219,374.1700134277344
2024-01-05 15:30:00-05:00,374.1400146484375,375.0199890136719,373.7099914550781,374.67999267578125
2024-01-08 09:30:00-05:00,373.3999938964844,373.7099914550781,372.4700012207031,373.6199951171875
2024-01-08 10:30:00-05:00,373.6400146484375,374.3500061035156,373.45001220703125,373.9200134277344
2024-01-08 11:30:00-05:00,373.94000244140625,374.3800048828125,373.7099914550781,373.8900146484375
2024-01-08 12:30:00-05:00,373.8800048828125,374.8699951171875,373.8399963378906,374.3299865722656
2024-01-08 13:30:00-05:00,374.3699951171875,375.8900146484375,374.3399963378906,375.8299865722656
2024-01-08 14:30:00-05:00,375.8800048828125,376.4700012207031,375.8299865722656,376.0899963378906
2024-01-08 15:30:00-05:00,376.0799865722656,376.9700012207031,376.04998779296875,376.82000732421875
2024-01-09 09:30:00-05:00,374.54998779296875,374.75,373.75,374.30999755859375
2024-01-09 10:30:00-05:00,374.2900085449219,374.70001220703125,373.9949951171875,374.70001220703125
2024-01-09 11:30:00-05:00,374.67999267578125,375.44000244140625,374.57000732421875,375.3800048828125
2024-01-09 12:30:00-05:00,375.3800048828125,375.57000732421875,374.7300109863281,374.7900085449219
2024-01-09 13:30:00-05:00,374.7699890136719,375.6000061035156,374.3599853515625,374.781005859375
2024-01-09 14:30:00-05:00,374.75,375.3699951171875,374.70001220703125,375.0199890136719
2024-01-09 15:30:00-05:00,375.07000732421875,375.5,374.82000732421875,375.239990234375
2024-01-10 09:30:00-05:00,375.54998779296875,376.6400146484375,375.2900085449219,375.864990234375
2024-01-10 10:30:00-05:00,375.79998779296875,376.1600036621094,375.5,375.7699890136719
2024-01-10 11:30:00-05:00,375.7799987792969,375.8999938964844,375.4750061035156,375.8299865722656
2024-01-10 12:30:00-05:00,375.8599853515625,376.2250061035156,375.5299987792969,375.7699890136719
2024-01-10 13:30:00-05:00,375.80780029296875,376.9700012207031,375.70001220703125,376.9150085449219
2024-01-10 14:30:00-05:00,376.9649963378906,377.4700012207031,376.489990234375,376.6506042480469
2024-01-10 15:30:00-05:00,376.6700134277344,377.1600036621094,376.04998779296875,376.9200134277344
2024-01-11 09:30:00-05:00,377.7699890136719,378.1199951171875,374.43499755859375,375.5
2024-01-11 10:30:00-05:00,375.5199890136719,375.8500061035156,374.2701110839844,374.7300109863281
2024-01-11 11:30:00-05:00,374.7099914550781,375.05999755859375,374.25,374.70001220703125
2024-01-11 12:30:00-05:00,374.7099914550781,376.19000244140625,374.70001220703125,375.9599914550781
2024-01-11 13:30:00-05:00,375.9599914550781,376.8299865722656,375.80999755859375,376.75
2024-01-11 14:30:00-05:00,376.760009765625,377.45001220703125,376.5199890136719,376.8599853515625
2024-01-11 15:30:00-05:00,376.8599853515625,377.3999938964844,376.70001220703125,377.1499938964844
2024-01-12 09:30:00-05:00,377.4800109863281,378.25,375.3599853515625,375.69000244140625
2024-01-12 10:30:00-05:00,375.8399963378906,375.8800048828125,374.7300109863281,375.4800109863281
2024-01-12 11:30:00-05:00,375.57000732421875,375.70001220703125,374.8399963378906,375.2200012207031
2024-01-12 12:30:00-05:00,375.1600036621094,375.8999938964844,375.0199890136719,375.7900085449219
2024-01-12 13:30:00-05:00,375.8699951171875,376.3800048828125,375.7300109863281,376.07000732421875
2024-01-12 14:30:00-05:00,376.0799865722656,376.0799865722656,375.3500061035156,375.56781005859375
2024-01-12 15:30:00-05:00,375.57000732421875,376.0899963378906,375.489990234375,375.95001220703125
2024-01-16 09:30:00-05:00,375.42999267578125,375.42999267578125,373.25,374.8800048828125
2024-01-16 10:30:00-05:00,374.92999267578125,375.1000061035156,373.57000732421875,374.1400146484375
2024-01-16 11:30:00-05:00,374.19000244140625,374.5799865722656,373.3299865722656,373.3399963378906
2024-01-16 12:30:00-05:00,373.3599853515625,373.70001220703125,372.95001220703125,373.6499938964844
2024-01-16 13:30:00-05:00,373.6600036621094,373.81500244140625,372.0400085449219,372.3599853515625
2024-01-16 14:30:00-05:00,372.3699951171875,373.010009765625,372.2099914550781,372.8399963378906
2024-01-16 15:30:00-05:00,372.8399963378906,373.7099914550781,372.69000244140625,373.6099853515625
2024-01-17 09:30:00-05:00,371.75,373.3299865722656,371.6300048828125,373.010009765625
2024-01-17 10:30:00-05:00,372.9700012207031,373.7149963378906,372.760009765625,373.4599914550781
2024-01-17 11:30:00-05:00,373.42999267578125,373.7478942871094,372.6199951171875,372.69000244140625
2024-01-17 12:30:00-05:00,372.67999267578125,372.8200988769531,371.94000244140625,372.1000061035156
2024-01-17 13:30:00-05:00,372.0799865722656,372.17999267578125,371.3349914550781,372.0400085449219
2024-01-17 14:30:00-05:00,372.05999755859375,372.3399963378906,371.6099853515625,371.7200012207031
2024-01-17 15:30:00-05:00,371.75,373.0,371.71990966796875,372.75
2024-01-18 09:30:00-05:00,372.2300109863281,372.5799865722656,371.3599853515625,372.29998779296875
2024-01-18 10:30:00-05:00,372.3299865722656,372.9800109863281,371.9599914550781,372.55999755859375
2024-01-18 11:30:00-05:00,372.5799865722656,373.0199890136719,371.6499938964844,372.0899963378906
2024-01-18 12:30:00-05:00,372.0899963378906,372.3299865722656,371.6499938964844,372.1112976074219
2024-01-18 13:30:00-05:00,372.0400085449219,374.17999267578125,372.0299987792969,374.1700134277344
2024-01-18 14:30:00-05:00,374.3999938964844,374.8900146484375,373.70001220703125,374.8699951171875
2024-01-18 15:30:00-05:00,374.8999938964844,375.3299865722656,374.5199890136719,374.7799987792969
2024-01-19 09:30:00-05:00,375.7799987792969,375.989990234375,374.4599914550781,375.5679931640625
2024-01-19 10:30:00-05:00,375.5400085449219,376.6300048828125,375.0199890136719,376.2900085449219
2024-01-19 11:30:00-05:00,376.2300109863281,376.5400085449219,375.69000244140625,376.42999267578125
2024-01-19 12:30:00-05:00,376.43499755859375,377.8299865722656,376.3399963378906,377.82000732421875
2024-01-19 13:30:00-05:00,377.8399963378906,379.239990234375,377.79998779296875,378.7900085449219
2024-01-19 14:30:00-05:00,378.79998779296875,379.0199890136719,378.3800048828125,378.6300048828125
2024-01-19 15:30:00-05:00,378.6300048828125,378.69000244140625,378.2349853515625,378.5199890136719
2024-01-22 09:30:00-05:00,379.5,381.0799865722656,379.4800109863281,380.8999938964844
2024-01-22 10:30:00-05:00,380.9100036621094,380.95001220703125,379.7900085449219,380.1199951171875
2024-01-22 11:30:00-05:00,380.1499938964844,380.1600036621094,379.6300048828125,379.9100036621094
2024-01-22 12:30:00-05:00,379.8900146484375,379.94000244140625,379.0799865722656,379.17999267578125
2024-01-22 13:30:00-05:00,379.1600036621094,379.9082946777344,379.125,379.69000244140625
2024-01-22 14:30:00-05:00,379.67010498046875,380.1099853515625,379.5,380.0400085449219
2024-01-22 15:30:00-05:00,380.0400085449219,380.1700134277344,379.760009765625,380.0799865722656
2024-01-23 09:30:00-05:00,379.3599853515625,379.84991455078125,378.9100036621094,379.32989501953125
2024-01-23 10:30:00-05:00,379.29998779296875,379.29998779296875,378.0799865722656,378.1600036621094
2024-01-23 11:30:00-05:00,378.1549987792969,378.4100036621094,377.9800109863281,378.2799987792969
2024-01-23 12:30:00-05:00,378.29998779296875,378.67999267578125,378.1199951171875,378.54998779296875
2024-01-23 13:30:00-05:00,378.54998779296875,378.9800109863281,378.42999267578125,378.67999267578125
2024-01-23 14:30:00-05:00,378.59930419921875,379.3299865722656,378.59930419921875,379.07000732421875
2024-01-23 15:30:00-05:00,379.07000732421875,379.239990234375,378.7799987792969,379.04998779296875
2024-01-24 09:30:00-05:00,380.2099914550781,380.6199951171875,379.20159912109375,379.4800109863281
2024-01-24 10:30:00-05:00,379.4599914550781,380.54998779296875,379.29998779296875,380.3500061035156
2024-01-24 11:30:00-05:00,380.3599853515625,380.55999755859375,379.9599914550781,380.2099914550781
2024-01-24 12:30:00-05:00,380.2300109863281,380.4800109863281,379.44000244140625,379.6499938964844
2024-01-24 13:30:00-05:00,379.6600036621094,379.6600036621094,378.510009765625,378.7699890136719
2024-01-24 14:30:00-05:00,378.79998779296875,379.2699890136719,378.3699951171875,378.4700012207031
2024-01-24 15:30:00-05:00,378.4800109863281,378.94000244140625,377.94000244140625,378.1300048828125
2024-01-25 09:30:00-05:00,378.8599853515625,380.3500061035156,378.7699890136719,379.8399963378906
2024-01-25 10:30:00-05:00,379.8900146484375,379.8900146484375,378.2900085449219,379.1199951171875
2024-01-25 11:30:00-05:00,379.1300048828125,379.2349853515625,378.17999267578125,378.3500061035156
2024-01-25 12:30:00-05:00,378.3599853515625,378.7900085449219,377.9200134277344,378.3399963378906
2024-01-25 13:30:00-05:00,378.3599853515625,378.9599914550781,378.0899963378906,378.8599853515625
2024-01-25 14:30:00-05:00,378.8599853515625,379.2650146484375,378.54998779296875,379.1700134277344
2024-01-25 15:30:00-05:00,379.1499938964844,380.55999755859375,379.0899963378906,380.5400085449219
2024-01-26 09:30:00-05:00,379.9800109863281,381.30999755859375,379.95001220703125,381.2699890136719
2024-01-26 10:30:00-05:00,381.25,382.1318054199219,381.2200012207031,381.6700134277344
2024-01-26 11:30:00-05:00,381.6499938964844,381.79998779296875,381.20001220703125,381.5
2024-01-26 12:30:00-05:00,381.489990234375,381.489990234375,380.30999755859375,380.92999267578125
2024-01-26 13:30:00-05:00,380.94000244140625,380.9599914550781,380.1700134277344,380.67999267578125
2024-01-26 14:30:00-05:00,380.70001220703125,381.32000732421875,380.5400085449219,380.8699951171875
2024-01-26 15:30:00-05:00,380.94000244140625,381.2099914550781,380.6700134277344,381.0299987792969
2024-01-29 09:30:00-05:00,381.0,381.6700134277344,380.8699951171875,381.0199890136719
2024-01-29 10:30:00-05:00,381.0199890136719,381.2650146484375,380.6099853515625,380.9700012207031
2024-01-29 11:30:00-05:00,380.9800109863281,381.25,380.7799987792969,381.1099853515625
2024-01-29 12:30:00-05:00,381.1050109863281,381.2699890136719,380.5400085449219,381.1300048828125
2024-01-29 13:30:00-05:00,381.1401062011719,381.4800109863281,380.9200134277344,381.4599914550781
2024-01-29 14:30:00-05:00,381.4800109863281,383.3699951171875,381.3900146484375,382.92999267578125
2024-01-29 15:30:00-05:00,382.94000244140625,383.4100036621094,382.6199951171875,383.30999755859375
2024-01-30 09:30:00-05:00,382.82000732421875,383.3399963378906,382.489990234375,382.82000732421875
2024-01-30 10:30:00-05:00,382.8399963378906,383.5,382.55999755859375,383.4800109863281
2024-01-30 11:30:00-05:00,383.5299987792969,384.0199890136719,383.45001220703125,383.6700134277344
2024-01-30 12:30:00-05:00,383.67498779296875,384.3399963378906,383.45001220703125,384.2699890136719
2024-01-30 13:30:00-05:00,384.3599853515625,384.5,384.0299987792969,384.4800109863281
2024-01-30 14:30:00-05:00,384.489990234375,384.95001220703125,384.42999267578125,384.80999755859375
2024-01-30 15:30:00-05:00,384.80999755859375,384.8399963378906,384.4100036621094,384.54998779296875
2024-01-31 09:30:00-05:00,385.2099914550781,385.82000732421875,384.4800109863281,384.8800048828125
2024-01-31 10:30:00-05:00,384.9200134277344,385.2799987792969,384.6199951171875,384.8900146484375
2024-01-31 11:30:00-05:00,384.94000244140625,385.1499938964844,384.1199951171875,385.1080017089844
2024-01-31 12:30:00-05:00,385.0799865722656,385.1300048828125,384.3999938964844,384.6099853515625
2024-01-31 13:30:00-05:00,384.5780029296875,384.8900146484375,383.6199951171875,383.94000244140625
2024-01-31 14:30:00-05:00,383.95001220703125,385.5400085449219,382.05999755859375,382.29010009765625
2024-01-31 15:30:00-05:00,382.2900085449219,382.3500061035156,381.3399963378906,381.3599853515625
2024-02-01 09:30:00-05:00,382.1099853515625,382.9200134277344,381.2301025390625,382.8900146484375
2024-02-01 10:30:00-05:00,382.80999755859375,382.8653869628906,380.9700012207031,381.8500061035156
2024-02-01 11:30:00-05:00,381.8500061035156,383.8399963378906,381.8399963378906,383.3599853515625
2024-02-01 12:30:00-05:00,383.3500061035156,384.8399963378906,383.29998779296875,383.8800048828125
2024-02-01 13:30:00-05:00,383.8200988769531,384.45001220703125,383.3900146484375,383.92999267578125
2024-02-01 14:30:00-05:00,383.989990234375,384.9200134277344,383.6600036621094,384.8299865722656
2024-02-01 15:30:00-05:00,384.885009765625,385.1499938964844,384.44000244140625,385.114990234375
2024-02-02 09:30:00-05:00,383.989990234375,384.4599914550781,383.239990234375,384.1700134277344
2024-02-02 10:30:00-05:00,384.17999267578125,385.2300109863281,383.8399963378906,385.1199951171875
2024-02-02 11:30:00-05:00,385.1400146484375,386.0199890136719,385.1199951171875,385.7799987792969
2024-02-02 12:30:00-05:00,385.8399963378906,386.5299987792969,384.4800109863281,385.9200134277344
2024-02-02 13:30:00-05:00,385.8999938964844,387.260009765625,385.79998779296875,386.9700012207031
2024-02-02 14:30:00-05:00,386.989990234375,387.7799987792969,386.9100036621094,387.75
2024-02-02 15:30:00-05:00,387.7200012207031,387.75,386.4200134277344,386.4800109863281
2024-02-05 09:30:00-05:00,385.5,385.5,382.4599914550781,382.9599914550781
2024-02-05 10:30:00-05:00,382.99798583984375,383.05999755859375,382.1199951171875,382.7099914550781
2024-02-05 11:30:00-05:00,382.7300109863281,383.4750061035156,382.5910949707031,383.4599914550781
2024-02-05 12:30:00-05:00,383.4800109863281,384.1199951171875,383.4700012207031,383.54998779296875
2024-02-05 13:30:00-05:00,383.54998779296875,384.418212890625,383.5400085449219,384.3594055175781
2024-02-05 14:30:00-05:00,384.3699951171875,384.70001220703125,383.7049865722656,384.6199951171875
2024-02-05 15:30:00-05:00,384.5199890136719,384.8399963378906,383.55999755859375,383.5989990234375
2024-02-06 09:30:00-05:00,383.9200134277344,385.3739013671875,383.5,384.4649963378906
2024-02-06 10:30:00-05:00,384.3900146484375,384.8299865722656,384.1199951171875,384.5799865722656
2024-02-06 11:30:00-05:00,384.6199951171875,384.8900146484375,384.1600036621094,384.8900146484375
2024-02-06 12:30:00-05:00,384.9200134277344,384.92999267578125,384.05999755859375,384.3399963378906
2024-02-06 13:30:00-05:00,384.4800109863281,384.9800109863281,383.989990234375,384.1899108886719
2024-02-06 14:30:00-05:00,384.1499938964844,384.6099853515625,383.92999267578125,384.3299865722656
2024-02-06 15:30:00-05:00,384.3399963378906,385.2099914550781,384.0899963378906,385.1199951171875
2024-02-07 09:30:00-05:00,386.3900146484375,387.1300048828125,385.6499938964844,387.1000061035156
2024-02-07 10:30:00-05:00,387.1099853515625,387.2300109863281,386.510009765625,386.7200012207031
2024-02-07 11:30:00-05:00,386.7699890136719,386.9100036621094,386.4700012207031,386.7200012207031
2024-02-07 12:30:00-05:00,386.69000244140625,387.2799987792969,386.3500061035156,387.2200012207031
2024-02-07 13:30:00-05:00,387.2900085449219,387.45001220703125,386.7149963378906,386.9800109863281
2024-02-07 14:30:00-05:00,387.0199890136719,387.2200012207031,386.6499938964844,386.79998779296875
2024-02-07 15:30:00-05:00,386.7699890136719,386.9700012207031,386.49200439453125,386.739990234375
2024-02-08 09:30:00-05:00,387.4700012207031,387.6637878417969,386.4700012207031,386.70001220703125
2024-02-08 10:30:00-05:00,386.7099914550781,386.75,385.5299987792969,385.5799865722656
2024-02-08 11:30:00-05:00,385.57000732421875,386.1199951171875,385.510009765625,386.1199951171875
2024-02-08 12:30:00-05:00,386.1099853515625,386.7250061035156,386.04998779296875,386.489990234375
2024-02-08 13:30:00-05:00,386.5,386.95001220703125,386.3800964355469,386.77301025390625
2024-02-08 14:30:00-05:00,386.7099914550781,387.2799987792969,386.5199890136719,387.1400146484375
2024-02-08 15:30:00-05:00,387.1600036621094,387.5400085449219,386.8800048828125,387.4100036621094
2024-02-09 09:30:00-05:00,387.19000244140625,387.5,386.4800109863281,386.71990966796875
2024-02-09 10:30:00-05:00,386.7300109863281,386.95001220703125,386.30999755859375,386.4200134277344
2024-02-09 11:30:00-05:00,386.44000244140625,386.45001220703125,385.7550048828125,386.42999267578125
2024-02-09 12:30:00-05:00,386.42999267578125,386.8399963378906,386.20001220703125,386.7900085449219
2024-02-09 13:30:00-05:00,386.82000732421875,386.95001220703125,386.5199890136719,386.9200134277344
2024-02-09 14:30:00-05:00,386.9100036621094,387.29998779296875,386.6600036621094,386.79998779296875
2024-02-09 15:30:00-05:00,386.79998779296875,386.80999755859375,386.29998779296875,386.760009765625
2024-02-12 09:30:00-05:00,386.489990234375,387.20001220703125,386.44000244140625,386.95001220703125
2024-02-12 10:30:00-05:00,386.9800109863281,388.4494934082031,386.92999267578125,388.3999938964844
2024-02-12 11:30:00-05:00,388.4100036621094,389.0299987792969,388.4100036621094,388.70001220703125
2024-02-12 12:30:00-05:00,388.739990234375,389.4100036621094,388.4599914550781,388.9700012207031
2024-02-12 13:30:00-05:00,388.94000244140625,389.1300048828125,387.6499938964844,388.0799865722656
2024-02-12 14:30:00-05:00,388.07000732421875,388.2099914550781,387.6499938964844,387.8299865722656
2024-02-12 15:30:00-05:00,387.8800048828125,388.2699890136719,387.8299865722656,388.1600036621094
2024-02-13 09:30:00-05:00,385.07000732421875,385.1499938964844,382.5199890136719,383.3900146484375
2024-02-13 10:30:00-05:00,383.3699951171875,384.04998779296875,382.9800109863281,383.8800048828125
2024-02-13 11:30:00-05:00,383.9014892578125,384.1400146484375,383.010009765625,383.1000061035156
2024-02-13 12:30:00-05:00,383.1099853515625,383.57000732421875,382.510009765625,382.6199951171875
2024-02-13 13:30:00-05:00,382.6199951171875,382.6400146484375,380.8399963378906,381.0299987792969
2024-02-13 14:30:00-05:00,381.0,381.57000732421875,380.4599914550781,380.9200134277344
2024-02-13 15:30:00-05:00,380.9200134277344,382.8900146484375,380.8299865722656,382.8399963378906
2024-02-14 09:30:00-05:00,384.0,384.3399963378906,383.05999755859375,384.0
2024-02-14 10:30:00-05:00,384.0400085449219,384.2900085449219,382.5899963378906,383.3999938964844
2024-02-14 11:30:00-05:00,383.3699951171875,383.44000244140625,382.07000732421875,382.9800109863281
2024-02-14 12:30:00-05:00,383.0,383.4100036621094,382.6300048828125,382.9100036621094
2024-02-14 13:30:00-05:00,382.9100036621094,383.75,382.3699951171875,383.3299865722656
2024-02-14 14:30:00-05:00,383.3399963378906,384.2200012207031,383.1000061035156,384.1099853515625
2024-02-14 15:30:00-05:00,384.1400146484375,384.54998779296875,383.69000244140625,384.30999755859375
2024-02-15 09:30:00-05:00,385.19000244140625,387.17999267578125,384.8800048828125,386.54998779296875
2024-02-15 10:30:00-05:00,386.5299987792969,386.57000732421875,385.9599914550781,386.1700134277344
2024-02-15 11:30:00-05:00,386.1300048828125,386.9700012207031,386.05999755859375,386.8500061035156
2024-02-15 12:30:00-05:00,386.8399963378906,387.3999938964844,386.3450012207031,387.3999938964844
2024-02-15 13:30:00-05:00,387.4100036621094,387.7900085449219,386.95001220703125,387.6300048828125
2024-02-15 14:30:00-05:00,387.6400146484375,388.260009765625,387.5299987792969,388.07000732421875
2024-02-15 15:30:00-05:00,388.0400085449219,388.3299865722656,387.760009765625,388.2699890136719
2024-02-16 09:30:00-05:00,387.0,387.0400085449219,385.70001220703125,386.8399963378906
2024-02-16 10:30:00-05:00,386.7200927734375,387.3699951171875,386.5950012207031,387.2699890136719
2024-02-16 11:30:00-05:00,387.29998779296875,387.7799987792969,387.0780029296875,387.7099914550781
2024-02-16 12:30:00-05:00,387.760009765625,387.7950134277344,386.67999267578125,387.489990234375
2024-02-16 13:30:00-05:00,387.5,388.25,387.5,388.0199890136719
2024-02-16 14:30:00-05:00,388.0,388.0398864746094,386.2200012207031,386.8399963378906
2024-02-16 15:30:00-05:00,386.8599853515625,386.9305114746094,385.7900085449219,386.19000244140625
2024-02-20 09:30:00-05:00,385.25,386.4200134277344,385.25,386.2149963378906
2024-02-20 10:30:00-05:00,386.260009765625,386.55999755859375,385.739990234375,386.1199951171875
2024-02-20 11:30:00-05:00,386.1300048828125,386.1700134277344,384.7200012207031,384.8500061035156
2024-02-20 12:30:00-05:00,384.8599853515625,385.6000061035156,384.5400085449219,385.17999267578125
2024-02-20 13:30:00-05:00,385.1499938964844,385.760009765625,384.9100036621094,385.5899963378906
2024-02-20 14:30:00-05:00,385.5799865722656,386.0299987792969,385.3407897949219,385.885009765625
2024-02-20 15:30:00-05:00,385.9200134277344,385.95001220703125,384.7900085449219,385.739990234375
2024-02-21 09:30:00-05:00,385.1099853515625,385.260009765625,383.8500061035156,384.8399963378906
2024-02-21 10:30:00-05:00,384.8599853515625,385.29998779296875,384.4700012207031,385.05999755859375
2024-02-21 11:30:00-05:00,385.07598876953125,385.0899963378906,384.6000061035156,384.69000244140625
2024-02-21 12:30:00-05:00,384.7300109863281,385.2300109863281,384.2300109863281,385.0799865722656
2024-02-21 13:30:00-05:00,385.1099853515625,385.57000732421875,384.1499938964844,384.45001220703125
2024-02-21 14:30:00-05:00,384.44000244140625,384.4599914550781,383.32000732421875,383.8800048828125
2024-02-21 15:30:00-05:00,383.9200134277344,386.1700134277344,383.9200134277344,386.07000732421875
2024-02-22 09:30:00-05:00,388.3599853515625,389.9800109863281,387.9100036621094,388.94000244140625
2024-02-22 10:30:00-05:00,388.9200134277344,389.0799865722656,388.1199951171875,388.7799987792969
2024-02-22 11:30:00-05:00,388.80999755859375,389.260009765625,388.4100036621094,389.19000244140625
2024-02-22 12:30:00-05:00,389.2200012207031,389.9800109863281,389.07000732421875,389.95001220703125
2024-02-22 13:30:00-05:00,390.0,391.4700012207031,389.94000244140625,391.4100036621094
2024-02-22 14:30:00-05:00,391.4150085449219,391.4599914550781,390.05999755859375,390.5400085449219
2024-02-22 15:30:00-05:00,390.5400085449219,391.1499938964844,390.260009765625,390.57000732421875
2024-02-23 09:30:00-05:00,391.7699890136719,392.8399963378906,391.42999267578125,392.5799865722656
2024-02-23 10:30:00-05:00,392.6199951171875,392.8294982910156,391.70001220703125,392.0299987792969
2024-02-23 11:30:00-05:00,392.0400085449219,392.30499267578125,391.6499938964844,391.70001220703125
2024-02-23 12:30:00-05:00,391.7099914550781,391.9200134277344,391.44000244140625,391.8699951171875
2024-02-23 13:30:00-05:00,391.8299865722656,391.92999267578125,390.9200134277344,391.0
2024-02-23 14:30:00-05:00,390.9700012207031,391.7019958496094,390.9200134277344,391.510009765625
2024-02-23 15:30:00-05:00,391.5299987792969,391.94000244140625,391.239990234375,391.2699890136719
2024-02-26 09:30:00-05:00,391.45001220703125,392.4100036621094,391.2300109863281,391.8800048828125
2024-02-26 10:30:00-05:00,391.9100036621094,392.0899963378906,391.1400146484375,391.3500061035156
2024-02-26 11:30:00-05:00,391.3800048828125,391.55999755859375,391.1600036621094,391.5
2024-02-26 12:30:00-05:00,391.489990234375,391.55999755859375,390.6400146484375,390.7900085449219
2024-02-26 13:30:00-05:00,390.7900085449219,391.2799987792969,390.2349853515625,391.156005859375
2024-02-26 14:30:00-05:00,391.1499938964844,391.3999938964844,390.8399963378906,391.1600036621094
2024-02-26 15:30:00-05:00,391.1700134277344,391.239990234375,390.57000732421875,390.6600036621094
2024-02-27 09:30:00-05:00,390.2699890136719,390.45001220703125,389.17999267578125,389.57000732421875
2024-02-27 10:30:00-05:00,389.55999755859375,389.55999755859375,388.95001220703125,389.0400085449219
2024-02-27 11:30:00-05:00,389.04998779296875,389.2200012207031,388.7900085449219,388.9700012207031
2024-02-27 12:30:00-05:00,388.95001220703125,389.2149963378906,388.75,388.9800109863281
2024-02-27 13:30:00-05:00,388.9800109863281,389.489990234375,388.9200134277344,389.3299865722656
2024-02-27 14:30:00-05:00,389.32000732421875,389.7699890136719,389.1099853515625,389.72149658203125
2024-02-27 15:30:00-05:00,389.7099914550781,389.92999267578125,389.3900146484375,389.70001220703125
2024-02-28 09:30:00-05:00,387.94000244140625,388.5877990722656,387.6000061035156,388.54998779296875
2024-02-28 10:30:00-05:00,388.5799865722656,389.57000732421875,388.5299987792969,389.19000244140625
2024-02-28 11:30:00-05:00,389.2099914550781,389.3100891113281,388.80999755859375,389.17999267578125
2024-02-28 12:30:00-05:00,389.1300048828125,389.3900146484375,388.760009765625,389.3900146484375
2024-02-28 13:30:00-05:00,389.4100036621094,389.55999755859375,388.5299987792969,388.6802978515625
2024-02-28 14:30:00-05:00,388.6499938964844,389.4700012207031,388.3800048828125,389.42999267578125
2024-02-28 15:30:00-05:00,389.45001220703125,389.739013671875,389.1400146484375,389.6600036621094
2024-02-29 09:30:00-05:00,390.69000244140625,391.1099853515625,388.8800048828125,389.7001037597656
2024-02-29 10:30:00-05:00,389.7300109863281,390.3299865722656,389.25,389.8299865722656
2024-02-29 11:30:00-05:00,389.7900085449219,389.7900085449219,388.45001220703125,388.989990234375
2024-02-29 12:30:00-05:00,388.9800109863281,389.68499755859375,388.9800109863281,389.5799865722656
2024-02-29 13:30:00-05:00,389.6099853515625,390.0,389.3699951171875,389.510009765625
2024-02-29 14:30:00-05:00,389.54998779296875,389.95001220703125,389.20001220703125,389.92999267578125
2024-02-29 15:30:00-05:00,390.0400085449219,390.8599853515625,389.8500061035156,389.8599853515625
2024-03-01 09:30:00-05:00,389.8500061035156,390.5199890136719,388.8800048828125,390.5199890136719
2024-03-01 10:30:00-05:00,390.5199890136719,391.17999267578125,390.1199951171875,390.42999267578125
2024-03-01 11:30:00-05:00,390.4599914550781,391.260009765625,389.8900146484375,391.0400085449219
2024-03-01 12:30:00-05:00,391.04998779296875,391.2099914550781,390.73040771484375,391.0531005859375
2024-03-01 13:30:00-05:00,391.07000732421875,391.6099853515625,390.80999755859375,391.3900146484375
2024-03-01 14:30:00-05:00,391.4100036621094,391.4700012207031,390.7099914550781,391.2300109863281
2024-03-01 15:30:00-05:00,391.2099914550781,391.4599914550781,391.0799865722656,391.2699890136719
2024-03-04 09:30:00-05:00,389.3500061035156,390.7300109863281,389.3500061035156,390.6700134277344
2024-03-04 10:30:00-05:00,390.6499938964844,390.69000244140625,389.92999267578125,390.1300048828125
2024-03-04 11:30:00-05:00,390.1499938964844,390.95001220703125,390.1099853515625,390.9200134277344
2024-03-04 12:30:00-05:00,390.885009765625,391.0799865722656,390.1700134277344,390.2799987792969
2024-03-04 13:30:00-05:00,390.2699890136719,390.57000732421875,390.1499938964844,390.4599914550781
2024-03-04 14:30:00-05:00,390.4800109863281,391.25,390.4200134277344,390.6300048828125
2024-03-04 15:30:00-05:00,390.6499938964844,390.7912902832031,390.0799865722656,390.2699890136719
2024-03-05 09:30:00-05:00,388.989990234375,389.2900085449219,387.9200134277344,388.6700134277344
2024-03-05 10:30:00-05:00,388.6499938964844,388.6499938964844,387.5,387.79998779296875
2024-03-05 11:30:00-05:00,387.7900085449219,388.0199890136719,386.94000244140625,387.8999938964844
2024-03-05 12:30:00-05:00,387.9100036621094,387.93499755859375,387.0,387.260009765625
2024-03-05 13:30:00-05:00,387.25,387.54998779296875,386.29998779296875,386.6600036621094
2024-03-05 14:30:00-05:00,386.6400146484375,386.6400146484375,384.9200134277344,385.0400085449219
2024-03-05 15:30:00-05:00,385.1600036621094,386.4200134277344,384.9599914550781,386.19000244140625
2024-03-06 09:30:00-05:00,388.489990234375,389.0799865722656,387.3349914550781,387.5799865722656
2024-03-06 10:30:00-05:00,387.489990234375,388.94000244140625,387.4700012207031,388.94000244140625
2024-03-06 11:30:00-05:00,388.989990234375,389.1300048828125,388.2998962402344,388.57000732421875
2024-03-06 12:30:00-05:00,388.55999755859375,388.7900085449219,387.95001220703125,388.45001220703125
2024-03-06 13:30:00-05:00,388.4700012207031,388.4700012207031,386.1300048828125,387.1499938964844
2024-03-06 14:30:00-05:00,387.30999755859375,387.30999755859375,386.25,386.6806945800781
2024-03-06 15:30:00-05:00,386.7099914550781,387.510009765625,386.5,387.17999267578125
2024-03-07 09:30:00-05:00,389.07000732421875,389.489990234375,388.5,388.8800048828125
2024-03-07 10:30:00-05:00,388.8900146484375,389.7200012207031,388.3299865722656,388.510009765625
2024-03-07 11:30:00-05:00,388.4200134277344,388.9200134277344,388.1319885253906,388.3299865722656
2024-03-07 12:30:00-05:00,388.3500061035156,388.8800048828125,387.8800048828125,388.8799133300781
2024-03-07 13:30:00-05:00,388.8999938964844,389.45001220703125,388.4599914550781,388.54998779296875
2024-03-07 14:30:00-05:00,388.54998779296875,388.6499938964844,387.8299865722656,388.20001220703125
2024-03-07 15:30:00-05:00,388.17999267578125,388.95001220703125,388.1499938964844,388.4200134277344
2024-03-08 09:30:00-05:00,388.239990234375,390.4200134277344,388.19000244140625,389.2550048828125
2024-03-08 10:30:00-05:00,389.29998779296875,389.9200134277344,388.80999755859375,389.4100036621094
2024-03-08 11:30:00-05:00,389.42999267578125,389.7799072265625,389.010009765625,389.6000061035156
2024-03-08 12:30:00-05:00,389.6199951171875,389.7300109863281,388.17999267578125,388.57000732421875
2024-03-08 13:30:00-05:00,388.489990234375,389.4800109863281,387.7099914550781,389.3800048828125
2024-03-08 14:30:00-05:00,389.3900146484375,389.989990234375,387.95001220703125,388.0400085449219
2024-03-08 15:30:00-05:00,388.0400085449219,388.6300048828125,387.9100036621094,387.95001220703125
2024-03-11 09:30:00-04:00,386.9200134277344,387.760009765625,385.55999755859375,385.6400146484375
2024-03-11 10:30:00-04:00,385.7099914550781,386.95001220703125,385.5,386.4800109863281
2024-03-11 11:30:00-04:00,386.3599853515625,387.6099853515625,386.2900085449219,387.4010009765625
2024-03-11 12:30:00-04:00,387.4200134277344,388.17999267578125,387.3699951171875,388.1099853515625
2024-03-11 13:30:00-04:00,388.1300048828125,388.4200134277344,387.7300109863281,388.0528869628906
2024-03-11 14:30:00-04:00,388.07000732421875,388.5292053222656,387.8399963378906,388.29010009765625
2024-03-11 15:30:00-04:00,388.1300048828125,388.6499938964844,387.989990234375,388.45001220703125
2024-03-12 09:30:00-04:00,389.239990234375,390.4200134277344,387.8399963378906,390.3500061035156
2024-03-12 10:30:00-04:00,390.32000732421875,391.3800048828125,390.32000732421875,390.5299987792969
2024-03-12 11:30:00-04:00,390.54998779296875,390.989990234375,389.94000244140625,390.010009765625
2024-03-12 12:30:00-04:00,389.9800109863281,390.2200012207031,388.82000732421875,389.80999755859375
2024-03-12 13:30:00-04:00,389.8599853515625,391.0299987792969,389.8599853515625,391.0299987792969
2024-03-12 14:30:00-04:00,391.0299987792969,391.42999267578125,390.5400085449219,391.3900146484375
2024-03-12 15:30:00-04:00,391.3800048828125,391.3800048828125,390.69000244140625,390.739990234375
2024-03-13 09:30:00-04:00,391.69000244140625,392.32000732421875,390.9800109863281,392.25
2024-03-13 10:30:00-04:00,392.260009765625,392.6000061035156,391.8299865722656,392.17999267578125
2024-03-13 11:30:00-04:00,392.1700134277344,392.6099853515625,392.1000061035156,392.3800048828125
2024-03-13 12:30:00-04:00,392.4100036621094,392.7900085449219,392.0899963378906,392.5150146484375
2024-03-13 13:30:00-04:00,392.5199890136719,392.5400085449219,391.81500244140625,391.8299865722656
2024-03-13 14:30:00-04:00,391.8699951171875,391.9700012207031,390.05999755859375,390.5199890136719
2024-03-13 15:30:00-04:00,390.5299987792969,391.44000244140625,390.4601135253906,391.2300109863281
2024-03-14 09:30:00-04:00,392.1700134277344,392.4100036621094,389.3800048828125,390.5350036621094
2024-03-14 10:30:00-04:00,390.54998779296875,391.0899963378906,390.0199890136719,390.2300109863281
2024-03-14 11:30:00-04:00,390.260009765625,390.67999267578125,389.8800048828125,390.5199890136719
2024-03-14 12:30:00-04:00,390.5,390.6499938964844,389.1400146484375,389.1700134277344
2024-03-14 13:30:00-04:00,389.1499938964844,390.32000732421875,388.7699890136719,389.8699951171875
2024-03-14 14:30:00-04:00,389.8599853515625,390.0,388.1300048828125,388.42999267578125
2024-03-14 15:30:00-04:00,388.4700012207031,390.0899963378906,387.8349914550781,390.0899963378906
2024-03-15 09:30:00-04:00,387.739990234375,389.260009765625,387.2099914550781,387.92999267578125
2024-03-15 10:30:00-04:00,387.8900146484375,388.6600036621094,387.7200012207031,388.1889953613281
2024-03-15 11:30:00-04:00,388.1499938964844,388.2300109863281,386.8800048828125,386.9800109863281
2024-03-15 12:30:00-04:00,386.9599914550781,387.20001220703125,386.0400085449219,386.69000244140625
2024-03-15 13:30:00-04:00,386.6700134277344,387.17999267578125,386.55999755859375,386.8500061035156
2024-03-15 14:30:00-04:00,386.8208923339844,387.6000061035156,386.75,387.2300109863281
2024-03-15 15:30:00-04:00,387.2200012207031,387.25,386.55999755859375,387.010009765625
2024-03-18 09:30:00-04:00,388.3500061035156,388.75,387.5400085449219,388.5
2024-03-18 10:30:00-04:00,388.4818115234375,388.8599853515625,388.0,388.8299865722656
2024-03-18 11:30:00-04:00,388.8399963378906,388.8599853515625,388.2900085449219,388.55999755859375
2024-03-18 12:30:00-04:00,388.5799865722656,388.6700134277344,388.19000244140625,388.6700134277344
2024-03-18 13:30:00-04:00,388.6700134277344,388.760009765625,387.7850036621094,388.70001220703125
2024-03-18 14:30:00-04:00,388.67999267578125,388.7699890136719,388.04998779296875,388.3900146484375
2024-03-18 15:30:00-04:00,388.4100036621094,388.6099853515625,387.4800109863281,387.7200012207031
2024-03-19 09:30:00-04:00,388.1600036621094,388.82000732421875,387.4700012207031,388.5299072265625
2024-03-19 10:30:00-04:00,388.5199890136719,389.67999267578125,388.510009765625,389.6000061035156
2024-03-19 11:30:00-04:00,389.6099853515625,390.29998779296875,389.6099853515625,390.20001220703125
2024-03-19 12:30:00-04:00,390.20001220703125,390.94000244140625,390.20001220703125,390.3800048828125
2024-03-19 13:30:00-04:00,390.4100036621094,390.5299987792969,389.80999755859375,390.1000061035156
2024-03-19 14:30:00-04:00,390.1000061035156,390.4200134277344,390.0,390.25
2024-03-19 15:30:00-04:00,390.1700134277344,391.0899963378906,390.0799865722656,391.0
2024-03-20 09:30:00-04:00,390.1499938964844,391.2799987792969,389.8900146484375,391.2699890136719
2024-03-20 10:30:00-04:00,391.29998779296875,391.6199951171875,390.8399963378906,391.4100036621094
2024-03-20 11:30:00-04:00,391.42999267578125,391.42999267578125,390.9800109863281,391.0400085449219
2024-03-20 12:30:00-04:00,391.010009765625,391.6400146484375,390.8500061035156,390.8900146484375
2024-03-20 13:30:00-04:00,390.94000244140625,392.94000244140625,390.69989013671875,392.60009765625
2024-03-20 14:30:00-04:00,392.44000244140625,395.2200012207031,391.32000732421875,395.04998779296875
2024-03-20 15:30:00-04:00,395.0400085449219,395.14898681640625,394.2300109863281,394.9599914550781
2024-03-21 09:30:00-04:00,396.30999755859375,398.510009765625,395.80999755859375,398.510009765625
2024-03-21 10:30:00-04:00,398.5400085449219,398.82000732421875,397.92999267578125,398.0899963378906
2024-03-21 11:30:00-04:00,398.07000732421875,398.57000732421875,397.94500732421875,398.2799987792969
2024-03-21 12:30:00-04:00,398.29998779296875,398.6099853515625,397.92999267578125,398.20001220703125
2024-03-21 13:30:00-04:00,398.1700134277344,398.3500061035156,397.9519958496094,398.2272033691406
2024-03-21 14:30:00-04:00,398.2200012207031,398.2300109863281,397.76129150390625,398.1700134277344
2024-03-21 15:30:00-04:00,398.17999267578125,398.4700012207031,397.55999755859375,397.67999267578125
2024-03-22 09:30:00-04:00,397.760009765625,398.05999755859375,396.3100891113281,396.57000732421875
2024-03-22 10:30:00-04:00,396.55999755859375,396.6099853515625,395.79998779296875,396.1000061035156
2024-03-22 11:30:00-04:00,396.1300048828125,396.1300048828125,395.4883117675781,395.6000061035156
2024-03-22 12:30:00-04:00,395.55999755859375,395.94000244140625,395.260009765625,395.7900085449219
2024-03-22 13:30:00-04:00,395.79998779296875,396.0799865722656,395.6199951171875,396.0299987792969
2024-03-22 14:30:00-04:00,396.04290771484375,396.04998779296875,394.82000732421875,395.0799865722656
2024-03-22 15:30:00-04:00,395.07501220703125,395.30999755859375,394.489990234375,394.5
2024-03-25 09:30:00-04:00,393.9200134277344,394.1499938964844,393.3699951171875,393.6199951171875
2024-03-25 10:30:00-04:00,393.6199951171875,393.6499938964844,393.1700134277344,393.3999938964844
2024-03-25 11:30:00-04:00,393.3999938964844,393.6099853515625,393.30999755859375,393.4100036621094
2024-03-25 12:30:00-04:00,393.3999938964844,393.44000244140625,393.0,393.17999267578125
2024-03-25 13:30:00-04:00,393.17999267578125,393.3900146484375,392.9599914550781,393.3598937988281
2024-03-25 14:30:00-04:00,393.34991455078125,393.5,392.82000732421875,392.95001220703125
2024-03-25 15:30:00-04:00,392.92999267578125,393.2200012207031,392.8299865722656,392.94500732421875
2024-03-26 09:30:00-04:00,393.67999267578125,393.739990234375,392.9200134277344,393.6700134277344
2024-03-26 10:30:00-04:00,393.6401062011719,394.1700134277344,393.5199890136719,393.94000244140625
2024-03-26 11:30:00-04:00,393.94000244140625,394.1899108886719,393.6300048828125,394.04998779296875
2024-03-26 12:30:00-04:00,394.0400085449219,394.1300048828125,393.6400146484375,393.8299865722656
2024-03-26 13:30:00-04:00,393.8299865722656,394.0,393.5400085449219,393.7900085449219
2024-03-26 14:30:00-04:00,393.82501220703125,394.0150146484375,393.4100036621094,393.5400085449219
2024-03-26 15:30:00-04:00,393.5299987792969,393.55999755859375,392.6300048828125,392.8800048828125
2024-03-27 09:30:00-04:00,395.0,396.0,394.8399963378906,395.0101013183594
2024-03-27 10:30:00-04:00,394.989990234375,395.3699951171875,394.7699890136719,395.010009765625
2024-03-27 11:30:00-04:00,394.989990234375,395.2099914550781,394.4700012207031,394.8500061035156
2024-03-27 12:30:00-04:00,394.92999267578125,395.7099914550781,394.9200134277344,395.5249938964844
2024-03-27 13:30:00-04:00,395.5400085449219,395.80999755859375,395.17999267578125,395.7900085449219
2024-03-27 14:30:00-04:00,395.79998779296875,396.2300109863281,395.4100036621094,396.0899963378906
2024-03-27 15:30:00-04:00,396.1199951171875,397.5799865722656,396.0299987792969,397.55999755859375
2024-03-28 09:30:00-04:00,398.05999755859375,398.42999267578125,397.2300109863281,397.239990234375
2024-03-28 10:30:00-04:00,397.25,397.5299987792969,397.0400085449219,397.5199890136719
2024-03-28 11:30:00-04:00,397.5350036621094,397.80999755859375,397.489990234375,397.74951171875
2024-03-28 12:30:00-04:00,397.739990234375,397.760009765625,397.3900146484375,397.5400085449219
2024-03-28 13:30:00-04:00,397.5400085449219,397.92999267578125,397.3297119140625,397.82000732421875
2024-03-28 14:30:00-04:00,397.82000732421875,398.54998779296875,397.3900146484375,398.44000244140625
2024-03-28 15:30:00-04:00,398.44000244140625,398.55999755859375,397.6099853515625,397.7300109863281
2024-04-01 09:30:00-04:00,397.82000732421875,398.04998779296875,395.54998779296875,395.69000244140625
2024-04-01 10:30:00-04:00,395.67999267578125,395.8099060058594,395.2200012207031,395.489990234375
2024-04-01 11:30:00-04:00,395.4700012207031,395.510009765625,394.7701110839844,395.30999755859375
2024-04-01 12:30:00-04:00,395.3800048828125,395.4700012207031,394.7300109863281,395.0350036621094
2024-04-01 13:30:00-04:00,395.04998779296875,395.4200134277344,394.8900146484375,395.20001220703125
2024-04-01 14:30:00-04:00,395.1700134277344,395.42999267578125,395.0299987792969,395.1199951171875
2024-04-01 15:30:00-04:00,395.1297912597656,395.739990234375,394.9599914550781,395.2900085449219
2024-04-02 09:30:00-04:00,391.9700012207031,392.1400146484375,390.2799987792969,391.32000732421875
2024-04-02 10:30:00-04:00,391.3299865722656,391.760009765625,390.989990234375,391.30999755859375
2024-04-02 11:30:00-04:00,391.29998779296875,391.3699951171875,390.3999938964844,390.8900146484375
2024-04-02 12:30:00-04:00,390.8900146484375,391.1000061035156,390.3900146484375,390.5799865722656
2024-04-02 13:30:00-04:00,390.5400085449219,390.9849853515625,390.32000732421875,390.8800048828125
2024-04-02 14:30:00-04:00,390.8699951171875,391.760009765625,390.8599853515625,391.5799865722656
2024-04-02 15:30:00-04:00,391.6000061035156,391.9599914550781,391.5199890136719,391.6099853515625
2024-04-03 09:30:00-04:00,391.67999267578125,392.9200134277344,391.1199951171875,392.2699890136719
2024-04-03 10:30:00-04:00,392.25,392.7300109863281,392.1300048828125,392.4100036621094
2024-04-03 11:30:00-04:00,392.4200134277344,392.5400085449219,391.7200012207031,392.3699951171875
2024-04-03 12:30:00-04:00,392.3599853515625,392.5799865722656,391.510009765625,392.1600036621094
2024-04-03 13:30:00-04:00,392.1700134277344,392.29998779296875,391.6300048828125,391.635009765625
2024-04-03 14:30:00-04:00,391.6300048828125,391.760009765625,389.989990234375,390.55999755859375
2024-04-03 15:30:00-04:00,390.55999755859375,391.5799865722656,390.4800109863281,391.260009765625
2024-04-04 09:30:00-04:00,394.0299987792969,394.239990234375,392.45001220703125,392.9100036621094
2024-04-04 10:30:00-04:00,392.8900146484375,393.1000061035156,392.45001220703125,392.8500061035156
2024-04-04 11:30:00-04:00,392.875,393.6300048828125,392.8299865722656,393.1995849609375
2024-04-04 12:30:00-04:00,393.19000244140625,393.239990234375,392.92999267578125,392.9413146972656
2024-04-04 13:30:00-04:00,392.9200134277344,392.9200134277344,388.9800109863281,389.0899963378906
2024-04-04 14:30:00-04:00,388.6600036621094,389.0,386.2200012207031,386.260009765625
2024-04-04 15:30:00-04:00,386.2300109863281,386.6700134277344,385.6000061035156,386.04998779296875
2024-04-05 09:30:00-04:00,386.3500061035156,387.5,386.0799865722656,386.9599914550781
2024-04-05 10:30:00-04:00,386.9700012207031,388.80999755859375,386.82501220703125,388.80999755859375
2024-04-05 11:30:00-04:00,388.760009765625,390.17999267578125,388.3599853515625,389.95001220703125
2024-04-05 12:30:00-04:00,389.9100036621094,390.45001220703125,389.2200012207031,389.7099914550781
2024-04-05 13:30:00-04:00,389.70001220703125,389.9100036621094,388.30999755859375,388.8599853515625
2024-04-05 14:30:00-04:00,388.8699951171875,389.4599914550781,388.489990234375,389.1499938964844
2024-04-05 15:30:00-04:00,389.1300048828125,389.6700134277344,388.9100036621094,388.9200134277344
2024-04-08 09:30:00-04:00,389.04998779296875,390.1400146484375,388.7799987792969,389.69000244140625
2024-04-08 10:30:00-04:00,389.6300048828125,389.9700927734375,389.3599853515625,389.5400085449219
2024-04-08 11:30:00-04:00,389.5199890136719,389.5199890136719,388.57000732421875,389.0299987792969
2024-04-08 12:30:00-04:00,389.0199890136719,389.5,388.9501037597656,389.4100036621094
2024-04-08 13:30:00-04:00,389.42999267578125,389.6700134277344,389.1400146484375,389.4200134277344
2024-04-08 14:30:00-04:00,389.3399963378906,389.5299987792969,389.0199890136719,389.5199890136719
2024-04-08 15:30:00-04:00,389.5400085449219,389.75,388.7900085449219,389.07000732421875
2024-04-09 09:30:00-04:00,389.6199951171875,389.9800109863281,388.0107116699219,388.1000061035156
2024-04-09 10:30:00-04:00,388.1400146484375,388.1600036621094,385.7500915527344,386.82000732421875
2024-04-09 11:30:00-04:00,386.80999755859375,388.04998779296875,386.70001220703125,387.75
2024-04-09 12:30:00-04:00,387.75,388.07000732421875,387.1300048828125,387.5447082519531
2024-04-09 13:30:00-04:00,387.5400085449219,387.9800109863281,387.0899963378906,387.29998779296875
2024-04-09 14:30:00-04:00,387.260009765625,388.6400146484375,386.7300109863281,388.5799865722656
2024-04-09 15:30:00-04:00,388.5899963378906,388.989990234375,387.7300109863281,388.8999938964844
2024-04-10 09:30:00-04:00,384.9200134277344,385.239990234375,383.4800109863281,384.8999938964844
2024-04-10 10:30:00-04:00,384.8999938964844,385.9700012207031,384.1199951171875,384.510009765625
2024-04-10 11:30:00-04:00,384.55999755859375,384.5799865722656,383.6199951171875,383.95001220703125
2024-04-10 12:30:00-04:00,383.8299865722656,384.989990234375,383.0299987792969,384.05999755859375
2024-04-10 13:30:00-04:00,384.010009765625,384.7699890136719,383.1499938964844,383.57000732421875
2024-04-10 14:30:00-04:00,383.6400146484375,384.9800109863281,383.1099853515625,384.5199890136719
2024-04-10 15:30:00-04:00,384.54998779296875,385.1199951171875,383.9700012207031,384.5400085449219
2024-04-11 09:30:00-04:00,385.4700012207031,385.6700134277344,382.0,382.0899963378906
2024-04-11 10:30:00-04:00,382.1099853515625,382.9399108886719,382.07000732421875,382.3900146484375
2024-04-11 11:30:00-04:00,382.3955078125,383.9595031738281,382.29998779296875,383.25
2024-04-11 12:30:00-04:00,383.2699890136719,385.20001220703125,383.2099914550781,384.7799987792969
2024-04-11 13:30:00-04:00,384.79998779296875,386.0799865722656,384.4700012207031,385.70001220703125
2024-04-11 14:30:00-04:00,385.7099914550781,386.0,385.25,385.4599914550781
2024-04-11 15:30:00-04:00,385.45001220703125,385.69000244140625,384.5,384.5400085449219
2024-04-12 09:30:00-04:00,382.30999755859375,382.92999267578125,381.3299865722656,381.3699951171875
2024-04-12 10:30:00-04:00,381.3699951171875,381.6300048828125,380.4599914550781,381.3800048828125
2024-04-12 11:30:00-04:00,381.4100036621094,381.92999267578125,380.5400085449219,380.6200866699219
2024-04-12 12:30:00-04:00,380.6499938964844,380.75,378.989990234375,379.1400146484375
2024-04-12 13:30:00-04:00,379.0899963378906,380.25,378.80999755859375,379.67999267578125
2024-04-12 14:30:00-04:00,379.7200012207031,379.75,378.80999755859375,378.9599914550781
2024-04-12 15:30:00-04:00,378.9599914550781,379.9599914550781,378.8299865722656,379.92999267578125
2024-04-15 09:30:00-04:00,383.3299865722656,383.82000732421875,381.05999755859375,381.2900085449219
2024-04-15 10:30:00-04:00,381.29998779296875,381.5799865722656,380.3999938964844,380.8500061035156
2024-04-15 11:30:00-04:00,380.8599853515625,381.6000061035156,380.32000732421875,380.5400085449219
2024-04-15 12:30:00-04:00,380.4800109863281,380.5,378.2099914550781,378.2099914550781
2024-04-15 13:30:00-04:00,378.2099914550781,378.45001220703125,377.1600036621094,377.4200134277344
2024-04-15 14:30:00-04:00,377.4100036621094,378.2799987792969,376.6000061035156,377.2099914550781
2024-04-15 15:30:00-04:00,377.2200012207031,378.010009765625,377.1600036621094,377.32000732421875
2024-04-16 09:30:00-04:00,379.739990234375,379.7900085449219,377.989990234375,378.0799865722656
2024-04-16 10:30:00-04:00,378.0400085449219,378.5400085449219,377.510009765625,378.3900146484375
2024-04-16 11:30:00-04:00,378.32501220703125,379.44000244140625,378.0,378.8900146484375
2024-04-16 12:30:00-04:00,378.8599853515625,379.2242126464844,378.0299987792969,378.510009765625
2024-04-16 13:30:00-04:00,378.5199890136719,379.92999267578125,377.0400085449219,377.57000732421875
2024-04-16 14:30:00-04:00,377.5199890136719,379.4599914550781,377.4800109863281,379.3599853515625
2024-04-16 15:30:00-04:00,379.32000732421875,379.32000732421875,377.8800048828125,377.989990234375
2024-04-17 09:30:00-04:00,379.0299987792969,380.19000244140625,378.2200012207031,378.6499938964844
2024-04-17 10:30:00-04:00,378.6499938964844,378.7099914550781,376.95001220703125,376.95001220703125
2024-04-17 11:30:00-04:00,376.9599914550781,377.2685852050781,376.3599853515625,376.8299865722656
2024-04-17 12:30:00-04:00,376.8399963378906,377.9700012207031,376.1400146484375,377.9700012207031
2024-04-17 13:30:00-04:00,377.9599914550781,378.6099853515625,377.54058837890625,378.07000732421875
2024-04-17 14:30:00-04:00,378.1199951171875,379.57000732421875,377.0899963378906,377.4700012207031
2024-04-17 15:30:00-04:00,377.4700012207031,378.1199951171875,377.2300109863281,377.44000244140625
2024-04-18 09:30:00-04:00,379.04998779296875,380.2099914550781,378.3399963378906,380.04998779296875
2024-04-18 10:30:00-04:00,380.0799865722656,380.92999267578125,379.95001220703125,380.32000732421875
2024-04-18 11:30:00-04:00,380.3900146484375,380.42999267578125,379.25,379.489990234375
2024-04-18 12:30:00-04:00,379.4599914550781,379.4599914550781,376.9200134277344,377.739990234375
2024-04-18 13:30:00-04:00,377.739990234375,378.17999267578125,376.8500061035156,377.5101013183594
2024-04-18 14:30:00-04:00,377.4700012207031,378.22369384765625,376.989990234375,377.94000244140625
2024-04-18 15:30:00-04:00,378.0400085449219,378.75,377.6400146484375,377.8299865722656
2024-04-19 09:30:00-04:00,378.69000244140625,379.92999267578125,377.9200134277344,379.6000061035156
2024-04-19 10:30:00-04:00,379.57000732421875,379.9692077636719,378.9700012207031,379.4200134277344
2024-04-19 11:30:00-04:00,379.3500061035156,379.739990234375,378.3500061035156,378.4200134277344
2024-04-19 12:30:00-04:00,378.44000244140625,380.45001220703125,378.260009765625,379.69000244140625
2024-04-19 13:30:00-04:00,379.69000244140625,381.0299987792969,379.1003112792969,379.20001220703125
2024-04-19 14:30:00-04:00,379.1499938964844,379.7200012207031,378.5400085449219,379.44000244140625
2024-04-19 15:30:00-04:00,379.510009765625,380.07000732421875,378.97900390625,379.7900085449219
2024-04-22 09:30:00-04:00,381.7300109863281,381.9100036621094,380.0,380.7799987792969
2024-04-22 10:30:00-04:00,380.7799987792969,381.0,379.80999755859375,380.19000244140625
2024-04-22 11:30:00-04:00,380.20001220703125,381.80999755859375,380.05999755859375,381.4599914550781
2024-04-22 12:30:00-04:00,381.3599853515625,382.9989929199219,381.2099914550781,382.9599914550781
2024-04-22 13:30:00-04:00,382.9700012207031,384.42999267578125,382.82000732421875,384.2300109863281
2024-04-22 14:30:00-04:00,384.2300109863281,384.44000244140625,382.8699951171875,383.1499938964844
2024-04-22 15:30:00-04:00,383.1199951171875,383.1199951171875,381.9700012207031,382.42999267578125
2024-04-23 09:30:00-04:00,383.69000244140625,384.32000732421875,382.9100036621094,383.8299865722656
2024-04-23 10:30:00-04:00,383.7900085449219,385.0400085449219,383.7699890136719,384.54998779296875
2024-04-23 11:30:00-04:00,384.5400085449219,384.92999267578125,384.04998779296875,384.8399963378906
2024-04-23 12:30:00-04:00,384.82000732421875,385.1499938964844,384.5299987792969,385.1099853515625
2024-04-23 13:30:00-04:00,385.1000061035156,385.5899963378906,384.8299865722656,385.1499938964844
2024-04-23 14:30:00-04:00,385.1400146484375,385.25,384.6400146484375,384.80999755859375
2024-04-23 15:30:00-04:00,384.7699890136719,385.1600036621094,384.6099853515625,385.1000061035156
2024-04-24 09:30:00-04:00,384.8699951171875,385.19000244140625,384.1499938964844,384.752685546875
2024-04-24 10:30:00-04:00,384.739990234375,384.7799987792969,383.17999267578125,383.6099853515625
2024-04-24 11:30:00-04:00,383.6499938964844,383.9599914550781,383.0201110839844,383.82000732421875
2024-04-24 12:30:00-04:00,383.79998779296875,384.3399963378906,383.1600036621094,384.29998779296875
2024-04-24 13:30:00-04:00,384.30999755859375,385.4656982421875,384.239990234375,384.40631103515625
2024-04-24 14:30:00-04:00,384.42999267578125,385.04998779296875,383.8299865722656,384.82000732421875
2024-04-24 15:30:00-04:00,384.7799987792969,385.05999755859375,384.4800109863281,384.489990234375
2024-04-25 09:30:00-04:00,379.7900085449219,380.1499938964844,377.4800109863281,378.1600036621094
2024-04-25 10:30:00-04:00,378.19000244140625,378.82000732421875,377.489990234375,378.69000244140625
2024-04-25 11:30:00-04:00,378.7099914550781,379.8399963378906,378.2799987792969,379.75
2024-04-25 12:30:00-04:00,379.7699890136719,380.3500061035156,379.57000732421875,380.1499938964844
2024-04-25 13:30:00-04:00,380.1000061035156,381.54998779296875,379.9200134277344,379.95001220703125
2024-04-25 14:30:00-04:00,379.8699951171875,381.5400085449219,379.6700134277344,381.44000244140625
2024-04-25 15:30:00-04:00,381.4049987792969,381.4049987792969,380.42999267578125,380.8900146484375
2024-04-26 09:30:00-04:00,380.75,382.989990234375,380.5299987792969,382.54998779296875
2024-04-26 10:30:00-04:00,382.55999755859375,382.80999755859375,381.3760070800781,381.6499938964844
2024-04-26 11:30:00-04:00,381.6700134277344,382.5799865722656,381.5799865722656,382.510009765625
2024-04-26 12:30:00-04:00,382.5,383.20001220703125,382.3901062011719,382.9599914550781
2024-04-26 13:30:00-04:00,383.0,383.3399963378906,382.7200012207031,382.82501220703125
2024-04-26 14:30:00-04:00,382.82501220703125,383.0799865722656,382.57000732421875,383.010009765625
2024-04-26 15:30:00-04:00,383.0199890136719,383.0199890136719,382.239990234375,382.2699890136719
2024-04-29 09:30:00-04:00,383.25,383.9800109863281,383.0,383.57000732421875
2024-04-29 10:30:00-04:00,383.510009765625,383.6300048828125,382.739990234375,383.1300048828125
2024-04-29 11:30:00-04:00,383.1300048828125,383.3599853515625,382.82000732421875,383.3399963378906
2024-04-29 12:30:00-04:00,383.3299865722656,383.70001220703125,383.29998779296875,383.6000061035156
2024-04-29 13:30:00-04:00,383.5000915527344,384.0299987792969,383.5,383.54998779296875
2024-04-29 14:30:00-04:00,383.5400085449219,383.7699890136719,382.07000732421875,383.0799865722656
2024-04-29 15:30:00-04:00,383.0799865722656,383.8800048828125,383.010009765625,383.7799987792969
2024-04-30 09:30:00-04:00,382.4599914550781,382.5299987792969,381.32000732421875,381.8345947265625
2024-04-30 10:30:00-04:00,381.79998779296875,382.7489929199219,380.6300048828125,380.80999755859375
2024-04-30 11:30:00-04:00,380.82000732421875,380.9599914550781,380.29998779296875,380.6099853515625
2024-04-30 12:30:00-04:00,380.6199951171875,380.6199951171875,379.4700012207031,379.9100036621094
2024-04-30 13:30:00-04:00,379.8999938964844,380.7200012207031,379.6000061035156,379.67999267578125
2024-04-30 14:30:00-04:00,379.69000244140625,380.0199890136719,378.9823913574219,379.29998779296875
2024-04-30 15:30:00-04:00,379.30999755859375,379.6600036621094,378.0799865722656,378.1400146484375
2024-05-01 09:30:00-04:00,378.3800048828125,379.30999755859375,377.9800109863281,378.7099914550781
2024-05-01 10:30:00-04:00,378.69000244140625,379.32000732421875,378.3500061035156,379.07000732421875
2024-05-01 11:30:00-04:00,379.07000732421875,379.5899963378906,378.8900146484375,379.3500061035156
2024-05-01 12:30:00-04:00,379.32000732421875,379.4200134277344,378.8399963378906,379.2900085449219
2024-05-01 13:30:00-04:00,379.3399963378906,380.6600036621094,379.1400146484375,380.6000061035156
2024-05-01 14:30:00-04:00,380.60760498046875,383.4800109863281,379.3699951171875,382.5799865722656
2024-05-01 15:30:00-04:00,382.5299987792969,382.5299987792969,378.7535095214844,378.8699951171875
2024-05-02 09:30:00-04:00,381.1499938964844,381.6499938964844,378.8999938964844,380.45001220703125
2024-05-02 10:30:00-04:00,380.510009765625,381.2900085449219,379.69000244140625,380.67999267578125
2024-05-02 11:30:00-04:00,380.70001220703125,381.010009765625,380.1199951171875,380.45001220703125
2024-05-02 12:30:00-04:00,380.4200134277344,381.6145935058594,379.8399963378906,381.6000061035156
2024-05-02 13:30:00-04:00,381.6300048828125,382.07000732421875,381.19000244140625,381.8900146484375
2024-05-02 14:30:00-04:00,381.8699951171875,382.9100036621094,381.8550109863281,382.3599853515625
2024-05-02 15:30:00-04:00,382.2149963378906,382.3299865722656,381.4100036621094,382.2900085449219
2024-05-03 09:30:00-04:00,387.67999267578125,387.989990234375,385.32000732421875,385.9100036621094
2024-05-03 10:30:00-04:00,385.8900146484375,386.1199951171875,385.05999755859375,385.8500061035156
2024-05-03 11:30:00-04:00,385.8900146484375,386.79998779296875,385.8800048828125,386.6199951171875
2024-05-03 12:30:00-04:00,386.6199951171875,386.94000244140625,386.3299865722656,386.739990234375
2024-05-03 13:30:00-04:00,386.739990234375,387.25,386.4599914550781,387.04998779296875
2024-05-03 14:30:00-04:00,387.07000732421875,387.2850036621094,386.5199890136719,386.82000732421875
2024-05-03 15:30:00-04:00,386.79998779296875,387.0299987792969,386.4599914550781,386.7200012207031
2024-05-06 09:30:00-04:00,388.32000732421875,388.739990234375,387.7200012207031,387.9800109863281
2024-05-06 10:30:00-04:00,388.0,388.0199890136719,387.0,387.1517028808594
2024-05-06 11:30:00-04:00,387.1600036621094,387.32000732421875,386.8299865722656,387.19000244140625
2024-05-06 12:30:00-04:00,387.20001220703125,387.79998779296875,387.1400146484375,387.7300109863281
2024-05-06 13:30:00-04:00,387.69500732421875,388.6300048828125,387.67999267578125,388.5199890136719
2024-05-06 14:30:00-04:00,388.5249938964844,388.5400085449219,387.42999267578125,387.6191101074219
2024-05-06 15:30:00-04:00,387.6000061035156,388.489990234375,387.54998779296875,388.45001220703125
2024-05-07 09:30:00-04:00,389.1700134277344,389.75,388.6099853515625,389.5899963378906
2024-05-07 10:30:00-04:00,389.57000732421875,389.6899108886719,389.1700134277344,389.2699890136719
2024-05-07 11:30:00-04:00,389.2799987792969,389.340087890625,388.94000244140625,389.05999755859375
2024-05-07 12:30:00-04:00,389.07000732421875,389.3699951171875,388.6300048828125,389.32000732421875
2024-05-07 13:30:00-04:00,389.3299865722656,389.4200134277344,388.4599914550781,388.5816955566406
2024-05-07 14:30:00-04:00,388.5400085449219,388.8399963378906,388.3399963378906,388.8399963378906
2024-05-07 15:30:00-04:00,388.8399963378906,389.260009765625,388.67999267578125,388.7200012207031
2024-05-08 09:30:00-04:00,388.3399963378906,389.1199951171875,388.19000244140625,389.0199890136719
2024-05-08 10:30:00-04:00,389.04998779296875,389.7900085449219,388.8299865722656,389.6499938964844
2024-05-08 11:30:00-04:00,389.6413879394531,389.7900085449219,389.4599914550781,389.54998779296875
2024-05-08 12:30:00-04:00,389.55999755859375,389.70001220703125,389.17999267578125,389.4800109863281
2024-05-08 13:30:00-04:00,389.44000244140625,390.3699951171875,389.42999267578125,390.30999755859375
2024-05-08 14:30:00-04:00,390.32000732421875,390.57000732421875,389.8900146484375,390.4599914550781
2024-05-08 15:30:00-04:00,390.44000244140625,390.9100036621094,390.3999938964844,390.44000244140625
2024-05-09 09:30:00-04:00,390.1099853515625,392.32000732421875,390.010009765625,392.1300964355469
2024-05-09 10:30:00-04:00,392.1499938964844,392.8299865722656,392.1499938964844,392.55999755859375
2024-05-09 11:30:00-04:00,392.6000061035156,392.6400146484375,392.1199951171875,392.2099914550781
2024-05-09 12:30:00-04:00,392.2099914550781,393.1300048828125,392.19000244140625,393.1300048828125
2024-05-09 13:30:00-04:00,393.1600036621094,393.3900146484375,393.0299987792969,393.3800048828125
2024-05-09 14:30:00-04:00,393.3699035644531,393.989990234375,393.3500061035156,393.8599853515625
2024-05-09 15:30:00-04:00,393.8699951171875,394.260009765625,393.7900085449219,394.0299987792969
2024-05-10 09:30:00-04:00,395.25,395.8988952636719,394.9801025390625,395.25
2024-05-10 10:30:00-04:00,395.260009765625,395.4800109863281,394.489990234375,394.6499938964844
2024-05-10 11:30:00-04:00,394.6300048828125,395.0,394.0957946777344,394.8299865722656
2024-05-10 12:30:00-04:00,394.8299865722656,395.19000244140625,394.6700134277344,394.75
2024-05-10 13:30:00-04:00,394.760009765625,395.0299987792969,394.6300048828125,394.8699951171875
2024-05-10 14:30:00-04:00,394.8500061035156,395.375,394.5400085449219,395.3299865722656
2024-05-10 15:30:00-04:00,395.3500061035156,395.5299987792969,395.1099853515625,395.1099853515625
2024-05-13 09:30:00-04:00,396.3800048828125,396.5799865722656,395.8699951171875,395.9649963378906
2024-05-13 10:30:00-04:00,395.9100036621094,395.9599914550781,395.3299865722656,395.57501220703125
2024-05-13 11:30:00-04:00,395.0799865722656,395.31500244140625,394.9200134277344,395.1050109863281
2024-05-13 12:30:00-04:00,395.125,395.135009765625,394.07000732421875,394.5799865722656
2024-05-13 13:30:00-04:00,394.5799865722656,394.6400146484375,394.2200012207031,394.6000061035156
2024-05-13 14:30:00-04:00,394.6199951171875,394.7900085449219,394.3399963378906,394.5199890136719
2024-05-13 15:30:00-04:00,394.5400085449219,394.82000732421875,394.25,394.4800109863281
2024-05-14 09:30:00-04:00,394.5400085449219,395.5799865722656,394.3599853515625,395.1405029296875
2024-05-14 10:30:00-04:00,395.1700134277344,395.19500732421875,394.1400146484375,394.4898986816406
2024-05-14 11:30:00-04:00,394.4599914550781,394.50048828125,394.2200012207031,394.42999267578125
2024-05-14 12:30:00-04:00,394.4100036621094,394.4566955566406,393.80999755859375,393.989990234375
2024-05-14 13:30:00-04:00,393.9800109863281,395.0299987792969,393.94000244140625,395.0
2024-05-14 14:30:00-04:00,395.0050048828125,396.2449951171875,394.9599914550781,395.9599914550781
2024-05-14 15:30:00-04:00,395.9049987792969,396.07501220703125,395.5799865722656,395.6099853515625
2024-05-15 09:30:00-04:00,397.239990234375,398.05999755859375,396.94000244140625,397.1600036621094
2024-05-15 10:30:00-04:00,397.2200012207031,398.5199890136719,397.20001220703125,398.510009765625
2024-05-15 11:30:00-04:00,398.510009765625,398.5400085449219,397.7200012207031,398.0899963378906
2024-05-15 12:30:00-04:00,398.0799865722656,398.7699890136719,397.9800109863281,398.69500732421875
2024-05-15 13:30:00-04:00,398.7099914550781,398.7950134277344,398.1700134277344,398.5
2024-05-15 14:30:00-04:00,398.4949951171875,398.7900085449219,398.2699890136719,398.6400146484375
2024-05-15 15:30:00-04:00,398.635009765625,399.5,398.5350036621094,399.32000732421875
2024-05-16 09:30:00-04:00,399.75,400.45001220703125,399.2699890136719,400.4100036621094
2024-05-16 10:30:00-04:00,400.3999938964844,400.9949951171875,400.1300048828125,400.7099914550781
2024-05-16 11:30:00-04:00,400.739990234375,400.95001220703125,400.2300109863281,400.2799987792969
2024-05-16 12:30:00-04:00,400.17999267578125,400.5199890136719,399.6499938964844,399.8800048828125
2024-05-16 13:30:00-04:00,399.9200134277344,400.04998779296875,399.20001220703125,399.6199951171875
2024-05-16 14:30:00-04:00,399.7300109863281,400.2699890136719,399.7200012207031,400.0899963378906
2024-05-16 15:30:00-04:00,400.0799865722656,400.2300109863281,399.1300048828125,399.19000244140625
2024-05-17 09:30:00-04:00,399.1099853515625,399.2699890136719,398.44000244140625,398.9700012207031
2024-05-17 10:30:00-04:00,398.9700012207031,399.0799865722656,398.6300048828125,398.7300109863281
2024-05-17 11:30:00-04:00,398.739990234375,399.0199890136719,398.510009765625,398.8599853515625
2024-05-17 12:30:00-04:00,398.8599853515625,399.3599853515625,398.7900085449219,399.2900085449219
2024-05-17 13:30:00-04:00,399.2900085449219,399.42999267578125,398.4599914550781,398.9200134277344
2024-05-17 14:30:00-04:00,398.8999938964844,399.69000244140625,398.7900085449219,399.6899108886719
2024-05-17 15:30:00-04:00,399.69000244140625,400.0199890136719,399.510009765625,399.9800109863281
2024-05-20 09:30:00-04:00,400.0,400.4599914550781,399.010009765625,400.4599914550781
2024-05-20 10:30:00-04:00,400.5,400.6600036621094,400.29998779296875,400.5899963378906
2024-05-20 11:30:00-04:00,400.6300048828125,400.7200012207031,399.79998779296875,399.95001220703125
2024-05-20 12:30:00-04:00,399.93780517578125,399.94000244140625,399.0199890136719,399.159912109375
2024-05-20 13:30:00-04:00,399.1300048828125,399.1300048828125,397.8699951171875,398.4822082519531
2024-05-20 14:30:00-04:00,398.4599914550781,398.69000244140625,398.1199951171875,398.2799072265625
2024-05-20 15:30:00-04:00,398.2799987792969,398.30499267578125,397.840087890625,398.1499938964844
2024-05-21 09:30:00-04:00,398.32000732421875,398.7099914550781,397.76971435546875,398.54998779296875
2024-05-21 10:30:00-04:00,398.6000061035156,398.87750244140625,398.2300109863281,398.6300048828125
2024-05-21 11:30:00-04:00,398.6300048828125,398.67999267578125,398.010009765625,398.2099914550781
2024-05-21 12:30:00-04:00,398.2149963378906,398.3699951171875,397.79998779296875,398.1199951171875
2024-05-21 13:30:00-04:00,398.1499938964844,398.5,398.0400085449219,398.3900146484375
2024-05-21 14:30:00-04:00,398.4100036621094,398.67999267578125,398.1449890136719,398.57000732421875
2024-05-21 15:30:00-04:00,398.54998779296875,399.05999755859375,398.5,398.79998779296875
2024-05-22 09:30:00-04:00,397.95001220703125,398.8450927734375,397.8800048828125,398.7799987792969
2024-05-22 10:30:00-04:00,398.7900085449219,398.8450012207031,398.20001220703125,398.2204895019531
2024-05-22 11:30:00-04:00,398.2200012207031,398.3179931640625,397.5899963378906,398.2900085449219
2024-05-22 12:30:00-04:00,398.32000732421875,398.5199890136719,398.0899963378906,398.1099853515625
2024-05-22 13:30:00-04:00,398.0899963378906,398.1199951171875,395.70001220703125,395.70001220703125
2024-05-22 14:30:00-04:00,395.70001220703125,396.45001220703125,395.510009765625,396.2099914550781
2024-05-22 15:30:00-04:00,396.2300109863281,396.94000244140625,395.69000244140625,396.739990234375
2024-05-23 09:30:00-04:00,397.05999755859375,397.0899963378906,393.9049987792969,394.04998779296875
2024-05-23 10:30:00-04:00,394.07000732421875,394.5899963378906,393.5899963378906,393.68499755859375
2024-05-23 11:30:00-04:00,393.7300109863281,394.4599914550781,393.7099914550781,394.2200012207031
2024-05-23 12:30:00-04:00,394.2698974609375,394.30938720703125,392.4200134277344,392.8500061035156
2024-05-23 13:30:00-04:00,392.82000732421875,392.82000732421875,390.30999755859375,390.6099853515625
2024-05-23 14:30:00-04:00,390.57000732421875,391.04998779296875,390.3399963378906,390.57000732421875
2024-05-23 15:30:00-04:00,390.5400085449219,390.8500061035156,390.25,390.7200012207031
2024-05-24 09:30:00-04:00,391.2200012207031,391.94000244140625,390.81109619140625,391.1700134277344
2024-05-24 10:30:00-04:00,391.2099914550781,392.2510070800781,390.4100036621094,391.80999755859375
2024-05-24 11:30:00-04:00,391.8399963378906,392.0299987792969,391.32000732421875,391.7401123046875
2024-05-24 12:30:00-04:00,391.7200012207031,391.739990234375,391.1400146484375,391.489990234375
2024-05-24 13:30:00-04:00,391.4100036621094,391.5199890136719,390.92999267578125,390.9302978515625
2024-05-24 14:30:00-04:00,390.95001220703125,391.19000244140625,390.1600036621094,390.489990234375
2024-05-24 15:30:00-04:00,390.42999267578125,390.92999267578125,390.3699951171875,390.6499938964844
2024-05-28 09:30:00-04:00,389.80999755859375,390.2200012207031,389.04998779296875,389.25
2024-05-28 10:30:00-04:00,389.2300109863281,389.57000732421875,388.92498779296875,389.3450012207031
2024-05-28 11:30:00-04:00,389.3299865722656,389.44000244140625,388.8999938964844,389.05999755859375
2024-05-28 12:30:00-04:00,389.0,389.25,388.1199951171875,388.2898864746094
2024-05-28 13:30:00-04:00,388.2698974609375,388.4999084472656,387.4700012207031,387.5199890136719
2024-05-28 14:30:00-04:00,387.510009765625,387.95001220703125,387.0199890136719,387.6698913574219
2024-05-28 15:30:00-04:00,387.6700134277344,388.6400146484375,387.6300048828125,388.6199951171875
2024-05-29 09:30:00-04:00,385.30999755859375,385.7200012207031,384.2409973144531,385.3800048828125
2024-05-29 10:30:00-04:00,385.4100036621094,385.57000732421875,384.7200012207031,385.010009765625
2024-05-29 11:30:00-04:00,384.9700012207031,385.3299865722656,384.54998779296875,385.25
2024-05-29 12:30:00-04:00,385.260009765625,385.29998779296875,384.6199951171875,385.1199951171875
2024-05-29 13:30:00-04:00,385.08880615234375,385.1499938964844,384.6300048828125,384.70001220703125
2024-05-29 14:30:00-04:00,384.69140625,385.2300109863281,384.4100036621094,385.07000732421875
2024-05-29 15:30:00-04:00,385.05999755859375,385.29998779296875,384.32000732421875,384.6300048828125
2024-05-30 09:30:00-04:00,381.3699951171875,382.2099914550781,380.4100036621094,381.010009765625
2024-05-30 10:30:00-04:00,380.989990234375,381.6199951171875,380.69000244140625,381.4599914550781
2024-05-30 11:30:00-04:00,381.4599914550781,381.739990234375,381.1700134277344,381.3999938964844
2024-05-30 12:30:00-04:00,381.3900146484375,382.3999938964844,381.3599853515625,382.1358947753906
2024-05-30 13:30:00-04:00,382.1300048828125,382.2900085449219,381.3599853515625,381.82000732421875
2024-05-30 14:30:00-04:00,381.8299865722656,381.9700012207031,381.2900085449219,381.70001220703125
2024-05-30 15:30:00-04:00,381.71990966796875,381.8999938964844,380.4700012207031,381.42999267578125
2024-05-31 09:30:00-04:00,381.9800109863281,383.1495056152344,381.2699890136719,381.8699951171875
2024-05-31 10:30:00-04:00,381.8599853515625,382.2699890136719,381.5400085449219,382.0899963378906
2024-05-31 11:30:00-04:00,382.07501220703125,382.32000732421875,381.5799865722656,382.2099914550781
2024-05-31 12:30:00-04:00,382.20001220703125,383.3999938964844,382.125,383.3092956542969
2024-05-31 13:30:00-04:00,383.3299865722656,384.260009765625,383.2799987792969,383.9700012207031
2024-05-31 14:30:00-04:00,383.9700012207031,384.50030517578125,383.760009765625,384.17999267578125
2024-05-31 15:30:00-04:00,384.2900085449219,387.6099853515625,384.05999755859375,387.510009765625
2024-06-03 09:30:00-04:00,387.8699951171875,387.8900146484375,386.17498779296875,386.989990234375
2024-06-03 10:30:00-04:00,387.0799865722656,387.0799865722656,385.0199890136719,385.3500061035156
2024-06-03 11:30:00-04:00,385.010009765625,385.010009765625,383.4049987792969,383.480712890625
2024-06-03 12:30:00-04:00,383.4549865722656,384.04998779296875,382.92999267578125,384.0
2024-06-03 13:30:00-04:00,384.0,384.94000244140625,383.9800109863281,384.6199951171875
2024-06-03 14:30:00-04:00,384.67999267578125,385.5199890136719,384.6719970703125,385.3299865722656
2024-06-03 15:30:00-04:00,385.3299865722656,386.2799987792969,385.05999755859375,386.260009765625
2024-06-04 09:30:00-04:00,385.0,387.1689147949219,384.5400085449219,387.1600036621094
2024-06-04 10:30:00-04:00,387.1499938964844,387.29998779296875,385.6000061035156,385.9200134277344
2024-06-04 11:30:00-04:00,385.8999938964844,386.0400085449219,385.260009765625,385.9205017089844
2024-06-04 12:30:00-04:00,385.8900146484375,386.8380126953125,385.7200012207031,386.8380126953125
2024-06-04 13:30:00-04:00,386.90679931640625,388.3463134765625,386.42999267578125,388.2900085449219
2024-06-04 14:30:00-04:00,388.29998779296875,388.3782958984375,386.42999267578125,387.0201110839844
2024-06-04 15:30:00-04:00,387.0299987792969,387.7099914550781,386.739990234375,387.5199890136719
2024-06-05 09:30:00-04:00,388.6000061035156,388.6000061035156,385.96990966796875,386.44000244140625
2024-06-05 10:30:00-04:00,386.6099853515625,387.8900146484375,386.5237121582031,387.82000732421875
2024-06-05 11:30:00-04:00,387.8299865722656,388.409912109375,387.5,387.79998779296875
2024-06-05 12:30:00-04:00,387.79998779296875,388.2699890136719,387.3800048828125,387.8500061035156
2024-06-05 13:30:00-04:00,387.95001220703125,388.57000732421875,387.67999267578125,388.54998779296875
2024-06-05 14:30:00-04:00,388.54998779296875,388.9700012207031,388.25,388.2799072265625
2024-06-05 15:30:00-04:00,388.20001220703125,388.7099914550781,387.92999267578125,388.5299987792969
2024-06-06 09:30:00-04:00,388.80999755859375,390.5899963378906,387.8900146484375,389.748291015625
2024-06-06 10:30:00-04:00,389.75,389.75,388.5751037597656,389.25
2024-06-06 11:30:00-04:00,389.239990234375,389.3299865722656,388.5899963378906,388.7449951171875
2024-06-06 12:30:00-04:00,388.6986083984375,389.1499938964844,388.5799865722656,389.05999755859375
2024-06-06 13:30:00-04:00,389.05999755859375,389.20001220703125,387.7850036621094,388.4800109863281
2024-06-06 14:30:00-04:00,388.3843994140625,389.57000732421875,388.2900085449219,389.4700012207031
2024-06-06 15:30:00-04:00,389.4700012207031,389.4700012207031,389.0199890136719,389.3399963378906
2024-06-07 09:30:00-04:00,388.8800048828125,390.3900146484375,387.8900146484375,390.3500061035156
2024-06-07 10:30:00-04:00,390.29998779296875,391.6199951171875,389.489990234375,390.1400146484375
2024-06-07 11:30:00-04:00,390.1400146484375,390.4100036621094,389.760009765625,390.05999755859375
2024-06-07 12:30:00-04:00,390.0899963378906,390.6600036621094,389.5199890136719,390.2799987792969
2024-06-07 13:30:00-04:00,390.239990234375,390.3500061035156,388.69000244140625,389.5450134277344
2024-06-07 14:30:00-04:00,389.4100036621094,389.972900390625,388.8900146484375,389.2200012207031
2024-06-07 15:30:00-04:00,389.17999267578125,389.31500244140625,388.32000732421875,388.5199890136719
2024-06-10 09:30:00-04:00,388.0299987792969,389.1000061035156,387.19000244140625,388.2300109863281
2024-06-10 10:30:00-04:00,388.1600036621094,388.29998779296875,387.4700012207031,387.8599853515625
2024-06-10 11:30:00-04:00,387.95001220703125,388.5199890136719,387.9100036621094,388.2099914550781
2024-06-10 12:30:00-04:00,388.2300109863281,388.3399963378906,387.82501220703125,388.2699890136719
2024-06-10 13:30:00-04:00,388.2900085449219,389.2099914550781,388.20001220703125,388.8399963378906
2024-06-10 14:30:00-04:00,388.8399963378906,389.3599853515625,388.7900085449219,389.04998779296875
2024-06-10 15:30:00-04:00,389.0400085449219,389.3399963378906,388.6199951171875,389.29998779296875
2024-06-11 09:30:00-04:00,387.6600036621094,387.82000732421875,384.8970947265625,386.55999755859375
2024-06-11 10:30:00-04:00,386.5,387.5194091796875,386.3399963378906,386.875
2024-06-11 11:30:00-04:00,387.010009765625,387.2699890136719,386.1700134277344,386.215087890625
2024-06-11 12:30:00-04:00,386.1600036621094,386.8699951171875,386.1099853515625,386.5350036621094
2024-06-11 13:30:00-04:00,386.5299987792969,387.8900146484375,386.5299987792969,387.8399963378906
2024-06-11 14:30:00-04:00,387.8870849609375,388.20001220703125,387.510009765625,387.57000732421875
2024-06-11 15:30:00-04:00,387.510009765625,388.0799865722656,387.25,388.0199890136719
2024-06-12 09:30:00-04:00,391.5799865722656,391.9100036621094,389.8299865722656,390.0199890136719
2024-06-12 10:30:00-04:00,390.04998779296875,390.7749938964844,389.0201110839844,389.2699890136719
2024-06-12 11:30:00-04:00,389.2550048828125,389.3299865722656,388.6099853515625,388.6099853515625
2024-06-12 12:30:00-04:00,388.6986083984375,388.8620910644531,388.20001220703125,388.5
2024-06-12 13:30:00-04:00,388.4549865722656,388.6499938964844,387.20001220703125,388.2820129394531
2024-06-12 14:30:00-04:00,388.29998779296875,389.1000061035156,387.0199890136719,387.1099853515625
2024-06-12 15:30:00-04:00,387.1700134277344,388.20001220703125,386.69000244140625,387.6099853515625
2024-06-13 09:30:00-04:00,386.82000732421875,386.9599914550781,384.9200134277344,385.0400085449219
2024-06-13 10:30:00-04:00,385.1650085449219,385.510009765625,384.5899963378906,385.4941101074219
2024-06-13 11:30:00-04:00,385.5299987792969,385.67999267578125,384.67498779296875,384.7250061035156
2024-06-13 12:30:00-04:00,384.70001220703125,386.5150146484375,384.66009521484375,386.3599853515625
2024-06-13 13:30:00-04:00,386.3299865722656,386.8399963378906,386.1300048828125,386.82000732421875
2024-06-13 14:30:00-04:00,386.8399963378906,387.6700134277344,386.6907958984375,386.9700012207031
2024-06-13 15:30:00-04:00,386.92999267578125,387.3900146484375,386.7200012207031,386.8599853515625
2024-06-14 09:30:00-04:00,384.6199951171875,385.9100036621094,383.6300048828125,384.1700134277344
2024-06-14 10:30:00-04:00,384.1400146484375,385.7950134277344,383.80999755859375,385.7200012207031
2024-06-14 11:30:00-04:00,385.80499267578125,386.1600036621094,385.3800048828125,385.7449951171875
2024-06-14 12:30:00-04:00,385.6700134277344,386.5400085449219,385.590087890625,386.1199951171875
2024-06-14 13:30:00-04:00,386.05999755859375,386.1000061035156,385.17999267578125,385.82000732421875
2024-06-14 14:30:00-04:00,385.7900085449219,386.3800048828125,385.6000061035156,386.2149963378906
2024-06-14 15:30:00-04:00,386.1199951171875,386.5,385.8800048828125,386.45001220703125
2024-06-17 09:30:00-04:00,385.25,386.260009765625,384.9800109863281,386.0400085449219
2024-06-17 10:30:00-04:00,386.0350036621094,387.3299865722656,385.7300109863281,387.1199951171875
2024-06-17 11:30:00-04:00,387.1099853515625,387.760009765625,386.5400085449219,387.75
2024-06-17 12:30:00-04:00,387.7699890136719,387.9104919433594,387.3800048828125,387.7200012207031
2024-06-17 13:30:00-04:00,387.7300109863281,389.1000061035156,387.7099914550781,388.9800109863281
2024-06-17 14:30:00-04:00,388.9700012207031,389.0400085449219,388.37921142578125,388.8800048828125
2024-06-17 15:30:00-04:00,388.8599853515625,389.2099914550781,388.3900146484375,388.6300048828125
2024-06-18 09:30:00-04:00,389.0,390.19000244140625,388.4200134277344,388.55999755859375
2024-06-18 10:30:00-04:00,388.4800109863281,388.831787109375,388.0199890136719,388.3699951171875
2024-06-18 11:30:00-04:00,388.3900146484375,389.14990234375,388.35009765625,388.533203125
2024-06-18 12:30:00-04:00,388.54998779296875,388.7799987792969,388.2300109863281,388.510009765625
2024-06-18 13:30:00-04:00,388.5950012207031,389.0899963378906,388.3699951171875,388.7099914550781
2024-06-18 14:30:00-04:00,388.7049865722656,388.8399963378906,388.2200012207031,388.6400146484375
2024-06-18 15:30:00-04:00,388.6600036621094,389.2499084472656,388.6000061035156,389.19000244140625
2024-06-20 09:30:00-04:00,388.739990234375,390.9299011230469,388.3800048828125,390.4649963378906
2024-06-20 10:30:00-04:00,390.3500061035156,390.5,389.6099853515625,389.7699890136719
2024-06-20 11:30:00-04:00,389.70001220703125,390.625,389.6300048828125,390.1700134277344
2024-06-20 12:30:00-04:00,390.1400146484375,391.1300048828125,389.79998779296875,390.8900146484375
2024-06-20 13:30:00-04:00,390.8999938964844,392.94989013671875,390.6700134277344,392.9200134277344
2024-06-20 14:30:00-04:00,392.94000244140625,393.1099853515625,391.8500061035156,392.3299865722656
2024-06-20 15:30:00-04:00,392.32379150390625,392.3299865722656,391.5,392.0799865722656
2024-06-21 09:30:00-04:00,391.6700134277344,392.4700012207031,390.4599914550781,392.409912109375
2024-06-21 10:30:00-04:00,392.3699951171875,392.3700866699219,390.92999267578125,390.92999267578125
2024-06-21 11:30:00-04:00,390.92999267578125,391.239990234375,390.6900939941406,391.1300048828125
2024-06-21 12:30:00-04:00,391.1600036621094,391.6400146484375,391.0299987792969,391.1600036621094
2024-06-21 13:30:00-04:00,391.1300048828125,391.7900085449219,390.9849853515625,391.7099914550781
2024-06-21 14:30:00-04:00,391.6499938964844,391.67999267578125,391.1700134277344,391.3399963378906
2024-06-21 15:30:00-04:00,391.3500061035156,391.8599853515625,391.2699890136719,391.29998779296875
2024-06-24 09:30:00-04:00,392.4700012207031,394.9100036621094,391.8999938964844,394.6000061035156
2024-06-24 10:30:00-04:00,394.6300048828125,395.5899963378906,394.55999755859375,395.2900085449219
2024-06-24 11:30:00-04:00,395.2699890136719,395.3800048828125,394.6700134277344,394.79998779296875
2024-06-24 12:30:00-04:00,394.7900085449219,394.9049987792969,393.8699951171875,394.0899963378906
2024-06-24 13:30:00-04:00,394.05999755859375,394.1300048828125,393.489990234375,394.0899963378906
2024-06-24 14:30:00-04:00,394.1199951171875,394.42999267578125,393.989990234375,394.1600036621094
2024-06-24 15:30:00-04:00,394.2300109863281,394.6700134277344,393.92498779296875,393.989990234375
2024-06-25 09:30:00-04:00,393.55999755859375,394.1054992675781,392.19000244140625,392.739990234375
2024-06-25 10:30:00-04:00,392.79998779296875,392.94000244140625,391.0899963378906,391.3500061035156
2024-06-25 11:30:00-04:00,391.3500061035156,391.4700012207031,390.5299987792969,390.5299987792969
2024-06-25 12:30:00-04:00,390.5,391.0199890136719,389.82000732421875,391.0199890136719
2024-06-25 13:30:00-04:00,391.0093078613281,391.4599914550781,390.69000244140625,391.45001220703125
2024-06-25 14:30:00-04:00,391.42999267578125,391.5299987792969,390.8900146484375,391.3399963378906
2024-06-25 15:30:00-04:00,391.2900085449219,391.29998779296875,390.7250061035156,391.0299987792969
2024-06-26 09:30:00-04:00,390.0899963378906,390.19000244140625,389.010009765625,389.6300048828125
2024-06-26 10:30:00-04:00,389.55999755859375,390.7200012207031,389.5299987792969,390.5
2024-06-26 11:30:00-04:00,390.510009765625,391.5199890136719,390.4425964355469,391.3699951171875
2024-06-26 12:30:00-04:00,391.3424987792969,391.6099853515625,390.9800109863281,391.3699951171875
2024-06-26 13:30:00-04:00,391.30999755859375,391.6000061035156,391.2099914550781,391.5249938964844
2024-06-26 14:30:00-04:00,391.5350036621094,391.7193908691406,391.1700134277344,391.2099914550781
2024-06-26 15:30:00-04:00,391.1700134277344,391.7300109863281,391.0199890136719,391.20001220703125
2024-06-27 09:30:00-04:00,390.6099853515625,391.8349914550781,390.3699951171875,391.7699890136719
2024-06-27 10:30:00-04:00,391.79998779296875,392.3599853515625,391.5,391.760009765625
2024-06-27 11:30:00-04:00,391.739990234375,392.3599853515625,391.5899963378906,392.1400146484375
2024-06-27 12:30:00-04:00,392.1099853515625,392.3900146484375,391.7300109863281,392.3299865722656
2024-06-27 13:30:00-04:00,392.3299865722656,392.3299865722656,390.3500061035156,390.3500061035156
2024-06-27 14:30:00-04:00,390.30499267578125,391.17999267578125,390.156005859375,391.1700134277344
2024-06-27 15:30:00-04:00,391.20001220703125,391.6400146484375,391.1636962890625,391.5799865722656
2024-06-28 09:30:00-04:00,391.3699951171875,394.2300109863281,390.95001220703125,393.4599914550781
2024-06-28 10:30:00-04:00,393.4800109863281,394.31988525390625,392.2250061035156,392.4599914550781
2024-06-28 11:30:00-04:00,392.3999938964844,392.9599914550781,391.2799987792969,391.8500061035156
2024-06-28 12:30:00-04:00,391.8299865722656,392.0400085449219,391.2900085449219,391.3999938964844
2024-06-28 13:30:00-04:00,391.4100036621094,391.4100036621094,390.3599853515625,390.4200134277344
2024-06-28 14:30:00-04:00,390.3999938964844,390.489990234375,389.80999755859375,390.19000244140625
2024-06-28 15:30:00-04:00,390.2200012207031,391.19000244140625,389.20001220703125,391.19000244140625
2024-07-01 09:30:00-04:00,392.0799865722656,394.2900085449219,391.4200134277344,391.8399963378906
2024-07-01 10:30:00-04:00,391.8699951171875,391.92999267578125,390.260009765625,391.3399963378906
2024-07-01 11:30:00-04:00,391.4115905761719,391.80999755859375,391.0,391.80999755859375
2024-07-01 12:30:00-04:00,391.7900085449219,392.0299987792969,391.5392150878906,391.7701110839844
2024-07-01 13:30:00-04:00,391.7099914550781,391.82000732421875,391.3599853515625,391.3900146484375
2024-07-01 14:30:00-04:00,391.4100036621094,391.4100036621094,390.5400085449219,390.8399963378906
2024-07-01 15:30:00-04:00,390.80999755859375,391.7900085449219,390.80999755859375,391.4800109863281
2024-07-02 09:30:00-04:00,390.7900085449219,392.04998779296875,390.69000244140625,391.4200134277344
2024-07-02 10:30:00-04:00,391.45001220703125,391.6400146484375,390.8999938964844,391.6036071777344
2024-07-02 11:30:00-04:00,391.6199951171875,391.80499267578125,390.7799987792969,391.1650085449219
2024-07-02 12:30:00-04:00,391.0299987792969,391.510009765625,390.7300109863281,391.45001220703125
2024-07-02 13:30:00-04:00,391.4200134277344,392.69000244140625,391.39739990234375,392.57501220703125
2024-07-02 14:30:00-04:00,392.5899963378906,392.82501220703125,392.360595703125,392.7200012207031
2024-07-02 15:30:00-04:00,392.6600036621094,393.2900085449219,392.6600036621094,393.25
2024-07-03 09:30:00-04:00,393.7300109863281,394.05499267578125,392.7799987792969,393.2300109863281
2024-07-03 10:30:00-04:00,393.2300109863281,393.3699951171875,392.2699890136719,392.4100036621094
2024-07-03 11:30:00-04:00,392.3999938964844,393.0150146484375,392.1401062011719,392.4949951171875
2024-07-05 09:30:00-04:00,393.19000244140625,393.3999938964844,391.6499938964844,391.9700012207031
2024-07-05 10:30:00-04:00,392.0400085449219,393.2597961425781,391.8699951171875,392.8599853515625
2024-07-05 11:30:00-04:00,392.8800048828125,393.489990234375,392.57000732421875,392.5793151855469
2024-07-05 12:30:00-04:00,392.6099853515625,392.7200012207031,392.19000244140625,392.6099853515625
2024-07-05 13:30:00-04:00,392.6099853515625,393.44000244140625,392.6099853515625,393.2300109863281
2024-07-05 14:30:00-04:00,393.239990234375,393.8399963378906,393.1300048828125,393.42999267578125
2024-07-05 15:30:00-04:00,393.3800048828125,394.0,393.3699951171875,393.70001220703125
2024-07-08 09:30:00-04:00,394.4100036621094,396.73199462890625,394.3399963378906,395.3399963378906
2024-07-08 10:30:00-04:00,395.3500061035156,395.6400146484375,394.1700134277344,394.239990234375
2024-07-08 11:30:00-04:00,394.2699890136719,394.2699890136719,392.9200134277344,393.25
2024-07-08 12:30:00-04:00,393.239990234375,393.6099853515625,392.7799987792969,392.95001220703125
2024-07-08 13:30:00-04:00,392.9200134277344,393.5,392.9200134277344,393.3599853515625
2024-07-08 14:30:00-04:00,393.3999938964844,393.45001220703125,392.8500061035156,393.3699951171875
2024-07-08 15:30:00-04:00,393.3599853515625,393.5400085449219,393.0950012207031,393.45001220703125
2024-07-09 09:30:00-04:00,393.2200012207031,393.3500061035156,391.4700012207031,391.94000244140625
2024-07-09 10:30:00-04:00,391.9200134277344,392.7699890136719,391.8699951171875,392.5899963378906
2024-07-09 11:30:00-04:00,392.5408935546875,393.7300109863281,392.4599914550781,393.7300109863281
2024-07-09 12:30:00-04:00,393.7200012207031,395.0400085449219,393.6700134277344,394.1700134277344
2024-07-09 13:30:00-04:00,394.1600036621094,394.3399963378906,393.1099853515625,393.1300048828125
2024-07-09 14:30:00-04:00,393.1449890136719,393.3699951171875,392.5249938964844,393.1099853515625
2024-07-09 15:30:00-04:00,393.1000061035156,393.2699890136719,392.82000732421875,392.95001220703125
2024-07-10 09:30:00-04:00,392.94000244140625,393.6300048828125,392.6600036621094,392.760009765625
2024-07-10 10:30:00-04:00,392.67999267578125,393.80999755859375,392.63031005859375,393.75
2024-07-10 11:30:00-04:00,393.82000732421875,395.010009765625,393.7699890136719,394.80999755859375
2024-07-10 12:30:00-04:00,394.80999755859375,395.3699951171875,394.55999755859375,395.0199890136719
2024-07-10 13:30:00-04:00,395.04998779296875,395.2799987792969,394.7850036621094,394.95001220703125
2024-07-10 14:30:00-04:00,394.9700012207031,395.67999267578125,394.95001220703125,395.57000732421875
2024-07-10 15:30:00-04:00,395.54998779296875,397.4599914550781,395.5400085449219,397.20001220703125
2024-07-11 09:30:00-04:00,397.5,398.8900146484375,396.30999755859375,397.5799865722656
2024-07-11 10:30:00-04:00,397.54998779296875,398.7200012207031,397.3699951171875,398.32000732421875
2024-07-11 11:30:00-04:00,398.3399963378906,398.55999755859375,397.42999267578125,397.79998779296875
2024-07-11 12:30:00-04:00,397.79998779296875,398.05999755859375,397.05999755859375,397.8599853515625
2024-07-11 13:30:00-04:00,397.7799987792969,398.2200012207031,397.3900146484375,397.53009033203125
2024-07-11 14:30:00-04:00,397.5400085449219,398.04998779296875,397.4150085449219,397.4599914550781
2024-07-11 15:30:00-04:00,397.5400085449219,397.9599914550781,397.32000732421875,397.6000061035156
2024-07-12 09:30:00-04:00,398.8599853515625,399.7300109863281,398.1199951171875,399.6499938964844
2024-07-12 10:30:00-04:00,399.6000061035156,401.07000732421875,399.2099914550781,401.010009765625
2024-07-12 11:30:00-04:00,400.92999267578125,401.0899963378906,400.4100036621094,400.6499938964844
2024-07-12 12:30:00-04:00,400.6400146484375,401.82000732421875,400.510009765625,401.82000732421875
2024-07-12 13:30:00-04:00,401.75,402.69000244140625,401.70001220703125,402.0309143066406
2024-07-12 14:30:00-04:00,402.0400085449219,402.20001220703125,401.67999267578125,401.95001220703125
2024-07-12 15:30:00-04:00,401.95001220703125,401.95001220703125,399.80999755859375,400.260009765625
2024-07-15 09:30:00-04:00,402.4700012207031,403.0799865722656,401.3999938964844,401.70001220703125
2024-07-15 10:30:00-04:00,401.70001220703125,403.26971435546875,401.6600036621094,402.7099914550781
2024-07-15 11:30:00-04:00,402.7250061035156,403.5799865722656,402.5600891113281,402.8999938964844
2024-07-15 12:30:00-04:00,402.8500061035156,402.8500061035156,401.82000732421875,402.0899963378906
2024-07-15 13:30:00-04:00,402.0,402.44000244140625,401.4100036621094,402.44000244140625
2024-07-15 14:30:00-04:00,402.42999267578125,403.4100036621094,402.3599853515625,403.0700988769531
2024-07-15 15:30:00-04:00,403.0899963378906,403.1600036621094,401.4700012207031,402.32000732421875
2024-07-16 09:30:00-04:00,403.8599853515625,407.760009765625,403.8500061035156,407.5799865722656
2024-07-16 10:30:00-04:00,407.54998779296875,408.6099853515625,407.29998779296875,408.17999267578125
2024-07-16 11:30:00-04:00,408.1199951171875,408.19000244140625,407.0799865722656,408.0299987792969
2024-07-16 12:30:00-04:00,407.9649963378906,408.6099853515625,407.79998779296875,407.8299865722656
2024-07-16 13:30:00-04:00,407.80499267578125,408.9599914550781,407.6600036621094,408.70001220703125
2024-07-16 14:30:00-04:00,408.7300109863281,409.6600036621094,408.6600036621094,409.55999755859375
2024-07-16 15:30:00-04:00,409.54998779296875,409.9849853515625,409.20001220703125,409.6099853515625
2024-07-17 09:30:00-04:00,409.3800048828125,411.4200134277344,408.55999755859375,411.1579895019531
2024-07-17 10:30:00-04:00,411.1499938964844,411.2200012207031,410.29998779296875,411.04998779296875
2024-07-17 11:30:00-04:00,411.0199890136719,412.0,410.80999755859375,411.6600036621094
2024-07-17 12:30:00-04:00,411.6099853515625,412.2200012207031,411.04998779296875,411.54998779296875
2024-07-17 13:30:00-04:00,411.57000732421875,412.1199951171875,411.2149963378906,412.1000061035156
2024-07-17 14:30:00-04:00,412.1000061035156,412.3399963378906,411.6400146484375,412.1700134277344
2024-07-17 15:30:00-04:00,412.1700134277344,412.2799987792969,411.5,411.9200134277344
2024-07-18 09:30:00-04:00,410.67999267578125,413.8599853515625,410.4599914550781,413.760009765625
2024-07-18 10:30:00-04:00,413.7449951171875,413.75,410.6499938964844,410.7099914550781
2024-07-18 11:30:00-04:00,410.7099914550781,410.94000244140625,408.4800109863281,408.57000732421875
2024-07-18 12:30:00-04:00,408.54998779296875,409.45001220703125,408.4700012207031,409.3599853515625
2024-07-18 13:30:00-04:00,409.3699951171875,409.55999755859375,407.30999755859375,407.32000732421875
2024-07-18 14:30:00-04:00,407.2799987792969,407.6499938964844,406.04998779296875,406.45001220703125
2024-07-18 15:30:00-04:00,406.45001220703125,407.75,406.33050537109375,406.7099914550781
2024-07-19 09:30:00-04:00,405.3699951171875,406.05999755859375,403.5201110839844,403.55999755859375
2024-07-19 10:30:00-04:00,403.57000732421875,404.18499755859375,402.3399963378906,402.3699951171875
2024-07-19 11:30:00-04:00,402.3500061035156,404.0898132324219,402.07000732421875,403.1199951171875
2024-07-19 12:30:00-04:00,403.1600036621094,403.30999755859375,401.9800109863281,402.2200012207031
2024-07-19 13:30:00-04:00,402.2099914550781,403.1499938964844,401.95001220703125,402.6600036621094
2024-07-19 14:30:00-04:00,402.6236877441406,403.7900085449219,402.26220703125,403.3500061035156
2024-07-19 15:30:00-04:00,403.3599853515625,403.4599914550781,402.2300109863281,402.9100036621094
2024-07-22 09:30:00-04:00,404.0400085449219,404.6700134277344,402.2200012207031,403.6199951171875
2024-07-22 10:30:00-04:00,403.6600036621094,404.7300109863281,403.1199951171875,403.1199951171875
2024-07-22 11:30:00-04:00,403.1300048828125,403.239990234375,402.4800109863281,402.82000732421875
2024-07-22 12:30:00-04:00,402.739990234375,404.2300109863281,402.5419921875,403.8699951171875
2024-07-22 13:30:00-04:00,403.92999267578125,404.239990234375,403.489990234375,403.7413024902344
2024-07-22 14:30:00-04:00,403.7699890136719,404.43499755859375,403.7699890136719,404.239990234375
2024-07-22 15:30:00-04:00,404.2749938964844,404.5398864746094,403.9100036621094,404.1300048828125
2024-07-23 09:30:00-04:00,404.2900085449219,405.04998779296875,403.2200012207031,404.5870056152344
2024-07-23 10:30:00-04:00,404.55999755859375,405.04998779296875,403.5,404.67999267578125
2024-07-23 11:30:00-04:00,404.7099914550781,405.2900085449219,403.80999755859375,404.2099914550781
2024-07-23 12:30:00-04:00,404.04998779296875,404.4100036621094,403.5400085449219,404.1300048828125
2024-07-23 13:30:00-04:00,404.0899963378906,404.9800109863281,403.739990234375,404.6300048828125
2024-07-23 14:30:00-04:00,404.67999267578125,404.9100036621094,404.42999267578125,404.70001220703125
2024-07-23 15:30:00-04:00,404.57000732421875,404.6700134277344,403.2200012207031,403.5400085449219
2024-07-24 09:30:00-04:00,401.7300109863281,402.6300048828125,399.4599914550781,400.2099914550781
2024-07-24 10:30:00-04:00,400.20001220703125,400.9800109863281,399.54998779296875,399.8699951171875
2024-07-24 11:30:00-04:00,399.8599853515625,400.8999938964844,399.8399963378906,400.5799865722656
2024-07-24 12:30:00-04:00,400.5799865722656,400.8299865722656,399.9700012207031,400.25
2024-07-24 13:30:00-04:00,400.2200012207031,400.70001220703125,399.7799987792969,399.92999267578125
2024-07-24 14:30:00-04:00,399.95001220703125,400.1199951171875,399.05999755859375,399.17999267578125
2024-07-24 15:30:00-04:00,399.1700134277344,399.55999755859375,398.0799865722656,398.6400146484375
2024-07-25 09:30:00-04:00,398.6300048828125,400.82501220703125,398.3713073730469,400.7099914550781
2024-07-25 10:30:00-04:00,400.6000061035156,402.0,399.6099853515625,401.1300048828125
2024-07-25 11:30:00-04:00,401.0899963378906,403.8599853515625,400.760009765625,403.6099853515625
2024-07-25 12:30:00-04:00,403.5799865722656,404.3900146484375,402.6400146484375,402.7099914550781
2024-07-25 13:30:00-04:00,402.7699890136719,402.80999755859375,401.760009765625,401.8699951171875
2024-07-25 14:30:00-04:00,401.9100036621094,402.29998779296875,400.3324890136719,402.0799865722656
2024-07-25 15:30:00-04:00,402.1000061035156,402.1400146484375,399.3699951171875,399.510009765625
2024-07-26 09:30:00-04:00,401.80999755859375,406.07000732421875,401.7300109863281,405.6600036621094
2024-07-26 10:30:00-04:00,405.6700134277344,405.92999267578125,403.989990234375,405.57000732421875
2024-07-26 11:30:00-04:00,405.57000732421875,407.3399963378906,405.3599853515625,406.7228088378906
2024-07-26 12:30:00-04:00,406.79998779296875,407.61700439453125,406.05999755859375,407.54998779296875
2024-07-26 13:30:00-04:00,407.5,407.56500244140625,405.5899963378906,406.1000061035156
2024-07-26 14:30:00-04:00,406.0799865722656,406.67999267578125,405.3450012207031,406.3599853515625
2024-07-26 15:30:00-04:00,406.3699951171875,406.3699951171875,405.1600036621094,406.0199890136719
2024-07-29 09:30:00-04:00,406.8599853515625,407.0,404.45001220703125,404.7699890136719
2024-07-29 10:30:00-04:00,404.760009765625,405.2200012207031,403.9599914550781,405.05999755859375
2024-07-29 11:30:00-04:00,405.0,406.5,404.2300109863281,406.010009765625
2024-07-29 12:30:00-04:00,406.0299987792969,406.510009765625,405.739990234375,405.739990234375
2024-07-29 13:30:00-04:00,405.760009765625,406.04998779296875,405.4700012207031,405.79998779296875
2024-07-29 14:30:00-04:00,405.7200012207031,406.0599060058594,405.45001220703125,405.8800048828125
2024-07-29 15:30:00-04:00,405.9200134277344,406.3900146484375,405.29998779296875,405.5
2024-07-30 09:30:00-04:00,405.8699951171875,407.7799987792969,405.79998779296875,406.8699951171875
2024-07-30 10:30:00-04:00,406.7799987792969,407.489990234375,405.5201110839844,406.0199890136719
2024-07-30 11:30:00-04:00,406.0299987792969,406.29010009765625,405.3999938964844,406.29010009765625
2024-07-30 12:30:00-04:00,406.25,406.7200012207031,405.2799987792969,405.96051025390625
2024-07-30 13:30:00-04:00,405.9599914550781,407.70001220703125,405.8359069824219,407.0299987792969
2024-07-30 14:30:00-04:00,407.0350036621094,407.1199951171875,406.3450012207031,406.9200134277344
2024-07-30 15:30:00-04:00,406.8900146484375,408.7200012207031,406.7300109863281,407.3699951171875
2024-07-31 09:30:00-04:00,407.4599914550781,408.7799987792969,406.489990234375,408.65130615234375
2024-07-31 10:30:00-04:00,408.9800109863281,409.8399963378906,408.2398986816406,409.5586853027344
2024-07-31 11:30:00-04:00,409.5450134277344,410.0299987792969,409.3500061035156,409.8800048828125
2024-07-31 12:30:00-04:00,409.8900146484375,410.510009765625,409.7850036621094,409.9599914550781
2024-07-31 13:30:00-04:00,409.8900146484375,410.7499084472656,409.0400085449219,410.3800048828125
2024-07-31 14:30:00-04:00,410.3800048828125,412.010009765625,408.3299865722656,408.55609130859375
2024-07-31 15:30:00-04:00,408.6099853515625,410.1300048828125,408.1400146484375,408.4800109863281
2024-08-01 09:30:00-04:00,410.1199951171875,410.92999267578125,405.94000244140625,405.94000244140625
2024-08-01 10:30:00-04:00,405.9501037597656,406.1700134277344,403.20001220703125,403.2900085449219
2024-08-01 11:30:00-04:00,403.2799987792969,404.30999755859375,402.8299865722656,403.82000732421875
2024-08-01 12:30:00-04:00,403.7666931152344,403.7666931152344,402.20001220703125,402.489990234375
2024-08-01 13:30:00-04:00,402.4700012207031,402.6700134277344,401.1600036621094,401.3399963378906
2024-08-01 14:30:00-04:00,401.3299865722656,402.2099914550781,400.9599914550781,402.0799865722656
2024-08-01 15:30:00-04:00,402.0899963378906,403.5299987792969,402.0,403.2900085449219
2024-08-02 09:30:00-04:00,399.92999267578125,400.3800048828125,396.0299987792969,396.1499938964844
2024-08-02 10:30:00-04:00,396.1400146484375,396.489990234375,393.55999755859375,393.8999938964844
2024-08-02 11:30:00-04:00,393.9800109863281,396.2099914550781,393.89990234375,396.1099853515625
2024-08-02 12:30:00-04:00,396.1300048828125,396.4999084472656,394.8599853515625,395.0199890136719
2024-08-02 13:30:00-04:00,394.9800109863281,395.8399963378906,394.17999267578125,395.8299865722656
2024-08-02 14:30:00-04:00,395.79998779296875,396.7300109863281,395.37908935546875,396.5989074707031
2024-08-02 15:30:00-04:00,396.57000732421875,397.3599853515625,395.57000732421875,397.2099914550781
2024-08-05 09:30:00-04:00,386.5150146484375,389.8800048828125,384.930908203125,385.9599914550781
2024-08-05 10:30:00-04:00,386.0,388.75,385.92999267578125,388.260009765625
2024-08-05 11:30:00-04:00,388.19000244140625,390.29998779296875,388.1300048828125,390.1300048828125
2024-08-05 12:30:00-04:00,390.07000732421875,390.0899963378906,387.4800109863281,388.3599853515625
2024-08-05 13:30:00-04:00,388.31500244140625,388.82000732421875,387.3699951171875,388.510009765625
2024-08-05 14:30:00-04:00,388.3900146484375,388.57000732421875,386.20001220703125,386.6300048828125
2024-08-05 15:30:00-04:00,386.760009765625,387.17999267578125,385.6700134277344,387.04998779296875
2024-08-06 09:30:00-04:00,387.55999755859375,391.4599914550781,386.260009765625,390.3599853515625
2024-08-06 10:30:00-04:00,390.5199890136719,392.5400085449219,389.30999755859375,389.30999755859375
2024-08-06 11:30:00-04:00,389.3599853515625,392.2659912109375,389.3453063964844,391.82000732421875
2024-08-06 12:30:00-04:00,391.8800048828125,392.8900146484375,391.45001220703125,392.8599853515625
2024-08-06 13:30:00-04:00,392.9599914550781,393.8299865722656,392.25,393.80999755859375
2024-08-06 14:30:00-04:00,393.8299865722656,394.5199890136719,391.4364013671875,392.6299133300781
2024-08-06 15:30:00-04:00,392.6400146484375,392.8399963378906,389.760009765625,389.9100036621094
2024-08-07 09:30:00-04:00,392.6300048828125,394.7900085449219,391.5899963378906,393.0899963378906
2024-08-07 10:30:00-04:00,393.0899963378906,394.6199951171875,392.8999938964844,393.70001220703125
2024-08-07 11:30:00-04:00,393.6499938964844,394.1700134277344,391.739990234375,392.3800048828125
2024-08-07 12:30:00-04:00,392.3500061035156,392.6000061035156,389.2142028808594,390.03009033203125
2024-08-07 13:30:00-04:00,390.05999755859375,391.1000061035156,387.6199951171875,388.2699890136719
2024-08-07 14:30:00-04:00,388.1199951171875,389.20001220703125,387.27960205078125,388.8999938964844
2024-08-07 15:30:00-04:00,388.8399963378906,389.3999938964844,387.4800109863281,387.7699890136719
2024-08-08 09:30:00-04:00,389.510009765625,393.45001220703125,389.239990234375,393.3500061035156
2024-08-08 10:30:00-04:00,393.30999755859375,393.6700134277344,392.4800109863281,393.19000244140625
2024-08-08 11:30:00-04:00,393.2300109863281,393.6600036621094,392.5400085449219,393.1199951171875
2024-08-08 12:30:00-04:00,393.1000061035156,394.0799865722656,392.17999267578125,394.05999755859375
2024-08-08 13:30:00-04:00,394.0799865722656,395.1400146484375,393.8399963378906,394.3699951171875
2024-08-08 14:30:00-04:00,394.44000244140625,394.7300109863281,393.739990234375,394.0400085449219
2024-08-08 15:30:00-04:00,393.9599914550781,394.8599853515625,393.25,394.57000732421875
2024-08-09 09:30:00-04:00,394.17999267578125,394.7099914550781,392.4150085449219,394.2394104003906
2024-08-09 10:30:00-04:00,394.19000244140625,395.4100036621094,393.4200134277344,394.3900146484375
2024-08-09 11:30:00-04:00,394.4541015625,394.8988952636719,393.7984924316406,394.010009765625
2024-08-09 12:30:00-04:00,394.1499938964844,396.239990234375,394.1499938964844,396.239990234375
2024-08-09 13:30:00-04:00,396.2900085449219,396.489990234375,394.29998779296875,394.3999938964844
2024-08-09 14:30:00-04:00,394.3529052734375,395.2049865722656,394.05999755859375,394.95001220703125
2024-08-09 15:30:00-04:00,394.94500732421875,395.4410095214844,394.739990234375,395.1300048828125
2024-08-12 09:30:00-04:00,395.95001220703125,396.0400085449219,392.6099853515625,394.260009765625
2024-08-12 10:30:00-04:00,394.2799987792969,395.45001220703125,393.1099853515625,393.489990234375
2024-08-12 11:30:00-04:00,393.5,395.0419921875,393.2799987792969,394.17999267578125
2024-08-12 12:30:00-04:00,394.2950134277344,394.45001220703125,393.1499938964844,393.79998779296875
2024-08-12 13:30:00-04:00,393.8900146484375,394.1173095703125,392.8299865722656,393.30499267578125
2024-08-12 14:30:00-04:00,393.2200012207031,393.70001220703125,393.1600036621094,393.44000244140625
2024-08-12 15:30:00-04:00,393.45001220703125,393.8299865722656,392.92999267578125,393.82000732421875
2024-08-13 09:30:00-04:00,395.07000732421875,396.6099853515625,394.07000732421875,395.010009765625
2024-08-13 10:30:00-04:00,394.9599914550781,395.9049987792969,394.1499938964844,395.75
2024-08-13 11:30:00-04:00,395.7900085449219,397.2300109863281,395.6321105957031,396.70001220703125
2024-08-13 12:30:00-04:00,396.4100036621094,397.5199890136719,396.3599853515625,397.0098876953125
2024-08-13 13:30:00-04:00,396.9700012207031,397.2889099121094,396.239990234375,397.20001220703125
2024-08-13 14:30:00-04:00,397.19000244140625,397.7799987792969,397.1499938964844,397.6206970214844
2024-08-13 15:30:00-04:00,397.6199951171875,398.1300048828125,397.3599853515625,397.80999755859375
2024-08-14 09:30:00-04:00,397.8399963378906,398.931884765625,397.6700134277344,398.5400085449219
2024-08-14 10:30:00-04:00,398.5299987792969,399.3399963378906,397.510009765625,399.3299865722656
2024-08-14 11:30:00-04:00,399.32000732421875,400.760009765625,399.1700134277344,399.2998962402344
2024-08-14 12:30:00-04:00,399.2699890136719,400.19000244140625,399.17999267578125,400.1499938964844
2024-08-14 13:30:00-04:00,400.1099853515625,400.5400085449219,399.7799987792969,399.92999267578125
2024-08-14 14:30:00-04:00,399.92999267578125,400.8800048828125,399.8999938964844,400.07000732421875
2024-08-14 15:30:00-04:00,400.0899963378906,400.7699890136719,399.80999755859375,400.05999755859375
2024-08-15 09:30:00-04:00,405.4599914550781,405.6400146484375,403.17999267578125,403.8399963378906
2024-08-15 10:30:00-04:00,403.8699951171875,405.17999267578125,403.510009765625,404.70001220703125
2024-08-15 11:30:00-04:00,404.75,405.55499267578125,404.6105041503906,405.510009765625
2024-08-15 12:30:00-04:00,405.5487060546875,405.6099853515625,404.7699890136719,405.30999755859375
2024-08-15 13:30:00-04:00,405.2900085449219,405.5199890136719,405.19000244140625,405.5199890136719
2024-08-15 14:30:00-04:00,405.5400085449219,405.989990234375,405.3599853515625,405.95001220703125
2024-08-15 15:30:00-04:00,405.94500732421875,406.1400146484375,405.1400146484375,405.92999267578125
2024-08-16 09:30:00-04:00,405.0299987792969,406.4100036621094,405.010009765625,405.0151062011719
2024-08-16 10:30:00-04:00,405.010009765625,405.8399963378906,404.6000061035156,405.79998779296875
2024-08-16 11:30:00-04:00,405.7950134277344,406.5899963378906,405.53070068359375,406.2699890136719
2024-08-16 12:30:00-04:00,406.29998779296875,407.25,406.2300109863281,406.8479919433594
2024-08-16 13:30:00-04:00,406.8599853515625,407.0199890136719,406.5899963378906,406.82000732421875
2024-08-16 14:30:00-04:00,406.8599853515625,407.3699951171875,406.75,406.82000732421875
2024-08-16 15:30:00-04:00,406.79998779296875,407.05499267578125,406.55999755859375,406.760009765625
2024-08-19 09:30:00-04:00,407.3599853515625,408.46990966796875,407.260009765625,408.239990234375
2024-08-19 10:30:00-04:00,408.2099914550781,409.1099853515625,408.1600036621094,408.739990234375
2024-08-19 11:30:00-04:00,408.739990234375,408.8949890136719,408.04998779296875,408.7149963378906
2024-08-19 12:30:00-04:00,408.7200012207031,409.32000732421875,408.5799865722656,408.5799865722656
2024-08-19 13:30:00-04:00,408.5199890136719,408.6700134277344,408.2099914550781,408.2699890136719
2024-08-19 14:30:00-04:00,408.2799987792969,408.8399963378906,408.2699890136719,408.4801025390625
2024-08-19 15:30:00-04:00,408.4700012207031,409.1300048828125,408.2720031738281,409.1099853515625
2024-08-20 09:30:00-04:00,408.9700012207031,409.1700134277344,408.1600036621094,408.8699951171875
2024-08-20 10:30:00-04:00,408.7500915527344,409.1050109863281,407.80999755859375,407.8900146484375
2024-08-20 11:30:00-04:00,407.8399963378906,408.8599853515625,407.7799987792969,408.7799987792969
2024-08-20 12:30:00-04:00,408.7099914550781,408.91009521484375,408.04998779296875,408.489990234375
2024-08-20 13:30:00-04:00,408.4800109863281,409.3500061035156,408.1400146484375,409.1600036621094
2024-08-20 14:30:00-04:00,409.1199951171875,409.17999267578125,408.3699951171875,408.40008544921875
2024-08-20 15:30:00-04:00,408.3599853515625,408.6499938964844,408.1499938964844,408.5199890136719
2024-08-21 09:30:00-04:00,409.32000732421875,409.739990234375,407.8900146484375,408.80999755859375
2024-08-21 10:30:00-04:00,408.8399963378906,409.9909973144531,407.590087890625,408.6600036621094
2024-08-21 11:30:00-04:00,408.55999755859375,408.9198913574219,407.67999267578125,408.3396911621094
2024-08-21 12:30:00-04:00,408.3999938964844,409.04998779296875,408.3999938964844,408.9849853515625
2024-08-21 13:30:00-04:00,409.0356140136719,409.17999267578125,408.489990234375,409.17999267578125
2024-08-21 14:30:00-04:00,409.2099914550781,409.4800109863281,408.3500061035156,408.8599853515625
2024-08-21 15:30:00-04:00,408.7200012207031,409.3299865722656,408.5199890136719,409.0199890136719
2024-08-22 09:30:00-04:00,409.70001220703125,410.5,408.010009765625,408.20001220703125
2024-08-22 10:30:00-04:00,408.2300109863281,408.7699890136719,407.2950134277344,407.4599914550781
2024-08-22 11:30:00-04:00,407.45001220703125,408.6700134277344,407.1199951171875,408.6000061035156
2024-08-22 12:30:00-04:00,408.5899963378906,408.92999267578125,406.7799072265625,407.0400085449219
2024-08-22 13:30:00-04:00,406.9800109863281,407.3399963378906,406.0199890136719,407.2799987792969
2024-08-22 14:30:00-04:00,407.1199951171875,407.510009765625,406.7001037597656,407.0400085449219
2024-08-22 15:30:00-04:00,407.0,407.5799865722656,406.6600036621094,407.54998779296875
2024-08-23 09:30:00-04:00,409.2900085449219,411.7699890136719,408.6400146484375,411.4259033203125
2024-08-23 10:30:00-04:00,411.4599914550781,412.32000732421875,409.4599914550781,411.8399963378906
2024-08-23 11:30:00-04:00,411.8699035644531,412.1700134277344,408.885009765625,409.25
2024-08-23 12:30:00-04:00,409.2300109863281,410.6499938964844,408.55999755859375,410.55499267578125
2024-08-23 13:30:00-04:00,410.57000732421875,411.1300048828125,410.4700012207031,411.0
2024-08-23 14:30:00-04:00,410.9179992675781,411.94000244140625,410.7699890136719,411.94000244140625
2024-08-23 15:30:00-04:00,411.92999267578125,412.32000732421875,411.1300048828125,411.8500061035156
2024-08-26 09:30:00-04:00,412.6400146484375,414.3599853515625,412.5799865722656,414.2500915527344
2024-08-26 10:30:00-04:00,414.260009765625,414.5150146484375,412.20001220703125,412.3500061035156
2024-08-26 11:30:00-04:00,412.17999267578125,412.7900085449219,412.0199890136719,412.7699890136719
2024-08-26 12:30:00-04:00,412.7300109863281,413.3599853515625,412.6099853515625,412.8900146484375
2024-08-26 13:30:00-04:00,412.8999938964844,412.94000244140625,411.6528015136719,412.3800048828125
2024-08-26 14:30:00-04:00,412.3399963378906,412.7099914550781,412.239990234375,412.3800048828125
2024-08-26 15:30:00-04:00,412.3699951171875,412.7900085449219,412.25,412.7799987792969
2024-08-27 09:30:00-04:00,412.2900085449219,412.989990234375,411.7900085449219,412.6400146484375
2024-08-27 10:30:00-04:00,412.5899963378906,412.92999267578125,412.08380126953125,412.17999267578125
2024-08-27 11:30:00-04:00,412.1000061035156,412.260009765625,411.6000061035156,412.0199890136719
2024-08-27 12:30:00-04:00,411.9049987792969,412.5899963378906,411.3599853515625,412.5899963378906
2024-08-27 13:30:00-04:00,412.6300048828125,412.8999938964844,412.5199890136719,412.82501220703125
2024-08-27 14:30:00-04:00,412.79998779296875,412.9200134277344,412.5400085449219,412.7799987792969
2024-08-27 15:30:00-04:00,412.7799987792969,413.07000732421875,412.5899963378906,412.94989013671875
2024-08-28 09:30:00-04:00,412.6600036621094,413.92999267578125,412.07000732421875,412.8699951171875
2024-08-28 10:30:00-04:00,412.82000732421875,413.5492858886719,412.2200927734375,412.45001220703125
2024-08-28 11:30:00-04:00,412.2799987792969,412.2799987792969,410.3999938964844,410.6499938964844
2024-08-28 12:30:00-04:00,410.6700134277344,411.70001220703125,410.54998779296875,410.8599853515625
2024-08-28 13:30:00-04:00,410.8599853515625,411.17999267578125,408.7099914550781,408.989990234375
2024-08-28 14:30:00-04:00,408.92999267578125,411.2300109863281,408.9200134277344,410.989990234375
2024-08-28 15:30:00-04:00,410.94500732421875,411.739990234375,410.6600036621094,411.3599853515625
2024-08-29 09:30:00-04:00,414.3699951171875,414.57000732421875,411.29998779296875,414.0079040527344
2024-08-29 10:30:00-04:00,414.1700134277344,414.6300048828125,413.38970947265625,414.3599853515625
2024-08-29 11:30:00-04:00,414.3599853515625,416.1099853515625,414.1830139160156,415.7900085449219
2024-08-29 12:30:00-04:00,415.8399963378906,416.29998779296875,415.3800048828125,415.70001220703125
2024-08-29 13:30:00-04:00,415.69000244140625,416.2200012207031,415.20001220703125,415.3999938964844
2024-08-29 14:30:00-04:00,415.20001220703125,415.239990234375,413.1300048828125,414.79998779296875
2024-08-29 15:30:00-04:00,414.94000244140625,414.989990234375,413.54998779296875,413.8999938964844
2024-08-30 09:30:00-04:00,414.510009765625,415.7300109863281,413.8999938964844,414.80999755859375
2024-08-30 10:30:00-04:00,414.8299865722656,415.1499938964844,413.4599914550781,413.5799865722656
2024-08-30 11:30:00-04:00,413.6000061035156,413.67999267578125,412.5700988769531,412.6700134277344
2024-08-30 12:30:00-04:00,412.67999267578125,413.7900085449219,412.1211853027344,413.0199890136719
2024-08-30 13:30:00-04:00,412.9800109863281,413.9700012207031,412.9800109863281,413.6600036621094
2024-08-30 14:30:00-04:00,413.6600036621094,414.79998779296875,413.6300048828125,414.6400146484375
2024-08-30 15:30:00-04:00,414.69000244140625,416.54998779296875,414.43499755859375,416.1700134277344
2024-09-03 09:30:00-04:00,414.19000244140625,415.17999267578125,411.3599853515625,411.8800048828125
2024-09-03 10:30:00-04:00,411.8800048828125,412.5899963378906,411.3800048828125,412.239990234375
2024-09-03 11:30:00-04:00,412.25,412.3999938964844,411.67999267578125,412.0400085449219
2024-09-03 12:30:00-04:00,411.989990234375,412.25,411.3500061035156,412.0299987792969
2024-09-03 13:30:00-04:00,412.010009765625,412.010009765625,410.6400146484375,410.7799987792969
2024-09-03 14:30:00-04:00,410.7900085449219,411.1099853515625,410.1206970214844,410.4700012207031
2024-09-03 15:30:00-04:00,410.489990234375,410.75,408.6199951171875,410.2699890136719
2024-09-04 09:30:00-04:00,409.9700012207031,411.6499938964844,409.6401062011719,411.5299987792969
2024-09-04 10:30:00-04:00,411.510009765625,412.5498962402344,410.9200134277344,410.9200134277344
2024-09-04 11:30:00-04:00,410.95001220703125,411.17999267578125,410.0899963378906,410.5400085449219
2024-09-04 12:30:00-04:00,410.5199890136719,411.1000061035156,409.5400085449219,409.5899963378906
2024-09-04 13:30:00-04:00,409.64990234375,410.1700134277344,409.2300109863281,410.07000732421875
2024-09-04 14:30:00-04:00,409.95001220703125,410.3489990234375,409.2550048828125,410.1400146484375
2024-09-04 15:30:00-04:00,410.1600036621094,410.9100036621094,409.55999755859375,410.4100036621094
2024-09-05 09:30:00-04:00,411.5400085449219,411.6600036621094,409.1099853515625,410.1199951171875
2024-09-05 10:30:00-04:00,410.2799987792969,410.6300048828125,407.1499938964844,407.30999755859375
2024-09-05 11:30:00-04:00,407.19000244140625,407.5,405.9800109863281,406.95001220703125
2024-09-05 12:30:00-04:00,406.92999267578125,407.8442077636719,406.70001220703125,407.1400146484375
2024-09-05 13:30:00-04:00,407.1099853515625,409.25,407.1000061035156,408.7300109863281
2024-09-05 14:30:00-04:00,408.7699890136719,409.55999755859375,407.67999267578125,408.20001220703125
2024-09-05 15:30:00-04:00,408.21038818359375,408.92999267578125,407.6499938964844,408.4700012207031
2024-09-06 09:30:00-04:00,408.9599914550781,411.0,406.8699951171875,407.04998779296875
2024-09-06 10:30:00-04:00,407.0299987792969,408.2699890136719,404.57000732421875,404.9200134277344
2024-09-06 11:30:00-04:00,404.92999267578125,405.760009765625,403.9512939453125,404.0163879394531
2024-09-06 12:30:00-04:00,404.0299072265625,405.4200134277344,404.0299072265625,404.8174133300781
2024-09-06 13:30:00-04:00,404.79998779296875,405.04998779296875,403.981201171875,404.3599853515625
2024-09-06 14:30:00-04:00,404.3500061035156,405.3299865722656,403.7799987792969,404.94000244140625
2024-09-06 15:30:00-04:00,404.9100036621094,405.1099853515625,403.9800109863281,404.45001220703125
2024-09-09 09:30:00-04:00,407.3599853515625,408.8949890136719,406.1099853515625,408.2900085449219
2024-09-09 10:30:00-04:00,408.2799987792969,408.510009765625,407.42999267578125,408.4599914550781
2024-09-09 11:30:00-04:00,408.6000061035156,410.635009765625,408.5199890136719,410.5299987792969
2024-09-09 12:30:00-04:00,410.5299987792969,410.8900146484375,410.0101013183594,410.1600036621094
2024-09-09 13:30:00-04:00,410.0899963378906,410.20001220703125,408.5,408.7099914550781
2024-09-09 14:30:00-04:00,408.69000244140625,409.0,408.1499938964844,408.8599853515625
2024-09-09 15:30:00-04:00,408.8900146484375,409.4200134277344,408.4700012207031,409.07000732421875
2024-09-10 09:30:00-04:00,410.1000061035156,410.1300048828125,406.3599853515625,407.2699890136719
2024-09-10 10:30:00-04:00,407.1099853515625,408.1099853515625,406.5899963378906,407.7099914550781
2024-09-10 11:30:00-04:00,407.7099914550781,407.8900146484375,404.9700012207031,405.5899963378906
2024-09-10 12:30:00-04:00,405.4599914550781,407.4200134277344,405.4599914550781,407.0199890136719
2024-09-10 13:30:00-04:00,406.9800109863281,407.79998779296875,406.9599914550781,407.7799987792969
2024-09-10 14:30:00-04:00,407.7300109863281,408.2699890136719,407.7200012207031,408.19000244140625
2024-09-10 15:30:00-04:00,408.04998779296875,408.44000244140625,407.6700134277344,408.2300109863281
2024-09-11 09:30:00-04:00,406.79998779296875,406.9700012207031,401.0,401.1499938964844
2024-09-11 10:30:00-04:00,401.1400146484375,402.9100036621094,400.80999755859375,402.6199951171875
2024-09-11 11:30:00-04:00,402.6400146484375,404.80999755859375,402.57000732421875,404.78009033203125
2024-09-11 12:30:00-04:00,404.92999267578125,406.82000732421875,404.6000061035156,406.3699951171875
2024-09-11 13:30:00-04:00,406.3900146484375,407.69000244140625,406.3699951171875,407.1700134277344
2024-09-11 14:30:00-04:00,407.2900085449219,409.0,407.2300109863281,408.94500732421875
2024-09-11 15:30:00-04:00,408.9100036621094,409.92999267578125,408.07000732421875,409.2099914550781
2024-09-12 09:30:00-04:00,409.70001220703125,410.6499938964844,407.4800109863281,409.0899963378906
2024-09-12 10:30:00-04:00,409.0799865722656,409.739990234375,408.05999755859375,408.7900085449219
2024-09-12 11:30:00-04:00,408.8599853515625,409.6000061035156,408.57000732421875,409.010009765625
2024-09-12 12:30:00-04:00,408.9800109863281,411.2300109863281,408.92999267578125,411.1000061035156
2024-09-12 13:30:00-04:00,411.1300048828125,411.7799987792969,410.92999267578125,411.3399963378906
2024-09-12 14:30:00-04:00,411.3800048828125,411.75,409.739990234375,411.3900146484375
2024-09-12 15:30:00-04:00,411.3399963378906,412.0,411.2300109863281,412.0
2024-09-13 09:30:00-04:00,412.5899963378906,415.1700134277344,412.3500061035156,414.55999755859375
2024-09-13 10:30:00-04:00,414.54998779296875,415.5,414.125,415.07000732421875
2024-09-13 11:30:00-04:00,415.1300048828125,416.30999755859375,414.7414855957031,414.7620849609375
2024-09-13 12:30:00-04:00,414.7799987792969,415.6700134277344,414.4649963378906,415.6300964355469
2024-09-13 13:30:00-04:00,415.67999267578125,416.0,414.30499267578125,414.45001220703125
2024-09-13 14:30:00-04:00,414.4200134277344,414.9599914550781,414.30999755859375,414.8800048828125
2024-09-13 15:30:00-04:00,414.9100036621094,415.2699890136719,414.489990234375,414.94000244140625
2024-09-16 09:30:00-04:00,416.45001220703125,418.54998779296875,416.3900146484375,416.68011474609375
2024-09-16 10:30:00-04:00,416.7099914550781,416.9599914550781,415.7001037597656,415.7300109863281
2024-09-16 11:30:00-04:00,415.7200012207031,416.55999755859375,415.6499938964844,416.510009765625
2024-09-16 12:30:00-04:00,416.510009765625,416.5899963378906,416.1000061035156,416.3500061035156
2024-09-16 13:30:00-04:00,416.2900085449219,417.0400085449219,416.2506103515625,417.0400085449219
2024-09-16 14:30:00-04:00,417.04998779296875,417.54998779296875,416.8599853515625,417.0799865722656
2024-09-16 15:30:00-04:00,417.0799865722656,417.7200012207031,417.07000732421875,417.3599853515625
2024-09-17 09:30:00-04:00,418.2900085449219,419.489990234375,417.55999755859375,419.1300048828125
2024-09-17 10:30:00-04:00,419.1499938964844,419.260009765625,418.02978515625,418.9100036621094
2024-09-17 11:30:00-04:00,418.80999755859375,419.0799865722656,417.3599853515625,417.8699951171875
2024-09-17 12:30:00-04:00,417.8599853515625,417.8599853515625,415.80999755859375,417.20001220703125
2024-09-17 13:30:00-04:00,416.989990234375,417.67999267578125,416.04998779296875,417.1199951171875
2024-09-17 14:30:00-04:00,417.05999755859375,417.29998779296875,416.1700134277344,416.7699890136719
2024-09-17 15:30:00-04:00,416.7799987792969,417.3399963378906,416.3739013671875,417.30999755859375
2024-09-18 09:30:00-04:00,417.5,417.6700134277344,416.0199890136719,416.6199951171875
2024-09-18 10:30:00-04:00,416.55999755859375,416.92999267578125,415.9599914550781,416.8699951171875
2024-09-18 11:30:00-04:00,416.8699951171875,417.0899963378906,416.1099853515625,417.0354919433594
2024-09-18 12:30:00-04:00,417.010009765625,417.6400146484375,416.9700012207031,417.6300048828125
2024-09-18 13:30:00-04:00,417.6736145019531,421.0,416.32000732421875,418.92999267578125
2024-09-18 14:30:00-04:00,418.8999938964844,419.81988525390625,416.3599853515625,418.0799865722656
2024-09-18 15:30:00-04:00,418.0899963378906,418.3999938964844,415.54998779296875,416.1700134277344
2024-09-19 09:30:00-04:00,421.9800109863281,422.1499938964844,419.69000244140625,420.9700012207031
2024-09-19 10:30:00-04:00,420.9599914550781,421.6700134277344,419.3800048828125,420.4599914550781
2024-09-19 11:30:00-04:00,420.4599914550781,421.6000061035156,419.94000244140625,421.50079345703125
2024-09-19 12:30:00-04:00,421.6400146484375,421.95001220703125,421.0299987792969,421.8700866699219
2024-09-19 13:30:00-04:00,421.9150085449219,422.7799987792969,421.1400146484375,421.9599914550781
2024-09-19 14:30:00-04:00,422.0,422.25,421.3406066894531,421.44500732421875
2024-09-19 15:30:00-04:00,421.385009765625,421.79998779296875,420.94000244140625,421.42999267578125
2024-09-20 09:30:00-04:00,419.3800048828125,419.9700012207031,418.5,419.3500061035156
2024-09-20 10:30:00-04:00,419.3599853515625,419.8599853515625,418.7300109863281,419.2049865722656
2024-09-20 11:30:00-04:00,419.0899963378906,420.45001220703125,418.8599853515625,420.42999267578125
2024-09-20 12:30:00-04:00,420.3999938964844,421.04998779296875,420.2900085449219,420.79998779296875
2024-09-20 13:30:00-04:00,420.8399963378906,421.2987976074219,419.4800109863281,419.4800109863281
2024-09-20 14:30:00-04:00,419.4700012207031,420.6499938964844,419.1199951171875,420.3299865722656
2024-09-20 15:30:00-04:00,420.3500061035156,421.2099914550781,420.17999267578125,420.5199890136719
2024-09-23 09:30:00-04:00,421.1199951171875,421.70001220703125,420.0,421.05999755859375
2024-09-23 10:30:00-04:00,421.0799865722656,421.32000732421875,420.3999938964844,421.1000061035156
2024-09-23 11:30:00-04:00,421.1400146484375,421.17999267578125,420.2200012207031,420.6549987792969
2024-09-23 12:30:00-04:00,420.6700134277344,420.8699951171875,420.19000244140625,420.8550109863281
2024-09-23 13:30:00-04:00,420.8999938964844,421.2900085449219,420.7900085449219,421.260009765625
2024-09-23 14:30:00-04:00,421.2300109863281,421.34991455078125,420.8399963378906,421.0899963378906
2024-09-23 15:30:00-04:00,421.0199890136719,421.3299865722656,420.8299865722656,421.1099853515625
2024-09-24 09:30:00-04:00,421.6700134277344,422.1000061035156,420.6510925292969,421.3100891113281
2024-09-24 10:30:00-04:00,421.3800048828125,422.6499938964844,420.79998779296875,422.0299987792969
2024-09-24 11:30:00-04:00,422.0400085449219,422.04998779296875,420.9989929199219,420.9989929199219
2024-09-24 12:30:00-04:00,420.9150085449219,421.6700134277344,420.90008544921875,421.2900085449219
2024-09-24 13:30:00-04:00,421.2300109863281,421.385009765625,420.8500061035156,420.9100036621094
2024-09-24 14:30:00-04:00,420.8100891113281,421.6400146484375,420.3800048828125,421.6099853515625
2024-09-24 15:30:00-04:00,421.5950012207031,422.2099914550781,421.2300109863281,422.1300048828125
2024-09-25 09:30:00-04:00,422.44000244140625,422.94000244140625,420.04998779296875,420.3500061035156
2024-09-25 10:30:00-04:00,420.2900085449219,420.75,419.8901062011719,420.07000732421875
2024-09-25 11:30:00-04:00,420.0299987792969,420.1300048828125,419.3800048828125,419.68499755859375
2024-09-25 12:30:00-04:00,419.589599609375,419.7699890136719,418.8598937988281,418.9100036621094
2024-09-25 13:30:00-04:00,418.9299011230469,419.70001220703125,418.3800048828125,419.6000061035156
2024-09-25 14:30:00-04:00,419.5899963378906,419.6669921875,419.18011474609375,419.3800048828125
2024-09-25 15:30:00-04:00,419.3599853515625,419.3900146484375,418.79998779296875,419.0899963378906
2024-09-26 09:30:00-04:00,421.239990234375,421.8429870605469,420.20001220703125,420.6099853515625
2024-09-26 10:30:00-04:00,420.6300048828125,421.489990234375,420.55108642578125,420.92999267578125
2024-09-26 11:30:00-04:00,420.8500061035156,421.8900146484375,420.8399963378906,421.4800109863281
2024-09-26 12:30:00-04:00,421.489990234375,421.6300048828125,420.55999755859375,421.2900085449219
2024-09-26 13:30:00-04:00,421.3900146484375,422.1199951171875,421.3699951171875,421.8299865722656
2024-09-26 14:30:00-04:00,421.80999755859375,421.8299865722656,421.1264953613281,421.2699890136719
2024-09-26 15:30:00-04:00,421.2799987792969,421.9800109863281,420.94000244140625,421.57000732421875
2024-09-27 09:30:00-04:00,422.5899963378906,425.2799987792969,422.239990234375,425.0799865722656
2024-09-27 10:30:00-04:00,425.0574951171875,426.20001220703125,424.6700134277344,426.1000061035156
2024-09-27 11:30:00-04:00,426.1000061035156,426.1400146484375,424.0199890136719,424.1499938964844
2024-09-27 12:30:00-04:00,424.1400146484375,424.2200012207031,423.25,423.510009765625
2024-09-27 13:30:00-04:00,423.5400085449219,423.94000244140625,423.0299987792969,423.1199951171875
2024-09-27 14:30:00-04:00,423.1300048828125,423.8500061035156,422.4410095214844,423.42730712890625
2024-09-27 15:30:00-04:00,423.4049987792969,423.6000061035156,422.8299865722656,422.9100036621094
2024-09-30 09:30:00-04:00,422.1300048828125,422.1700134277344,420.5899963378906,421.92999267578125
2024-09-30 10:30:00-04:00,422.0799865722656,422.92999267578125,421.69000244140625,421.69000244140625
2024-09-30 11:30:00-04:00,421.82000732421875,422.2099914550781,421.3599853515625,421.9700012207031
2024-09-30 12:30:00-04:00,421.9200134277344,422.0299072265625,421.55999755859375,421.55999755859375
2024-09-30 13:30:00-04:00,421.57000732421875,421.9200134277344,419.0799865722656,420.1000061035156
2024-09-30 14:30:00-04:00,420.0799865722656,421.5400085449219,419.70001220703125,421.44000244140625
2024-09-30 15:30:00-04:00,421.3699951171875,423.29998779296875,421.3219909667969,423.07000732421875
2024-10-01 09:30:00-04:00,422.4200134277344,422.6700134277344,419.2900085449219,419.94000244140625
2024-10-01 10:30:00-04:00,419.94000244140625,421.25,419.45001220703125,421.1300048828125
2024-10-01 11:30:00-04:00,421.07000732421875,422.2099914550781,420.9800109863281,421.69000244140625
2024-10-01 12:30:00-04:00,421.6700134277344,421.69000244140625,419.79998779296875,419.9849853515625
2024-10-01 13:30:00-04:00,419.9800109863281,423.0350036621094,419.8999938964844,422.9100036621094
2024-10-01 14:30:00-04:00,422.8999938964844,423.1499938964844,422.010009765625,422.5299987792969
2024-10-01 15:30:00-04:00,422.44000244140625,422.52850341796875,421.239990234375,421.5299987792969
2024-10-02 09:30:00-04:00,421.8299865722656,421.8500061035156,419.5799865722656,421.1841125488281
2024-10-02 10:30:00-04:00,421.25,422.3999938964844,421.04998779296875,422.2900085449219
2024-10-02 11:30:00-04:00,422.2738952636719,422.5,421.3500061035156,421.760009765625
2024-10-02 12:30:00-04:00,421.6105041503906,421.6499938964844,420.8999938964844,421.2699890136719
2024-10-02 13:30:00-04:00,421.239990234375,422.19000244140625,420.9100036621094,421.3399963378906
2024-10-02 14:30:00-04:00,421.4200134277344,422.2300109863281,421.29998779296875,421.9200134277344
2024-10-02 15:30:00-04:00,421.9100036621094,422.17999267578125,421.6700134277344,421.8399963378906
2024-10-03 09:30:00-04:00,420.3399963378906,421.1236877441406,418.2799987792969,419.67999267578125
2024-10-03 10:30:00-04:00,419.5,420.2401123046875,418.760009765625,419.75
2024-10-03 11:30:00-04:00,419.7799987792969,421.0299987792969,419.75,420.7300109863281
2024-10-03 12:30:00-04:00,420.6300048828125,420.6400146484375,418.4200134277344,418.8299865722656
2024-10-03 13:30:00-04:00,418.9200134277344,419.69000244140625,418.70001220703125,419.510009765625
2024-10-03 14:30:00-04:00,419.4599914550781,419.6700134277344,418.8900146484375,419.3800048828125
2024-10-03 15:30:00-04:00,419.3900146484375,420.239990234375,419.1099853515625,419.95001220703125
2024-10-04 09:30:00-04:00,422.3699951171875,423.2799987792969,420.1600036621094,420.5199890136719
2024-10-04 10:30:00-04:00,420.3399963378906,421.3349914550781,419.6600036621094,420.1199951171875
2024-10-04 11:30:00-04:00,420.0899963378906,421.7900085449219,419.8399963378906,421.1099853515625
2024-10-04 12:30:00-04:00,421.11981201171875,422.4501037597656,420.94000244140625,422.17999267578125
2024-10-04 13:30:00-04:00,422.0899963378906,422.31500244140625,421.0400085449219,421.760009765625
2024-10-04 14:30:00-04:00,421.7099914550781,422.8599853515625,421.6368103027344,422.7900085449219
2024-10-04 15:30:00-04:00,422.7900085449219,423.6099853515625,422.6700134277344,423.3599853515625
2024-10-07 09:30:00-04:00,422.1099853515625,422.92999267578125,421.2099914550781,422.25
2024-10-07 10:30:00-04:00,422.19000244140625,422.5,421.4599914550781,422.1000061035156
2024-10-07 11:30:00-04:00,422.1600036621094,422.20001220703125,420.55999755859375,421.0
2024-10-07 12:30:00-04:00,420.989990234375,421.4100036621094,420.760009765625,420.9800109863281
2024-10-07 13:30:00-04:00,420.95001220703125,420.9800109863281,419.80999755859375,419.9700012207031
2024-10-07 14:30:00-04:00,419.94000244140625,419.94000244140625,418.260009765625,419.5799865722656
2024-10-07 15:30:00-04:00,419.5799865722656,420.1099853515625,418.989990234375,419.54998779296875
2024-10-08 09:30:00-04:00,420.510009765625,420.8399963378906,418.7099914550781,419.28509521484375
2024-10-08 10:30:00-04:00,419.2200012207031,420.260009765625,418.94000244140625,420.09600830078125
2024-10-08 11:30:00-04:00,420.1000061035156,420.42999267578125,419.8299865722656,420.39990234375
2024-10-08 12:30:00-04:00,420.3099060058594,420.5299987792969,419.29998779296875,419.7250061035156
2024-10-08 13:30:00-04:00,419.67388916015625,420.42999267578125,419.6000061035156,420.4200134277344
2024-10-08 14:30:00-04:00,420.4200134277344,420.9599914550781,420.3200988769531,420.7900085449219
2024-10-08 15:30:00-04:00,420.80999755859375,421.2799987792969,420.7200012207031,420.7799987792969
2024-10-09 09:30:00-04:00,420.8900146484375,422.95001220703125,420.0299987792969,421.6600036621094
2024-10-09 10:30:00-04:00,421.54998779296875,423.70001220703125,421.45001220703125,423.4700012207031
2024-10-09 11:30:00-04:00,423.44000244140625,424.9100036621094,423.44000244140625,424.20001220703125
2024-10-09 12:30:00-04:00,424.19000244140625,425.0350036621094,423.9100036621094,424.7586975097656
2024-10-09 13:30:00-04:00,424.6600036621094,424.8500061035156,423.6400146484375,424.29998779296875
2024-10-09 14:30:00-04:00,424.2200012207031,425.1000061035156,424.20001220703125,425.07000732421875
2024-10-09 15:30:00-04:00,425.0899963378906,425.6600036621094,424.79998779296875,425.0450134277344
2024-10-10 09:30:00-04:00,425.0,425.05999755859375,423.6000061035156,424.0199890136719
2024-10-10 10:30:00-04:00,424.0299987792969,424.70001220703125,423.3301086425781,424.239990234375
2024-10-10 11:30:00-04:00,424.2300109863281,425.07000732421875,423.9200134277344,425.05999755859375
2024-10-10 12:30:00-04:00,425.04998779296875,425.04998779296875,423.32000732421875,424.0299987792969
2024-10-10 13:30:00-04:00,424.04998779296875,424.25,423.1600036621094,423.5849914550781
2024-10-10 14:30:00-04:00,423.5400085449219,423.7699890136719,423.0400085449219,423.6300048828125
2024-10-10 15:30:00-04:00,423.6600036621094,424.760009765625,423.6600036621094,424.6199951171875
2024-10-11 09:30:00-04:00,425.2799987792969,427.8500061035156,425.010009765625,427.7149963378906
2024-10-11 10:30:00-04:00,427.75,428.19000244140625,427.4100036621094,427.8999938964844
2024-10-11 11:30:00-04:00,427.9100036621094,428.3900146484375,427.0199890136719,427.2799987792969
2024-10-11 12:30:00-04:00,427.260009765625,427.7869873046875,427.0899963378906,427.54998779296875
2024-10-11 13:30:00-04:00,427.5899963378906,428.69000244140625,427.42999267578125,428.3100891113281
2024-10-11 14:30:00-04:00,428.3450012207031,428.92999267578125,427.82000732421875,428.82000732421875
2024-10-11 15:30:00-04:00,428.80999755859375,429.07000732421875,428.57000732421875,428.7300109863281
2024-10-14 09:30:00-04:00,428.32000732421875,429.0799865722656,427.19000244140625,428.80999755859375
2024-10-14 10:30:00-04:00,428.8299865722656,429.95001220703125,428.79998779296875,429.7925109863281
2024-10-14 11:30:00-04:00,429.7550048828125,430.6700134277344,429.69000244140625,430.5199890136719
2024-10-14 12:30:00-04:00,430.55999755859375,430.7699890136719,430.3100891113281,430.4200134277344
2024-10-14 13:30:00-04:00,430.4100036621094,430.82000732421875,429.9800109863281,430.70001220703125
2024-10-14 14:30:00-04:00,430.67999267578125,431.1549987792969,430.6000061035156,430.8500061035156
2024-10-14 15:30:00-04:00,430.8399963378906,431.4200134277344,430.7099914550781,430.8900146484375
2024-10-15 09:30:00-04:00,429.3299865722656,430.1199951171875,427.6400146484375,428.92999267578125
2024-10-15 10:30:00-04:00,428.79998779296875,430.0899963378906,428.3949890136719,429.9100036621094
2024-10-15 11:30:00-04:00,429.9100036621094,430.0199890136719,428.8800048828125,430.010009765625
2024-10-15 12:30:00-04:00,430.0299987792969,430.0799865722656,428.81500244140625,428.95001220703125
2024-10-15 13:30:00-04:00,428.9200134277344,429.5400085449219,427.9700012207031,428.1499938964844
2024-10-15 14:30:00-04:00,428.1700134277344,428.2799987792969,427.2650146484375,427.6600036621094
2024-10-15 15:30:00-04:00,427.6700134277344,427.80999755859375,427.0299987792969,427.5150146484375
2024-10-16 09:30:00-04:00,427.17999267578125,429.5899963378906,426.9200134277344,429.19000244140625
2024-10-16 10:30:00-04:00,429.17999267578125,429.80999755859375,428.8800048828125,429.3900146484375
2024-10-16 11:30:00-04:00,429.3500061035156,430.0799865722656,429.1499938964844,430.0
2024-10-16 12:30:00-04:00,429.92999267578125,430.2099914550781,429.6099853515625,429.7349853515625
2024-10-16 13:30:00-04:00,429.7900085449219,431.0799865722656,429.6600036621094,430.8500061035156
2024-10-16 14:30:00-04:00,430.8399963378906,431.0199890136719,430.510009765625,430.6499938964844
2024-10-16 15:30:00-04:00,430.6199951171875,431.0400085449219,430.56500244140625,430.7200012207031
2024-10-17 09:30:00-04:00,432.5400085449219,432.79998779296875,431.3699951171875,431.8500061035156
2024-10-17 10:30:00-04:00,431.8699951171875,432.3999938964844,431.20001220703125,432.3399963378906
2024-10-17 11:30:00-04:00,432.3900146484375,432.6000061035156,431.79998779296875,432.1400146484375
2024-10-17 12:30:00-04:00,432.135009765625,432.8900146484375,431.9700012207031,432.5799865722656
2024-10-17 13:30:00-04:00,432.6099853515625,432.889892578125,431.6600036621094,432.0899963378906
2024-10-17 14:30:00-04:00,432.05999755859375,432.67999267578125,432.0199890136719,432.427001953125
2024-10-17 15:30:00-04:00,432.3599853515625,432.7200012207031,432.30999755859375,432.3999938964844
2024-10-18 09:30:00-04:00,432.260009765625,432.5,430.3299865722656,430.9100036621094
2024-10-18 10:30:00-04:00,430.989990234375,431.70989990234375,430.8599853515625,431.6600036621094
2024-10-18 11:30:00-04:00,431.67999267578125,432.510009765625,431.5899963378906,432.3999938964844
2024-10-18 12:30:00-04:00,432.3900146484375,433.1099853515625,432.2300109863281,432.44000244140625
2024-10-18 13:30:00-04:00,432.3999938964844,433.20001220703125,431.92999267578125,433.0299987792969
2024-10-18 14:30:00-04:00,433.0899963378906,433.0899963378906,432.32000732421875,432.42999267578125
2024-10-18 15:30:00-04:00,432.3999938964844,432.7898864746094,432.2699890136719,432.6499938964844
2024-10-21 09:30:00-04:00,432.42999267578125,433.0400085449219,431.1099853515625,431.19500732421875
2024-10-21 10:30:00-04:00,431.2099914550781,431.4200134277344,428.8399963378906,428.9599914550781
2024-10-21 11:30:00-04:00,428.9599914550781,430.010009765625,428.760009765625,429.5350036621094
2024-10-21 12:30:00-04:00,429.5400085449219,430.07000732421875,429.3299865722656,429.70001220703125
2024-10-21 13:30:00-04:00,429.7200012207031,429.760009765625,429.010009765625,429.2699890136719
2024-10-21 14:30:00-04:00,429.260009765625,429.55999755859375,428.8800048828125,429.239990234375
2024-10-21 15:30:00-04:00,429.239990234375,429.45001220703125,428.8599853515625,429.42999267578125
2024-10-22 09:30:00-04:00,427.6400146484375,428.5,427.25,427.4700012207031
2024-10-22 10:30:00-04:00,427.4700012207031,428.7749938964844,427.15960693359375,428.4649963378906
2024-10-22 11:30:00-04:00,428.510009765625,428.92999267578125,428.3699951171875,428.90301513671875
2024-10-22 12:30:00-04:00,428.92999267578125,429.5,428.9200134277344,429.2300109863281
2024-10-22 13:30:00-04:00,429.260009765625,430.4200134277344,429.17999267578125,429.9100036621094
2024-10-22 14:30:00-04:00,429.8999938964844,429.8999938964844,429.32000732421875,429.739990234375
2024-10-22 15:30:00-04:00,429.79998779296875,430.1099853515625,429.25,429.260009765625
2024-10-23 09:30:00-04:00,427.0299987792969,427.7598876953125,426.25,427.2200012207031
2024-10-23 10:30:00-04:00,427.0108947753906,427.4599914550781,425.25,425.32000732421875
2024-10-23 11:30:00-04:00,425.3374938964844,426.3900146484375,425.2099914550781,425.30999755859375
2024-10-23 12:30:00-04:00,425.2900085449219,425.8399963378906,424.4599914550781,424.7200012207031
2024-10-23 13:30:00-04:00,424.6700134277344,424.6700134277344,422.9200134277344,423.6199951171875
2024-10-23 14:30:00-04:00,423.6099853515625,425.2900085449219,423.5799865722656,424.94000244140625
2024-10-23 15:30:00-04:00,424.8999938964844,425.3299865722656,424.67999267578125,425.1400146484375
2024-10-24 09:30:00-04:00,424.4200134277344,424.6700134277344,423.45001220703125,424.3299865722656
2024-10-24 10:30:00-04:00,424.3299865722656,424.54998779296875,423.4100036621094,423.45001220703125
2024-10-24 11:30:00-04:00,423.43499755859375,423.44000244140625,421.94000244140625,422.8500061035156
2024-10-24 12:30:00-04:00,422.82000732421875,423.79998779296875,422.7900085449219,423.79998779296875
2024-10-24 13:30:00-04:00,423.7799987792969,424.17999267578125,423.0199890136719,423.5299987792969
2024-10-24 14:30:00-04:00,423.489990234375,424.0,423.0899963378906,423.8699951171875
2024-10-24 15:30:00-04:00,423.760009765625,424.1499938964844,423.6650085449219,423.82000732421875
2024-10-25 09:30:00-04:00,425.45001220703125,426.0,424.8599853515625,425.6000061035156
2024-10-25 10:30:00-04:00,425.5400085449219,425.5600891113281,423.20001220703125,423.3699951171875
2024-10-25 11:30:00-04:00,423.4750061035156,423.6199951171875,422.67999267578125,423.5400085449219
2024-10-25 12:30:00-04:00,423.5299987792969,423.6400146484375,421.510009765625,421.8450012207031
2024-10-25 13:30:00-04:00,421.79998779296875,421.79998779296875,420.4700012207031,421.5799865722656
2024-10-25 14:30:00-04:00,421.5799865722656,422.1300048828125,421.1300048828125,421.4200134277344
2024-10-25 15:30:00-04:00,421.468994140625,421.4800109863281,420.8599853515625,421.1400146484375
2024-10-28 09:30:00-04:00,423.3301086425781,424.70001220703125,423.3301086425781,424.54998779296875
2024-10-28 10:30:00-04:00,424.5799865722656,424.82000732421875,424.1000061035156,424.20001220703125
2024-10-28 11:30:00-04:00,424.20001220703125,424.2300109863281,423.3399963378906,424.17999267578125
2024-10-28 12:30:00-04:00,424.19000244140625,424.3299865722656,423.6300048828125,424.1300048828125
2024-10-28 13:30:00-04:00,424.1400146484375,424.5199890136719,424.0799865722656,424.2200012207031
2024-10-28 14:30:00-04:00,424.2099914550781,424.6600036621094,423.94000244140625,424.4100036621094
2024-10-28 15:30:00-04:00,424.4200134277344,424.6400146484375,423.8599853515625,424.0400085449219
2024-10-29 09:30:00-04:00,422.2300109863281,424.9700012207031,421.760009765625,423.94000244140625
2024-10-29 10:30:00-04:00,424.0,424.3699951171875,422.9599914550781,423.1600036621094
2024-10-29 11:30:00-04:00,423.17999267578125,423.7300109863281,423.0299987792969,423.1400146484375
2024-10-29 12:30:00-04:00,423.0899963378906,423.8500061035156,422.6199951171875,423.1700134277344
2024-10-29 13:30:00-04:00,423.20001220703125,423.3599853515625,422.7300109863281,423.25
2024-10-29 14:30:00-04:00,423.2699890136719,423.5663146972656,422.95001220703125,423.1700134277344
2024-10-29 15:30:00-04:00,423.1499938964844,423.2200012207031,422.3299865722656,422.510009765625
2024-10-30 09:30:00-04:00,422.0199890136719,424.4159851074219,421.45001220703125,423.8399963378906
2024-10-30 10:30:00-04:00,423.9200134277344,424.19000244140625,423.3900146484375,423.739990234375
2024-10-30 11:30:00-04:00,423.7200012207031,424.65008544921875,423.69000244140625,423.9599914550781
2024-10-30 12:30:00-04:00,423.94000244140625,423.9599914550781,423.010009765625,423.1709899902344
2024-10-30 13:30:00-04:00,423.19000244140625,423.3399963378906,422.44000244140625,422.7300109863281
2024-10-30 14:30:00-04:00,422.75,422.92999267578125,422.0,422.25
2024-10-30 15:30:00-04:00,422.2900085449219,422.33160400390625,421.4700012207031,421.7900085449219
2024-10-31 09:30:00-04:00,419.2300109863281,419.92999267578125,418.3599853515625,418.4949951171875
2024-10-31 10:30:00-04:00,418.4700012207031,418.8999938964844,417.0199890136719,417.7300109863281
2024-10-31 11:30:00-04:00,417.80999755859375,418.8699951171875,417.69000244140625,418.6499938964844
2024-10-31 12:30:00-04:00,418.6499938964844,419.80999755859375,418.5400085449219,419.4700927734375
2024-10-31 13:30:00-04:00,419.45001220703125,419.5199890136719,418.45001220703125,419.1600036621094
2024-10-31 14:30:00-04:00,419.25,419.5650939941406,418.5450134277344,419.2200012207031
2024-10-31 15:30:00-04:00,419.239990234375,419.6499938964844,417.510009765625,417.6300048828125
2024-11-01 09:30:00-04:00,419.6700134277344,422.8699951171875,419.3800048828125,422.8699951171875
2024-11-01 10:30:00-04:00,422.8800048828125,423.2995910644531,421.2300109863281,423.2200012207031
2024-11-01 11:30:00-04:00,423.239990234375,423.2699890136719,421.80999755859375,421.8599853515625
2024-11-01 12:30:00-04:00,422.05999755859375,422.4700012207031,420.93231201171875,422.0899963378906
2024-11-01 13:30:00-04:00,422.05999755859375,422.05999755859375,420.19000244140625,420.94000244140625
2024-11-01 14:30:00-04:00,420.9100036621094,421.6099853515625,420.57000732421875,420.57000732421875
2024-11-01 15:30:00-04:00,420.5,420.8500061035156,420.04998779296875,420.3999938964844
2024-11-04 09:30:00-05:00,419.8399963378906,420.29998779296875,418.57000732421875,419.44000244140625
2024-11-04 10:30:00-05:00,419.45001220703125,419.6499938964844,418.5101013183594,418.5101013183594
2024-11-04 11:30:00-05:00,418.510009765625,418.5199890136719,416.44000244140625,418.30999755859375
2024-11-04 12:30:00-05:00,418.3299865722656,418.8599853515625,417.6700134277344,418.4700012207031
2024-11-04 13:30:00-05:00,418.4100036621094,418.6700134277344,418.1300048828125,418.1400146484375
2024-11-04 14:30:00-05:00,418.0,418.6099853515625,417.95001220703125,418.20001220703125
2024-11-04 15:30:00-05:00,418.19000244140625,418.239990234375,417.6199951171875,418.04998779296875
2024-11-05 09:30:00-05:00,418.2699890136719,421.260009765625,417.7099914550781,420.7099914550781
2024-11-05 10:30:00-05:00,420.7300109863281,421.7900085449219,420.54998779296875,420.9100036621094
2024-11-05 11:30:00-05:00,420.95001220703125,421.8962097167969,420.8699951171875,421.6050109863281
2024-11-05 12:30:00-05:00,421.7099914550781,422.6199035644531,421.4800109863281,421.57000732421875
2024-11-05 13:30:00-05:00,421.5400085449219,422.05999755859375,420.989990234375,421.6000061035156
2024-11-05 14:30:00-05:00,421.5,421.8299865722656,421.090087890625,421.55499267578125
2024-11-05 15:30:00-05:00,421.489990234375,422.3599853515625,421.3150939941406,422.29998779296875
2024-11-06 09:30:00-05:00,434.6600036621094,436.29998779296875,433.7099914550781,436.07000732421875
2024-11-06 10:30:00-05:00,436.07000732421875,436.1099853515625,434.6000061035156,435.2850036621094
2024-11-06 11:30:00-05:00,435.3399963378906,436.19000244140625,435.19000244140625,435.6600036621094
2024-11-06 12:30:00-05:00,435.6099853515625,436.79998779296875,435.6099853515625,436.7699890136719
2024-11-06 13:30:00-05:00,436.94000244140625,437.1499938964844,436.3699951171875,436.6499938964844
2024-11-06 14:30:00-05:00,436.57330322265625,437.6700134277344,436.3599853515625,437.260009765625
2024-11-06 15:30:00-05:00,437.2650146484375,437.7850036621094,436.9150085449219,437.239990234375
2024-11-07 09:30:00-05:00,437.5299987792969,438.07000732421875,436.4700012207031,437.635009765625
2024-11-07 10:30:00-05:00,437.7200012207031,437.8099060058594,436.8100891113281,437.04998779296875
2024-11-07 11:30:00-05:00,437.1400146484375,437.8399963378906,437.0299987792969,437.70001220703125
2024-11-07 12:30:00-05:00,437.760009765625,437.9800109863281,437.1400146484375,437.50799560546875
2024-11-07 13:30:00-05:00,437.4800109863281,437.7799987792969,436.8900146484375,437.1700134277344
2024-11-07 14:30:00-05:00,437.2099914550781,438.2471008300781,436.42999267578125,437.8399963378906
2024-11-07 15:30:00-05:00,437.8500061035156,438.07000732421875,437.17999267578125,437.3900146484375
2024-11-08 09:30:00-05:00,438.29998779296875,439.79998779296875,437.3999938964844,439.6300048828125
2024-11-08 10:30:00-05:00,439.6499938964844,440.489990234375,439.4700012207031,440.4200134277344
2024-11-08 11:30:00-05:00,440.4700012207031,440.489990234375,439.4800109863281,439.7200012207031
2024-11-08 12:30:00-05:00,439.760009765625,440.2099914550781,439.6600036621094,439.81500244140625
2024-11-08 13:30:00-05:00,439.8500061035156,441.00750732421875,439.7699890136719,440.8299865722656
2024-11-08 14:30:00-05:00,440.7698974609375,441.70001220703125,440.32000732421875,440.4100036621094
2024-11-08 15:30:00-05:00,440.4200134277344,440.4599914550781,439.7699890136719,440.1199951171875
2024-11-11 09:30:00-05:00,441.8800048828125,444.8699951171875,441.82000732421875,443.7900085449219
2024-11-11 10:30:00-05:00,443.7900085449219,444.1499938964844,443.0899963378906,443.2799987792969
2024-11-11 11:30:00-05:00,443.30499267578125,443.70001220703125,443.1099853515625,443.3999938964844
2024-11-11 12:30:00-05:00,443.3599853515625,443.6000061035156,442.4200134277344,442.8699951171875
2024-11-11 13:30:00-05:00,442.9049987792969,443.3699035644531,442.6000061035156,443.260009765625
2024-11-11 14:30:00-05:00,443.2699890136719,443.3599853515625,442.67999267578125,442.80999755859375
2024-11-11 15:30:00-05:00,442.7900085449219,443.1600036621094,442.5199890136719,443.0
2024-11-12 09:30:00-05:00,443.5799865722656,444.2200012207031,441.88470458984375,441.9800109863281
2024-11-12 10:30:00-05:00,441.9100036621094,442.260009765625,441.0799865722656,441.1156921386719
2024-11-12 11:30:00-05:00,441.0790100097656,441.2300109863281,440.25,440.54998779296875
2024-11-12 12:30:00-05:00,440.5,440.69000244140625,439.260009765625,440.07000732421875
2024-11-12 13:30:00-05:00,440.0400085449219,441.6099853515625,440.0317077636719,440.8599853515625
2024-11-12 14:30:00-05:00,440.8299865722656,441.0799865722656,439.9100036621094,440.159912109375
2024-11-12 15:30:00-05:00,440.0400085449219,440.1400146484375,439.05010986328125,439.3599853515625
2024-11-13 09:30:00-05:00,439.9100036621094,440.3500061035156,438.44000244140625,439.7300109863281
2024-11-13 10:30:00-05:00,439.6499938964844,441.04998779296875,439.5400085449219,441.0000915527344
2024-11-13 11:30:00-05:00,440.989990234375,441.53948974609375,440.739990234375,440.989990234375
2024-11-13 12:30:00-05:00,441.010009765625,441.54998779296875,440.6700134277344,440.8999938964844
2024-11-13 13:30:00-05:00,440.8599853515625,441.0199890136719,440.0,440.1300048828125
2024-11-13 14:30:00-05:00,440.010009765625,440.3699951171875,439.3599853515625,440.1600036621094
2024-11-13 15:30:00-05:00,440.1600036621094,440.5400085449219,439.5199890136719,439.7900085449219
2024-11-14 09:30:00-05:00,440.5899963378906,440.94000244140625,438.75,439.718994140625
2024-11-14 10:30:00-05:00,439.6600036621094,439.9800109863281,439.0799865722656,439.7200012207031
2024-11-14 11:30:00-05:00,439.7349853515625,439.8399963378906,438.20220947265625,438.35009765625
2024-11-14 12:30:00-05:00,438.4049987792969,438.8599853515625,437.69000244140625,438.1099853515625
2024-11-14 13:30:00-05:00,438.1199951171875,438.5650939941406,437.5589904785156,438.5
2024-11-14 14:30:00-05:00,438.6099853515625,439.0199890136719,437.10101318359375,438.0098876953125
2024-11-14 15:30:00-05:00,438.04998779296875,438.0899963378906,437.19000244140625,437.70001220703125
2024-11-15 09:30:00-05:00,435.8399963378906,436.510009765625,434.3900146484375,434.82000732421875
2024-11-15 10:30:00-05:00,434.7099914550781,435.489990234375,434.25,435.2699890136719
2024-11-15 11:30:00-05:00,435.25,435.25,433.9599914550781,434.010009765625
2024-11-15 12:30:00-05:00,433.8699951171875,434.6600036621094,433.5199890136719,434.4800109863281
2024-11-15 13:30:00-05:00,434.4200134277344,434.4599914550781,433.6300048828125,433.92999267578125
2024-11-15 14:30:00-05:00,433.95001220703125,435.20001220703125,433.8399963378906,434.3900146484375
2024-11-15 15:30:00-05:00,434.4100036621094,434.79998779296875,433.8999938964844,434.510009765625
2024-11-18 09:30:00-05:00,434.1700134277344,434.54998779296875,433.19000244140625,433.75
2024-11-18 10:30:00-05:00,433.7200012207031,435.1000061035156,433.7200012207031,434.7799987792969
2024-11-18 11:30:00-05:00,434.8399963378906,435.3299865722656,434.260009765625,434.6199951171875
2024-11-18 12:30:00-05:00,434.6300048828125,434.9599914550781,434.20001220703125,434.239990234375
2024-11-18 13:30:00-05:00,434.239990234375,434.42999267578125,433.45001220703125,433.6400146484375
2024-11-18 14:30:00-05:00,433.6650085449219,434.2900085449219,433.4100036621094,434.2099914550781
2024-11-18 15:30:00-05:00,434.2099914550781,434.2699890136719,433.75,434.17999267578125
2024-11-19 09:30:00-05:00,430.7300109863281,431.20001220703125,429.6401062011719,431.19000244140625
2024-11-19 10:30:00-05:00,431.1700134277344,433.03009033203125,431.0799865722656,432.9700012207031
2024-11-19 11:30:00-05:00,432.9800109863281,433.06988525390625,432.29998779296875,432.92999267578125
2024-11-19 12:30:00-05:00,432.8800048828125,433.3900146484375,432.6499938964844,433.1199951171875
2024-11-19 13:30:00-05:00,433.07000732421875,434.1199951171875,432.9247131347656,433.0400085449219
2024-11-19 14:30:00-05:00,433.0,433.20001220703125,432.3399963378906,432.7300109863281
2024-11-19 15:30:00-05:00,432.75,432.989990234375,432.5,432.8900146484375
2024-11-20 09:30:00-05:00,433.54998779296875,433.8299865722656,430.9200134277344,431.67999267578125
2024-11-20 10:30:00-05:00,431.67999267578125,432.7637023925781,431.4700012207031,431.4700012207031
2024-11-20 11:30:00-05:00,431.5,433.1199951171875,431.17999267578125,431.8699951171875
2024-11-20 12:30:00-05:00,431.8500061035156,432.8999938964844,431.7099914550781,432.42999267578125
2024-11-20 13:30:00-05:00,432.3699951171875,432.3699951171875,431.44000244140625,431.8999938964844
2024-11-20 14:30:00-05:00,431.9473876953125,433.32000732421875,431.8599853515625,433.20001220703125
2024-11-20 15:30:00-05:00,433.2200012207031,434.9100036621094,433.2200012207031,434.32000732421875
2024-11-21 09:30:00-05:00,435.8599853515625,436.260009765625,433.6300048828125,434.54998779296875
2024-11-21 10:30:00-05:00,434.5299987792969,438.4599914550781,434.42999267578125,438.3999938964844
2024-11-21 11:30:00-05:00,438.4200134277344,439.1499938964844,437.3399963378906,438.9100036621094
2024-11-21 12:30:00-05:00,438.94000244140625,440.2900085449219,438.7701110839844,440.260009765625
2024-11-21 13:30:00-05:00,440.2699890136719,440.5400085449219,439.2699890136719,439.989990234375
2024-11-21 14:30:00-05:00,439.7699890136719,440.0400085449219,439.5199890136719,439.85980224609375
2024-11-21 15:30:00-05:00,439.8399963378906,439.8599853515625,438.8999938964844,438.8999938964844
2024-11-22 09:30:00-05:00,439.5899963378906,442.3900146484375,439.32000732421875,440.6099853515625
2024-11-22 10:30:00-05:00,440.6400146484375,441.9100036621094,440.6400146484375,441.4100036621094
2024-11-22 11:30:00-05:00,441.42999267578125,442.75909423828125,441.0799865722656,442.5899963378906
2024-11-22 12:30:00-05:00,442.57000732421875,442.7900085449219,441.6700134277344,442.4100036621094
2024-11-22 13:30:00-05:00,442.5199890136719,442.864990234375,441.79998779296875,442.4800109863281
2024-11-22 14:30:00-05:00,442.4599914550781,443.010009765625,441.8800048828125,442.3800048828125
2024-11-22 15:30:00-05:00,442.4100036621094,443.57000732421875,442.32000732421875,443.139892578125
2024-11-25 09:30:00-05:00,446.6099853515625,448.3999938964844,446.5,448.2900085449219
2024-11-25 10:30:00-05:00,448.2300109863281,448.32000732421875,446.6700134277344,446.82000732421875
2024-11-25 11:30:00-05:00,446.8299865722656,447.0,445.55999755859375,445.7099914550781
2024-11-25 12:30:00-05:00,445.7099914550781,446.989990234375,445.3999938964844,446.8150939941406
2024-11-25 13:30:00-05:00,446.82000732421875,447.5799865722656,446.7099914550781,447.17498779296875
2024-11-25 14:30:00-05:00,447.2200012207031,447.510009765625,446.8999938964844,447.3599853515625
2024-11-25 15:30:00-05:00,447.3299865722656,447.69000244140625,447.1099853515625,447.5199890136719
2024-11-26 09:30:00-05:00,446.55999755859375,446.8799133300781,444.67999267578125,445.04998779296875
2024-11-26 10:30:00-05:00,445.05999755859375,446.1000061035156,444.6600036621094,446.1000061035156
2024-11-26 11:30:00-05:00,446.0899963378906,446.7200012207031,445.9200134277344,446.55999755859375
2024-11-26 12:30:00-05:00,446.55999755859375,447.6099853515625,446.55999755859375,447.55999755859375
2024-11-26 13:30:00-05:00,447.5199890136719,448.0350036621094,447.239990234375,447.9100036621094
2024-11-26 14:30:00-05:00,447.8900146484375,449.010009765625,447.6700134277344,448.6499938964844
2024-11-26 15:30:00-05:00,448.6600036621094,449.3299865722656,448.5899963378906,448.82000732421875
2024-11-27 09:30:00-05:00,449.17999267578125,450.6400146484375,449.1400146484375,449.92999267578125
2024-11-27 10:30:00-05:00,449.9200134277344,450.05999755859375,448.80999755859375,448.8880920410156
2024-11-27 11:30:00-05:00,448.8500061035156,449.4700012207031,448.2900085449219,448.6199951171875
2024-11-27 12:30:00-05:00,448.6199951171875,448.6499938964844,447.6499938964844,447.7300109863281
2024-11-27 13:30:00-05:00,447.70001220703125,448.2799987792969,447.614990234375,447.94000244140625
2024-11-27 14:30:00-05:00,447.94000244140625,448.17999267578125,447.5899963378906,447.7799987792969
2024-11-27 15:30:00-05:00,447.7799987792969,448.1099853515625,447.3699951171875,447.739990234375
2024-11-29 09:30:00-05:00,448.29998779296875,449.5799865722656,448.239990234375,449.3500061035156
2024-11-29 10:30:00-05:00,449.45001220703125,450.44000244140625,449.1600036621094,450.29998779296875
2024-11-29 11:30:00-05:00,450.30999755859375,451.2799987792969,450.16009521484375,451.0299987792969
2024-12-02 09:30:00-05:00,450.6099853515625,451.0,447.92999267578125,448.210693359375
2024-12-02 10:30:00-05:00,448.19000244140625,449.0799865722656,448.04998779296875,448.94000244140625
2024-12-02 11:30:00-05:00,448.9700012207031,449.1099853515625,448.29998779296875,448.30999755859375
2024-12-02 12:30:00-05:00,448.3299865722656,449.010009765625,448.2699890136719,448.8900146484375
2024-12-02 13:30:00-05:00,448.8900146484375,449.1600036621094,448.69000244140625,449.04998779296875
2024-12-02 14:30:00-05:00,449.0299987792969,449.3900146484375,448.989990234375,449.110595703125
2024-12-02 15:30:00-05:00,449.0,449.05999755859375,448.4800109863281,448.7200012207031
2024-12-03 09:30:00-05:00,449.1499938964844,449.6000061035156,447.3500061035156,447.4150085449219
2024-12-03 10:30:00-05:00,447.3500061035156,447.6600036621094,446.95001220703125,447.260009765625
2024-12-03 11:30:00-05:00,447.20001220703125,447.9100036621094,446.6099853515625,447.9100036621094
2024-12-03 12:30:00-05:00,447.9100036621094,448.6199951171875,447.7699890136719,448.2200012207031
2024-12-03 13:30:00-05:00,448.19000244140625,448.2699890136719,447.510009765625,448.1099853515625
2024-12-03 14:30:00-05:00,448.0799865722656,448.5,447.9700012207031,448.0299987792969
2024-12-03 15:30:00-05:00,448.0199890136719,448.3299865722656,447.75,447.8599853515625
2024-12-04 09:30:00-05:00,449.8500061035156,450.989990234375,448.9955139160156,449.2699890136719
2024-12-04 10:30:00-05:00,449.260009765625,450.54998779296875,449.0899963378906,450.3800048828125
2024-12-04 11:30:00-05:00,450.3900146484375,450.5899963378906,449.739990234375,449.81988525390625
2024-12-04 12:30:00-05:00,449.7900085449219,449.9898986816406,449.4700012207031,449.54998779296875
2024-12-04 13:30:00-05:00,449.5400085449219,450.3800048828125,448.7799987792969,450.30999755859375
2024-12-04 14:30:00-05:00,450.30999755859375,451.25,450.1700134277344,450.8900146484375
2024-12-04 15:30:00-05:00,450.8900146484375,451.54998779296875,450.7099914550781,450.9200134277344
2024-12-05 09:30:00-05:00,450.4800109863281,451.4800109863281,449.989013671875,450.0799865722656
2024-12-05 10:30:00-05:00,450.06500244140625,450.2991027832031,449.4414978027344,450.2699890136719
2024-12-05 11:30:00-05:00,450.2900085449219,450.2900085449219,449.32000732421875,449.45001220703125
2024-12-05 12:30:00-05:00,449.4100036621094,450.0450134277344,448.95001220703125,449.3599853515625
2024-12-05 13:30:00-05:00,449.3550109863281,449.82000732421875,449.1199951171875,449.20001220703125
2024-12-05 14:30:00-05:00,449.1400146484375,449.42999267578125,448.6099853515625,448.82000732421875
2024-12-05 15:30:00-05:00,448.8299865722656,449.1000061035156,448.3500061035156,448.6600036621094
2024-12-06 09:30:00-05:00,449.489990234375,449.9599914550781,448.5899963378906,449.17999267578125
2024-12-06 10:30:00-05:00,449.1300048828125,449.2349853515625,447.6099853515625,448.0299987792969
2024-12-06 11:30:00-05:00,448.010009765625,448.2850036621094,447.1700134277344,447.44000244140625
2024-12-06 12:30:00-05:00,447.4200134277344,448.1099853515625,447.0924987792969,447.7099914550781
2024-12-06 13:30:00-05:00,447.70001220703125,447.7200012207031,446.79010009765625,446.9599914550781
2024-12-06 14:30:00-05:00,446.8699951171875,447.2550048828125,446.7799987792969,447.1700134277344
2024-12-06 15:30:00-05:00,447.0799865722656,447.32000732421875,446.989990234375,447.1300048828125
2024-12-09 09:30:00-05:00,447.6499938964844,448.2799987792969,447.0400085449219,447.239990234375
2024-12-09 10:30:00-05:00,447.2300109863281,447.4100036621094,446.1300048828125,446.7900085449219
2024-12-09 11:30:00-05:00,446.75,447.5150146484375,446.3999938964844,446.6700134277344
2024-12-09 12:30:00-05:00,446.68499755859375,446.79998779296875,446.0199890136719,446.1499938964844
2024-12-09 13:30:00-05:00,446.1600036621094,446.94000244140625,446.0299987792969,446.4245910644531
2024-12-09 14:30:00-05:00,446.44000244140625,446.5899963378906,445.3999938964844,445.5600891113281
2024-12-09 15:30:00-05:00,445.57000732421875,445.80999755859375,444.8005065917969,445.07000732421875
2024-12-10 09:30:00-05:00,444.510009765625,444.6400146484375,442.95001220703125,444.4200134277344
2024-12-10 10:30:00-05:00,444.45001220703125,445.7099914550781,444.42999267578125,445.5799865722656
2024-12-10 11:30:00-05:00,445.57000732421875,445.79998779296875,444.7300109863281,444.7900085449219
2024-12-10 12:30:00-05:00,444.8500061035156,445.5199890136719,444.54998779296875,445.04998779296875
2024-12-10 13:30:00-05:00,445.0,445.25,444.44000244140625,444.9100036621094
2024-12-10 14:30:00-05:00,444.92999267578125,445.3299865722656,444.1300048828125,444.20001220703125
2024-12-10 15:30:00-05:00,444.1700134277344,444.1700134277344,443.1400146484375,443.6300048828125
2024-12-11 09:30:00-05:00,444.1099853515625,444.739990234375,442.55999755859375,443.6400146484375
2024-12-11 10:30:00-05:00,443.55999755859375,443.6860046386719,442.8399963378906,443.489990234375
2024-12-11 11:30:00-05:00,443.4700012207031,444.2200012207031,443.45001220703125,443.4700012207031
2024-12-11 12:30:00-05:00,443.4100036621094,444.3599853515625,443.3313903808594,444.1499938964844
2024-12-11 13:30:00-05:00,444.1400146484375,444.2099914550781,443.1600036621094,443.4200134277344
2024-12-11 14:30:00-05:00,443.44000244140625,443.7099914550781,442.89520263671875,443.1700134277344
2024-12-11 15:30:00-05:00,443.1300048828125,443.2699890136719,442.3800048828125,442.510009765625
2024-12-12 09:30:00-05:00,442.489990234375,443.1199951171875,441.44000244140625,442.1600036621094
2024-12-12 10:30:00-05:00,442.1300048828125,442.7300109863281,441.57000732421875,442.6099853515625
2024-12-12 11:30:00-05:00,442.57000732421875,442.57000732421875,441.3900146484375,441.8900146484375
2024-12-12 12:30:00-05:00,441.8800048828125,441.95770263671875,441.07000732421875,441.3699951171875
2024-12-12 13:30:00-05:00,441.40008544921875,441.4200134277344,440.1099853515625,440.2200012207031
2024-12-12 14:30:00-05:00,440.2099914550781,440.6499938964844,440.0549011230469,440.57000732421875
2024-12-12 15:30:00-05:00,440.5799865722656,440.8399963378906,440.0899963378906,440.239990234375
2024-12-13 09:30:00-05:00,440.8599853515625,441.5299987792969,439.42999267578125,440.260009765625
2024-12-13 10:30:00-05:00,440.25,440.5,439.3399963378906,440.260009765625
2024-12-13 11:30:00-05:00,440.20001220703125,440.67999267578125,438.9700012207031,439.3800048828125
2024-12-13 12:30:00-05:00,439.3399963378906,439.82000732421875,438.9200134277344,439.69000244140625
2024-12-13 13:30:00-05:00,439.6700134277344,440.0199890136719,439.3500061035156,439.3599853515625
2024-12-13 14:30:00-05:00,439.3800048828125,439.7200012207031,439.1499938964844,439.29998779296875
2024-12-13 15:30:00-05:00,439.29998779296875,439.7799987792969,439.2250061035156,439.30999755859375
2024-12-16 09:30:00-05:00,439.6499938964844,440.6700134277344,439.0400085449219,439.7699890136719
2024-12-16 10:30:00-05:00,439.7699890136719,440.3299865722656,439.110107421875,439.2300109863281
2024-12-16 11:30:00-05:00,439.2099914550781,439.5799865722656,438.8800048828125,439.0199890136719
2024-12-16 12:30:00-05:00,439.0400085449219,439.32000732421875,438.75,439.260009765625
2024-12-16 13:30:00-05:00,439.3800048828125,439.3800048828125,438.9649963378906,439.1700134277344
2024-12-16 14:30:00-05:00,439.1700134277344,439.4599914550781,438.8999938964844,439.2749938964844
2024-12-16 15:30:00-05:00,439.2300109863281,439.2699890136719,437.95001220703125,438.3500061035156
2024-12-17 09:30:00-05:00,436.17999267578125,436.82501220703125,435.25,435.7900085449219
2024-12-17 10:30:00-05:00,435.69000244140625,436.3599853515625,435.3399963378906,435.6499938964844
2024-12-17 11:30:00-05:00,435.6300048828125,436.4552917480469,435.5899963378906,435.6700134277344
2024-12-17 12:30:00-05:00,435.739990234375,435.9800109863281,434.9800109863281,435.04998779296875
2024-12-17 13:30:00-05:00,435.0400085449219,435.6000061035156,434.82000732421875,434.82501220703125
2024-12-17 14:30:00-05:00,434.8200988769531,434.95001220703125,434.42999267578125,434.75
2024-12-17 15:30:00-05:00,434.7699890136719,435.989990234375,434.6499938964844,435.55999755859375
2024-12-18 09:30:00-05:00,435.9800109863281,437.2799987792969,435.6000061035156,437.17999267578125
2024-12-18 10:30:00-05:00,437.1499938964844,438.0400085449219,436.7200012207031,437.1199951171875
2024-12-18 11:30:00-05:00,437.064697265625,438.0,436.8900146484375,437.55999755859375
2024-12-18 12:30:00-05:00,437.4750061035156,437.82000732421875,436.6499938964844,436.6625061035156
2024-12-18 13:30:00-05:00,436.6600036621094,437.4200134277344,432.8599853515625,432.9200134277344
2024-12-18 14:30:00-05:00,432.94000244140625,433.8299865722656,429.0704040527344,429.19000244140625
2024-12-18 15:30:00-05:00,429.2200012207031,429.4800109863281,423.9800109863281,424.260009765625
2024-12-19 09:30:00-05:00,427.510009765625,428.9700012207031,425.5400085449219,425.8299865722656
2024-12-19 10:30:00-05:00,425.8699951171875,427.260009765625,425.3299865722656,427.2099914550781
2024-12-19 11:30:00-05:00,427.0400085449219,427.5,425.6499938964844,425.70001220703125
2024-12-19 12:30:00-05:00,425.760009765625,427.04998779296875,425.2200012207031,426.9599914550781
2024-12-19 13:30:00-05:00,426.9100036621094,427.94500732421875,426.3699951171875,426.6199951171875
2024-12-19 14:30:00-05:00,426.6700134277344,426.67999267578125,425.510009765625,426.1300048828125
2024-12-19 15:30:00-05:00,426.2099914550781,426.8699951171875,424.45001220703125,424.55999755859375
2024-12-20 09:30:00-05:00,422.05999755859375,425.82501220703125,421.7200012207031,425.7601013183594
2024-12-20 10:30:00-05:00,425.7699890136719,429.44000244140625,425.7699890136719,429.42999267578125
2024-12-20 11:30:00-05:00,429.4200134277344,432.0799865722656,429.30999755859375,431.92999267578125
2024-12-20 12:30:00-05:00,431.94000244140625,431.94000244140625,429.5173034667969,429.5400085449219
2024-12-20 13:30:00-05:00,429.54998779296875,430.2900085449219,429.1700134277344,430.260009765625
2024-12-20 14:30:00-05:00,430.20001220703125,430.69000244140625,428.8500061035156,429.19000244140625
2024-12-20 15:30:00-05:00,429.20001220703125,429.8299865722656,427.82000732421875,428.5199890136719
2024-12-23 09:30:00-05:00,427.29998779296875,427.7900085449219,424.9800109863281,426.072509765625
2024-12-23 10:30:00-05:00,426.19000244140625,426.57000732421875,425.1700134277344,426.260009765625
2024-12-23 11:30:00-05:00,426.2300109863281,427.8699951171875,426.0199890136719,427.3999938964844
2024-12-23 12:30:00-05:00,427.3299865722656,428.1000061035156,426.9501037597656,428.0899963378906
2024-12-23 13:30:00-05:00,428.0799865722656,428.3699951171875,427.760498046875,427.8299865722656
2024-12-23 14:30:00-05:00,427.92999267578125,428.2650146484375,427.5,428.2200012207031
2024-12-23 15:30:00-05:00,428.19000244140625,429.4389953613281,428.1099853515625,428.8599853515625
2024-12-24 09:30:00-05:00,428.8900146484375,430.4700012207031,428.2799987792969,430.2099914550781
2024-12-24 10:30:00-05:00,430.19000244140625,431.17999267578125,430.19000244140625,430.7950134277344
2024-12-24 11:30:00-05:00,430.79998779296875,432.1600036621094,430.79998779296875,432.0199890136719
2024-12-26 09:30:00-05:00,430.9700012207031,432.3489990234375,430.92999267578125,432.0668029785156
2024-12-26 10:30:00-05:00,432.0899963378906,432.92999267578125,431.6300048828125,432.69000244140625
2024-12-26 11:30:00-05:00,432.68011474609375,433.6700134277344,432.68011474609375,433.1000061035156
2024-12-26 12:30:00-05:00,433.05999755859375,433.4800109863281,432.4700012207031,433.32000732421875
2024-12-26 13:30:00-05:00,433.2998962402344,433.3500061035156,432.5,432.760009765625
2024-12-26 14:30:00-05:00,432.7799987792969,433.30999755859375,432.6099853515625,433.1199951171875
2024-12-26 15:30:00-05:00,432.94000244140625,433.6199951171875,432.8599853515625,433.20001220703125
2024-12-27 09:30:00-05:00,430.5799865722656,432.2900085449219,429.1400146484375,429.239990234375
2024-12-27 10:30:00-05:00,429.17999267578125,430.1099853515625,428.6600036621094,429.79998779296875
2024-12-27 11:30:00-05:00,429.8800048828125,430.1600036621094,427.4700012207031,427.8999938964844
2024-12-27 12:30:00-05:00,428.0899963378906,428.8299865722656,427.42999267578125,428.54998779296875
2024-12-27 13:30:00-05:00,428.4599914550781,430.1099853515625,428.4100036621094,429.7099914550781
2024-12-27 14:30:00-05:00,429.57000732421875,430.6600036621094,428.9599914550781,429.260009765625
2024-12-27 15:30:00-05:00,429.1700134277344,430.3900146484375,428.54998779296875,430.0199890136719
2024-12-30 09:30:00-05:00,425.4700012207031,425.5799865722656,422.5199890136719,422.8500061035156
2024-12-30 10:30:00-05:00,422.864990234375,425.6000061035156,422.864990234375,425.2699890136719
2024-12-30 11:30:00-05:00,425.4949951171875,426.989990234375,425.2699890136719,426.7799987792969
2024-12-30 12:30:00-05:00,426.7200012207031,427.6400146484375,426.2349853515625,426.989990234375
2024-12-30 13:30:00-05:00,426.9100036621094,427.6499938964844,426.32000732421875,426.95001220703125
2024-12-30 14:30:00-05:00,426.8699951171875,427.6600036621094,426.6000061035156,426.6099853515625
2024-12-30 15:30:00-05:00,426.70001220703125,427.302001953125,425.6400146484375,425.7799987792969
2024-12-31 09:30:00-05:00,426.9100036621094,427.7398986816406,426.239990234375,426.95001220703125
2024-12-31 10:30:00-05:00,426.92999267578125,427.1099853515625,425.2099914550781,425.30999755859375
2024-12-31 11:30:00-05:00,425.260009765625,425.7099914550781,424.4200134277344,424.4700012207031
2024-12-31 12:30:00-05:00,424.5199890136719,425.7799987792969,424.0350036621094,424.29998779296875
2024-12-31 13:30:00-05:00,424.19000244140625,425.4800109863281,424.17999267578125,424.5
2024-12-31 14:30:00-05:00,424.489990234375,425.739990234375,424.08770751953125,425.70001220703125
2024-12-31 15:30:00-05:00,425.760009765625,425.8699951171875,424.739990234375,425.5
2025-01-02 09:30:00-05:00,428.3399963378906,428.9599914550781,426.04998779296875,426.3399963378906
2025-01-02 10:30:00-05:00,426.32000732421875,426.9599914550781,424.3454895019531,425.7200012207031
2025-01-02 11:30:00-05:00,425.6499938964844,426.55999755859375,423.8599853515625,423.9917907714844
2025-01-02 12:30:00-05:00,423.8800048828125,423.9599914550781,421.94000244140625,422.7300109863281
2025-01-02 13:30:00-05:00,422.6600036621094,423.3800048828125,421.5899963378906,423.3800048828125
2025-01-02 14:30:00-05:00,423.25,424.3599853515625,422.3800048828125,424.1600036621094
2025-01-02 15:30:00-05:00,424.1600036621094,424.6199951171875,423.48748779296875,423.8500061035156
2025-01-03 09:30:00-05:00,425.8500061035156,426.9100036621094,424.20001220703125,425.7300109863281
2025-01-03 10:30:00-05:00,425.6650085449219,426.70599365234375,425.3500061035156,426.0299987792969
2025-01-03 11:30:00-05:00,426.0299987792969,426.82000732421875,426.0,426.2699890136719
2025-01-03 12:30:00-05:00,426.32000732421875,427.1300048828125,426.1300048828125,427.1300048828125
2025-01-03 13:30:00-05:00,427.1300048828125,427.3800048828125,426.7900085449219,427.2799987792969
2025-01-03 14:30:00-05:00,427.2900085449219,427.7699890136719,426.69000244140625,427.2900085449219
2025-01-03 15:30:00-05:00,427.2799987792969,427.40869140625,426.760009765625,427.19000244140625
2025-01-06 09:30:00-05:00,428.8599853515625,430.5299987792969,427.989990234375,429.80999755859375
2025-01-06 10:30:00-05:00,429.95001220703125,430.54998779296875,429.0799865722656,430.5111083984375
2025-01-06 11:30:00-05:00,430.4800109863281,431.1199951171875,430.04998779296875,430.17999267578125
2025-01-06 12:30:00-05:00,430.1099853515625,430.2489929199219,428.5799865722656,428.7799987792969
2025-01-06 13:30:00-05:00,428.8699951171875,428.8999938964844,427.1000061035156,427.6300048828125
2025-01-06 14:30:00-05:00,427.5899963378906,427.8699951171875,426.3399963378906,426.8900146484375
2025-01-06 15:30:00-05:00,427.0799865722656,427.20001220703125,426.0799865722656,427.1300048828125
2025-01-07 09:30:00-05:00,428.8999938964844,429.32000732421875,426.20001220703125,427.9450988769531
2025-01-07 10:30:00-05:00,427.9750061035156,428.2200012207031,425.9200134277344,427.3699951171875
2025-01-07 11:30:00-05:00,427.3500061035156,427.7099914550781,426.1499938964844,426.385009765625
2025-01-07 12:30:00-05:00,426.44000244140625,427.1199951171875,425.510009765625,427.07940673828125
2025-01-07 13:30:00-05:00,427.04998779296875,427.07000732421875,426.25,426.6799011230469
2025-01-07 14:30:00-05:00,426.54010009765625,426.6300048828125,424.3399963378906,424.45001220703125
2025-01-07 15:30:00-05:00,424.54998779296875,425.4599914550781,423.8599853515625,425.3500061035156
2025-01-08 09:30:00-05:00,425.4100036621094,425.4100036621094,423.260009765625,423.5
2025-01-08 10:30:00-05:00,423.3800048828125,425.44000244140625,423.3100891113281,425.0899963378906
2025-01-08 11:30:00-05:00,425.19000244140625,426.0299987792969,423.57000732421875,423.69000244140625
2025-01-08 12:30:00-05:00,423.70001220703125,425.7463073730469,423.5150146484375,425.4704895019531
2025-01-08 13:30:00-05:00,425.42999267578125,426.55999755859375,424.1099853515625,426.4100036621094
2025-01-08 14:30:00-05:00,426.2900085449219,426.2900085449219,425.239990234375,425.923095703125
2025-01-08 15:30:00-05:00,426.010009765625,426.54998779296875,425.4482116699219,426.1400146484375
2025-01-10 09:30:00-05:00,424.2799987792969,424.3299865722656,419.9540100097656,420.95001220703125
2025-01-10 10:30:00-05:00,420.9100036621094,421.5,419.57000732421875,419.67498779296875
2025-01-10 11:30:00-05:00,419.55999755859375,420.1199951171875,418.79998779296875,419.5400085449219
2025-01-10 12:30:00-05:00,419.5299987792969,421.79510498046875,419.4200134277344,421.3800048828125
2025-01-10 13:30:00-05:00,421.0400085449219,421.8599853515625,420.05999755859375,420.71990966796875
2025-01-10 14:30:00-05:00,420.6099853515625,420.6099853515625,419.05499267578125,419.31988525390625
2025-01-10 15:30:00-05:00,419.1700134277344,419.82000732421875,418.8900146484375,419.3599853515625
2025-01-13 09:30:00-05:00,418.760009765625,421.5899963378906,418.510009765625,420.4100036621094
2025-01-13 10:30:00-05:00,420.4700012207031,421.8599853515625,420.3800048828125,420.7287902832031
2025-01-13 11:30:00-05:00,420.6300048828125,421.19000244140625,419.5,420.94000244140625
2025-01-13 12:30:00-05:00,420.8699951171875,421.95001220703125,420.6300048828125,421.8800048828125
2025-01-13 13:30:00-05:00,421.8699951171875,422.5,421.5299987792969,422.3500061035156
2025-01-13 14:30:00-05:00,422.30999755859375,422.9100036621094,421.80999755859375,422.4800109863281
2025-01-13 15:30:00-05:00,422.3840026855469,423.239990234375,422.1600036621094,422.9599914550781
2025-01-14 09:30:00-05:00,424.8800048828125,425.0199890136719,423.4800109863281,424.635009765625
2025-01-14 10:30:00-05:00,424.6700134277344,425.2300109863281,423.114990234375,423.1499938964844
2025-01-14 11:30:00-05:00,423.1499938964844,423.45001220703125,421.54998779296875,422.4700012207031
2025-01-14 12:30:00-05:00,422.45001220703125,424.0199890136719,421.75,423.8699951171875
2025-01-14 13:30:00-05:00,423.8599853515625,425.44000244140625,423.80999755859375,424.9599914550781
2025-01-14 14:30:00-05:00,424.9800109863281,425.510009765625,422.9100036621094,424.0
2025-01-14 15:30:00-05:00,424.0299987792969,425.3399963378906,423.6400146484375,425.20001220703125
2025-01-15 09:30:00-05:00,431.2699890136719,432.75,430.7699890136719,432.0736999511719
2025-01-15 10:30:00-05:00,432.1000061035156,432.25,430.989990234375,431.389892578125
2025-01-15 11:30:00-05:00,431.30999755859375,431.6000061035156,430.5,431.4396057128906
2025-01-15 12:30:00-05:00,431.4150085449219,432.0400085449219,431.25,432.0400085449219
2025-01-15 13:30:00-05:00,432.04998779296875,432.57000732421875,431.92999267578125,432.4750061035156
2025-01-15 14:30:00-05:00,432.489990234375,433.2799987792969,432.489990234375,432.9100036621094
2025-01-15 15:30:00-05:00,432.8599853515625,432.9949951171875,432.1199951171875,432.20001220703125
2025-01-16 09:30:00-05:00,432.0899963378906,432.9100036621094,430.8800048828125,431.2099914550781
2025-01-16 10:30:00-05:00,431.2099914550781,432.260009765625,430.94000244140625,432.1600036621094
2025-01-16 11:30:00-05:00,432.1029052734375,432.7001037597656,431.6836853027344,432.6300048828125
2025-01-16 12:30:00-05:00,432.6000061035156,432.6535949707031,431.6650085449219,431.7699890136719
2025-01-16 13:30:00-05:00,431.7200012207031,431.7799987792969,430.760009765625,431.7300109863281
2025-01-16 14:30:00-05:00,431.5799865722656,432.0899963378906,431.4200134277344,431.5799865722656
2025-01-16 15:30:00-05:00,431.6199951171875,432.3800048828125,431.3999938964844,431.55999755859375
2025-01-17 09:30:00-05:00,434.5400085449219,435.1400146484375,433.9700012207031,435.0400085449219
2025-01-17 10:30:00-05:00,435.0400085449219,436.05999755859375,434.8699951171875,435.75
2025-01-17 11:30:00-05:00,435.79998779296875,436.19000244140625,435.489990234375,436.1400146484375
2025-01-17 12:30:00-05:00,436.1499938964844,436.3900146484375,435.70001220703125,435.80499267578125
2025-01-17 13:30:00-05:00,435.793701171875,435.793701171875,434.92999267578125,435.2749938964844
2025-01-17 14:30:00-05:00,435.239990234375,435.46990966796875,434.6499938964844,435.17999267578125
2025-01-17 15:30:00-05:00,435.17999267578125,435.489990234375,434.6400146484375,434.6600036621094
2025-01-21 09:30:00-05:00,436.3500061035156,438.2799987792969,436.30999755859375,437.70001220703125
2025-01-21 10:30:00-05:00,437.7300109863281,439.1300048828125,437.3900146484375,439.0
2025-01-21 11:30:00-05:00,439.04998779296875,439.2900085449219,438.7049865722656,439.19000244140625
2025-01-21 12:30:00-05:00,439.1700134277344,439.6199951171875,439.0400085449219,439.4100036621094
2025-01-21 13:30:00-05:00,439.45001220703125,439.6499938964844,439.1000061035156,439.4700927734375
2025-01-21 14:30:00-05:00,439.489990234375,439.8299865722656,439.0299987792969,439.8263854980469
2025-01-21 15:30:00-05:00,439.8299865722656,440.42999267578125,439.489990234375,440.17999267578125
2025-01-22 09:30:00-05:00,441.489990234375,441.8699951171875,440.54998779296875,441.4700012207031
2025-01-22 10:30:00-05:00,441.20001220703125,441.4700012207031,440.35009765625,441.1099853515625
2025-01-22 11:30:00-05:00,441.1199035644531,441.55999755859375,440.95001220703125,441.239990234375
2025-01-22 12:30:00-05:00,441.260009765625,441.7597961425781,441.05999755859375,441.5899963378906
2025-01-22 13:30:00-05:00,441.6199951171875,441.8475036621094,441.05999755859375,441.260009765625
2025-01-22 14:30:00-05:00,441.2900085449219,442.0,441.17999267578125,441.57000732421875
2025-01-22 15:30:00-05:00,441.5899963378906,441.7900085449219,441.1050109863281,441.3500061035156
2025-01-23 09:30:00-05:00,441.5199890136719,442.7900085449219,441.5199890136719,442.1400146484375
2025-01-23 10:30:00-05:00,442.1400146484375,444.0,442.0899963378906,443.8900146484375
2025-01-23 11:30:00-05:00,443.8699951171875,444.2799987792969,443.69000244140625,444.19000244140625
2025-01-23 12:30:00-05:00,444.19000244140625,445.239990234375,444.1000061035156,445.0199890136719
2025-01-23 13:30:00-05:00,445.0400085449219,445.07000732421875,444.5450134277344,444.80999755859375
2025-01-23 14:30:00-05:00,444.80999755859375,445.0498962402344,444.7200012207031,444.80999755859375
2025-01-23 15:30:00-05:00,444.7900085449219,445.45001220703125,444.44500732421875,445.3900146484375
2025-01-24 09:30:00-05:00,444.79998779296875,445.2699890136719,443.94989013671875,444.7007141113281
2025-01-24 10:30:00-05:00,444.67999267578125,445.1700134277344,444.3406066894531,445.04010009765625
2025-01-24 11:30:00-05:00,445.1661071777344,445.4800109863281,444.6700134277344,445.0421142578125
2025-01-24 12:30:00-05:00,444.989990234375,445.2699890136719,444.4200134277344,444.625
2025-01-24 13:30:00-05:00,444.6600036621094,444.8591003417969,443.79998779296875,443.94000244140625
2025-01-24 14:30:00-05:00,444.0199890136719,444.25,443.5400085449219,443.6400146484375
2025-01-24 15:30:00-05:00,443.6499938964844,444.239990234375,443.3399963378906,444.1050109863281
2025-01-27 09:30:00-05:00,440.6400146484375,444.17999267578125,440.5400085449219,443.9457092285156
2025-01-27 10:30:00-05:00,443.92498779296875,444.30999755859375,443.3399963378906,443.5199890136719
2025-01-27 11:30:00-05:00,443.54998779296875,445.6600036621094,443.45001220703125,445.5098876953125
2025-01-27 12:30:00-05:00,445.4800109863281,445.75,444.55999755859375,444.9100036621094
2025-01-27 13:30:00-05:00,444.9200134277344,447.2699890136719,444.7699890136719,447.1499938964844
2025-01-27 14:30:00-05:00,447.1600036621094,447.1600036621094,445.489990234375,446.05999755859375
2025-01-27 15:30:00-05:00,446.1600036621094,447.30999755859375,445.89990234375,447.1199951171875
2025-01-28 09:30:00-05:00,447.20001220703125,448.78131103515625,446.17999267578125,448.5899963378906
2025-01-28 10:30:00-05:00,448.5899963378906,449.739990234375,447.4908142089844,447.67999267578125
2025-01-28 11:30:00-05:00,447.69000244140625,448.6199951171875,447.1499938964844,448.239990234375
2025-01-28 12:30:00-05:00,448.24481201171875,449.04998779296875,448.0400085449219,448.739990234375
2025-01-28 13:30:00-05:00,448.79998779296875,449.0400085449219,447.7500915527344,448.2300109863281
2025-01-28 14:30:00-05:00,448.23968505859375,448.7900085449219,448.19000244140625,448.44000244140625
2025-01-28 15:30:00-05:00,448.3999938964844,448.9200134277344,448.3500061035156,448.3900146484375
2025-01-29 09:30:00-05:00,448.2099914550781,449.42498779296875,448.14898681640625,448.95001220703125
2025-01-29 10:30:00-05:00,449.0799865722656,449.6099853515625,448.3999938964844,448.54998779296875
2025-01-29 11:30:00-05:00,448.5299987792969,448.8900146484375,448.1300048828125,448.52130126953125
2025-01-29 12:30:00-05:00,448.5899963378906,448.6600036621094,446.7200012207031,448.07501220703125
2025-01-29 13:30:00-05:00,448.1000061035156,448.19000244140625,445.80999755859375,445.8999938964844
2025-01-29 14:30:00-05:00,445.7699890136719,448.42999267578125,445.76800537109375,448.2799987792969
2025-01-29 15:30:00-05:00,448.2699890136719,448.42999267578125,446.9200134277344,447.1600036621094
2025-01-30 09:30:00-05:00,446.5400085449219,448.7699890136719,446.5050048828125,447.3999938964844
2025-01-30 10:30:00-05:00,447.4800109863281,448.7300109863281,447.0799865722656,447.94000244140625
2025-01-30 11:30:00-05:00,447.8999938964844,448.9700012207031,447.6499938964844,447.79998779296875
2025-01-30 12:30:00-05:00,447.8399963378906,449.2900085449219,447.81500244140625,449.239990234375
2025-01-30 13:30:00-05:00,449.2856140136719,449.9800109863281,449.2856140136719,449.5
2025-01-30 14:30:00-05:00,449.5400085449219,450.1099853515625,449.260009765625,449.7200012207031
2025-01-30 15:30:00-05:00,449.6600036621094,449.760009765625,446.3500061035156,448.7799987792969
2025-01-31 09:30:00-05:00,450.0299987792969,450.3599853515625,448.68548583984375,449.3699951171875
2025-01-31 10:30:00-05:00,449.3399963378906,449.55999755859375,448.57000732421875,448.7699890136719
2025-01-31 11:30:00-05:00,448.739990234375,449.44000244140625,448.25,449.3500061035156
2025-01-31 12:30:00-05:00,449.3800048828125,449.5498962402344,447.20001220703125,447.3299865722656
2025-01-31 13:30:00-05:00,447.29998779296875,447.3500061035156,445.25,446.55999755859375
2025-01-31 14:30:00-05:00,446.6199951171875,446.9599914550781,445.0400085449219,445.32000732421875
2025-01-31 15:30:00-05:00,445.3800048828125,446.2799987792969,445.06500244140625,445.3500061035156
2025-02-03 09:30:00-05:00,439.6099853515625,443.3699951171875,438.70001220703125,443.3500061035156
2025-02-03 10:30:00-05:00,443.3699951171875,445.2099914550781,442.7149963378906,444.4999084472656
2025-02-03 11:30:00-05:00,444.4599914550781,445.1499938964844,443.69000244140625,444.42999267578125
2025-02-03 12:30:00-05:00,444.239990234375,444.7900085449219,443.1961975097656,444.510009765625
2025-02-03 13:30:00-05:00,444.5299987792969,445.6684875488281,444.20001220703125,445.3599853515625
2025-02-03 14:30:00-05:00,445.3900146484375,445.8949890136719,444.5199890136719,444.5899963378906
2025-02-03 15:30:00-05:00,444.5819091796875,445.3999938964844,444.1199951171875,444.239990234375
2025-02-04 09:30:00-05:00,444.2300109863281,444.6698913574219,443.2699890136719,444.1700134277344
2025-02-04 10:30:00-05:00,444.1700134277344,445.3699951171875,443.9800109863281,445.32000732421875
2025-02-04 11:30:00-05:00,445.32501220703125,445.4100036621094,444.2200012207031,444.2349853515625
2025-02-04 12:30:00-05:00,444.29998779296875,445.2200012207031,443.989990234375,444.94000244140625
2025-02-04 13:30:00-05:00,445.010009765625,445.9200134277344,444.5899963378906,445.6400146484375
2025-02-04 14:30:00-05:00,445.6300048828125,446.0,445.07000732421875,445.17559814453125
2025-02-04 15:30:00-05:00,445.1600036621094,445.8037109375,445.1600036621094,445.5199890136719
2025-02-05 09:30:00-05:00,445.7200012207031,446.1499938964844,443.4100036621094,445.57000732421875
2025-02-05 10:30:00-05:00,445.55999755859375,446.2099914550781,445.0400085449219,446.159912109375
2025-02-05 11:30:00-05:00,446.1300048828125,447.06988525390625,446.0299987792969,446.6239929199219
2025-02-05 12:30:00-05:00,446.7099914550781,447.2200012207031,446.64569091796875,447.05999755859375
2025-02-05 13:30:00-05:00,447.0899963378906,448.32989501953125,447.0,448.17999267578125
2025-02-05 14:30:00-05:00,448.17999267578125,448.84991455078125,447.7900085449219,448.5199890136719
2025-02-05 15:30:00-05:00,448.5199890136719,448.7799987792969,448.30999755859375,448.6600036621094
2025-02-06 09:30:00-05:00,449.3500061035156,449.7300109863281,447.8782043457031,447.9382019042969
2025-02-06 10:30:00-05:00,447.9200134277344,448.1600036621094,447.2799987792969,447.7799987792969
2025-02-06 11:30:00-05:00,447.760009765625,447.82000732421875,446.79998779296875,447.4198913574219
2025-02-06 12:30:00-05:00,447.42559814453125,447.8299865722656,446.97918701171875,447.1300048828125
2025-02-06 13:30:00-05:00,447.1499938964844,447.260009765625,446.3599853515625,446.4700927734375
2025-02-06 14:30:00-05:00,446.5057067871094,447.0050048828125,445.3900146484375,446.8301086425781
2025-02-06 15:30:00-05:00,446.9200134277344,447.5400085449219,446.57000732421875,447.3900146484375
2025-02-07 09:30:00-05:00,447.7799987792969,448.489990234375,445.8800048828125,446.30999755859375
2025-02-07 10:30:00-05:00,446.239990234375,446.9200134277344,443.9849853515625,444.4599914550781
2025-02-07 11:30:00-05:00,444.489990234375,445.239990234375,443.6700134277344,444.2850036621094
2025-02-07 12:30:00-05:00,444.25,445.1099853515625,444.1282043457031,444.5
2025-02-07 13:30:00-05:00,444.5,444.8399963378906,443.04998779296875,443.1600036621094
2025-02-07 14:30:00-05:00,443.1455993652344,443.6499938964844,442.79998779296875,442.9299011230469
2025-02-07 15:30:00-05:00,442.92999267578125,443.489990234375,442.8900146484375,443.1400146484375
2025-02-10 09:30:00-05:00,445.82000732421875,446.2699890136719,443.6499938964844,444.5299987792969
2025-02-10 10:30:00-05:00,444.5400085449219,444.9159851074219,443.42999267578125,443.7699890136719
2025-02-10 11:30:00-05:00,443.7900085449219,444.1199951171875,443.1000061035156,443.5400085449219
2025-02-10 12:30:00-05:00,443.5899963378906,444.7099914550781,443.57000732421875,444.32000732421875
2025-02-10 13:30:00-05:00,444.3299865722656,445.05999755859375,444.1199951171875,444.82379150390625
2025-02-10 14:30:00-05:00,444.8599853515625,444.989990234375,444.3999938964844,444.4599914550781
2025-02-10 15:30:00-05:00,444.4599914550781,445.0,444.2900085449219,444.75
2025-02-11 09:30:00-05:00,443.3399963378906,444.25,443.2347106933594,444.1700134277344
2025-02-11 10:30:00-05:00,444.1600036621094,445.45001220703125,443.9949951171875,445.0400085449219
2025-02-11 11:30:00-05:00,445.0400085449219,445.6199951171875,444.7799987792969,445.2099914550781
2025-02-11 12:30:00-05:00,445.25,445.3800048828125,444.6000061035156,444.9471130371094
2025-02-11 13:30:00-05:00,444.9700012207031,445.67498779296875,444.9599914550781,445.3800048828125
2025-02-11 14:30:00-05:00,445.364990234375,446.489990234375,445.364990234375,446.2099914550781
2025-02-11 15:30:00-05:00,446.2200012207031,446.5400085449219,445.7550964355469,446.1199951171875
2025-02-12 09:30:00-05:00,442.3399963378906,442.875,441.07000732421875,442.5398864746094
2025-02-12 10:30:00-05:00,442.5,443.8500061035156,441.4649963378906,441.760009765625
2025-02-12 11:30:00-05:00,441.7300109863281,444.55999755859375,441.7099914550781,444.4366149902344
2025-02-12 12:30:00-05:00,444.3800048828125,444.7900085449219,443.8299865722656,444.010009765625
2025-02-12 13:30:00-05:00,444.0172119140625,444.30999755859375,443.4800109863281,443.8599853515625
2025-02-12 14:30:00-05:00,443.75,444.3599853515625,443.32000732421875,443.32000732421875
2025-02-12 15:30:00-05:00,443.3299865722656,443.8699951171875,443.1025085449219,443.67999267578125
2025-02-13 09:30:00-05:00,445.1499938964844,445.3299865722656,443.70001220703125,444.7200012207031
2025-02-13 10:30:00-05:00,444.7200012207031,445.44500732421875,444.44000244140625,444.8717956542969
2025-02-13 11:30:00-05:00,444.8009033203125,445.30999755859375,444.5,445.2900085449219
2025-02-13 12:30:00-05:00,445.2900085449219,445.32000732421875,444.1700134277344,445.1300048828125
2025-02-13 13:30:00-05:00,445.1000061035156,447.3500061035156,444.5400085449219,447.239990234375
2025-02-13 14:30:00-05:00,447.25,447.8500061035156,447.04998779296875,447.7699890136719
2025-02-13 15:30:00-05:00,447.75,447.75,447.0199890136719,447.2200012207031
2025-02-14 09:30:00-05:00,447.1000061035156,448.0386962890625,446.6400146484375,446.67999267578125
2025-02-14 10:30:00-05:00,446.67999267578125,447.4700012207031,446.20001220703125,446.5
2025-02-14 11:30:00-05:00,446.489990234375,446.94000244140625,446.17999267578125,446.25
2025-02-14 12:30:00-05:00,446.30999755859375,446.55999755859375,445.9800109863281,446.4613037109375
2025-02-14 13:30:00-05:00,446.4601135253906,446.9200134277344,446.29998779296875,446.3598937988281
2025-02-14 14:30:00-05:00,446.3500061035156,446.4997863769531,445.5799865722656,445.6199951171875
2025-02-14 15:30:00-05:00,445.6400146484375,445.9800109863281,445.3500061035156,445.7900085449219
2025-02-18 09:30:00-05:00,445.2799987792969,445.6199951171875,444.25,445.0899963378906
2025-02-18 10:30:00-05:00,445.1000061035156,445.9963073730469,444.739990234375,445.0299987792969
2025-02-18 11:30:00-05:00,444.9800109863281,445.4200134277344,444.8900146484375,445.24200439453125
2025-02-18 12:30:00-05:00,445.2799987792969,445.54998779296875,444.7799987792969,445.20001220703125
2025-02-18 13:30:00-05:00,445.15008544921875,445.2149963378906,443.6300048828125,444.0299987792969
2025-02-18 14:30:00-05:00,444.010009765625,444.9599914550781,443.9599914550781,444.9200134277344
2025-02-18 15:30:00-05:00,444.9100036621094,446.0,444.8699951171875,445.94000244140625
2025-02-19 09:30:00-05:00,444.7799987792969,444.94000244140625,444.0400085449219,444.52850341796875
2025-02-19 10:30:00-05:00,444.4800109863281,444.9800109863281,443.8999938964844,444.7300109863281
2025-02-19 11:30:00-05:00,444.7200012207031,445.1600036621094,444.2850036621094,444.29998779296875
2025-02-19 12:30:00-05:00,444.3399963378906,444.6000061035156,443.54998779296875,444.489990234375
2025-02-19 13:30:00-05:00,444.54998779296875,446.2799987792969,444.5350036621094,446.0899963378906
2025-02-19 14:30:00-05:00,446.1000061035156,446.2900085449219,445.6400146484375,446.04998779296875
2025-02-19 15:30:00-05:00,446.04998779296875,446.79998779296875,446.010009765625,446.6600036621094
2025-02-20 09:30:00-05:00,445.2699890136719,445.55999755859375,442.2300109863281,442.3500061035156
2025-02-20 10:30:00-05:00,442.3999938964844,442.7799987792969,440.7799987792969,440.9800109863281
2025-02-20 11:30:00-05:00,440.9800109863281,441.2300109863281,440.05499267578125,441.07000732421875
2025-02-20 12:30:00-05:00,441.04998779296875,441.3299865722656,439.9649963378906,440.1695861816406
2025-02-20 13:30:00-05:00,440.1300048828125,441.4700012207031,440.07501220703125,441.1400146484375
2025-02-20 14:30:00-05:00,441.1499938964844,441.989990234375,440.8399963378906,441.8999938964844
2025-02-20 15:30:00-05:00,441.8900146484375,442.42999267578125,441.5799865722656,442.3599853515625
2025-02-21 09:30:00-05:00,439.1000061035156,439.3900146484375,437.3599853515625,437.8299865722656
2025-02-21 10:30:00-05:00,437.80999755859375,438.3299865722656,437.4849853515625,437.8500061035156
2025-02-21 11:30:00-05:00,437.82501220703125,438.3399963378906,436.9620056152344,437.04998779296875
2025-02-21 12:30:00-05:00,437.07501220703125,437.07501220703125,434.7200012207031,434.7200012207031
2025-02-21 13:30:00-05:00,434.7301025390625,435.30999755859375,433.35040283203125,433.6099853515625
2025-02-21 14:30:00-05:00,433.7200012207031,434.489990234375,433.4700012207031,434.4342956542969
2025-02-21 15:30:00-05:00,434.4800109863281,434.57000732421875,433.7799987792969,434.1600036621094
2025-02-24 09:30:00-05:00,435.8500061035156,436.3999938964844,433.3450012207031,434.6300048828125
2025-02-24 10:30:00-05:00,434.6400146484375,435.8999938964844,433.7099914550781,435.6600036621094
2025-02-24 11:30:00-05:00,435.7200012207031,436.4112854003906,435.2099914550781,436.0
2025-02-24 12:30:00-05:00,435.9700012207031,436.760009765625,435.8699951171875,436.4800109863281
2025-02-24 13:30:00-05:00,436.44000244140625,436.8999938964844,435.9700012207031,436.0950012207031
2025-02-24 14:30:00-05:00,436.0899963378906,436.5400085449219,435.42999267578125,435.42999267578125
2025-02-24 15:30:00-05:00,435.4599914550781,435.8599853515625,434.1700134277344,434.55999755859375
2025-02-25 09:30:00-05:00,435.5350036621094,437.25,432.87298583984375,432.989990234375
2025-02-25 10:30:00-05:00,433.1000061035156,435.32000732421875,432.65179443359375,433.9732971191406
2025-02-25 11:30:00-05:00,433.989990234375,434.989990234375,432.92999267578125,434.7099914550781
2025-02-25 12:30:00-05:00,434.67999267578125,436.9100036621094,434.6400146484375,434.94000244140625
2025-02-25 13:30:00-05:00,434.94000244140625,436.5616149902344,434.5799865722656,434.7099914550781
2025-02-25 14:30:00-05:00,434.8399963378906,437.5400085449219,434.8399963378906,436.9100036621094
2025-02-25 15:30:00-05:00,436.75,436.9700012207031,435.44000244140625,436.1099853515625
2025-02-26 09:30:00-05:00,436.44000244140625,438.3999938964844,435.4599914550781,437.94000244140625
2025-02-26 10:30:00-05:00,438.0199890136719,438.5199890136719,437.4800109863281,437.4800109863281
2025-02-26 11:30:00-05:00,437.45001220703125,437.80999755859375,436.42999267578125,436.9800109863281
2025-02-26 12:30:00-05:00,437.05999755859375,437.20001220703125,433.6099853515625,433.70001220703125
2025-02-26 13:30:00-05:00,433.6099853515625,434.4800109863281,433.0,434.2300109863281
2025-02-26 14:30:00-05:00,434.0199890136719,434.8999938964844,433.57000732421875,434.010009765625
2025-02-26 15:30:00-05:00,433.95001220703125,435.17999267578125,433.7699890136719,434.3399963378906
2025-02-27 09:30:00-05:00,434.44000244140625,438.7300109863281,434.3599853515625,438.0
2025-02-27 10:30:00-05:00,437.9700012207031,438.75,437.1051025390625,437.4700012207031
2025-02-27 11:30:00-05:00,437.45001220703125,438.05999755859375,435.3500061035156,437.04998779296875
2025-02-27 12:30:00-05:00,437.1189880371094,437.4700012207031,435.9800109863281,437.1600036621094
2025-02-27 13:30:00-05:00,436.9599914550781,437.3800048828125,434.95001220703125,434.95001220703125
2025-02-27 14:30:00-05:00,434.96630859375,434.9800109863281,432.4100036621094,432.4100036621094
2025-02-27 15:30:00-05:00,432.5,433.3599853515625,432.1000061035156,432.3699951171875
2025-02-28 09:30:00-05:00,433.05999755859375,435.25,432.510009765625,435.0
2025-02-28 10:30:00-05:00,435.010009765625,435.4800109863281,433.6269836425781,433.6300048828125
2025-02-28 11:30:00-05:00,433.6199951171875,435.239990234375,433.5299987792969,434.1400146484375
2025-02-28 12:30:00-05:00,434.239990234375,434.239990234375,431.0199890136719,432.2900085449219
2025-02-28 13:30:00-05:00,432.2200012207031,433.6700134277344,431.7699890136719,433.239990234375
2025-02-28 14:30:00-05:00,433.2799987792969,435.7099914550781,433.0,435.6700134277344
2025-02-28 15:30:00-05:00,435.6700134277344,438.82000732421875,434.739990234375,438.3599853515625
2025-03-03 09:30:00-05:00,439.5400085449219,440.69000244140625,437.79998779296875,439.1400146484375
2025-03-03 10:30:00-05:00,439.05999755859375,439.8800048828125,437.510009765625,437.510009765625
2025-03-03 11:30:00-05:00,437.6199951171875,438.42999267578125,436.5,438.2099914550781
2025-03-03 12:30:00-05:00,438.17999267578125,438.4599914550781,434.5299987792969,434.6600036621094
2025-03-03 13:30:00-05:00,434.6400146484375,435.7799987792969,434.1700134277344,434.8299865722656
2025-03-03 14:30:00-05:00,434.75,435.9700012207031,430.1099853515625,430.32000732421875
2025-03-03 15:30:00-05:00,430.3299865722656,432.20001220703125,429.4762878417969,432.1600036621094
2025-03-04 09:30:00-05:00,429.67999267578125,429.7900085449219,424.58990478515625,425.9700012207031
2025-03-04 10:30:00-05:00,425.80999755859375,426.5299987792969,423.8500061035156,424.2701110839844
2025-03-04 11:30:00-05:00,424.3599853515625,426.6700134277344,424.2799987792969,426.2632141113281
2025-03-04 12:30:00-05:00,426.260009765625,427.8599853515625,425.1700134277344,426.4671936035156
2025-03-04 13:30:00-05:00,426.4100036621094,429.7300109863281,426.1199951171875,428.7300109863281
2025-03-04 14:30:00-05:00,428.7200012207031,431.0889892578125,428.3299865722656,430.0899963378906
2025-03-04 15:30:00-05:00,430.07000732421875,430.19000244140625,424.42999267578125,425.5950012207031
2025-03-05 09:30:00-05:00,425.2099914550781,428.0899963378906,425.05499267578125,426.19000244140625
2025-03-05 10:30:00-05:00,426.010009765625,427.5899963378906,424.6400146484375,425.239990234375
2025-03-05 11:30:00-05:00,425.20001220703125,427.69500732421875,424.4468078613281,427.6199951171875
2025-03-05 12:30:00-05:00,427.75,429.07000732421875,426.8800048828125,427.7300109863281
2025-03-05 13:30:00-05:00,427.57000732421875,431.30999755859375,426.9599914550781,430.45001220703125
2025-03-05 14:30:00-05:00,430.510009765625,431.6000061035156,429.8699951171875,431.17999267578125
2025-03-05 15:30:00-05:00,431.0799865722656,431.0799865722656,428.94000244140625,430.17999267578125
2025-03-06 09:30:00-05:00,426.1700134277344,428.0990905761719,424.20001220703125,428.03009033203125
2025-03-06 10:30:00-05:00,428.010009765625,429.94000244140625,427.7900085449219,429.1499938964844
2025-03-06 11:30:00-05:00,429.05999755859375,430.1199951171875,425.0,425.3399963378906
2025-03-06 12:30:00-05:00,425.20318603515625,426.4599914550781,424.239990234375,425.4403991699219
2025-03-06 13:30:00-05:00,425.3599853515625,425.8599853515625,424.043212890625,424.489990234375
2025-03-06 14:30:00-05:00,424.3699951171875,427.2300109863281,424.19000244140625,425.9100036621094
2025-03-06 15:30:00-05:00,426.05999755859375,426.7200012207031,425.0799865722656,426.0
2025-03-07 09:30:00-05:00,424.1000061035156,427.6700134277344,424.0799865722656,426.19049072265625
2025-03-07 10:30:00-05:00,426.1499938964844,426.67999267578125,422.7300109863281,422.8999938964844
2025-03-07 11:30:00-05:00,422.9800109863281,423.8399963378906,421.9800109863281,423.4700012207031
2025-03-07 12:30:00-05:00,423.44000244140625,427.6099853515625,423.1600036621094,426.4024963378906
2025-03-07 13:30:00-05:00,426.55999755859375,429.32000732421875,426.17999267578125,428.7149963378906
2025-03-07 14:30:00-05:00,428.75,429.0,427.489990234375,428.3345031738281
2025-03-07 15:30:00-05:00,428.32000732421875,429.2799987792969,426.5,428.2200012207031
2025-03-10 09:30:00-04:00,423.3900146484375,426.04998779296875,423.2200012207031,425.0299987792969
2025-03-10 10:30:00-04:00,424.9700012207031,425.45001220703125,423.7699890136719,424.8446960449219
2025-03-10 11:30:00-04:00,424.82000732421875,425.5299987792969,422.5199890136719,423.3800048828125
2025-03-10 12:30:00-04:00,423.42999267578125,424.1300048828125,421.5799865722656,421.67999267578125
2025-03-10 13:30:00-04:00,421.5400085449219,421.6582946777344,419.29998779296875,419.489990234375
2025-03-10 14:30:00-04:00,419.52099609375,420.2300109863281,416.6199951171875,419.2200012207031
2025-03-10 15:30:00-04:00,419.239990234375,420.989990234375,418.92999267578125,419.6199951171875
2025-03-11 09:30:00-04:00,418.4700012207031,419.0299987792969,414.739990234375,414.9100036621094
2025-03-11 10:30:00-04:00,414.92999267578125,416.0799865722656,413.29998779296875,414.92999267578125
2025-03-11 11:30:00-04:00,414.8800048828125,416.7900085449219,413.6300048828125,414.3399963378906
2025-03-11 12:30:00-04:00,414.4750061035156,414.7699890136719,412.25,412.5
2025-03-11 13:30:00-04:00,412.5199890136719,416.4100036621094,412.30999755859375,415.8900146484375
2025-03-11 14:30:00-04:00,415.8900146484375,418.5199890136719,415.1700134277344,416.6099853515625
2025-03-11 15:30:00-04:00,416.6700134277344,417.2699890136719,414.5950012207031,414.69000244140625
2025-03-12 09:30:00-04:00,416.9599914550781,417.57000732421875,412.7699890136719,413.5
2025-03-12 10:30:00-04:00,413.5400085449219,413.6300048828125,410.55999755859375,412.4542236328125
2025-03-12 11:30:00-04:00,412.5400085449219,414.7699890136719,412.239990234375,414.3599853515625
2025-03-12 12:30:00-04:00,414.54998779296875,415.6300048828125,413.6099853515625,415.6300048828125
2025-03-12 13:30:00-04:00,415.6400146484375,415.92999267578125,413.7300109863281,415.0
2025-03-12 14:30:00-04:00,415.010009765625,416.1700134277344,414.1400146484375,414.7300109863281
2025-03-12 15:30:00-04:00,414.9100036621094,415.2095947265625,413.89801025390625,413.92999267578125
2025-03-13 09:30:00-04:00,413.3500061035156,414.19000244140625,411.7799987792969,413.20001220703125
2025-03-13 10:30:00-04:00,413.20001220703125,413.9100036621094,410.7315979003906,410.8609924316406
2025-03-13 11:30:00-04:00,410.8900146484375,411.2200012207031,409.2200012207031,409.4100036621094
2025-03-13 12:30:00-04:00,409.239990234375,410.6400146484375,408.25,408.5199890136719
2025-03-13 13:30:00-04:00,408.4599914550781,409.5199890136719,407.25,409.29998779296875
2025-03-13 14:30:00-04:00,409.32000732421875,410.5400085449219,408.3999938964844,408.8349914550781
2025-03-13 15:30:00-04:00,408.80999755859375,409.2300109863281,408.2099914550781,408.82000732421875
2025-03-14 09:30:00-04:00,410.8299865722656,413.2300109863281,409.9100036621094,411.4800109863281
2025-03-14 10:30:00-04:00,411.69000244140625,414.6499938964844,411.6499938964844,414.239990234375
2025-03-14 11:30:00-04:00,414.25,415.1400146484375,413.5172119140625,413.6600036621094
2025-03-14 12:30:00-04:00,413.6099853515625,415.5400085449219,413.6099853515625,414.6449890136719
2025-03-14 13:30:00-04:00,414.7395935058594,415.0799865722656,413.93499755859375,414.1300048828125
2025-03-14 14:30:00-04:00,414.2200012207031,415.3999938964844,414.2200012207031,414.8699951171875
2025-03-14 15:30:00-04:00,414.8800048828125,415.9100036621094,414.5199890136719,415.3599853515625
2025-03-17 09:30:00-04:00,414.94000244140625,418.2799987792969,414.8399963378906,417.2799987792969
2025-03-17 10:30:00-04:00,417.0675964355469,418.1400146484375,416.82000732421875,417.6499938964844
2025-03-17 11:30:00-04:00,417.6600036621094,418.260009765625,416.75,417.5199890136719
2025-03-17 12:30:00-04:00,417.489990234375,418.7336120605469,417.260009765625,418.6300048828125
2025-03-17 13:30:00-04:00,418.6600036621094,420.3399963378906,418.6199951171875,420.1783142089844
2025-03-17 14:30:00-04:00,420.1199951171875,420.7803039550781,419.8999938964844,420.489990234375
2025-03-17 15:30:00-04:00,420.510009765625,420.6199951171875,419.04998779296875,419.2099914550781
2025-03-18 09:30:00-04:00,418.4200134277344,418.6700134277344,416.54998779296875,417.331787109375
2025-03-18 10:30:00-04:00,417.30999755859375,417.7099914550781,415.5799865722656,415.7200012207031
2025-03-18 11:30:00-04:00,415.7550048828125,416.3699951171875,415.20001220703125,416.3699951171875
2025-03-18 12:30:00-04:00,416.4200134277344,416.44000244140625,414.8800048828125,415.9100036621094
2025-03-18 13:30:00-04:00,415.8399963378906,416.9100036621094,415.75,416.239990234375
2025-03-18 14:30:00-04:00,416.30999755859375,417.17999267578125,416.1839904785156,416.7900085449219
2025-03-18 15:30:00-04:00,416.8699951171875,417.0,416.0400085449219,416.5299987792969
2025-03-19 09:30:00-04:00,417.6099853515625,419.1199951171875,417.0400085449219,418.8399963378906
2025-03-19 10:30:00-04:00,418.8399963378906,419.1700134277344,418.3999938964844,418.8599853515625
2025-03-19 11:30:00-04:00,418.8500061035156,420.1600036621094,418.7300109863281,419.4200134277344
2025-03-19 12:30:00-04:00,419.3900146484375,419.42999267578125,417.7799987792969,417.8399963378906
2025-03-19 13:30:00-04:00,417.7799987792969,419.0849914550781,417.260009765625,418.3999938964844
2025-03-19 14:30:00-04:00,418.4700012207031,422.4930114746094,418.4700012207031,420.5400085449219
2025-03-19 15:30:00-04:00,420.45001220703125,421.67999267578125,420.1400146484375,420.4700012207031
2025-03-20 09:30:00-04:00,417.9200134277344,422.6532897949219,417.6400146484375,422.3999938964844
2025-03-20 10:30:00-04:00,422.3500061035156,423.1400146484375,422.010009765625,422.04998779296875
2025-03-20 11:30:00-04:00,421.8999938964844,422.67999267578125,420.7799987792969,420.9200134277344
2025-03-20 12:30:00-04:00,420.9700012207031,421.3599853515625,419.5950012207031,419.6289978027344
2025-03-20 13:30:00-04:00,419.6300048828125,420.6700134277344,419.3500061035156,419.3500061035156
2025-03-20 14:30:00-04:00,419.29998779296875,420.7699890136719,419.0824890136719,419.6400146484375
2025-03-20 15:30:00-04:00,419.6199951171875,420.75,419.6199951171875,420.1400146484375
2025-03-21 09:30:00-04:00,416.04998779296875,416.2200012207031,414.19000244140625,415.57000732421875
2025-03-21 10:30:00-04:00,415.5199890136719,417.55999755859375,415.260009765625,416.80999755859375
2025-03-21 11:30:00-04:00,416.7300109863281,418.843994140625,416.010009765625,418.7200012207031
2025-03-21 12:30:00-04:00,418.6400146484375,419.4800109863281,418.2701110839844,418.6899108886719
2025-03-21 13:30:00-04:00,418.5299987792969,419.9884948730469,418.2401123046875,418.489990234375
2025-03-21 14:30:00-04:00,418.6000061035156,419.1995849609375,418.1300964355469,418.3800048828125
2025-03-21 15:30:00-04:00,418.3399963378906,420.0050048828125,418.19000244140625,419.6400146484375
2025-03-24 09:30:00-04:00,423.3500061035156,425.2200012207031,422.7850036621094,424.9750061035156
2025-03-24 10:30:00-04:00,424.94000244140625,425.45001220703125,424.6499938964844,425.3399963378906
2025-03-24 11:30:00-04:00,425.3500061035156,425.7200012207031,424.7900085449219,424.94000244140625
2025-03-24 12:30:00-04:00,424.9100036621094,425.05999755859375,423.92401123046875,424.4100036621094
2025-03-24 13:30:00-04:00,424.4100036621094,424.6600036621094,423.70001220703125,423.7850036621094
2025-03-24 14:30:00-04:00,423.7200012207031,425.5799865722656,423.6400146484375,425.3999938964844
2025-03-24 15:30:00-04:00,425.4700012207031,426.2300109863281,425.3500061035156,425.4800109863281
2025-03-25 09:30:00-04:00,426.32000732421875,426.8399963378906,424.8500061035156,426.0199890136719
2025-03-25 10:30:00-04:00,426.0889892578125,426.70001220703125,426.0199890136719,426.4230041503906
2025-03-25 11:30:00-04:00,426.45001220703125,426.45001220703125,425.20001220703125,425.29638671875
2025-03-25 12:30:00-04:00,425.3699951171875,425.9100036621094,425.0799865722656,425.268798828125
2025-03-25 13:30:00-04:00,425.3349914550781,425.61480712890625,424.6400146484375,425.07000732421875
2025-03-25 14:30:00-04:00,425.1300048828125,425.2795104980469,424.6000061035156,424.8500061035156
2025-03-25 15:30:00-04:00,424.95001220703125,426.0,424.3599853515625,425.760009765625
2025-03-26 09:30:00-04:00,426.3299865722656,428.1400146484375,426.30999755859375,427.2300109863281
2025-03-26 10:30:00-04:00,427.1700134277344,427.8599853515625,425.9100036621094,426.0618896484375
2025-03-26 11:30:00-04:00,426.0450134277344,426.5150146484375,424.9200134277344,425.6499938964844
2025-03-26 12:30:00-04:00,425.67999267578125,425.8299865722656,423.97021484375,424.05999755859375
2025-03-26 13:30:00-04:00,423.94000244140625,424.7090148925781,423.5299987792969,424.54998779296875
2025-03-26 14:30:00-04:00,424.489990234375,424.69000244140625,423.1400146484375,423.5799865722656
2025-03-26 15:30:00-04:00,423.6099853515625,424.80999755859375,423.4700012207031,424.2300109863281
2025-03-27 09:30:00-04:00,423.67999267578125,424.8185119628906,421.4549865722656,424.6700134277344
2025-03-27 10:30:00-04:00,424.7099914550781,425.0899963378906,423.9700012207031,423.9700012207031
2025-03-27 11:30:00-04:00,423.8900146484375,424.1199951171875,422.8800048828125,423.66009521484375
2025-03-27 12:30:00-04:00,423.70001220703125,423.989990234375,421.989990234375,422.5
2025-03-27 13:30:00-04:00,422.44000244140625,423.6600036621094,421.989990234375,423.0899963378906
2025-03-27 14:30:00-04:00,423.1400146484375,424.4700012207031,422.6499938964844,424.44000244140625
2025-03-27 15:30:00-04:00,424.0199890136719,424.3900146484375,422.67999267578125,422.9100036621094
2025-03-28 09:30:00-04:00,421.9800109863281,422.3800048828125,418.17999267578125,418.32000732421875
2025-03-28 10:30:00-04:00,418.3699951171875,418.6404113769531,416.8800048828125,417.7699890136719
2025-03-28 11:30:00-04:00,417.70001220703125,418.3699951171875,416.3996887207031,416.3999938964844
2025-03-28 12:30:00-04:00,416.6499938964844,416.9552917480469,415.2200012207031,415.32000732421875
2025-03-28 13:30:00-04:00,415.3299865722656,416.2200012207031,415.20001220703125,415.6445007324219
2025-03-28 14:30:00-04:00,415.5849914550781,416.20001220703125,415.2699890136719,415.6600036621094
2025-03-28 15:30:00-04:00,415.6099853515625,416.2099914550781,415.239990234375,415.6300048828125
2025-03-31 09:30:00-04:00,412.20001220703125,414.8500061035156,411.4366149902344,413.92999267578125
2025-03-31 10:30:00-04:00,414.17999267578125,416.7699890136719,414.17999267578125,416.17999267578125
2025-03-31 11:30:00-04:00,416.1610107421875,417.1400146484375,415.6199951171875,417.1099853515625
2025-03-31 12:30:00-04:00,417.1400146484375,417.48150634765625,415.8900146484375,416.19000244140625
2025-03-31 13:30:00-04:00,416.489990234375,418.8599853515625,415.94000244140625,418.57501220703125
2025-03-31 14:30:00-04:00,418.6499938964844,420.4100036621094,418.1600036621094,419.3782958984375
2025-03-31 15:30:00-04:00,419.5799865722656,421.3599853515625,419.1099853515625,419.94000244140625
2025-04-01 09:30:00-04:00,418.4100036621094,418.4200134277344,415.0,415.92999267578125
2025-04-01 10:30:00-04:00,415.885009765625,421.0299987792969,415.79998779296875,420.29998779296875
2025-04-01 11:30:00-04:00,420.2799987792969,421.28448486328125,419.9599914550781,420.0
2025-04-01 12:30:00-04:00,419.8399963378906,420.32000732421875,418.7300109863281,418.79998779296875
2025-04-01 13:30:00-04:00,418.7300109863281,419.29998779296875,417.0899963378906,417.2099914550781
2025-04-01 14:30:00-04:00,417.260009765625,418.70001220703125,416.7099914550781,418.3999938964844
2025-04-01 15:30:00-04:00,418.3299865722656,420.0,418.2200012207031,419.6300048828125
2025-04-02 09:30:00-04:00,416.3699951171875,419.92999267578125,416.17999267578125,419.92999267578125
2025-04-02 10:30:00-04:00,419.9200134277344,421.6000061035156,419.6499938964844,421.3999938964844
2025-04-02 11:30:00-04:00,421.3699951171875,421.57000732421875,419.7300109863281,421.293701171875
2025-04-02 12:30:00-04:00,421.260009765625,423.6499938964844,420.8399963378906,422.8299865722656
2025-04-02 13:30:00-04:00,422.82000732421875,422.8399963378906,419.4700012207031,419.4849853515625
2025-04-02 14:30:00-04:00,419.44500732421875,421.409912109375,419.4200134277344,421.19000244140625
2025-04-02 15:30:00-04:00,421.07000732421875,422.8699951171875,420.9800109863281,422.0
2025-04-03 09:30:00-04:00,410.9200134277344,411.6099853515625,406.1400146484375,407.1549987792969
2025-04-03 10:30:00-04:00,407.125,408.3900146484375,406.11700439453125,407.7799987792969
2025-04-03 11:30:00-04:00,407.7799987792969,411.010009765625,407.57000732421875,411.010009765625
2025-04-03 12:30:00-04:00,410.989990234375,411.2950134277344,408.5657958984375,408.7101135253906
2025-04-03 13:30:00-04:00,408.6099853515625,409.8699951171875,407.45001220703125,407.7699890136719
2025-04-03 14:30:00-04:00,407.7799987792969,408.6199951171875,405.94000244140625,406.3599853515625
2025-04-03 15:30:00-04:00,406.4100036621094,406.70001220703125,404.9949951171875,405.3599853515625
2025-04-04 09:30:00-04:00,394.92999267578125,396.6499938964844,391.82000732421875,391.8306884765625
2025-04-04 10:30:00-04:00,391.7900085449219,396.30999755859375,388.25,391.57000732421875
2025-04-04 11:30:00-04:00,391.54998779296875,392.760009765625,389.0,389.42999267578125
2025-04-04 12:30:00-04:00,389.373291015625,390.7300109863281,386.05999755859375,387.92999267578125
2025-04-04 13:30:00-04:00,387.9200134277344,391.05999755859375,385.8800048828125,386.010009765625
2025-04-04 14:30:00-04:00,385.9800109863281,387.95001220703125,383.5799865722656,386.7699890136719
2025-04-04 15:30:00-04:00,386.69000244140625,389.0,382.67999267578125,383.1600036621094
2025-04-07 09:30:00-04:00,371.3599853515625,392.2099914550781,366.32000732421875,375.6700134277344
2025-04-07 10:30:00-04:00,375.9100036621094,383.04998779296875,371.7300109863281,372.2200012207031
2025-04-07 11:30:00-04:00,372.510009765625,379.3999938964844,372.2900085449219,376.5299987792969
2025-04-07 12:30:00-04:00,376.3900146484375,380.45001220703125,373.0899963378906,380.3699951171875
2025-04-07 13:30:00-04:00,380.4599914550781,383.5299987792969,378.1300048828125,379.9549865722656
2025-04-07 14:30:00-04:00,379.989990234375,381.8999938964844,376.80999755859375,377.097900390625
2025-04-07 15:30:00-04:00,377.1199951171875,380.989990234375,377.1099853515625,379.6199951171875
2025-04-08 09:30:00-04:00,393.4750061035156,394.3599853515625,389.8999938964844,393.6300048828125
2025-04-08 10:30:00-04:00,393.510009765625,394.1098937988281,386.7749938964844,387.17999267578125
2025-04-08 11:30:00-04:00,387.07501220703125,390.2300109863281,386.2200012207031,387.70001220703125
2025-04-08 12:30:00-04:00,387.7099914550781,388.04998779296875,379.980712890625,380.1600036621094
2025-04-08 13:30:00-04:00,380.2699890136719,384.3800048828125,379.5,379.6400146484375
2025-04-08 14:30:00-04:00,379.7200012207031,383.510009765625,375.2200012207031,377.239990234375
2025-04-08 15:30:00-04:00,376.8500061035156,377.1099853515625,371.0299987792969,376.6400146484375
2025-04-09 09:30:00-04:00,372.0400085449219,380.1700134277344,372.0400085449219,377.1700134277344
2025-04-09 10:30:00-04:00,377.19000244140625,378.8800048828125,373.1300048828125,377.260009765625
2025-04-09 11:30:00-04:00,377.44000244140625,378.8699951171875,374.8052978515625,377.8699951171875
2025-04-09 12:30:00-04:00,377.92999267578125,401.5589904785156,376.3500061035156,395.07000732421875
2025-04-09 13:30:00-04:00,395.260009765625,404.44000244140625,394.6499938964844,403.6199951171875
2025-04-09 14:30:00-04:00,403.3599853515625,405.0799865722656,397.760009765625,404.1000061035156
2025-04-09 15:30:00-04:00,404.20001220703125,407.7900085449219,403.0,405.8399963378906
2025-04-10 09:30:00-04:00,399.6000061035156,400.19000244140625,395.5101013183594,396.3800048828125
2025-04-10 10:30:00-04:00,396.4599914550781,398.9800109863281,393.95001220703125,394.03509521484375
2025-04-10 11:30:00-04:00,394.0400085449219,394.260009765625,384.30999755859375,385.7650146484375
2025-04-10 12:30:00-04:00,385.67999267578125,394.260009765625,385.55499267578125,390.82879638671875
2025-04-10 13:30:00-04:00,390.7699890136719,397.79998779296875,390.260009765625,397.6000061035156
2025-04-10 14:30:00-04:00,397.6400146484375,398.44000244140625,393.8500061035156,393.8699951171875
2025-04-10 15:30:00-04:00,393.80999755859375,396.79998779296875,391.0331115722656,395.7699890136719
2025-04-11 09:30:00-04:00,394.44000244140625,398.3313903808594,392.75,393.07000732421875
2025-04-11 10:30:00-04:00,393.0799865722656,397.3800048828125,392.69000244140625,393.9800109863281
2025-04-11 11:30:00-04:00,393.92999267578125,398.1400146484375,393.8500061035156,397.4800109863281
2025-04-11 12:30:00-04:00,397.5350036621094,401.260009765625,397.4800109863281,399.07000732421875
2025-04-11 13:30:00-04:00,399.17999267578125,404.0899963378906,398.6600036621094,401.7200012207031
2025-04-11 14:30:00-04:00,401.67999267578125,403.25,400.7900085449219,402.6099853515625
2025-04-11 15:30:00-04:00,402.54998779296875,403.2200012207031,401.8399963378906,401.94000244140625
2025-04-14 09:30:00-04:00,407.4800109863281,407.760009765625,404.6600036621094,406.2799987792969
2025-04-14 10:30:00-04:00,406.4100036621094,407.8599853515625,404.42999267578125,404.4700012207031
2025-04-14 11:30:00-04:00,404.42999267578125,405.5,401.7099914550781,402.9700012207031
2025-04-14 12:30:00-04:00,402.9100036621094,405.32000732421875,402.6700134277344,404.17999267578125
2025-04-14 13:30:00-04:00,404.3399963378906,406.31561279296875,403.82000732421875,406.2980041503906
2025-04-14 14:30:00-04:00,406.2099914550781,407.6400146484375,406.05999755859375,406.8349914550781
2025-04-14 15:30:00-04:00,406.9800109863281,407.4100036621094,405.0400085449219,405.4800109863281
2025-04-15 09:30:00-04:00,405.7900085449219,408.0199890136719,404.80999755859375,405.7300109863281
2025-04-15 10:30:00-04:00,405.8299865722656,407.0400085449219,405.0299987792969,405.75
2025-04-15 11:30:00-04:00,405.8500061035156,406.8999938964844,405.4200134277344,406.2900085449219
2025-04-15 12:30:00-04:00,406.3500061035156,406.6299133300781,404.29998779296875,404.5799865722656
2025-04-15 13:30:00-04:00,404.5400085449219,405.3999938964844,403.75,404.05999755859375
2025-04-15 14:30:00-04:00,404.0899963378906,405.1400146484375,404.0400085449219,404.3599853515625
2025-04-15 15:30:00-04:00,404.3599853515625,404.6099853515625,403.5299987792969,403.7200012207031
2025-04-16 09:30:00-04:00,402.1499938964844,402.9200134277344,400.30499267578125,401.7099914550781
2025-04-16 10:30:00-04:00,401.739990234375,404.2900085449219,401.44000244140625,404.0799865722656
2025-04-16 11:30:00-04:00,404.1000061035156,404.1000061035156,401.3800048828125,401.6700134277344
2025-04-16 12:30:00-04:00,401.6300048828125,402.010009765625,400.7900085449219,401.5199890136719
2025-04-16 13:30:00-04:00,401.54998779296875,401.54998779296875,396.4800109863281,397.989990234375
2025-04-16 14:30:00-04:00,397.9700012207031,398.1050109863281,394.0400085449219,394.29998779296875
2025-04-16 15:30:00-04:00,394.510009765625,397.13580322265625,394.32000732421875,396.760009765625
2025-04-17 09:30:00-04:00,391.4800109863281,392.9100036621094,390.3500061035156,390.4599914550781
2025-04-17 10:30:00-04:00,390.510009765625,392.5452880859375,389.510009765625,391.3599853515625
2025-04-17 11:30:00-04:00,391.42999267578125,393.3999938964844,391.1099853515625,393.1809997558594
2025-04-17 12:30:00-04:00,393.1199951171875,394.1700134277344,392.0801086425781,392.17999267578125
2025-04-17 13:30:00-04:00,392.2300109863281,394.4150085449219,392.2300109863281,393.6199951171875
2025-04-17 14:30:00-04:00,393.5885009765625,394.17999267578125,391.3699951171875,391.9800109863281
2025-04-17 15:30:00-04:00,392.010009765625,392.79998779296875,390.9079895019531,391.2799987792969
2025-04-21 09:30:00-04:00,388.4599914550781,388.70001220703125,383.79998779296875,384.1700134277344
2025-04-21 10:30:00-04:00,384.1700134277344,384.7099914550781,381.4100036621094,381.6199951171875
2025-04-21 11:30:00-04:00,381.6099853515625,381.7300109863281,380.25,380.7799987792969
2025-04-21 12:30:00-04:00,380.885009765625,381.9049987792969,379.44000244140625,379.739990234375
2025-04-21 13:30:00-04:00,379.7799987792969,380.135009765625,378.3500061035156,379.4200134277344
2025-04-21 14:30:00-04:00,379.7012939453125,380.1650085449219,378.6400146484375,379.70001220703125
2025-04-21 15:30:00-04:00,379.67999267578125,382.2200012207031,379.6700134277344,381.5799865722656
2025-04-22 09:30:00-04:00,386.07000732421875,388.7699890136719,385.20001220703125,388.61669921875
2025-04-22 10:30:00-04:00,388.6099853515625,390.25,388.1099853515625,389.70001220703125
2025-04-22 11:30:00-04:00,389.6099853515625,392.6600036621094,389.239990234375,392.364990234375
2025-04-22 12:30:00-04:00,392.3900146484375,392.6199951171875,388.05999755859375,388.3699951171875
2025-04-22 13:30:00-04:00,388.2200012207031,390.69000244140625,387.8500061035156,390.58599853515625
2025-04-22 14:30:00-04:00,390.54998779296875,391.95001220703125,390.17999267578125,390.5899963378906
2025-04-22 15:30:00-04:00,390.54998779296875,392.32000732421875,390.30999755859375,391.82000732421875
2025-04-23 09:30:00-04:00,399.2900085449219,403.75,398.9549865722656,402.510009765625
2025-04-23 10:30:00-04:00,402.4599914550781,403.3699951171875,398.2300109863281,398.82000732421875
2025-04-23 11:30:00-04:00,398.7699890136719,399.29998779296875,395.42999267578125,396.8399963378906
2025-04-23 12:30:00-04:00,396.9100036621094,398.8399963378906,396.3500061035156,398.010009765625
2025-04-23 13:30:00-04:00,398.010009765625,398.3699951171875,396.1400146484375,396.29998779296875
2025-04-23 14:30:00-04:00,396.4800109863281,397.1600036621094,394.9599914550781,395.409912109375
2025-04-23 15:30:00-04:00,395.3500061035156,396.92999267578125,394.8999938964844,395.8399963378906
2025-04-24 09:30:00-04:00,395.510009765625,398.32000732421875,393.79998779296875,398.2799987792969
2025-04-24 10:30:00-04:00,398.19000244140625,399.2200012207031,397.7699890136719,398.19000244140625
2025-04-24 11:30:00-04:00,398.1629943847656,400.1499938964844,397.9100036621094,399.7699890136719
2025-04-24 12:30:00-04:00,399.7699890136719,400.75,399.410400390625,400.1199951171875
2025-04-24 13:30:00-04:00,400.0,400.6300048828125,399.6199951171875,400.05999755859375
2025-04-24 14:30:00-04:00,400.0329895019531,401.125,399.5299987792969,400.0799865722656
2025-04-24 15:30:00-04:00,400.0299987792969,401.67999267578125,399.8800048828125,400.9200134277344
2025-04-25 09:30:00-04:00,399.8800048828125,400.9100036621094,397.2099914550781,397.7099914550781
2025-04-25 10:30:00-04:00,397.739990234375,399.510009765625,397.1400146484375,398.5899963378906
2025-04-25 11:30:00-04:00,398.6199951171875,400.30999755859375,398.1199951171875,400.010009765625
2025-04-25 12:30:00-04:00,400.05999755859375,401.3500061035156,399.5400085449219,401.2572021484375
2025-04-25 13:30:00-04:00,401.2300109863281,401.35650634765625,398.67999267578125,400.639404296875
2025-04-25 14:30:00-04:00,400.54998779296875,401.364990234375,400.3800048828125,400.7699890136719
2025-04-25 15:30:00-04:00,400.6199951171875,401.31500244140625,400.1506042480469,401.0400085449219
2025-04-28 09:30:00-04:00,401.79998779296875,404.1700134277344,401.7601013183594,402.7680969238281
2025-04-28 10:30:00-04:00,402.79998779296875,403.1000061035156,400.67999267578125,400.69500732421875
2025-04-28 11:30:00-04:00,400.760009765625,401.29998779296875,399.45001220703125,399.6499938964844
2025-04-28 12:30:00-04:00,399.7200012207031,400.4143981933594,398.8800048828125,398.9360046386719
2025-04-28 13:30:00-04:00,398.8900146484375,401.07000732421875,398.7200012207031,400.8599853515625
2025-04-28 14:30:00-04:00,400.92999267578125,402.349609375,400.6099853515625,402.1499938964844
2025-04-28 15:30:00-04:00,402.0899963378906,403.17999267578125,401.59100341796875,402.2200012207031
2025-04-29 09:30:00-04:00,402.3999938964844,404.6693115234375,402.20001220703125,402.3900146484375
2025-04-29 10:30:00-04:00,402.4100036621094,405.2300109863281,402.3599853515625,404.7701110839844
2025-04-29 11:30:00-04:00,404.80999755859375,405.32000732421875,403.760009765625,405.1300048828125
2025-04-29 12:30:00-04:00,405.0199890136719,405.19500732421875,403.2799987792969,404.714111328125
2025-04-29 13:30:00-04:00,404.7200012207031,406.31500244140625,404.5899963378906,405.82000732421875
2025-04-29 14:30:00-04:00,405.7898864746094,406.1499938964844,405.3399963378906,405.9100036621094
2025-04-29 15:30:00-04:00,405.94000244140625,406.2200012207031,405.0400085449219,405.1300048828125
2025-04-30 09:30:00-04:00,402.42999267578125,402.42999267578125,397.4100036621094,400.489990234375
2025-04-30 10:30:00-04:00,400.6099853515625,403.0,400.0950012207031,402.5899963378906
2025-04-30 11:30:00-04:00,402.5400085449219,403.6199951171875,402.1315002441406,402.3351135253906
2025-04-30 12:30:00-04:00,402.18499755859375,403.5668029785156,401.85009765625,403.5668029785156
2025-04-30 13:30:00-04:00,403.6000061035156,405.4100036621094,403.3399963378906,403.79998779296875
2025-04-30 14:30:00-04:00,403.7300109863281,404.17999267578125,402.7161865234375,403.0199890136719
2025-04-30 15:30:00-04:00,403.1099853515625,407.7799987792969,402.7799987792969,406.1700134277344
2025-05-01 09:30:00-04:00,408.54998779296875,410.0199890136719,407.5899963378906,409.8500061035156
2025-05-01 10:30:00-04:00,409.8699951171875,410.92999267578125,409.04998779296875,410.6199951171875
2025-05-01 11:30:00-04:00,410.68499755859375,410.7099914550781,407.8500061035156,408.3710021972656
2025-05-01 12:30:00-04:00,408.29998779296875,409.4700012207031,407.7300109863281,409.07000732421875
2025-05-01 13:30:00-04:00,409.1400146484375,409.55999755859375,408.239990234375,409.260009765625
2025-05-01 14:30:00-04:00,409.2200012207031,409.69000244140625,408.6499938964844,409.44000244140625
2025-05-01 15:30:00-04:00,409.45001220703125,409.80999755859375,407.0199890136719,407.4100036621094
2025-05-02 09:30:00-04:00,411.7799987792969,412.6300048828125,410.3299865722656,412.5400085449219
2025-05-02 10:30:00-04:00,412.5185852050781,412.5185852050781,410.739990234375,410.8900146484375
2025-05-02 11:30:00-04:00,410.94000244140625,413.8500061035156,410.8599853515625,413.43499755859375
2025-05-02 12:30:00-04:00,413.5,413.8699951171875,412.67498779296875,413.0199890136719
2025-05-02 13:30:00-04:00,413.0299987792969,413.5799865722656,412.7900085449219,413.2690124511719
2025-05-02 14:30:00-04:00,413.3500061035156,413.70001220703125,412.3900146484375,413.56500244140625
2025-05-02 15:30:00-04:00,413.5400085449219,413.7300109863281,412.6300048828125,412.9800109863281
2025-05-05 09:30:00-04:00,410.82000732421875,412.739990234375,410.4599914550781,412.70989990234375
2025-05-05 10:30:00-04:00,412.6639099121094,413.8900146484375,412.239990234375,413.3900146484375
2025-05-05 11:30:00-04:00,413.4800109863281,414.3999938964844,412.8900146484375,414.20001220703125
2025-05-05 12:30:00-04:00,414.1499938964844,414.2099914550781,413.3999938964844,413.42999267578125
2025-05-05 13:30:00-04:00,413.3999938964844,414.44000244140625,413.3999938964844,414.19000244140625
2025-05-05 14:30:00-04:00,414.1700134277344,414.3699951171875,412.79998779296875,412.9750061035156
2025-05-05 15:30:00-04:00,412.9100036621094,413.4100036621094,412.010009765625,412.3299865722656
2025-05-06 09:30:00-04:00,408.4700012207031,410.6499938964844,407.510009765625,410.42999267578125
2025-05-06 10:30:00-04:00,410.4599914550781,410.94000244140625,410.1700134277344,410.67498779296875
2025-05-06 11:30:00-04:00,410.70001220703125,411.739990234375,409.69000244140625,410.1199951171875
2025-05-06 12:30:00-04:00,410.0450134277344,410.4100036621094,408.7414855957031,409.0000915527344
2025-05-06 13:30:00-04:00,409.1400146484375,409.29998779296875,407.8900146484375,409.1400146484375
2025-05-06 14:30:00-04:00,409.25,409.55999755859375,408.7200012207031,409.2099914550781
2025-05-06 15:30:00-04:00,409.25,409.5799865722656,408.1400146484375,408.2099914550781
2025-05-07 09:30:00-04:00,409.8599853515625,410.79998779296875,409.5299987792969,410.6400146484375
2025-05-07 10:30:00-04:00,410.6199951171875,410.760009765625,409.3800048828125,410.4200134277344
2025-05-07 11:30:00-04:00,410.2950134277344,411.32000732421875,410.00250244140625,410.4012145996094
2025-05-07 12:30:00-04:00,410.5,412.3716125488281,410.4800109863281,411.9110107421875
2025-05-07 13:30:00-04:00,411.8900146484375,412.0199890136719,408.1499938964844,409.45001220703125
2025-05-07 14:30:00-04:00,409.6099853515625,411.9399108886719,409.260009765625,409.4100036621094
2025-05-07 15:30:00-04:00,409.4599914550781,412.79998779296875,409.3599853515625,411.0299987792969
2025-05-08 09:30:00-04:00,413.1000061035156,413.79998779296875,411.7200012207031,413.2799987792969
2025-05-08 10:30:00-04:00,413.3699951171875,415.54998779296875,411.59100341796875,414.8399963378906
2025-05-08 11:30:00-04:00,414.9306945800781,417.25,414.4241027832031,416.69500732421875
2025-05-08 12:30:00-04:00,416.7184143066406,417.7449951171875,416.7184143066406,416.8800048828125
2025-05-08 13:30:00-04:00,416.8900146484375,416.9700012207031,415.4800109863281,415.95001220703125
2025-05-08 14:30:00-04:00,416.0,416.8699951171875,415.6300048828125,416.6300048828125
2025-05-08 15:30:00-04:00,416.67999267578125,416.67999267578125,413.6199951171875,413.8550109863281
2025-05-09 09:30:00-04:00,414.44000244140625,415.1700134277344,412.8599853515625,413.2149963378906
2025-05-09 10:30:00-04:00,413.2200012207031,413.3399963378906,412.2699890136719,412.8999938964844
2025-05-09 11:30:00-04:00,412.9100036621094,413.5455017089844,412.17010498046875,412.2076110839844
2025-05-09 12:30:00-04:00,412.2300109863281,412.63641357421875,411.57000732421875,412.3699951171875
2025-05-09 13:30:00-04:00,412.4100036621094,413.2398986816406,412.04998779296875,412.5199890136719
2025-05-09 14:30:00-04:00,412.57000732421875,413.6499938964844,412.55999755859375,413.010009765625
2025-05-09 15:30:00-04:00,412.8999938964844,413.0299987792969,412.30999755859375,412.4599914550781
2025-05-12 09:30:00-04:00,422.9599914550781,423.6099853515625,421.7200012207031,421.94000244140625
2025-05-12 10:30:00-04:00,421.7900085449219,423.2652893066406,421.19000244140625,422.0696105957031
2025-05-12 11:30:00-04:00,422.0400085449219,422.3699951171875,421.0899963378906,421.7699890136719
2025-05-12 12:30:00-04:00,421.82000732421875,423.80999755859375,421.7900085449219,423.1995849609375
2025-05-12 13:30:00-04:00,423.2699890136719,423.9159851074219,423.0199890136719,423.7200012207031
2025-05-12 14:30:00-04:00,423.82000732421875,424.1600036621094,423.3949890136719,423.5
2025-05-12 15:30:00-04:00,423.5799865722656,424.29998779296875,422.9599914550781,424.1600036621094
2025-05-13 09:30:00-04:00,422.67999267578125,423.989990234375,422.1099853515625,422.9700012207031
2025-05-13 10:30:00-04:00,423.0,423.2294921875,422.29998779296875,422.79998779296875
2025-05-13 11:30:00-04:00,422.7200012207031,423.4599914550781,422.0874938964844,422.2699890136719
2025-05-13 12:30:00-04:00,422.2937927246094,422.9700012207031,421.9800109863281,422.8999938964844
2025-05-13 13:30:00-04:00,423.04998779296875,423.4700012207031,422.32000732421875,422.32000732421875
2025-05-13 14:30:00-04:00,422.2900085449219,422.7900085449219,421.9599914550781,422.5799865722656
2025-05-13 15:30:00-04:00,422.5899963378906,423.1099853515625,421.4200134277344,421.4200134277344
2025-05-14 09:30:00-04:00,422.0799865722656,422.6600036621094,421.29998779296875,422.239990234375
2025-05-14 10:30:00-04:00,422.3399963378906,422.57000732421875,420.25,421.6499938964844
2025-05-14 11:30:00-04:00,421.6199951171875,421.9800109863281,421.0400085449219,421.0400085449219
2025-05-14 12:30:00-04:00,421.05999755859375,421.4100036621094,419.6099853515625,420.07000732421875
2025-05-14 13:30:00-04:00,420.04998779296875,420.8883056640625,420.0400085449219,420.3599853515625
2025-05-14 14:30:00-04:00,420.3900146484375,421.2300109863281,420.32000732421875,420.6199951171875
2025-05-14 15:30:00-04:00,420.5899963378906,421.4100036621094,420.25,420.55999755859375
2025-05-15 09:30:00-04:00,418.5400085449219,419.9599914550781,418.489990234375,419.3699951171875
2025-05-15 10:30:00-04:00,419.45001220703125,422.0400085449219,419.0199890136719,421.54998779296875
2025-05-15 11:30:00-04:00,421.4700012207031,422.6400146484375,421.3949890136719,421.8599853515625
2025-05-15 12:30:00-04:00,421.8500061035156,422.9700012207031,421.70001220703125,422.6400146484375
2025-05-15 13:30:00-04:00,422.6499938964844,422.6499938964844,421.8999938964844,422.5299987792969
2025-05-15 14:30:00-04:00,422.55999755859375,423.5,422.55999755859375,423.05841064453125
2025-05-15 15:30:00-04:00,423.07000732421875,423.67999267578125,422.8935852050781,423.5199890136719
2025-05-16 09:30:00-04:00,423.739990234375,424.0899963378906,422.5,423.739990234375
2025-05-16 10:30:00-04:00,423.7300109863281,423.8599853515625,422.760009765625,423.6099853515625
2025-05-16 11:30:00-04:00,423.5799865722656,424.57000732421875,423.2900085449219,424.4800109863281
2025-05-16 12:30:00-04:00,424.5,425.8599853515625,424.5,425.55999755859375
2025-05-16 13:30:00-04:00,425.5899963378906,426.1214904785156,425.3399963378906,426.07000732421875
2025-05-16 14:30:00-04:00,426.0299987792969,426.7762145996094,425.989990234375,426.42498779296875
2025-05-16 15:30:00-04:00,426.3999938964844,426.6700134277344,425.9800109863281,426.55999755859375
2025-05-19 09:30:00-04:00,423.70001220703125,427.010009765625,423.6300048828125,426.25
2025-05-19 10:30:00-04:00,426.2900085449219,426.75,425.4800109863281,425.7699890136719
2025-05-19 11:30:00-04:00,425.7699890136719,427.6199951171875,425.7200012207031,427.5884094238281
2025-05-19 12:30:00-04:00,427.5101013183594,428.6549987792969,427.3500061035156,428.3500061035156
2025-05-19 13:30:00-04:00,428.3800048828125,428.55999755859375,424.8900146484375,427.4400939941406
2025-05-19 14:30:00-04:00,427.4800109863281,427.9599914550781,427.0299987792969,427.3399963378906
2025-05-19 15:30:00-04:00,427.3299865722656,428.239990234375,427.31048583984375,428.04998779296875
2025-05-20 09:30:00-04:00,427.3999938964844,428.20001220703125,426.6199951171875,427.1700134277344
2025-05-20 10:30:00-04:00,427.1499938964844,427.79998779296875,426.54010009765625,427.4800109863281
2025-05-20 11:30:00-04:00,427.510009765625,427.6600036621094,426.3699951171875,426.67999267578125
2025-05-20 12:30:00-04:00,426.6700134277344,427.3299865722656,426.56500244140625,427.19500732421875
2025-05-20 13:30:00-04:00,427.1400146484375,427.2950134277344,425.45001220703125,425.54998779296875
2025-05-20 14:30:00-04:00,425.5299987792969,426.2699890136719,425.0299987792969,426.04998779296875
2025-05-20 15:30:00-04:00,426.07000732421875,427.1199951171875,426.05999755859375,426.9800109863281
2025-05-21 09:30:00-04:00,423.0899963378906,424.57000732421875,423.04998779296875,423.27490234375
2025-05-21 10:30:00-04:00,423.3599853515625,424.17999267578125,422.489990234375,423.70001220703125
2025-05-21 11:30:00-04:00,423.7900085449219,424.010009765625,423.42999267578125,423.55999755859375
2025-05-21 12:30:00-04:00,423.55999755859375,424.2850036621094,418.9800109863281,419.0150146484375
2025-05-21 13:30:00-04:00,418.7200012207031,420.989990234375,418.510009765625,420.05999755859375
2025-05-21 14:30:00-04:00,419.94000244140625,420.5299987792969,418.0899963378906,418.32501220703125
2025-05-21 15:30:00-04:00,418.3500061035156,419.6600036621094,418.3500061035156,418.7200012207031
2025-05-22 09:30:00-04:00,417.8699951171875,419.525390625,417.75,417.9443054199219
2025-05-22 10:30:00-04:00,417.9700012207031,418.95001220703125,417.3699951171875,418.30999755859375
2025-05-22 11:30:00-04:00,418.30999755859375,420.45001220703125,418.2300109863281,419.4883117675781
2025-05-22 12:30:00-04:00,419.45001220703125,420.1499938964844,418.5,419.9198913574219
2025-05-22 13:30:00-04:00,419.8999938964844,420.889892578125,419.760009765625,420.6600036621094
2025-05-22 14:30:00-04:00,420.5400085449219,421.1499938964844,419.9800109863281,421.04998779296875
2025-05-22 15:30:00-04:00,421.1188049316406,421.1400146484375,418.5199890136719,418.79998779296875
2025-05-23 09:30:00-04:00,413.93499755859375,416.3800048828125,413.8299865722656,415.70001220703125
2025-05-23 10:30:00-04:00,415.80999755859375,416.5199890136719,415.04998779296875,416.1499938964844
2025-05-23 11:30:00-04:00,416.1199951171875,417.0050048828125,415.42999267578125,416.29998779296875
2025-05-23 12:30:00-04:00,416.17999267578125,418.0,415.70001220703125,417.6400146484375
2025-05-23 13:30:00-04:00,417.510009765625,418.1700134277344,416.9599914550781,417.4100036621094
2025-05-23 14:30:00-04:00,417.5299987792969,418.0799865722656,416.5400085449219,416.8399963378906
2025-05-23 15:30:00-04:00,416.80999755859375,417.4999084472656,415.8599853515625,416.3500061035156
2025-05-27 09:30:00-04:00,420.70001220703125,421.3599853515625,419.19000244140625,421.1499938964844
2025-05-27 10:30:00-04:00,421.1199951171875,422.189697265625,421.0299987792969,422.04998779296875
2025-05-27 11:30:00-04:00,422.0400085449219,422.95001220703125,421.8500061035156,422.6400146484375
2025-05-27 12:30:00-04:00,422.6600036621094,423.4599914550781,422.6300048828125,422.92999267578125
2025-05-27 13:30:00-04:00,422.8700866699219,423.8399963378906,422.760009765625,423.4700012207031
2025-05-27 14:30:00-04:00,423.6600036621094,423.7799987792969,423.25,423.3299865722656
2025-05-27 15:30:00-04:00,423.2699890136719,423.8599853515625,423.17999267578125,423.8299865722656
2025-05-28 09:30:00-04:00,423.7300109863281,424.8299865722656,423.17999267578125,423.4700012207031
2025-05-28 10:30:00-04:00,423.3999938964844,423.45001220703125,422.2799987792969,422.29998779296875
2025-05-28 11:30:00-04:00,422.29998779296875,422.80999755859375,421.9800109863281,422.6400146484375
2025-05-28 12:30:00-04:00,422.6700134277344,423.1400146484375,422.510009765625,422.8699951171875
2025-05-28 13:30:00-04:00,422.8699951171875,422.8699951171875,422.2887878417969,422.6600036621094
2025-05-28 14:30:00-04:00,422.7300109863281,422.8900146484375,421.0899963378906,422.1400146484375
2025-05-28 15:30:00-04:00,422.1700134277344,422.2099914550781,420.74468994140625,421.3800048828125
2025-05-29 09:30:00-04:00,422.4599914550781,422.7300109863281,420.9100036621094,421.92999267578125
2025-05-29 10:30:00-04:00,421.8999938964844,422.3399963378906,421.0,421.92010498046875
2025-05-29 11:30:00-04:00,421.92999267578125,421.9599914550781,418.5799865722656,420.7099914550781
2025-05-29 12:30:00-04:00,420.6700134277344,421.8900146484375,420.6400146484375,421.4800109863281
2025-05-29 13:30:00-04:00,421.44000244140625,421.8699951171875,420.5799865722656,421.1499938964844
2025-05-29 14:30:00-04:00,421.1199951171875,422.32501220703125,421.0899963378906,421.82000732421875
2025-05-29 15:30:00-04:00,421.7699890136719,423.0199890136719,421.7699890136719,422.4700012207031
2025-05-30 09:30:00-04:00,422.1600036621094,423.32000732421875,421.07000732421875,423.1099853515625
2025-05-30 10:30:00-04:00,423.0899963378906,423.30999755859375,421.989990234375,422.70001220703125
2025-05-30 11:30:00-04:00,422.69000244140625,422.8500061035156,420.4150085449219,420.510009765625
2025-05-30 12:30:00-04:00,420.5880126953125,421.3500061035156,419.510009765625,421.33380126953125
2025-05-30 13:30:00-04:00,421.3900146484375,422.9700012207031,421.0899963378906,422.7300109863281
2025-05-30 14:30:00-04:00,422.75,424.2699890136719,422.3900146484375,424.0950012207031
2025-05-30 15:30:00-04:00,423.6600036621094,424.2699890136719,422.69000244140625,422.69000244140625
2025-06-02 09:30:00-04:00,421.30999755859375,422.1099853515625,419.0799865722656,421.3599853515625
2025-06-02 10:30:00-04:00,421.3299865722656,421.9100036621094,420.92999267578125,420.989990234375
2025-06-02 11:30:00-04:00,420.9800109863281,421.8599853515625,420.6300048828125,421.1099853515625
2025-06-02 12:30:00-04:00,421.1199951171875,422.0299987792969,421.1199951171875,421.2699890136719
2025-06-02 13:30:00-04:00,421.260009765625,423.04998779296875,421.260009765625,422.82000732421875
2025-06-02 14:30:00-04:00,422.8399963378906,423.67999267578125,422.6499938964844,423.44000244140625
2025-06-02 15:30:00-04:00,423.4599914550781,423.8500061035156,423.1099853515625,423.760009765625
2025-06-03 09:30:00-04:00,423.07000732421875,424.20001220703125,422.4700012207031,423.9599914550781
2025-06-03 10:30:00-04:00,423.9800109863281,424.885009765625,423.6000061035156,424.8099060058594
2025-06-03 11:30:00-04:00,424.8399963378906,425.75,424.7799987792969,425.55999755859375
2025-06-03 12:30:00-04:00,425.55999755859375,426.2200012207031,425.3599853515625,425.9800109863281
2025-06-03 13:30:00-04:00,425.9750061035156,426.30499267578125,425.2200012207031,426.1099853515625
2025-06-03 14:30:00-04:00,426.1300048828125,426.3699951171875,425.6300048828125,425.8500061035156
2025-06-03 15:30:00-04:00,425.82000732421875,426.25,425.44000244140625,425.989990234375
2025-06-04 09:30:00-04:00,426.3800048828125,427.1099853515625,425.6650085449219,426.5299987792969
2025-06-04 10:30:00-04:00,426.54998779296875,426.8699951171875,426.1300048828125,426.40008544921875
2025-06-04 11:30:00-04:00,426.2300109863281,426.44000244140625,425.489990234375,425.5199890136719
2025-06-04 12:30:00-04:00,425.5400085449219,426.45001220703125,425.510009765625,426.2799987792969
2025-06-04 13:30:00-04:00,426.32000732421875,426.7190856933594,426.19000244140625,426.2799987792969
2025-06-04 14:30:00-04:00,426.30999755859375,426.3500061035156,425.5199890136719,425.7900085449219
2025-06-04 15:30:00-04:00,425.80999755859375,425.9599914550781,424.9100036621094,424.9200134277344
2025-06-05 09:30:00-04:00,425.94500732421875,425.95001220703125,423.1199951171875,424.69000244140625
2025-06-05 10:30:00-04:00,424.69000244140625,426.3800048828125,423.4800109863281,426.3800048828125
2025-06-05 11:30:00-04:00,426.3999938964844,426.82000732421875,425.8999938964844,426.3900146484375
2025-06-05 12:30:00-04:00,426.3900146484375,426.42999267578125,424.3999938964844,425.8800048828125
2025-06-05 13:30:00-04:00,425.9200134277344,426.3900146484375,423.8500061035156,425.1099853515625
2025-06-05 14:30:00-04:00,425.1416015625,425.8399963378906,422.8599853515625,423.4599914550781
2025-06-05 15:30:00-04:00,423.4700012207031,424.9700012207031,423.4700012207031,424.010009765625
2025-06-06 09:30:00-04:00,427.67999267578125,429.9800109863281,427.67999267578125,429.0299987792969
2025-06-06 10:30:00-04:00,428.94000244140625,429.1650085449219,426.760009765625,427.5799865722656
2025-06-06 11:30:00-04:00,427.5917053222656,428.1400146484375,427.17999267578125,427.9200134277344
2025-06-06 12:30:00-04:00,427.82000732421875,428.0899963378906,426.54998779296875,427.32000732421875
2025-06-06 13:30:00-04:00,427.3092956542969,428.510009765625,427.2799987792969,428.17999267578125
2025-06-06 14:30:00-04:00,428.17999267578125,428.82000732421875,428.17999267578125,428.4700012207031
2025-06-06 15:30:00-04:00,428.45001220703125,428.8599853515625,428.260009765625,428.3599853515625
2025-06-09 09:30:00-04:00,428.5199890136719,428.7099914550781,426.9700012207031,427.3399963378906
2025-06-09 10:30:00-04:00,427.3999938964844,427.7200012207031,426.42999267578125,427.3201904296875
2025-06-09 11:30:00-04:00,427.3500061035156,428.4100036621094,427.32000732421875,428.3500061035156
2025-06-09 12:30:00-04:00,428.3699951171875,429.489990234375,428.2950134277344,429.4200134277344
2025-06-09 13:30:00-04:00,429.42999267578125,429.7200012207031,429.20001220703125,429.510009765625
2025-06-09 14:30:00-04:00,429.4800109863281,429.6300048828125,429.010009765625,429.1300048828125
2025-06-09 15:30:00-04:00,429.0299987792969,429.29998779296875,428.239990234375,428.3299865722656
2025-06-10 09:30:00-04:00,428.2650146484375,428.8800048828125,428.07000732421875,428.57000732421875
2025-06-10 10:30:00-04:00,428.68780517578125,429.1300048828125,428.3999938964844,428.9750061035156
2025-06-10 11:30:00-04:00,428.92999267578125,429.20001220703125,427.8699951171875,429.13531494140625
2025-06-10 12:30:00-04:00,429.1162109375,430.07501220703125,429.1162109375,429.6000061035156
2025-06-10 13:30:00-04:00,429.5,429.6300048828125,428.2099914550781,428.3599853515625
2025-06-10 14:30:00-04:00,428.40960693359375,429.95001220703125,428.34991455078125,429.29998779296875
2025-06-10 15:30:00-04:00,429.29998779296875,429.7099914550781,428.75,429.6499938964844
2025-06-11 09:30:00-04:00,429.8599853515625,431.0,428.8900146484375,430.95001220703125
2025-06-11 10:30:00-04:00,430.95001220703125,431.42999267578125,430.69000244140625,431.0199890136719
2025-06-11 11:30:00-04:00,431.07000732421875,431.3900146484375,430.0799865722656,430.7699890136719
2025-06-11 12:30:00-04:00,430.82000732421875,431.95989990234375,430.4100036621094,431.92999267578125
2025-06-11 13:30:00-04:00,431.94000244140625,432.05999755859375,428.17010498046875,429.04998779296875
2025-06-11 14:30:00-04:00,428.9800109863281,430.25,428.6099853515625,428.9599914550781
2025-06-11 15:30:00-04:00,428.9700012207031,429.7099914550781,428.5,429.5899963378906
2025-06-12 09:30:00-04:00,428.20001220703125,429.5400085449219,426.9700012207031,429.3500061035156
2025-06-12 10:30:00-04:00,429.3800048828125,429.8399963378906,428.6000061035156,429.2799987792969
2025-06-12 11:30:00-04:00,429.239990234375,429.9200134277344,428.7300109863281,429.6199951171875
2025-06-12 12:30:00-04:00,429.54998779296875,430.2900085449219,429.010009765625,429.9599914550781
2025-06-12 13:30:00-04:00,430.1000061035156,430.4200134277344,429.7900085449219,430.0199890136719
2025-06-12 14:30:00-04:00,429.92999267578125,430.4599914550781,429.7749938964844,430.2200012207031
2025-06-12 15:30:00-04:00,430.2300109863281,430.54998779296875,429.7799987792969,430.5199890136719
2025-06-13 09:30:00-04:00,426.1099853515625,426.6400146484375,423.3999938964844,423.5299987792969
2025-06-13 10:30:00-04:00,423.57000732421875,425.9700012207031,423.3599853515625,425.8599853515625
2025-06-13 11:30:00-04:00,426.010009765625,426.9200134277344,425.7950134277344,425.9200134277344
2025-06-13 12:30:00-04:00,425.8900146484375,426.2900085449219,424.4700012207031,424.5299987792969
2025-06-13 13:30:00-04:00,424.44000244140625,424.8999938964844,422.44000244140625,422.4800109863281
2025-06-13 14:30:00-04:00,422.5,422.875,421.6000061035156,422.1700134277344
2025-06-13 15:30:00-04:00,422.260009765625,422.9200134277344,421.69000244140625,422.8500061035156
2025-06-16 09:30:00-04:00,425.04998779296875,428.19000244140625,424.8800048828125,427.7699890136719
2025-06-16 10:30:00-04:00,427.7699890136719,428.20001220703125,426.8900146484375,426.95001220703125
2025-06-16 11:30:00-04:00,426.9599914550781,427.25,426.44000244140625,426.7301025390625
2025-06-16 12:30:00-04:00,426.7099914550781,427.0899963378906,426.3299865722656,427.05999755859375
2025-06-16 13:30:00-04:00,427.0350036621094,427.260009765625,426.1600036621094,426.32598876953125
2025-06-16 14:30:00-04:00,426.239990234375,426.3299865722656,425.5199890136719,425.6700134277344
2025-06-16 15:30:00-04:00,425.70001220703125,426.29998779296875,425.6199951171875,426.2799987792969
2025-06-17 09:30:00-04:00,424.4700012207031,425.9700012207031,424.40008544921875,425.7799987792969
2025-06-17 10:30:00-04:00,425.8299865722656,426.4200134277344,425.20001220703125,425.3599853515625
2025-06-17 11:30:00-04:00,425.30999755859375,426.026611328125,425.0299987792969,425.69000244140625
2025-06-17 12:30:00-04:00,425.6400146484375,426.0,424.0419921875,424.06500244140625
2025-06-17 13:30:00-04:00,424.0400085449219,424.6099853515625,422.55999755859375,422.7950134277344
2025-06-17 14:30:00-04:00,422.7799987792969,423.42999267578125,422.3550109863281,423.3450012207031
2025-06-17 15:30:00-04:00,423.3349914550781,423.6199951171875,422.8500061035156,423.1099853515625
2025-06-18 09:30:00-04:00,423.6700134277344,425.8999938964844,422.9100036621094,425.6600036621094
2025-06-18 10:30:00-04:00,425.69000244140625,426.2099914550781,424.8399963378906,424.9700012207031
2025-06-18 11:30:00-04:00,425.239990234375,425.239990234375,424.1000061035156,424.2300109863281
2025-06-18 12:30:00-04:00,424.17999267578125,424.8009948730469,424.0799865722656,424.25
2025-06-18 13:30:00-04:00,424.2200012207031,425.44500732421875,423.6600036621094,424.42999267578125
2025-06-18 14:30:00-04:00,424.42999267578125,425.3599853515625,422.3500061035156,422.3500061035156
2025-06-18 15:30:00-04:00,422.3299865722656,423.54998779296875,422.2300109863281,422.8599853515625
2025-06-20 09:30:00-04:00,423.3699951171875,424.1499938964844,422.19000244140625,422.67999267578125
2025-06-20 10:30:00-04:00,422.70001220703125,423.04998779296875,421.67999267578125,422.6199951171875
2025-06-20 11:30:00-04:00,422.7200012207031,423.32000732421875,421.82000732421875,422.3299865722656
2025-06-20 12:30:00-04:00,422.45001220703125,422.9200134277344,421.2799987792969,421.3999938964844
2025-06-20 13:30:00-04:00,421.2699890136719,422.20001220703125,420.7200012207031,421.8800048828125
2025-06-20 14:30:00-04:00,421.94000244140625,422.1167907714844,421.0,421.2099914550781
2025-06-20 15:30:00-04:00,421.2200012207031,422.4200134277344,421.2200012207031,421.7900085449219
2025-06-23 09:30:00-04:00,422.0,424.1099853515625,421.0704040527344,423.4750061035156
2025-06-23 10:30:00-04:00,423.57000732421875,423.6400146484375,422.42999267578125,422.6700134277344
2025-06-23 11:30:00-04:00,422.489990234375,422.70001220703125,421.1499938964844,421.260009765625
2025-06-23 12:30:00-04:00,421.239990234375,424.0,419.6199951171875,423.8500061035156
2025-06-23 13:30:00-04:00,423.9100036621094,425.1000061035156,423.8999938964844,424.75
2025-06-23 14:30:00-04:00,424.79998779296875,425.2298889160156,423.8699951171875,425.1099853515625
2025-06-23 15:30:00-04:00,425.1000061035156,425.9599914550781,424.8450012207031,425.6700134277344
2025-06-24 09:30:00-04:00,428.5299987792969,429.6890869140625,427.67999267578125,428.7900085449219
2025-06-24 10:30:00-04:00,428.8399963378906,429.79998779296875,428.7799987792969,429.7200012207031
2025-06-24 11:30:00-04:00,429.739990234375,430.6499938964844,429.65008544921875,430.5299987792969
2025-06-24 12:30:00-04:00,430.5199890136719,431.010009765625,430.2799987792969,430.30999755859375
2025-06-24 13:30:00-04:00,430.32000732421875,431.0,430.20001220703125,430.7200012207031
2025-06-24 14:30:00-04:00,430.70001220703125,431.260009765625,430.6300048828125,431.2135925292969
2025-06-24 15:30:00-04:00,431.2099914550781,431.7300109863281,430.7699890136719,430.7699890136719
2025-06-25 09:30:00-04:00,430.75,430.9100036621094,429.9200134277344,430.0799865722656
2025-06-25 10:30:00-04:00,430.0899963378906,430.57000732421875,429.7799987792969,429.9200134277344
2025-06-25 11:30:00-04:00,429.80999755859375,430.33770751953125,429.6099853515625,430.0199890136719
2025-06-25 12:30:00-04:00,430.0299987792969,430.07000732421875,428.9801025390625,429.489990234375
2025-06-25 13:30:00-04:00,429.4800109863281,429.5400085449219,428.5107116699219,428.8699951171875
2025-06-25 14:30:00-04:00,428.8900146484375,429.8299865722656,428.7200012207031,429.6700134277344
2025-06-25 15:30:00-04:00,429.6499938964844,429.9599914550781,429.29998779296875,429.8699951171875
2025-06-26 09:30:00-04:00,430.82000732421875,432.30999755859375,430.79998779296875,431.92999267578125
2025-06-26 10:30:00-04:00,431.92999267578125,432.989013671875,431.92999267578125,432.4754943847656
2025-06-26 11:30:00-04:00,432.4700012207031,433.31500244140625,432.2749938964844,433.1400146484375
2025-06-26 12:30:00-04:00,433.07000732421875,433.3999938964844,432.92999267578125,433.1777038574219
2025-06-26 13:30:00-04:00,433.2300109863281,433.8800048828125,433.20001220703125,433.5299987792969
2025-06-26 14:30:00-04:00,433.6400146484375,433.7200012207031,433.1400146484375,433.4800109863281
2025-06-26 15:30:00-04:00,433.4700012207031,434.19000244140625,433.30999755859375,433.8800048828125
2025-06-27 09:30:00-04:00,435.5400085449219,437.1199951171875,435.1000061035156,436.8800048828125
2025-06-27 10:30:00-04:00,436.8800048828125,437.7900085449219,436.739990234375,437.6400146484375
2025-06-27 11:30:00-04:00,437.67999267578125,439.44000244140625,437.67999267578125,439.3599853515625
2025-06-27 12:30:00-04:00,439.3699951171875,439.5599060058594,438.4700012207031,438.5
2025-06-27 13:30:00-04:00,438.57000732421875,438.6700134277344,436.0799865722656,436.0799865722656
2025-06-27 14:30:00-04:00,436.0,436.5,435.5299987792969,436.3399963378906
2025-06-27 15:30:00-04:00,436.3599853515625,438.21990966796875,436.3599853515625,437.9700012207031
2025-06-30 09:30:00-04:00,440.45001220703125,440.4599914550781,439.1300048828125,439.6400146484375
2025-06-30 10:30:00-04:00,439.70001220703125,439.94000244140625,438.81500244140625,439.8800048828125
2025-06-30 11:30:00-04:00,439.9200134277344,440.4599914550781,439.3800048828125,439.489990234375
2025-06-30 12:30:00-04:00,439.4800109863281,440.0799865722656,439.45001220703125,439.8550109863281
2025-06-30 13:30:00-04:00,439.8399963378906,439.8699951171875,438.6600036621094,439.34619140625
2025-06-30 14:30:00-04:00,439.3550109863281,440.5299987792969,439.0,440.3301086425781
2025-06-30 15:30:00-04:00,440.3399963378906,441.260009765625,439.9798889160156,440.5899963378906
2025-07-01 09:30:00-04:00,440.19000244140625,443.1600036621094,440.0,442.9800109863281
2025-07-01 10:30:00-04:00,443.0299987792969,445.2699890136719,443.010009765625,445.1199951171875
2025-07-01 11:30:00-04:00,445.1099853515625,445.96978759765625,444.54998779296875,445.32000732421875
2025-07-01 12:30:00-04:00,445.2099914550781,445.5,443.989990234375,445.1099853515625
2025-07-01 13:30:00-04:00,445.1700134277344,445.6099853515625,444.8599853515625,445.1099853515625
2025-07-01 14:30:00-04:00,445.0799865722656,445.760009765625,444.75,445.55999755859375
2025-07-01 15:30:00-04:00,445.6000061035156,445.80999755859375,444.760009765625,444.8999938964844
2025-07-02 09:30:00-04:00,444.67999267578125,444.989990234375,443.3699951171875,444.2099914550781
2025-07-02 10:30:00-04:00,444.2200012207031,445.1199951171875,443.80999755859375,444.92999267578125
2025-07-02 11:30:00-04:00,444.94000244140625,445.3999938964844,444.1400146484375,444.4800109863281
2025-07-02 12:30:00-04:00,444.489990234375,444.6499938964844,444.1809997558594,444.510009765625
2025-07-02 13:30:00-04:00,444.5,444.625,444.0899963378906,444.57000732421875
2025-07-02 14:30:00-04:00,444.5849914550781,444.8192138671875,444.45001220703125,444.5299987792969
2025-07-02 15:30:00-04:00,444.6099853515625,444.79998779296875,444.5199890136719,444.70001220703125
2025-07-03 09:30:00-04:00,445.6700134277344,448.0799865722656,445.5799865722656,447.9200134277344
2025-07-03 10:30:00-04:00,447.8599853515625,448.7969055175781,447.7799987792969,448.010009765625
2025-07-03 11:30:00-04:00,447.989990234375,448.510009765625,447.989990234375,448.25
2025-07-07 09:30:00-04:00,447.3800048828125,447.8399963378906,446.17498779296875,446.3702087402344
2025-07-07 10:30:00-04:00,446.375,446.510009765625,445.010009765625,445.1600036621094
2025-07-07 11:30:00-04:00,445.0950012207031,445.30999755859375,442.8900146484375,443.79998779296875
2025-07-07 12:30:00-04:00,443.885009765625,444.125,442.7300109863281,443.32000732421875
2025-07-07 13:30:00-04:00,443.45001220703125,444.20001220703125,441.6499938964844,441.7250061035156
2025-07-07 14:30:00-04:00,441.7099914550781,443.5199890136719,441.7099914550781,442.8999938964844
2025-07-07 15:30:00-04:00,443.090087890625,444.1400146484375,442.8599853515625,444.05999755859375
2025-07-08 09:30:00-04:00,443.69000244140625,444.3800048828125,442.4700012207031,442.7699890136719
2025-07-08 10:30:00-04:00,442.7799987792969,443.760009765625,442.20001220703125,442.6300048828125
2025-07-08 11:30:00-04:00,442.69000244140625,443.80999755859375,442.513427734375,443.7749938964844
2025-07-08 12:30:00-04:00,443.80999755859375,443.9100036621094,442.04998779296875,442.6199951171875
2025-07-08 13:30:00-04:00,442.6499938964844,443.04998779296875,442.2300109863281,442.6400146484375
2025-07-08 14:30:00-04:00,442.67999267578125,442.8500061035156,442.3999938964844,442.75
2025-07-08 15:30:00-04:00,442.75,442.94000244140625,442.19000244140625,442.3399963378906
2025-07-09 09:30:00-04:00,444.3900146484375,445.6000061035156,443.7099914550781,443.80999755859375
2025-07-09 10:30:00-04:00,443.7900085449219,443.79998779296875,442.2799987792969,442.8999938964844
2025-07-09 11:30:00-04:00,443.0899963378906,443.54998779296875,442.70001220703125,442.7886962890625
2025-07-09 12:30:00-04:00,442.7900085449219,443.8599853515625,442.6300048828125,443.4200134277344
2025-07-09 13:30:00-04:00,443.42999267578125,444.33990478515625,443.010009765625,443.7699890136719
2025-07-09 14:30:00-04:00,443.94000244140625,444.4700012207031,443.7099914550781,444.30999755859375
2025-07-09 15:30:00-04:00,444.2799987792969,444.7799987792969,444.1700134277344,444.5
2025-07-10 09:30:00-04:00,444.0899963378906,446.04998779296875,443.70001220703125,445.6499938964844
2025-07-10 10:30:00-04:00,445.70001220703125,447.44000244140625,445.55999755859375,447.239990234375
2025-07-10 11:30:00-04:00,447.2200012207031,447.4299011230469,446.6499938964844,447.0400085449219
2025-07-10 12:30:00-04:00,446.8999938964844,447.5050964355469,446.82501220703125,447.2799987792969
2025-07-10 13:30:00-04:00,447.25,447.80999755859375,447.2300109863281,447.7149963378906
2025-07-10 14:30:00-04:00,447.6098937988281,447.6099853515625,446.9049987792969,447.0249938964844
2025-07-10 15:30:00-04:00,447.010009765625,447.3599853515625,446.2699890136719,446.4800109863281
2025-07-11 09:30:00-04:00,443.6700134277344,444.4599914550781,442.7601013183594,444.19000244140625
2025-07-11 10:30:00-04:00,444.2099914550781,444.44000244140625,443.1600036621094,443.375
2025-07-11 11:30:00-04:00,443.3299865722656,443.95001220703125,442.760009765625,443.29998779296875
2025-07-11 12:30:00-04:00,443.2699890136719,443.79998779296875,442.9800109863281,443.7799072265625
2025-07-11 13:30:00-04:00,443.760009765625,444.0354919433594,443.3299865722656,443.4599914550781
2025-07-11 14:30:00-04:00,443.4599914550781,444.1700134277344,443.17999267578125,444.04998779296875
2025-07-11 15:30:00-04:00,444.05999755859375,444.1400146484375,443.2900085449219,443.5899963378906
2025-07-14 09:30:00-04:00,443.1099853515625,444.42999267578125,442.4750061035156,443.1499938964844
2025-07-14 10:30:00-04:00,443.1499938964844,443.92999267578125,442.94000244140625,443.9200134277344
2025-07-14 11:30:00-04:00,444.0400085449219,444.3399963378906,443.4700012207031,443.6199951171875
2025-07-14 12:30:00-04:00,443.5400085449219,444.4100036621094,443.3399963378906,444.2900085449219
2025-07-14 13:30:00-04:00,444.3599853515625,444.51800537109375,444.0899963378906,444.4100036621094
2025-07-14 14:30:00-04:00,444.42999267578125,444.64569091796875,444.110107421875,444.32000732421875
2025-07-14 15:30:00-04:00,444.29998779296875,444.760009765625,444.2200012207031,444.5799865722656
2025-07-15 09:30:00-04:00,444.5799865722656,445.1600036621094,442.4800109863281,442.489990234375
2025-07-15 10:30:00-04:00,442.4700012207031,442.5950012207031,441.3399963378906,442.2300109863281
2025-07-15 11:30:00-04:00,442.25,442.510009765625,441.3500061035156,441.5050048828125
2025-07-15 12:30:00-04:00,441.5199890136719,441.7900085449219,440.69000244140625,441.3699951171875
2025-07-15 13:30:00-04:00,441.3500061035156,441.67999267578125,441.0899963378906,441.4700012207031
2025-07-15 14:30:00-04:00,441.4599914550781,441.67999267578125,440.54998779296875,440.94000244140625
2025-07-15 15:30:00-04:00,440.9599914550781,441.2900085449219,440.1400146484375,440.20001220703125
2025-07-16 09:30:00-04:00,441.8599853515625,442.385009765625,440.3500061035156,440.6099853515625
2025-07-16 10:30:00-04:00,440.5950012207031,441.57501220703125,438.4200134277344,439.7699890136719
2025-07-16 11:30:00-04:00,439.8299865722656,441.1499938964844,437.6400146484375,440.3349914550781
2025-07-16 12:30:00-04:00,440.3999938964844,441.9034118652344,439.8399963378906,441.3500061035156
2025-07-16 13:30:00-04:00,441.29998779296875,441.743896484375,441.17498779296875,441.57000732421875
2025-07-16 14:30:00-04:00,441.6000061035156,442.5799865722656,441.6000061035156,442.260009765625
2025-07-16 15:30:00-04:00,442.2349853515625,442.6099853515625,442.04998779296875,442.3900146484375
2025-07-17 09:30:00-04:00,442.04998779296875,444.8500061035156,441.9800109863281,443.19500732421875
2025-07-17 10:30:00-04:00,443.2300109863281,443.8800048828125,442.489990234375,443.8399963378906
2025-07-17 11:30:00-04:00,443.80999755859375,444.760009765625,443.7699890136719,443.8399963378906
2025-07-17 12:30:00-04:00,443.8599853515625,444.1000061035156,443.55999755859375,444.07000732421875
2025-07-17 13:30:00-04:00,444.1499938964844,445.3399963378906,444.0400085449219,445.2799987792969
2025-07-17 14:30:00-04:00,445.2601013183594,445.6099853515625,445.0400085449219,445.0400085449219
2025-07-17 15:30:00-04:00,445.04998779296875,445.3999938964844,444.80499267578125,445.1300048828125
2025-07-18 09:30:00-04:00,445.1099853515625,445.2300109863281,442.94000244140625,443.04998779296875
2025-07-18 10:30:00-04:00,442.9599914550781,443.6000061035156,442.6499938964844,443.1600036621094
2025-07-18 11:30:00-04:00,443.2099914550781,443.4599914550781,442.1199951171875,442.3599853515625
2025-07-18 12:30:00-04:00,442.3599853515625,442.8699951171875,442.1400146484375,442.4599914550781
2025-07-18 13:30:00-04:00,442.4800109863281,442.95001220703125,442.260009765625,442.45001220703125
2025-07-18 14:30:00-04:00,442.4700012207031,443.1781921386719,442.42999267578125,443.07501220703125
2025-07-18 15:30:00-04:00,443.0799865722656,443.4800109863281,442.79998779296875,443.2900085449219
2025-07-21 09:30:00-04:00,444.20001220703125,445.20001220703125,443.55999755859375,445.06060791015625
2025-07-21 10:30:00-04:00,445.0400085449219,445.6400146484375,444.6300048828125,445.54998779296875
2025-07-21 11:30:00-04:00,445.57000732421875,445.989990234375,445.4700012207031,445.57000732421875
2025-07-21 12:30:00-04:00,445.57000732421875,446.010009765625,445.4599914550781,445.92999267578125
2025-07-21 13:30:00-04:00,445.9100036621094,445.9599914550781,445.4599914550781,445.4800109863281
2025-07-21 14:30:00-04:00,445.489990234375,445.489990234375,443.9100036621094,444.0400085449219
2025-07-21 15:30:00-04:00,444.0899963378906,444.20001220703125,443.1400146484375,443.44000244140625
2025-07-22 09:30:00-04:00,442.8599853515625,444.6697082519531,442.8399963378906,443.7799072265625
2025-07-22 10:30:00-04:00,443.739990234375,444.0400085449219,443.2200012207031,443.5299987792969
2025-07-22 11:30:00-04:00,443.5299987792969,443.8399963378906,443.010009765625,443.4700012207031
2025-07-22 12:30:00-04:00,443.4800109863281,444.760009765625,443.44000244140625,444.6300964355469
2025-07-22 13:30:00-04:00,444.6700134277344,444.739990234375,443.80999755859375,444.1700134277344
2025-07-22 14:30:00-04:00,444.1400146484375,445.0899963378906,444.1099853515625,444.8900146484375
2025-07-22 15:30:00-04:00,444.8800048828125,445.45001220703125,444.760009765625,444.9599914550781
2025-07-23 09:30:00-04:00,447.3500061035156,447.8699951171875,446.3500061035156,447.20001220703125
2025-07-23 10:30:00-04:00,447.2900085449219,447.3500061035156,446.7699890136719,447.3450012207031
2025-07-23 11:30:00-04:00,447.3900146484375,449.29998779296875,446.8900146484375,448.8500061035156
2025-07-23 12:30:00-04:00,448.8500061035156,449.1000061035156,448.3699951171875,449.07598876953125
2025-07-23 13:30:00-04:00,449.07000732421875,449.8500061035156,449.04998779296875,449.5199890136719
2025-07-23 14:30:00-04:00,449.5299987792969,449.8599853515625,449.43499755859375,449.6400146484375
2025-07-23 15:30:00-04:00,449.6400146484375,450.25,449.5199890136719,450.239990234375
2025-07-24 09:30:00-04:00,447.010009765625,448.5799865722656,446.75,448.2300109863281
2025-07-24 10:30:00-04:00,448.239990234375,449.1299133300781,448.1492004394531,448.5199890136719
2025-07-24 11:30:00-04:00,448.54998779296875,448.70001220703125,447.5,447.67999267578125
2025-07-24 12:30:00-04:00,447.67999267578125,448.4800109863281,447.6099853515625,448.1099853515625
2025-07-24 13:30:00-04:00,448.0799865722656,448.7300109863281,447.8999938964844,448.2799987792969
2025-07-24 14:30:00-04:00,448.2900085449219,448.3500061035156,447.3699951171875,447.7099914550781
2025-07-24 15:30:00-04:00,447.70001220703125,447.7300109863281,446.9200134277344,447.07000732421875
2025-07-25 09:30:00-04:00,447.5299987792969,448.0400085449219,446.4101867675781,447.3699951171875
2025-07-25 10:30:00-04:00,447.4100036621094,448.3150939941406,447.3399963378906,447.6919860839844
2025-07-25 11:30:00-04:00,447.6400146484375,448.1499938964844,447.31500244140625,448.04998779296875
2025-07-25 12:30:00-04:00,448.04998779296875,448.5799865722656,447.8599853515625,448.5400085449219
2025-07-25 13:30:00-04:00,448.5799865722656,449.20001220703125,448.5799865722656,448.9800109863281
2025-07-25 14:30:00-04:00,448.989990234375,449.25,448.95001220703125,449.1700134277344
2025-07-25 15:30:00-04:00,449.1700134277344,449.4100036621094,448.80999755859375,449.0400085449219
2025-07-28 09:30:00-04:00,448.6600036621094,449.3999938964844,447.8599853515625,449.2300109863281
2025-07-28 10:30:00-04:00,449.2699890136719,449.3999938964844,448.42999267578125,448.93499755859375
2025-07-28 11:30:00-04:00,448.9100036621094,449.4800109863281,448.8349914550781,449.2099914550781
2025-07-28 12:30:00-04:00,449.20001220703125,449.25,448.0,448.0950012207031
2025-07-28 13:30:00-04:00,448.07989501953125,448.3599853515625,447.375,447.7300109863281
2025-07-28 14:30:00-04:00,447.760009765625,448.05999755859375,447.5400085449219,447.7300109863281
2025-07-28 15:30:00-04:00,447.82000732421875,448.42999267578125,447.6886901855469,448.3399963378906
2025-07-29 09:30:00-04:00,448.6300048828125,448.8500061035156,447.6300048828125,448.1400146484375
2025-07-29 10:30:00-04:00,448.1300048828125,448.19000244140625,446.2900085449219,446.29998779296875
2025-07-29 11:30:00-04:00,446.2799987792969,446.7699890136719,445.9800109863281,446.6400146484375
2025-07-29 12:30:00-04:00,446.6400146484375,447.4200134277344,446.30999755859375,447.04998779296875
2025-07-29 13:30:00-04:00,447.0365905761719,447.1499938964844,445.80999755859375,446.1000061035156
2025-07-29 14:30:00-04:00,446.1600036621094,446.3699951171875,445.9410095214844,446.1099853515625
2025-07-29 15:30:00-04:00,446.1199951171875,446.54998779296875,445.6499938964844,446.44000244140625
2025-07-30 09:30:00-04:00,446.7099914550781,447.3389892578125,445.6400146484375,447.04998779296875
2025-07-30 10:30:00-04:00,447.1000061035156,447.30999755859375,445.5,445.7200012207031
2025-07-30 11:30:00-04:00,445.7200012207031,446.8900146484375,445.57000732421875,446.8299865722656
2025-07-30 12:30:00-04:00,446.8599853515625,446.8800048828125,446.3500061035156,446.45001220703125
2025-07-30 13:30:00-04:00,446.4599914550781,447.010009765625,446.2054138183594,446.7900085449219
2025-07-30 14:30:00-04:00,446.82000732421875,447.3800048828125,442.6099853515625,443.1400146484375
2025-07-30 15:30:00-04:00,443.1400146484375,445.010009765625,442.8399963378906,444.7300109863281
2025-07-31 09:30:00-04:00,445.2699890136719,446.20001220703125,444.3399963378906,445.26019287109375
2025-07-31 10:30:00-04:00,445.20001220703125,445.69000244140625,442.9599914550781,443.6099853515625
2025-07-31 11:30:00-04:00,443.5899963378906,444.92999267578125,443.57000732421875,444.8800048828125
2025-07-31 12:30:00-04:00,444.8599853515625,445.1700134277344,442.75,443.1000061035156
2025-07-31 13:30:00-04:00,443.1000061035156,443.9599914550781,441.55999755859375,443.29998779296875
2025-07-31 14:30:00-04:00,443.260009765625,443.8999938964844,442.1300048828125,442.19000244140625
2025-07-31 15:30:00-04:00,442.25,442.6499938964844,440.5,441.260009765625
2025-08-01 09:30:00-04:00,437.75,437.760009765625,433.3999938964844,435.8800048828125
2025-08-01 10:30:00-04:00,435.8800048828125,436.4100036621094,434.7799987792969,434.8500061035156
2025-08-01 11:30:00-04:00,434.8500061035156,437.29998779296875,434.7799987792969,436.7699890136719
2025-08-01 12:30:00-04:00,436.7900085449219,436.9100036621094,434.57000732421875,434.70001220703125
2025-08-01 13:30:00-04:00,434.6400146484375,435.7200012207031,434.1099853515625,435.57958984375
2025-08-01 14:30:00-04:00,435.5899963378906,436.55999755859375,435.3299865722656,435.8800048828125
2025-08-01 15:30:00-04:00,435.8500061035156,436.739990234375,435.2699890136719,435.7799987792969
2025-08-04 09:30:00-04:00,437.8800048828125,440.2900085449219,437.5899963378906,440.2095947265625
2025-08-04 10:30:00-04:00,440.2200012207031,441.1000061035156,439.739990234375,440.44000244140625
2025-08-04 11:30:00-04:00,440.42999267578125,440.93499755859375,440.02191162109375,440.3800048828125
2025-08-04 12:30:00-04:00,440.3800048828125,441.6499938964844,440.3800048828125,441.3500061035156
2025-08-04 13:30:00-04:00,441.3800048828125,441.5,440.5,440.8299865722656
2025-08-04 14:30:00-04:00,440.8500061035156,441.79998779296875,440.7900085449219,441.4200134277344
2025-08-04 15:30:00-04:00,441.4700012207031,441.8999938964844,441.2049865722656,441.7900085449219
2025-08-05 09:30:00-04:00,441.79998779296875,443.0,440.1300048828125,440.6199951171875
2025-08-05 10:30:00-04:00,440.6000061035156,440.6600036621094,439.2099914550781,440.44000244140625
2025-08-05 11:30:00-04:00,440.4200134277344,441.4100036621094,440.1449890136719,441.4100036621094
2025-08-05 12:30:00-04:00,441.3999938964844,442.3500061035156,440.8699951171875,442.260009765625
2025-08-05 13:30:00-04:00,442.2699890136719,442.4599914550781,440.94000244140625,441.0592041015625
2025-08-05 14:30:00-04:00,441.0299987792969,441.7699890136719,440.7799987792969,441.5799865722656
2025-08-05 15:30:00-04:00,441.6000061035156,441.69989013671875,440.9599914550781,441.1700134277344
2025-08-06 09:30:00-04:00,442.1099853515625,442.1600036621094,440.1300048828125,440.45001220703125
2025-08-06 10:30:00-04:00,440.4599914550781,442.5,440.25,442.3999938964844
2025-08-06 11:30:00-04:00,442.3900146484375,442.67999267578125,441.5,442.2699890136719
2025-08-06 12:30:00-04:00,442.2699890136719,442.70001220703125,441.7900085449219,442.20001220703125
2025-08-06 13:30:00-04:00,442.2099914550781,442.95001220703125,442.1099853515625,442.55999755859375
2025-08-06 14:30:00-04:00,442.5400085449219,442.6499938964844,442.0199890136719,442.30999755859375
2025-08-06 15:30:00-04:00,442.32000732421875,442.6099853515625,441.8399963378906,441.94000244140625
2025-08-07 09:30:00-04:00,444.2699890136719,445.010009765625,440.4800109863281,440.67999267578125
2025-08-07 10:30:00-04:00,440.69000244140625,440.82000732421875,438.82000732421875,438.9150085449219
2025-08-07 11:30:00-04:00,438.92999267578125,439.5299987792969,438.4800109863281,439.45001220703125
2025-08-07 12:30:00-04:00,439.3999938964844,439.75,438.0400085449219,438.07000732421875
2025-08-07 13:30:00-04:00,438.1199951171875,439.07000732421875,437.9800109863281,438.6499938964844
2025-08-07 14:30:00-04:00,438.6300048828125,439.1600036621094,438.3800048828125,438.8299865722656
2025-08-07 15:30:00-04:00,438.8699951171875,439.79998779296875,438.82000732421875,439.75
2025-08-08 09:30:00-04:00,440.80499267578125,442.8800048828125,440.4700012207031,442.1300048828125
2025-08-08 10:30:00-04:00,442.0899963378906,442.5299987792969,440.8299865722656,440.9100036621094
2025-08-08 11:30:00-04:00,440.8999938964844,442.3699951171875,440.30999755859375,441.8800048828125
2025-08-08 12:30:00-04:00,441.95001220703125,442.1496887207031,441.42999267578125,441.8699951171875
2025-08-08 13:30:00-04:00,441.8999938964844,442.489990234375,441.8900146484375,442.1300048828125
2025-08-08 14:30:00-04:00,442.1200866699219,442.4599914550781,441.92999267578125,442.2300109863281
2025-08-08 15:30:00-04:00,442.2200012207031,442.2200012207031,441.17999267578125,441.9100036621094
2025-08-11 09:30:00-04:00,442.3299865722656,442.8699951171875,440.739990234375,441.010009765625
2025-08-11 10:30:00-04:00,440.989990234375,441.1700134277344,440.0799865722656,440.375
2025-08-11 11:30:00-04:00,440.3699951171875,441.9599914550781,440.1099853515625,441.6099853515625
2025-08-11 12:30:00-04:00,441.6300048828125,441.6300048828125,439.75,440.2300109863281
2025-08-11 13:30:00-04:00,440.2200012207031,440.4100036621094,439.79998779296875,439.95001220703125
2025-08-11 14:30:00-04:00,439.9700012207031,440.2699890136719,439.3299865722656,440.1600036621094
2025-08-11 15:30:00-04:00,440.19000244140625,440.2200012207031,439.2300109863281,440.0400085449219
2025-08-12 09:30:00-04:00,441.69000244140625,444.5299987792969,441.1400146484375,444.2099914550781
2025-08-12 10:30:00-04:00,444.2099914550781,444.9599914550781,443.44000244140625,444.20989990234375
2025-08-12 11:30:00-04:00,444.20001220703125,444.689697265625,444.1000061035156,444.5199890136719
2025-08-12 12:30:00-04:00,444.55999755859375,444.760009765625,444.239990234375,444.42999267578125
2025-08-12 13:30:00-04:00,444.44000244140625,445.1499938964844,444.30999755859375,444.69000244140625
2025-08-12 14:30:00-04:00,444.70001220703125,444.7099914550781,444.260009765625,444.3299865722656
2025-08-12 15:30:00-04:00,444.3595886230469,444.8999938964844,444.2699890136719,444.67999267578125
2025-08-13 09:30:00-04:00,446.44000244140625,449.0400085449219,446.04998779296875,447.8800048828125
2025-08-13 10:30:00-04:00,447.8800048828125,448.29998779296875,447.0010070800781,447.989990234375
2025-08-13 11:30:00-04:00,448.010009765625,448.5494079589844,447.5765075683594,447.9200134277344
2025-08-13 12:30:00-04:00,447.92999267578125,448.2200012207031,447.3999938964844,447.9100036621094
2025-08-13 13:30:00-04:00,447.8999938964844,448.80999755859375,447.2900085449219,448.6499938964844
2025-08-13 14:30:00-04:00,448.6499938964844,449.29998779296875,448.6499938964844,449.0899963378906
2025-08-13 15:30:00-04:00,449.1099853515625,449.6499938964844,449.0007019042969,449.44000244140625
2025-08-14 09:30:00-04:00,447.739990234375,448.69000244140625,447.2200012207031,448.0400085449219
2025-08-14 10:30:00-04:00,448.0400085449219,448.9549865722656,447.55999755859375,447.6400146484375
2025-08-14 11:30:00-04:00,447.6700134277344,448.0899963378906,446.9800109863281,447.3299865722656
2025-08-14 12:30:00-04:00,447.3299865722656,448.2799987792969,447.07000732421875,448.2799987792969
2025-08-14 13:30:00-04:00,448.29998779296875,448.54998779296875,447.9700012207031,448.3299865722656
2025-08-14 14:30:00-04:00,448.3399963378906,449.6400146484375,448.2699890136719,449.2699890136719
2025-08-14 15:30:00-04:00,449.25,449.5599060058594,449.0899963378906,449.1400146484375
2025-08-15 09:30:00-04:00,451.8999938964844,452.04998779296875,448.9700012207031,449.6099853515625
2025-08-15 10:30:00-04:00,449.510009765625,450.04998779296875,449.07000732421875,449.510009765625
2025-08-15 11:30:00-04:00,449.5799865722656,450.5,449.5199890136719,450.17999267578125
2025-08-15 12:30:00-04:00,450.19000244140625,450.4599914550781,449.92999267578125,450.3800048828125
2025-08-15 13:30:00-04:00,450.3699951171875,450.8900146484375,450.0899963378906,450.5199890136719
2025-08-15 14:30:00-04:00,450.489990234375,450.55999755859375,449.55999755859375,449.8399963378906
2025-08-15 15:30:00-04:00,449.8599853515625,450.0400085449219,449.3399963378906,449.54998779296875
2025-08-18 09:30:00-04:00,449.3500061035156,449.9700012207031,448.6499938964844,448.92999267578125
2025-08-18 10:30:00-04:00,448.9100036621094,449.94000244140625,448.7699890136719,449.260009765625
2025-08-18 11:30:00-04:00,449.25,449.5799865722656,449.010009765625,449.4800109863281
2025-08-18 12:30:00-04:00,449.489990234375,449.6000061035156,448.9200134277344,449.3699951171875
2025-08-18 13:30:00-04:00,449.3699951171875,449.8500061035156,448.6300048828125,448.8399963378906
2025-08-18 14:30:00-04:00,448.82000732421875,449.2300109863281,448.739990234375,449.010009765625
2025-08-18 15:30:00-04:00,449.010009765625,449.44000244140625,448.9700012207031,449.04998779296875
2025-08-19 09:30:00-04:00,449.8500061035156,451.8999938964844,449.760009765625,451.7900085449219
2025-08-19 10:30:00-04:00,451.7799987792969,452.1499938964844,449.7900085449219,450.1400146484375
2025-08-19 11:30:00-04:00,450.0899963378906,450.29998779296875,448.9599914550781,449.0299987792969
2025-08-19 12:30:00-04:00,449.0299987792969,449.42999267578125,448.54998779296875,449.260009765625
2025-08-19 13:30:00-04:00,449.239990234375,449.4200134277344,448.3500061035156,448.4283142089844
2025-08-19 14:30:00-04:00,448.4150085449219,448.9100036621094,448.2099914550781,448.8599853515625
2025-08-19 15:30:00-04:00,448.8399963378906,449.4100036621094,448.5,449.2900085449219
2025-08-20 09:30:00-04:00,449.7900085449219,450.52099609375,447.8900146484375,447.95001220703125
2025-08-20 10:30:00-04:00,447.9200134277344,449.7900085449219,447.6700134277344,449.6700134277344
2025-08-20 11:30:00-04:00,449.67999267578125,449.7300109863281,448.3299865722656,449.3800048828125
2025-08-20 12:30:00-04:00,449.3800048828125,449.3900146484375,448.6000061035156,448.8299865722656
2025-08-20 13:30:00-04:00,448.8599853515625,449.6199951171875,448.0400085449219,448.5
2025-08-20 14:30:00-04:00,448.489990234375,450.2200012207031,448.4200134277344,449.8299865722656
2025-08-20 15:30:00-04:00,449.82000732421875,450.25,449.19000244140625,449.32000732421875
2025-08-21 09:30:00-04:00,447.7200012207031,448.92999267578125,445.8800048828125,448.6400146484375
2025-08-21 10:30:00-04:00,448.6099853515625,448.70001220703125,447.3699951171875,448.57000732421875
2025-08-21 11:30:00-04:00,448.4800109863281,449.07000732421875,447.17999267578125,447.489990234375
2025-08-21 12:30:00-04:00,447.6000061035156,448.0,446.6700134277344,447.0799865722656
2025-08-21 13:30:00-04:00,447.0799865722656,448.3299865722656,447.01568603515625,447.7950134277344
2025-08-21 14:30:00-04:00,447.82000732421875,448.4898986816406,447.5400085449219,448.07000732421875
2025-08-21 15:30:00-04:00,448.05999755859375,448.1700134277344,447.6199951171875,447.9700012207031
2025-08-22 09:30:00-04:00,450.4200134277344,455.8500061035156,450.2900085449219,455.30999755859375
2025-08-22 10:30:00-04:00,455.3399963378906,457.3699951171875,455.3399963378906,457.3699951171875
2025-08-22 11:30:00-04:00,457.3599853515625,457.8699951171875,456.94000244140625,456.95001220703125
2025-08-22 12:30:00-04:00,456.9599914550781,457.44000244140625,456.80999755859375,457.17999267578125
2025-08-22 13:30:00-04:00,457.239990234375,457.4750061035156,456.4599914550781,456.4599914550781
2025-08-22 14:30:00-04:00,456.5400085449219,456.9100036621094,456.3599853515625,456.5
2025-08-22 15:30:00-04:00,456.49798583984375,456.8800048828125,456.20001220703125,456.6300048828125
2025-08-25 09:30:00-04:00,455.572509765625,456.19000244140625,454.489990234375,454.9100036621094
2025-08-25 10:30:00-04:00,454.8949890136719,454.9200134277344,454.260009765625,454.739990234375
2025-08-25 11:30:00-04:00,454.739990234375,454.7799987792969,454.0199890136719,454.3399963378906
2025-08-25 12:30:00-04:00,454.25,454.6000061035156,454.05999755859375,454.19000244140625
2025-08-25 13:30:00-04:00,454.19000244140625,454.29998779296875,453.6700134277344,453.8291931152344
2025-08-25 14:30:00-04:00,453.80999755859375,453.92999267578125,453.22039794921875,453.489990234375
2025-08-25 15:30:00-04:00,453.4700012207031,453.67999267578125,453.0299987792969,453.0899963378906
2025-08-26 09:30:00-04:00,452.7900085449219,453.55999755859375,452.54998779296875,453.1700134277344
2025-08-26 10:30:00-04:00,453.1199951171875,453.2300109863281,452.57000732421875,452.6600036621094
2025-08-26 11:30:00-04:00,452.6499938964844,453.4100036621094,452.5899963378906,453.25
2025-08-26 12:30:00-04:00,453.239990234375,453.5899963378906,453.0799865722656,453.55999755859375
2025-08-26 13:30:00-04:00,453.5899963378906,453.5899963378906,452.9599914550781,453.489990234375
2025-08-26 14:30:00-04:00,453.489990234375,454.3699951171875,453.489990234375,454.30999755859375
2025-08-26 15:30:00-04:00,454.30999755859375,454.75,453.6199951171875,454.489990234375
2025-08-27 09:30:00-04:00,454.2799987792969,456.0,454.2099914550781,455.4200134277344
2025-08-27 10:30:00-04:00,455.3599853515625,455.9599914550781,455.19000244140625,455.8699951171875
2025-08-27 11:30:00-04:00,455.8900146484375,455.9150085449219,455.2099914550781,455.510009765625
2025-08-27 12:30:00-04:00,455.510009765625,455.8999938964844,455.2699890136719,455.79998779296875
2025-08-27 13:30:00-04:00,455.80999755859375,456.4750061035156,455.80999755859375,456.3699951171875
2025-08-27 14:30:00-04:00,456.3500061035156,456.5199890136719,455.8900146484375,456.17999267578125
2025-08-27 15:30:00-04:00,456.17999267578125,456.6400146484375,456.010009765625,456.010009765625
2025-08-28 09:30:00-04:00,456.5299987792969,456.5299987792969,455.0199890136719,455.32000732421875
2025-08-28 10:30:00-04:00,455.3699951171875,455.57000732421875,454.7900085449219,454.989990234375
2025-08-28 11:30:00-04:00,455.0,456.5093994140625,455.0,456.5093994140625
2025-08-28 12:30:00-04:00,456.5400085449219,456.5799865722656,455.8900146484375,456.1000061035156
2025-08-28 13:30:00-04:00,456.1099853515625,456.4100036621094,455.9599914550781,456.20001220703125
2025-08-28 14:30:00-04:00,456.20001220703125,456.8699951171875,456.1600036621094,456.739990234375
2025-08-28 15:30:00-04:00,456.7300109863281,457.20001220703125,456.45001220703125,456.82000732421875
2025-08-29 09:30:00-04:00,456.3800048828125,456.8399963378906,454.489990234375,455.04998779296875
2025-08-29 10:30:00-04:00,455.0899963378906,455.7699890136719,454.2799987792969,455.05999755859375
2025-08-29 11:30:00-04:00,455.0799865722656,455.6199951171875,454.75,455.2300109863281
2025-08-29 12:30:00-04:00,455.2799987792969,455.8999938964844,455.2699890136719,455.5799865722656
2025-08-29 13:30:00-04:00,455.5799865722656,456.2300109863281,455.4700012207031,455.7799987792969
2025-08-29 14:30:00-04:00,455.760009765625,456.1499938964844,455.6484069824219,455.92999267578125
2025-08-29 15:30:00-04:00,455.94000244140625,456.3399963378906,455.4800109863281,456.1400146484375
2025-09-02 09:30:00-04:00,451.989990234375,453.54998779296875,450.1549987792969,453.0799865722656
2025-09-02 10:30:00-04:00,453.010009765625,453.5,451.3500061035156,451.5799865722656
2025-09-02 11:30:00-04:00,451.5899963378906,451.5899963378906,450.5,450.8999938964844
2025-09-02 12:30:00-04:00,450.92999267578125,452.32000732421875,450.79998779296875,452.1400146484375
2025-09-02 13:30:00-04:00,452.1449890136719,453.07000732421875,452.0249938964844,452.06500244140625
2025-09-02 14:30:00-04:00,452.05999755859375,452.9649963378906,451.70001220703125,452.8598937988281
2025-09-02 15:30:00-04:00,452.8399963378906,453.69000244140625,452.75,453.6199951171875
2025-09-03 09:30:00-04:00,452.8800048828125,453.739990234375,451.45001220703125,452.0799865722656
2025-09-03 10:30:00-04:00,452.0899963378906,453.29998779296875,452.0,452.1300048828125
2025-09-03 11:30:00-04:00,452.1099853515625,452.3999938964844,451.5400085449219,451.8299865722656
2025-09-03 12:30:00-04:00,451.8299865722656,451.9700012207031,451.20001220703125,451.7799987792969
2025-09-03 13:30:00-04:00,451.7699890136719,451.80999755859375,450.5299987792969,451.5799865722656
2025-09-03 14:30:00-04:00,451.489990234375,451.6499938964844,451.0799865722656,451.3399963378906
2025-09-03 15:30:00-04:00,451.3299865722656,453.3800048828125,451.30999755859375,453.2900085449219
2025-09-04 09:30:00-04:00,453.54998779296875,454.3900146484375,452.55999755859375,454.17999267578125
2025-09-04 10:30:00-04:00,454.17999267578125,455.6000061035156,454.1199951171875,455.4700012207031
2025-09-04 11:30:00-04:00,455.489990234375,455.8900146484375,455.3500061035156,455.5799865722656
2025-09-04 12:30:00-04:00,455.5799865722656,456.2099914550781,455.30499267578125,456.1499938964844
2025-09-04 13:30:00-04:00,456.1700134277344,457.0199890136719,455.9200134277344,456.614990234375
2025-09-04 14:30:00-04:00,456.6199951171875,457.2099914550781,456.4700012207031,456.8399963378906
2025-09-04 15:30:00-04:00,456.8299865722656,457.260009765625,456.75,457.010009765625
2025-09-05 09:30:00-04:00,457.1199951171875,458.5400085449219,454.4700012207031,454.7699890136719
2025-09-05 10:30:00-04:00,454.7099914550781,454.8999938964844,452.9800109863281,454.8800048828125
2025-09-05 11:30:00-04:00,454.9200134277344,455.1400146484375,454.1400146484375,454.30999755859375
2025-09-05 12:30:00-04:00,454.32000732421875,454.9599914550781,454.0400085449219,454.32000732421875
2025-09-05 13:30:00-04:00,454.2900085449219,454.4800109863281,453.6099853515625,454.3800048828125
2025-09-05 14:30:00-04:00,454.4200134277344,455.5299987792969,454.3999938964844,455.239990234375
2025-09-05 15:30:00-04:00,455.2699890136719,455.2699890136719,454.45001220703125,455.0199890136719
2025-09-08 09:30:00-04:00,455.3800048828125,455.44000244140625,453.70001220703125,454.7300109863281
2025-09-08 10:30:00-04:00,454.75,456.0,454.6499938964844,455.80999755859375
2025-09-08 11:30:00-04:00,455.75,455.8599853515625,454.739990234375,454.8800048828125
2025-09-08 12:30:00-04:00,454.8999938964844,455.1400146484375,454.42999267578125,455.0199890136719
2025-09-08 13:30:00-04:00,455.0299987792969,455.2200012207031,454.04998779296875,455.2200012207031
2025-09-08 14:30:00-04:00,455.2099914550781,455.6199951171875,454.8800048828125,455.0899963378906
2025-09-08 15:30:00-04:00,455.0799865722656,456.2900085449219,455.02569580078125,456.20001220703125
2025-09-09 09:30:00-04:00,455.8500061035156,456.7300109863281,455.5299987792969,455.7650146484375
2025-09-09 10:30:00-04:00,455.7900085449219,457.4599914550781,455.2149963378906,457.4100036621094
2025-09-09 11:30:00-04:00,457.4700012207031,457.79998779296875,456.2200012207031,456.8599853515625
2025-09-09 12:30:00-04:00,456.80999755859375,457.5799865722656,456.80999755859375,457.489990234375
2025-09-09 13:30:00-04:00,457.489990234375,458.4200134277344,457.45001220703125,458.3900146484375
2025-09-09 14:30:00-04:00,458.4100036621094,458.5199890136719,457.5,457.8500061035156
2025-09-09 15:30:00-04:00,457.8699951171875,458.54998779296875,457.75,458.0199890136719
2025-09-10 09:30:00-04:00,457.7099914550781,457.8999938964844,456.79998779296875,457.0
2025-09-10 10:30:00-04:00,456.9200134277344,456.9200134277344,454.7099914550781,455.4649963378906
2025-09-10 11:30:00-04:00,455.4700012207031,456.4700012207031,455.1033020019531,455.5
2025-09-10 12:30:00-04:00,455.5,456.3800048828125,455.0199890136719,455.57000732421875
2025-09-10 13:30:00-04:00,455.55999755859375,455.87908935546875,455.2099914550781,455.8500061035156
2025-09-10 14:30:00-04:00,455.8599853515625,456.2099914550781,455.1199951171875,455.1300048828125
2025-09-10 15:30:00-04:00,455.19500732421875,456.2900085449219,454.75,455.8900146484375
2025-09-11 09:30:00-04:00,456.8500061035156,461.0,456.6000061035156,460.9200134277344
2025-09-11 10:30:00-04:00,460.9200134277344,461.75,460.79998779296875,461.5899963378906
2025-09-11 11:30:00-04:00,461.6099853515625,461.94000244140625,460.9800109863281,461.70001220703125
2025-09-11 12:30:00-04:00,461.714111328125,462.0799865722656,461.3619079589844,461.6099853515625
2025-09-11 13:30:00-04:00,461.6400146484375,462.2900085449219,461.57000732421875,461.8900146484375
2025-09-11 14:30:00-04:00,461.9100036621094,462.04998779296875,461.6000061035156,461.79998779296875
2025-09-11 15:30:00-04:00,461.8299865722656,462.32000732421875,461.8299865722656,461.9100036621094
2025-09-12 09:30:00-04:00,461.25,461.69000244140625,460.4700012207031,460.5899963378906
2025-09-12 10:30:00-04:00,460.6700134277344,460.69000244140625,460.010009765625,460.05999755859375
2025-09-12 11:30:00-04:00,460.07000732421875,460.260009765625,459.8403015136719,460.2001037597656
2025-09-12 12:30:00-04:00,460.2300109863281,460.42999267578125,459.8800048828125,460.3399963378906
2025-09-12 13:30:00-04:00,460.3399963378906,460.3399963378906,459.96038818359375,460.260009765625
2025-09-12 14:30:00-04:00,460.32000732421875,460.6300048828125,459.82000732421875,459.8999938964844
2025-09-12 15:30:00-04:00,459.8999938964844,460.04998779296875,459.07000732421875,459.2900085449219
2025-09-15 09:30:00-04:00,460.0050048828125,460.6000061035156,459.19000244140625,460.42999267578125
2025-09-15 10:30:00-04:00,460.4100036621094,460.9100036621094,459.29998779296875,459.3299865722656
2025-09-15 11:30:00-04:00,459.2900085449219,459.8599853515625,458.8299865722656,459.7300109863281
2025-09-15 12:30:00-04:00,459.75,459.9800109863281,459.04998779296875,459.239990234375
2025-09-15 13:30:00-04:00,459.20001220703125,460.010009765625,459.20001220703125,459.5050048828125
2025-09-15 14:30:00-04:00,459.489990234375,459.94000244140625,459.1499938964844,459.8399963378906
2025-09-15 15:30:00-04:00,459.79998779296875,460.1600036621094,459.5150146484375,460.0799865722656
2025-09-16 09:30:00-04:00,460.1099853515625,460.7950134277344,457.7799987792969,458.3699951171875
2025-09-16 10:30:00-04:00,458.30999755859375,458.7799987792969,457.8699951171875,458.2149963378906
2025-09-16 11:30:00-04:00,458.1600036621094,459.0799865722656,457.92999267578125,458.8900146484375
2025-09-16 12:30:00-04:00,458.8800048828125,459.1400146484375,458.6000061035156,458.79998779296875
2025-09-16 13:30:00-04:00,458.79998779296875,459.1499938964844,458.6099853515625,458.82000732421875
2025-09-16 14:30:00-04:00,458.79998779296875,459.3299865722656,458.6199951171875,458.7200012207031
2025-09-16 15:30:00-04:00,458.69000244140625,459.2300109863281,458.3450012207031,458.82000732421875
2025-09-17 09:30:00-04:00,459.7900085449219,461.9100036621094,459.760009765625,461.3450012207031
2025-09-17 10:30:00-04:00,461.29998779296875,462.0799865722656,461.0400085449219,461.6585998535156
2025-09-17 11:30:00-04:00,461.6400146484375,462.2300109863281,461.1199951171875,461.239990234375
2025-09-17 12:30:00-04:00,461.17999267578125,461.3299865722656,460.6199951171875,461.04998779296875
2025-09-17 13:30:00-04:00,461.0199890136719,463.849609375,460.7200012207031,463.239990234375
2025-09-17 14:30:00-04:00,463.2699890136719,463.3299865722656,457.9599914550781,461.3999938964844
2025-09-17 15:30:00-04:00,461.3900146484375,461.7799987792969,460.739990234375,461.2900085449219
2025-09-18 09:30:00-04:00,461.2900085449219,464.07000732421875,460.6600036621094,463.9599914550781
2025-09-18 10:30:00-04:00,463.989990234375,464.3699951171875,462.010009765625,462.6099853515625
2025-09-18 11:30:00-04:00,462.6400146484375,463.239990234375,461.7699890136719,463.19000244140625
2025-09-18 12:30:00-04:00,463.17999267578125,463.9700012207031,463.0,463.1199951171875
2025-09-18 13:30:00-04:00,463.1000061035156,463.31988525390625,462.5299987792969,462.6400146484375
2025-09-18 14:30:00-04:00,462.6300048828125,463.2099914550781,462.0799865722656,462.55999755859375
2025-09-18 15:30:00-04:00,462.54998779296875,463.010009765625,462.1600036621094,462.6099853515625
2025-09-19 09:30:00-04:00,462.7200012207031,462.7699890136719,461.0,461.8599853515625
2025-09-19 10:30:00-04:00,461.8699951171875,462.2799987792969,461.0801086425781,461.1700134277344
2025-09-19 11:30:00-04:00,461.1600036621094,462.760009765625,460.8699951171875,462.5899963378906
2025-09-19 12:30:00-04:00,462.6000061035156,462.70001220703125,462.19549560546875,462.69000244140625
2025-09-19 13:30:00-04:00,462.70001220703125,463.0199890136719,462.42999267578125,462.6300048828125
2025-09-19 14:30:00-04:00,462.6300048828125,463.5,462.4100036621094,463.3900146484375
2025-09-19 15:30:00-04:00,463.3699951171875,463.7799987792969,462.8299865722656,462.8500061035156
2025-09-22 09:30:00-04:00,461.1600036621094,462.2698059082031,460.1600036621094,462.1000061035156
2025-09-22 10:30:00-04:00,462.05999755859375,463.6600036621094,462.010009765625,463.0799865722656
2025-09-22 11:30:00-04:00,463.1000061035156,463.44000244140625,462.94000244140625,463.29998779296875
2025-09-22 12:30:00-04:00,463.3299865722656,463.8500061035156,463.17999267578125,463.8299865722656
2025-09-22 13:30:00-04:00,463.8399963378906,464.1300048828125,463.2799987792969,463.6499938964844
2025-09-22 14:30:00-04:00,463.6400146484375,464.04998779296875,463.4700012207031,463.9100036621094
2025-09-22 15:30:00-04:00,463.9100036621094,464.2900085449219,463.6449890136719,463.6449890136719
2025-09-23 09:30:00-04:00,464.2200012207031,467.0,464.1700134277344,465.82501220703125
2025-09-23 10:30:00-04:00,465.82000732421875,466.2200012207031,465.05999755859375,465.1000061035156
2025-09-23 11:30:00-04:00,465.0899963378906,465.1400146484375,463.6700134277344,463.989990234375
2025-09-23 12:30:00-04:00,463.9700012207031,464.4700012207031,462.9700012207031,462.9700012207031
2025-09-23 13:30:00-04:00,462.92999267578125,463.0799865722656,462.0249938964844,462.4200134277344
2025-09-23 14:30:00-04:00,462.4100036621094,462.8699951171875,462.16009521484375,462.57000732421875
2025-09-23 15:30:00-04:00,462.5899963378906,463.3500061035156,462.4800109863281,462.9700012207031
2025-09-24 09:30:00-04:00,463.45001220703125,464.4241027832031,462.9800109863281,463.3500061035156
2025-09-24 10:30:00-04:00,463.3399963378906,463.57000732421875,462.2300109863281,462.3900146484375
2025-09-24 11:30:00-04:00,462.3800048828125,462.44000244140625,460.9800109863281,461.5799865722656
2025-09-24 12:30:00-04:00,461.5899963378906,462.1099853515625,461.3500061035156,461.7749938964844
2025-09-24 13:30:00-04:00,461.7699890136719,462.07000732421875,460.7950134277344,461.2200012207031
2025-09-24 14:30:00-04:00,461.2099914550781,461.5,460.8768005371094,461.2099914550781
2025-09-24 15:30:00-04:00,461.20001220703125,461.3699951171875,460.95001220703125,460.9700012207031
2025-09-25 09:30:00-04:00,459.8999938964844,460.8699951171875,458.70001220703125,460.3999938964844
2025-09-25 10:30:00-04:00,460.3800048828125,461.0799865722656,459.3500061035156,459.6012878417969
2025-09-25 11:30:00-04:00,459.6499938964844,460.7300109863281,459.6199951171875,459.8710021972656
2025-09-25 12:30:00-04:00,459.9100036621094,460.54998779296875,458.9100036621094,459.3699951171875
2025-09-25 13:30:00-04:00,459.3399963378906,459.4100036621094,457.7099914550781,459.0400085449219
2025-09-25 14:30:00-04:00,459.0299987792969,459.6400146484375,458.7799987792969,459.0799865722656
2025-09-25 15:30:00-04:00,459.1199951171875,459.70001220703125,458.9049987792969,459.3999938964844
2025-09-26 09:30:00-04:00,461.2699890136719,463.4100036621094,460.5899963378906,460.98748779296875
2025-09-26 10:30:00-04:00,460.92999267578125,461.6700134277344,460.3171081542969,461.66070556640625
2025-09-26 11:30:00-04:00,461.70001220703125,462.32000732421875,460.80999755859375,462.17999267578125
2025-09-26 12:30:00-04:00,462.1499938964844,463.0799865722656,461.8999938964844,462.9700012207031
2025-09-26 13:30:00-04:00,462.9800109863281,463.1199951171875,462.3500061035156,462.9100036621094
2025-09-26 14:30:00-04:00,462.9649963378906,463.20001220703125,462.3599853515625,462.44000244140625
2025-09-26 15:30:00-04:00,462.4200134277344,462.5799865722656,462.05999755859375,462.2699890136719
2025-09-29 09:30:00-04:00,463.760009765625,463.7749938964844,461.5899963378906,461.989990234375
2025-09-29 10:30:00-04:00,461.8800048828125,462.7049865722656,461.3900146484375,461.70001220703125
2025-09-29 11:30:00-04:00,461.7099914550781,462.1600036621094,461.30999755859375,461.9200134277344
2025-09-29 12:30:00-04:00,462.0450134277344,462.0899963378906,461.5299987792969,461.6300048828125
2025-09-29 13:30:00-04:00,461.6400146484375,462.69000244140625,461.3900146484375,462.6499938964844
2025-09-29 14:30:00-04:00,462.6199951171875,462.94000244140625,461.7900085449219,462.55999755859375
2025-09-29 15:30:00-04:00,462.5799865722656,463.2449951171875,462.5400085449219,463.0400085449219
2025-09-30 09:30:00-04:00,462.614990234375,463.6499938964844,462.3699951171875,462.6000061035156
2025-09-30 10:30:00-04:00,462.6199951171875,462.6600036621094,460.8399963378906,461.3500061035156
2025-09-30 11:30:00-04:00,461.3500061035156,463.2699890136719,461.0,462.6499938964844
2025-09-30 12:30:00-04:00,462.69000244140625,462.8699951171875,461.2257995605469,461.5299987792969
2025-09-30 13:30:00-04:00,461.3800048828125,462.5,461.25,462.4700012207031
2025-09-30 14:30:00-04:00,462.4599914550781,463.4599914550781,462.260009765625,463.3330078125
2025-09-30 15:30:00-04:00,463.3699951171875,464.0899963378906,462.9800109863281,463.7300109863281
2025-10-01 09:30:00-04:00,462.57000732421875,464.2699890136719,462.54998779296875,463.7799987792969
2025-10-01 10:30:00-04:00,463.7699890136719,464.67999267578125,463.2900085449219,464.55999755859375
2025-10-01 11:30:00-04:00,464.55999755859375,465.1400146484375,463.8399963378906,463.8800048828125
2025-10-01 12:30:00-04:00,463.8500061035156,464.1600036621094,463.2200012207031,464.05999755859375
2025-10-01 13:30:00-04:00,464.1000061035156,464.54998779296875,463.8599853515625,464.5400085449219
2025-10-01 14:30:00-04:00,464.5299987792969,465.010009765625,464.45001220703125,464.7099914550781
2025-10-01 15:30:00-04:00,464.7099914550781,464.9200134277344,464.2200012207031,464.2699890136719
2025-10-02 09:30:00-04:00,464.30999755859375,465.6499938964844,463.2200012207031,463.7099914550781
2025-10-02 10:30:00-04:00,463.7300109863281,463.92498779296875,462.614990234375,463.1700134277344
2025-10-02 11:30:00-04:00,463.17999267578125,463.8800048828125,462.80999755859375,463.8699951171875
2025-10-02 12:30:00-04:00,463.8599853515625,464.3699951171875,463.44000244140625,464.0400085449219
2025-10-02 13:30:00-04:00,464.04998779296875,465.6400146484375,463.9599914550781,465.6199951171875
2025-10-02 14:30:00-04:00,465.6000061035156,465.7699890136719,465.2799987792969,465.3599853515625
2025-10-02 15:30:00-04:00,465.3399963378906,465.3500061035156,464.8999938964844,465.1000061035156
2025-10-03 09:30:00-04:00,465.7900085449219,469.0299987792969,465.67999267578125,469.0
2025-10-03 10:30:00-04:00,469.0,469.8800048828125,468.1499938964844,468.2850036621094
2025-10-03 11:30:00-04:00,468.2799987792969,470.32000732421875,468.260009765625,470.0299987792969
2025-10-03 12:30:00-04:00,470.0199890136719,470.3800048828125,469.2300109863281,469.2300109863281
2025-10-03 13:30:00-04:00,469.2099914550781,469.5899963378906,467.45001220703125,468.6600036621094
2025-10-03 14:30:00-04:00,468.67999267578125,468.8599853515625,467.79998779296875,467.92999267578125
2025-10-03 15:30:00-04:00,467.9200134277344,468.2699890136719,467.32000732421875,467.510009765625
2025-10-06 09:30:00-04:00,468.31500244140625,468.4700012207031,464.2300109863281,465.614990234375
2025-10-06 10:30:00-04:00,465.6199951171875,467.04998779296875,465.57000732421875,466.8999938964844
2025-10-06 11:30:00-04:00,466.9100036621094,466.9200134277344,465.9800109863281,466.4599914550781
2025-10-06 12:30:00-04:00,466.4700012207031,466.95001220703125,466.05499267578125,466.79998779296875
2025-10-06 13:30:00-04:00,466.82000732421875,467.42999267578125,466.7900085449219,466.9750061035156
2025-10-06 14:30:00-04:00,466.9700012207031,467.1499938964844,466.57000732421875,466.6700134277344
2025-10-06 15:30:00-04:00,466.67498779296875,467.2200012207031,466.6449890136719,466.79998779296875
2025-10-07 09:30:00-04:00,467.54998779296875,468.6099853515625,466.0199890136719,466.0199890136719
2025-10-07 10:30:00-04:00,466.0400085449219,466.4700012207031,465.5799865722656,465.9049987792969
2025-10-07 11:30:00-04:00,465.9100036621094,466.07000732421875,464.3900146484375,464.8699951171875
2025-10-07 12:30:00-04:00,464.8599853515625,465.8900146484375,464.8599853515625,465.44000244140625
2025-10-07 13:30:00-04:00,465.4200134277344,465.7900085449219,464.75,465.2300109863281
2025-10-07 14:30:00-04:00,465.2799987792969,465.6099853515625,465.260009765625,465.3999938964844
2025-10-07 15:30:00-04:00,465.3699951171875,466.04998779296875,465.3500061035156,465.9700012207031
2025-10-08 09:30:00-04:00,467.32000732421875,467.3699951171875,464.92999267578125,466.8299865722656
2025-10-08 10:30:00-04:00,466.8299865722656,467.44000244140625,466.6700134277344,467.32000732421875
2025-10-08 11:30:00-04:00,467.2699890136719,468.1300048828125,467.1499938964844,467.54998779296875
2025-10-08 12:30:00-04:00,467.57000732421875,467.7799987792969,467.05999755859375,467.2900085449219
2025-10-08 13:30:00-04:00,467.29998779296875,467.3900146484375,466.4700012207031,466.6499938964844
2025-10-08 14:30:00-04:00,466.6700134277344,466.739990234375,465.8999938964844,466.20001220703125
2025-10-08 15:30:00-04:00,466.20001220703125,466.30999755859375,465.8999938964844,466.04998779296875
2025-10-09 09:30:00-04:00,466.1700134277344,466.7799987792969,464.0199890136719,464.2200012207031
2025-10-09 10:30:00-04:00,464.2300109863281,464.7900085449219,463.6000061035156,464.0450134277344
2025-10-09 11:30:00-04:00,464.0450134277344,464.7200012207031,463.5899963378906,464.1700134277344
2025-10-09 12:30:00-04:00,464.17999267578125,464.3599853515625,462.9150085449219,463.125
2025-10-09 13:30:00-04:00,463.114990234375,463.81500244140625,462.69000244140625,463.1549987792969
2025-10-09 14:30:00-04:00,463.1400146484375,463.1946105957031,462.6099853515625,462.95001220703125
2025-10-09 15:30:00-04:00,462.9700012207031,463.739990234375,462.8699951171875,463.54998779296875
2025-10-10 09:30:00-04:00,465.1199951171875,466.5,464.6400146484375,465.17999267578125
2025-10-10 10:30:00-04:00,465.20001220703125,465.510009765625,459.0000915527344,459.45001220703125
2025-10-10 11:30:00-04:00,459.3999938964844,460.44000244140625,457.6099853515625,458.6700134277344
2025-10-10 12:30:00-04:00,458.6400146484375,459.5899963378906,457.1099853515625,458.1000061035156
2025-10-10 13:30:00-04:00,458.1099853515625,458.8500061035156,457.5199890136719,457.92999267578125
2025-10-10 14:30:00-04:00,457.94000244140625,458.20001220703125,455.8599853515625,456.1099853515625
2025-10-10 15:30:00-04:00,456.19000244140625,456.95001220703125,454.7200012207031,454.9949951171875
2025-10-13 09:30:00-04:00,458.2300109863281,460.2900085449219,458.05999755859375,458.80999755859375
2025-10-13 10:30:00-04:00,458.8299865722656,460.7900085449219,458.3399963378906,460.7900085449219
2025-10-13 11:30:00-04:00,460.7900085449219,461.2099914550781,460.3599853515625,460.7900085449219
2025-10-13 12:30:00-04:00,460.7900085449219,461.55999755859375,460.3800048828125,460.4200134277344
2025-10-13 13:30:00-04:00,460.42999267578125,461.2699890136719,459.9100036621094,461.1400146484375
2025-10-13 14:30:00-04:00,461.1400146484375,461.3699951171875,459.6300048828125,460.5400085449219
2025-10-13 15:30:00-04:00,460.5299987792969,461.17999267578125,460.489990234375,460.7200012207031
2025-10-14 09:30:00-04:00,457.0299987792969,459.3599853515625,454.55999755859375,459.20001220703125
2025-10-14 10:30:00-04:00,459.1650085449219,460.760009765625,458.94000244140625,460.0270080566406
2025-10-14 11:30:00-04:00,460.0799865722656,463.32000732421875,460.04998779296875,462.9700012207031
2025-10-14 12:30:00-04:00,462.9700012207031,464.69000244140625,462.7900085449219,464.5799865722656
2025-10-14 13:30:00-04:00,464.5799865722656,465.2200012207031,463.94000244140625,464.6300048828125
2025-10-14 14:30:00-04:00,464.635009765625,465.0249938964844,464.2499084472656,464.30999755859375
2025-10-14 15:30:00-04:00,464.2799987792969,464.2799987792969,461.7699890136719,462.760009765625
2025-10-15 09:30:00-04:00,464.6700134277344,466.94000244140625,464.19000244140625,466.2799987792969
2025-10-15 10:30:00-04:00,466.2699890136719,466.5799865722656,465.05999755859375,465.260009765625
2025-10-15 11:30:00-04:00,465.2099914550781,465.30999755859375,463.0,463.739990234375
2025-10-15 12:30:00-04:00,463.739990234375,463.8599853515625,460.25,461.3800048828125
2025-10-15 13:30:00-04:00,461.4100036621094,463.4800109863281,461.2882995605469,462.8599853515625
2025-10-15 14:30:00-04:00,462.8800048828125,463.3800048828125,462.510009765625,462.8399963378906
2025-10-15 15:30:00-04:00,462.8699951171875,462.92999267578125,461.7699890136719,462.7099914550781
2025-10-16 09:30:00-04:00,463.3699951171875,464.20001220703125,462.3800048828125,463.2799987792969
2025-10-16 10:30:00-04:00,463.2799987792969,464.2699890136719,462.4949951171875,462.6600036621094
2025-10-16 11:30:00-04:00,462.6199951171875,463.5299987792969,460.9700012207031,461.1050109863281
2025-10-16 12:30:00-04:00,461.1000061035156,462.1199951171875,458.94000244140625,461.6700134277344
2025-10-16 13:30:00-04:00,461.6499938964844,462.0,457.9700012207031,458.510009765625
2025-10-16 14:30:00-04:00,458.5299987792969,460.3399963378906,457.8399963378906,458.6099853515625
2025-10-16 15:30:00-04:00,458.5950012207031,459.94000244140625,458.07000732421875,459.6000061035156
2025-10-17 09:30:00-04:00,459.29998779296875,462.1000061035156,459.1600036621094,460.739990234375
2025-10-17 10:30:00-04:00,460.7200012207031,460.82000732421875,458.9200134277344,459.6000061035156
2025-10-17 11:30:00-04:00,459.6499938964844,462.0799865722656,458.989990234375,461.5299987792969
2025-10-17 12:30:00-04:00,461.5199890136719,461.81500244140625,459.9700012207031,460.3299865722656
2025-10-17 13:30:00-04:00,460.3599853515625,462.6499938964844,460.0299987792969,462.3299865722656
2025-10-17 14:30:00-04:00,462.3399963378906,463.1099853515625,462.0899963378906,462.6199951171875
2025-10-17 15:30:00-04:00,462.6300048828125,462.6300048828125,461.6600036621094,461.760009765625
2025-10-20 09:30:00-04:00,463.45001220703125,465.1099853515625,463.42999267578125,465.04559326171875
2025-10-20 10:30:00-04:00,465.05499267578125,466.2799987792969,464.8299865722656,465.6300048828125
2025-10-20 11:30:00-04:00,465.6700134277344,466.05999755859375,465.1099853515625,465.9800109863281
2025-10-20 12:30:00-04:00,465.989990234375,466.8699951171875,465.75,466.6000061035156
2025-10-20 13:30:00-04:00,466.6099853515625,467.4800109863281,466.6000061035156,467.2300109863281
2025-10-20 14:30:00-04:00,467.25,467.4700012207031,466.7687072753906,467.239990234375
2025-10-20 15:30:00-04:00,467.2300109863281,467.5299987792969,466.8900146484375,467.0
2025-10-21 09:30:00-04:00,467.07000732421875,469.260009765625,466.9200134277344,468.5199890136719
2025-10-21 10:30:00-04:00,468.4800109863281,471.2499084472656,468.3999938964844,470.5299987792969
2025-10-21 11:30:00-04:00,470.57000732421875,470.739990234375,469.7699890136719,470.3157958984375
2025-10-21 12:30:00-04:00,470.3500061035156,470.69000244140625,469.4100036621094,469.7900085449219
2025-10-21 13:30:00-04:00,469.82000732421875,470.42999267578125,469.57000732421875,470.0899963378906
2025-10-21 14:30:00-04:00,470.0899963378906,470.1400146484375,469.54998779296875,469.67999267578125
2025-10-21 15:30:00-04:00,469.70001220703125,470.0199890136719,469.1400146484375,469.19000244140625
2025-10-22 09:30:00-04:00,469.2099914550781,469.239990234375,467.80999755859375,467.8500061035156
2025-10-22 10:30:00-04:00,467.8299865722656,468.5,467.1499938964844,467.6499938964844
2025-10-22 11:30:00-04:00,467.69500732421875,468.3599853515625,466.92999267578125,467.2099914550781
2025-10-22 12:30:00-04:00,467.2149963378906,467.7200012207031,464.8999938964844,465.75
2025-10-22 13:30:00-04:00,465.70001220703125,466.1000061035156,464.4800109863281,465.57000732421875
2025-10-22 14:30:00-04:00,465.55999755859375,466.2099914550781,465.05999755859375,465.9800109863281
2025-10-22 15:30:00-04:00,465.95001220703125,466.260009765625,465.57000732421875,465.9100036621094
2025-10-23 09:30:00-04:00,465.54998779296875,467.1700134277344,464.8599853515625,465.6499938964844
2025-10-23 10:30:00-04:00,465.6700134277344,466.6199951171875,465.239990234375,466.489990234375
2025-10-23 11:30:00-04:00,466.4800109863281,466.760009765625,465.4700012207031,466.489990234375
2025-10-23 12:30:00-04:00,466.4800109863281,467.2349853515625,466.3699951171875,466.8900146484375
2025-10-23 13:30:00-04:00,466.9200134277344,467.8500061035156,466.9200134277344,467.6199951171875
2025-10-23 14:30:00-04:00,467.6199951171875,467.9700012207031,467.5299987792969,467.57000732421875
2025-10-23 15:30:00-04:00,467.56500244140625,467.6400146484375,467.010009765625,467.2699890136719
2025-10-24 09:30:00-04:00,470.0199890136719,471.739990234375,469.2799987792969,471.0299987792969
2025-10-24 10:30:00-04:00,471.010009765625,472.54998779296875,470.6099853515625,472.4800109863281
2025-10-24 11:30:00-04:00,472.489990234375,473.239990234375,472.3999938964844,472.69000244140625
2025-10-24 12:30:00-04:00,472.67999267578125,472.7900085449219,471.8500061035156,472.760009765625
2025-10-24 13:30:00-04:00,472.739990234375,473.17999267578125,472.57000732421875,472.7300109863281
2025-10-24 14:30:00-04:00,472.7300109863281,473.0799865722656,472.510009765625,472.6600036621094
2025-10-24 15:30:00-04:00,472.6700134277344,472.80999755859375,471.92999267578125,472.17999267578125
2025-10-27 09:30:00-04:00,474.7550048828125,475.260009765625,473.7099914550781,474.4599914550781
2025-10-27 10:30:00-04:00,474.45001220703125,474.7300109863281,473.8800048828125,474.44000244140625
2025-10-27 11:30:00-04:00,474.4800109863281,474.760009765625,474.239990234375,474.3399963378906
2025-10-27 12:30:00-04:00,474.3900146484375,474.7099914550781,473.7699890136719,474.0899963378906
2025-10-27 13:30:00-04:00,474.1000061035156,474.3999938964844,473.9750061035156,474.239990234375
2025-10-27 14:30:00-04:00,474.29998779296875,474.7349853515625,474.2919921875,474.72259521484375
2025-10-27 15:30:00-04:00,474.739990234375,475.6199951171875,474.7349853515625,475.32000732421875
2025-10-28 09:30:00-04:00,478.79998779296875,479.1400146484375,476.8399963378906,477.9700012207031
2025-10-28 10:30:00-04:00,477.95001220703125,478.5799865722656,477.239990234375,477.32000732421875
2025-10-28 11:30:00-04:00,477.29998779296875,477.67999267578125,476.81500244140625,477.67999267578125
2025-10-28 12:30:00-04:00,477.67999267578125,479.3699951171875,477.6199951171875,478.7449951171875
2025-10-28 13:30:00-04:00,478.75,479.4049987792969,478.4949951171875,478.9599914550781
2025-10-28 14:30:00-04:00,478.94000244140625,478.94000244140625,477.9599914550781,478.3399963378906
2025-10-28 15:30:00-04:00,478.3399963378906,478.3399963378906,476.9100036621094,477.1300048828125
2025-10-29 09:30:00-04:00,478.6499938964844,480.3800048828125,477.7950134277344,479.7699890136719
2025-10-29 10:30:00-04:00,479.739990234375,479.8699951171875,478.8999938964844,479.239990234375
2025-10-29 11:30:00-04:00,479.260009765625,480.114990234375,479.1000061035156,479.7900085449219
2025-10-29 12:30:00-04:00,479.7900085449219,479.9849853515625,478.510009765625,478.7099914550781
2025-10-29 13:30:00-04:00,478.6600036621094,478.7799987792969,477.7799987792969,478.260009765625
2025-10-29 14:30:00-04:00,478.239990234375,478.6199951171875,474.6000061035156,475.54998779296875
2025-10-29 15:30:00-04:00,475.54998779296875,476.489990234375,474.489990234375,476.489990234375
2025-10-30 09:30:00-04:00,474.1000061035156,479.0400085449219,473.9100036621094,478.489990234375
2025-10-30 10:30:00-04:00,478.5,480.1499938964844,478.5,479.2699890136719
2025-10-30 11:30:00-04:00,479.239990234375,479.3699951171875,477.8800048828125,478.7099914550781
2025-10-30 12:30:00-04:00,478.70001220703125,478.7099914550781,477.1600036621094,477.9700012207031
2025-10-30 13:30:00-04:00,477.9700012207031,477.989990234375,476.7650146484375,477.0199890136719
2025-10-30 14:30:00-04:00,477.0199890136719,477.30999755859375,475.2799987792969,475.8299865722656
2025-10-30 15:30:00-04:00,475.8299865722656,476.19000244140625,474.8900146484375,475.0299987792969
2025-10-31 09:30:00-04:00,475.8599853515625,476.3299865722656,474.7799987792969,475.4800109863281
2025-10-31 10:30:00-04:00,475.45001220703125,476.67999267578125,475.3399963378906,475.7799987792969
2025-10-31 11:30:00-04:00,475.80999755859375,476.0899963378906,474.3999938964844,475.1700134277344
2025-10-31 12:30:00-04:00,475.1700134277344,475.6300048828125,473.4200134277344,473.739990234375
2025-10-31 13:30:00-04:00,473.739990234375,475.67999267578125,473.4200134277344,475.5299987792969
2025-10-31 14:30:00-04:00,475.5400085449219,476.7200012207031,475.3699951171875,476.7099914550781
2025-10-31 15:30:00-04:00,476.69000244140625,477.1600036621094,475.6499938964844,475.67999267578125
2025-11-03 09:30:00-05:00,476.1600036621094,476.29998779296875,471.6300048828125,471.7099914550781
2025-11-03 10:30:00-05:00,471.7200012207031,473.9200134277344,471.29998779296875,473.5
2025-11-03 11:30:00-05:00,473.510009765625,474.3219909667969,473.1700134277344,473.4700012207031
2025-11-03 12:30:00-05:00,473.45001220703125,474.0199890136719,473.2300109863281,473.32000732421875
2025-11-03 13:30:00-05:00,473.3299865722656,474.0799865722656,473.3299865722656,473.92999267578125
2025-11-03 14:30:00-05:00,473.9200134277344,474.0799865722656,473.20001220703125,473.5
2025-11-03 15:30:00-05:00,473.5199890136719,473.5199890136719,472.8399963378906,473.4800109863281
2025-11-04 09:30:00-05:00,470.4200134277344,472.6199951171875,468.79998779296875,472.4599914550781
2025-11-04 10:30:00-05:00,472.4200134277344,472.7099914550781,471.29998779296875,471.7699890136719
2025-11-04 11:30:00-05:00,471.75,472.1499938964844,470.5899963378906,471.135009765625
2025-11-04 12:30:00-05:00,471.125,471.4700012207031,470.239990234375,470.3900146484375
2025-11-04 13:30:00-05:00,470.3800048828125,470.9200134277344,469.9599914550781,470.67999267578125
2025-11-04 14:30:00-05:00,470.67999267578125,470.9700012207031,469.7799987792969,470.9700012207031
2025-11-04 15:30:00-05:00,470.989990234375,471.4200134277344,470.4800109863281,470.92999267578125
2025-11-05 09:30:00-05:00,470.79998779296875,472.69000244140625,470.3999938964844,471.7200012207031
2025-11-05 10:30:00-05:00,471.7200012207031,472.0299987792969,470.42999267578125,471.239990234375
2025-11-05 11:30:00-05:00,471.239990234375,473.989990234375,471.2300109863281,473.95001220703125
2025-11-05 12:30:00-05:00,473.95001220703125,474.55999755859375,473.55999755859375,473.7900085449219
2025-11-05 13:30:00-05:00,473.7900085449219,474.1199951171875,473.3349914550781,473.70001220703125
2025-11-05 14:30:00-05:00,473.70001220703125,474.0199890136719,473.6099853515625,473.68499755859375
2025-11-05 15:30:00-05:00,473.69000244140625,474.364990234375,473.0,473.1000061035156
2025-11-06 09:30:00-05:00,472.0899963378906,473.44000244140625,469.3599853515625,471.05999755859375
2025-11-06 10:30:00-05:00,471.0799865722656,471.29998779296875,468.29998779296875,469.0
2025-11-06 11:30:00-05:00,468.9599914550781,469.1199951171875,467.8500061035156,468.3550109863281
2025-11-06 12:30:00-05:00,468.29998779296875,469.42999267578125,467.8999938964844,468.9700012207031
2025-11-06 13:30:00-05:00,468.9599914550781,470.70001220703125,468.94000244140625,470.6499938964844
2025-11-06 14:30:00-05:00,470.6499938964844,470.92999267578125,470.0400085449219,470.3699951171875
2025-11-06 15:30:00-05:00,470.4100036621094,470.5899963378906,468.8900146484375,469.25
2025-11-07 09:30:00-05:00,468.2799987792969,468.79998779296875,466.489990234375,468.04998779296875
2025-11-07 10:30:00-05:00,468.0400085449219,468.510009765625,465.8900146484375,465.92999267578125
2025-11-07 11:30:00-05:00,465.9200134277344,466.5899963378906,464.8599853515625,466.1000061035156
2025-11-07 12:30:00-05:00,466.1000061035156,467.4100036621094,465.3800048828125,467.1199951171875
2025-11-07 13:30:00-05:00,467.1199951171875,467.8599853515625,466.5,467.739990234375
2025-11-07 14:30:00-05:00,467.79998779296875,469.70001220703125,467.7900085449219,468.80999755859375
2025-11-07 15:30:00-05:00,468.79998779296875,469.95001220703125,468.75,469.8399963378906
2025-11-10 09:30:00-05:00,471.8999938964844,473.3299865722656,471.07000732421875,471.6000061035156
2025-11-10 10:30:00-05:00,471.6099853515625,471.6099853515625,469.45001220703125,469.67999267578125
2025-11-10 11:30:00-05:00,469.6499938964844,471.3399963378906,469.510009765625,471.1400146484375
2025-11-10 12:30:00-05:00,471.1400146484375,472.69000244140625,471.1400146484375,472.4599914550781
2025-11-10 13:30:00-05:00,472.489990234375,473.5799865722656,472.489990234375,473.510009765625
2025-11-10 14:30:00-05:00,473.5,474.19500732421875,473.239990234375,473.55999755859375
2025-11-10 15:30:00-05:00,473.55999755859375,474.0899963378906,473.4200134277344,473.739990234375
2025-11-11 09:30:00-05:00,474.260009765625,475.4800109863281,474.0,475.4100036621094
2025-11-11 10:30:00-05:00,475.4100036621094,476.2900085449219,475.0408935546875,475.614990234375
2025-11-11 11:30:00-05:00,475.5799865722656,477.6700134277344,475.3699951171875,477.6099853515625
2025-11-11 12:30:00-05:00,477.6099853515625,479.29998779296875,477.5,479.1499938964844
2025-11-11 13:30:00-05:00,479.1400146484375,479.3398132324219,478.3900146484375,479.25
2025-11-11 14:30:00-05:00,479.239990234375,479.7699890136719,479.0799865722656,479.2799987792969
2025-11-11 15:30:00-05:00,479.260009765625,479.8599853515625,478.9800109863281,479.42999267578125
2025-11-12 09:30:00-05:00,480.489990234375,484.3949890136719,480.489990234375,483.45989990234375
2025-11-12 10:30:00-05:00,483.44000244140625,483.57000732421875,482.260009765625,482.69000244140625
2025-11-12 11:30:00-05:00,482.6600036621094,483.489990234375,482.2699890136719,483.1700134277344
2025-11-12 12:30:00-05:00,483.1164855957031,483.8450012207031,483.0249938964844,483.20001220703125
2025-11-12 13:30:00-05:00,483.2099914550781,483.67999267578125,482.6099853515625,482.70001220703125
2025-11-12 14:30:00-05:00,482.7099914550781,483.3399963378906,482.4599914550781,483.2300109863281
2025-11-12 15:30:00-05:00,483.2200012207031,483.6099853515625,482.5199890136719,482.79998779296875
2025-11-13 09:30:00-05:00,481.3999938964844,482.4100036621094,481.0799865722656,481.4100036621094
2025-11-13 10:30:00-05:00,481.4100036621094,481.510009765625,478.4700012207031,478.8299865722656
2025-11-13 11:30:00-05:00,478.80999755859375,479.4200134277344,477.69000244140625,478.5799865722656
2025-11-13 12:30:00-05:00,478.5799865722656,479.04998779296875,476.9200134277344,476.989990234375
2025-11-13 13:30:00-05:00,476.9800109863281,477.04998779296875,475.760009765625,476.6499938964844
2025-11-13 14:30:00-05:00,476.6300048828125,476.760009765625,474.2200012207031,474.6099853515625
2025-11-13 15:30:00-05:00,474.6199951171875,475.70001220703125,474.260009765625,474.7799987792969
2025-11-14 09:30:00-05:00,471.3800048828125,471.44000244140625,468.8699951171875,471.1300048828125
2025-11-14 10:30:00-05:00,471.1300048828125,473.3500061035156,470.5400085449219,473.1199951171875
2025-11-14 11:30:00-05:00,473.1199951171875,473.95001220703125,472.3699951171875,473.5299987792969
2025-11-14 12:30:00-05:00,473.5,474.04998779296875,472.0799865722656,472.7250061035156
2025-11-14 13:30:00-05:00,472.69000244140625,473.3399963378906,471.7900085449219,473.0249938964844
2025-11-14 14:30:00-05:00,473.0899963378906,473.5799865722656,471.7099914550781,472.04998779296875
2025-11-14 15:30:00-05:00,472.0400085449219,472.2699890136719,471.3299865722656,471.8599853515625
2025-11-17 09:30:00-05:00,470.8699951171875,472.3599853515625,470.30999755859375,471.8450012207031
2025-11-17 10:30:00-05:00,471.79998779296875,471.92999267578125,468.8599853515625,470.6600036621094
2025-11-17 11:30:00-05:00,470.6300048828125,471.8500061035156,470.6000061035156,471.8500061035156
2025-11-17 12:30:00-05:00,471.8599853515625,471.9800109863281,469.3299865722656,469.5199890136719
2025-11-17 13:30:00-05:00,469.489990234375,469.89019775390625,466.8699951171875,467.3299865722656
2025-11-17 14:30:00-05:00,467.29998779296875,467.5150146484375,464.5400085449219,465.6600036621094
2025-11-17 15:30:00-05:00,465.70001220703125,466.4200134277344,465.04998779296875,466.2900085449219
2025-11-18 09:30:00-05:00,462.1700134277344,463.6400146484375,459.8999938964844,460.8999938964844
2025-11-18 10:30:00-05:00,460.9200134277344,462.45001220703125,459.5299987792969,462.32000732421875
2025-11-18 11:30:00-05:00,462.3299865722656,462.70001220703125,459.9700012207031,459.9800109863281
2025-11-18 12:30:00-05:00,459.9700012207031,463.7099914550781,459.54998779296875,463.0400085449219
2025-11-18 13:30:00-05:00,463.05999755859375,464.1000061035156,462.6400146484375,462.82000732421875
2025-11-18 14:30:00-05:00,462.8500061035156,464.0450134277344,461.9100036621094,462.2900085449219
2025-11-18 15:30:00-05:00,462.3500061035156,462.5799865722656,461.2101135253906,461.3399963378906
2025-11-19 09:30:00-05:00,461.510009765625,463.3999938964844,460.69000244140625,462.1199951171875
2025-11-19 10:30:00-05:00,462.1449890136719,462.4100036621094,459.7300109863281,460.11248779296875
2025-11-19 11:30:00-05:00,460.1300048828125,461.260009765625,459.57000732421875,460.6795959472656
2025-11-19 12:30:00-05:00,460.6499938964844,461.79998779296875,459.510009765625,460.8800048828125
2025-11-19 13:30:00-05:00,460.8999938964844,462.1000061035156,459.6499938964844,459.8299865722656
2025-11-19 14:30:00-05:00,459.8399963378906,462.44000244140625,459.4200134277344,461.8800048828125
2025-11-19 15:30:00-05:00,461.8800048828125,462.6000061035156,460.95001220703125,461.75
2025-11-20 09:30:00-05:00,466.6400146484375,468.8500061035156,466.4599914550781,468.80499267578125
2025-11-20 10:30:00-05:00,468.7900085449219,469.0299987792969,464.3500061035156,464.80999755859375
2025-11-20 11:30:00-05:00,464.8399963378906,464.9700012207031,458.7900085449219,459.6199951171875
2025-11-20 12:30:00-05:00,459.6099853515625,461.94000244140625,457.79998779296875,460.70001220703125
2025-11-20 13:30:00-05:00,460.67999267578125,460.9800109863281,457.8800048828125,460.1099853515625
2025-11-20 14:30:00-05:00,460.04998779296875,460.8699951171875,459.19000244140625,459.8800048828125
2025-11-20 15:30:00-05:00,459.8699951171875,460.05999755859375,457.7099914550781,458.07000732421875
2025-11-21 09:30:00-05:00,459.5400085449219,460.8699951171875,457.8500061035156,459.69000244140625
2025-11-21 10:30:00-05:00,459.67999267578125,460.94000244140625,458.4200134277344,460.94000244140625
2025-11-21 11:30:00-05:00,460.9200134277344,464.92999267578125,460.7099914550781,464.5199890136719
2025-11-21 12:30:00-05:00,464.6099853515625,464.8900146484375,461.95001220703125,462.82501220703125
2025-11-21 13:30:00-05:00,462.80999755859375,465.82000732421875,462.6400146484375,465.3299865722656
2025-11-21 14:30:00-05:00,465.3399963378906,465.57000732421875,462.5,462.5199890136719
2025-11-21 15:30:00-05:00,462.4800109863281,463.489990234375,462.1300048828125,462.6300048828125
2025-11-24 09:30:00-05:00,463.75,464.2900085449219,461.010009765625,463.92498779296875
2025-11-24 10:30:00-05:00,463.92498779296875,465.864990234375,463.5899963378906,465.2799987792969
2025-11-24 11:30:00-05:00,465.2799987792969,465.3599853515625,464.04998779296875,464.6499938964844
2025-11-24 12:30:00-05:00,464.6000061035156,465.7650146484375,464.2200012207031,465.4649963378906
2025-11-24 13:30:00-05:00,465.4200134277344,465.7300109863281,464.8299865722656,464.9599914550781
2025-11-24 14:30:00-05:00,465.010009765625,465.0400085449219,464.1600036621094,464.6400146484375
2025-11-24 15:30:00-05:00,464.6300048828125,465.17999267578125,464.0950012207031,464.4100036621094
2025-11-25 09:30:00-05:00,465.5799865722656,467.92999267578125,463.45001220703125,466.4800109863281
2025-11-25 10:30:00-05:00,466.45001220703125,468.6650085449219,466.30999755859375,467.8599853515625
2025-11-25 11:30:00-05:00,467.8399963378906,470.17999267578125,467.7699890136719,469.94000244140625
2025-11-25 12:30:00-05:00,469.9700012207031,470.364990234375,469.760009765625,470.1449890136719
2025-11-25 13:30:00-05:00,470.1499938964844,470.3299865722656,469.8500061035156,470.25
2025-11-25 14:30:00-05:00,470.2300109863281,471.30999755859375,469.92999267578125,470.8999938964844
2025-11-25 15:30:00-05:00,470.8949890136719,471.8999938964844,470.8299865722656,471.1499938964844
2025-11-26 09:30:00-05:00,472.20001220703125,474.1300048828125,471.92999267578125,473.32000732421875
2025-11-26 10:30:00-05:00,473.32000732421875,474.9800109863281,473.32000732421875,474.75
2025-11-26 11:30:00-05:00,474.7699890136719,475.69000244140625,474.55999755859375,475.2099914550781
2025-11-26 12:30:00-05:00,475.2200012207031,475.79278564453125,474.54998779296875,475.30999755859375
2025-11-26 13:30:00-05:00,475.2950134277344,475.54998779296875,474.4800109863281,475.4100036621094
2025-11-26 14:30:00-05:00,475.4100036621094,475.5,474.80999755859375,475.1400146484375
2025-11-26 15:30:00-05:00,475.1199951171875,475.239990234375,474.25,474.2900085449219
2025-11-28 09:30:00-05:00,474.82000732421875,477.1099853515625,474.82000732421875,476.82000732421875
2025-11-28 10:30:00-05:00,476.8500061035156,477.4599914550781,476.760009765625,477.04998779296875
2025-11-28 11:30:00-05:00,477.05999755859375,477.6099853515625,476.5799865722656,476.6700134277344
2025-12-01 09:30:00-05:00,474.3399963378906,476.95001220703125,474.0299987792969,474.0899963378906
2025-12-01 10:30:00-05:00,474.07000732421875,475.45001220703125,473.5284118652344,475.069091796875
2025-12-01 11:30:00-05:00,475.04998779296875,475.6564025878906,474.67999267578125,475.07000732421875
2025-12-01 12:30:00-05:00,475.07000732421875,475.7799987792969,474.79998779296875,475.57000732421875
2025-12-01 13:30:00-05:00,475.6099853515625,475.92999267578125,473.94000244140625,474.0150146484375
2025-12-01 14:30:00-05:00,474.0199890136719,474.3599853515625,473.5899963378906,474.0801086425781
2025-12-01 15:30:00-05:00,474.0799865722656,474.25,472.95001220703125,473.3500061035156
2025-12-02 09:30:00-05:00,474.2099914550781,475.54998779296875,473.1199951171875,474.0199890136719
2025-12-02 10:30:00-05:00,473.989990234375,476.4599914550781,473.69000244140625,474.0
2025-12-02 11:30:00-05:00,473.9700012207031,476.010009765625,473.8999938964844,475.9100036621094
2025-12-02 12:30:00-05:00,475.9700012207031,476.1499938964844,473.7950134277344,474.04998779296875
2025-12-02 13:30:00-05:00,474.010009765625,475.25,473.6000061035156,475.1700134277344
2025-12-02 14:30:00-05:00,475.1600036621094,476.0899963378906,475.07000732421875,475.989990234375
2025-12-02 15:30:00-05:00,475.9800109863281,476.3999938964844,475.1600036621094,475.239990234375
2025-12-03 09:30:00-05:00,474.8299865722656,477.0199890136719,474.6700134277344,476.8599853515625
2025-12-03 10:30:00-05:00,476.8699951171875,477.9200134277344,476.6400146484375,477.3299865722656
2025-12-03 11:30:00-05:00,477.3500061035156,478.5799865722656,476.9700012207031,478.4200134277344
2025-12-03 12:30:00-05:00,478.4100036621094,479.1400146484375,478.4100036621094,478.989990234375
2025-12-03 13:30:00-05:00,479.010009765625,479.8500061035156,478.94000244140625,479.82000732421875
2025-12-03 14:30:00-05:00,479.8399963378906,480.17999267578125,479.54998779296875,479.7699890136719
2025-12-03 15:30:00-05:00,479.7799987792969,479.989990234375,479.29998779296875,479.42999267578125
2025-12-04 09:30:00-05:00,479.7099914550781,481.2300109863281,478.489990234375,479.7200012207031
2025-12-04 10:30:00-05:00,479.69000244140625,480.1000061035156,478.92999267578125,479.19500732421875
2025-12-04 11:30:00-05:00,479.17498779296875,479.3800964355469,478.3399963378906,479.07000732421875
2025-12-04 12:30:00-05:00,479.0799865722656,480.0,478.8900146484375,479.9599914550781
2025-12-04 13:30:00-05:00,479.9200134277344,479.989990234375,477.5,478.1300048828125
2025-12-04 14:30:00-05:00,478.1199951171875,479.1700134277344,478.0,478.2300109863281
2025-12-04 15:30:00-05:00,478.2099914550781,479.19000244140625,478.1300048828125,479.1199951171875
2025-12-05 09:30:00-05:00,479.4800109863281,481.92999267578125,479.4599914550781,481.260009765625
2025-12-05 10:30:00-05:00,481.25,481.3999938964844,480.0899963378906,480.1600036621094
2025-12-05 11:30:00-05:00,480.1300048828125,480.32000732421875,479.32000732421875,479.7699890136719
2025-12-05 12:30:00-05:00,479.7799987792969,481.04998779296875,479.2900085449219,480.8999938964844
2025-12-05 13:30:00-05:00,480.92999267578125,481.17999267578125,480.30999755859375,480.510009765625
2025-12-05 14:30:00-05:00,480.55999755859375,480.8699951171875,480.17999267578125,480.3599853515625
2025-12-05 15:30:00-05:00,480.3599853515625,480.3699951171875,479.42999267578125,480.010009765625
2025-12-08 09:30:00-05:00,480.489990234375,480.5199890136719,478.43499755859375,479.1300048828125
2025-12-08 10:30:00-05:00,479.1199951171875,479.5400085449219,477.7699890136719,479.0199890136719
2025-12-08 11:30:00-05:00,479.010009765625,479.0350036621094,477.6300048828125,478.010009765625
2025-12-08 12:30:00-05:00,477.989990234375,478.6400146484375,477.2900085449219,477.2900085449219
2025-12-08 13:30:00-05:00,477.2900085449219,477.70001220703125,476.8399963378906,477.32000732421875
2025-12-08 14:30:00-05:00,477.30999755859375,477.9200134277344,477.26019287109375,477.739990234375
2025-12-08 15:30:00-05:00,477.739990234375,478.2300109863281,477.4599914550781,478.1400146484375
2025-12-09 09:30:00-05:00,478.07000732421875,480.2749938964844,477.92999267578125,479.05999755859375
2025-12-09 10:30:00-05:00,478.9700012207031,480.0400085449219,478.8450012207031,479.4700012207031
2025-12-09 11:30:00-05:00,479.489990234375,479.8399963378906,478.19000244140625,478.42999267578125
2025-12-09 12:30:00-05:00,478.4700012207031,478.6882019042969,476.7900085449219,477.0299987792969
2025-12-09 13:30:00-05:00,477.0350036621094,477.30999755859375,476.25,476.760009765625
2025-12-09 14:30:00-05:00,476.760009765625,477.1099853515625,476.5299987792969,476.7099914550781
2025-12-09 15:30:00-05:00,476.70001220703125,476.8299865722656,476.0899963378906,476.44000244140625
2025-12-10 09:30:00-05:00,476.1300048828125,478.010009765625,475.3599853515625,477.6099853515625
2025-12-10 10:30:00-05:00,477.6099853515625,478.9800109863281,476.82000732421875,478.8399963378906
2025-12-10 11:30:00-05:00,478.7699890136719,478.94000244140625,478.239990234375,478.3900146484375
2025-12-10 12:30:00-05:00,478.32000732421875,478.8999938964844,477.8999938964844,478.260009765625
2025-12-10 13:30:00-05:00,478.2900085449219,479.9800109863281,477.6900939941406,478.94000244140625
2025-12-10 14:30:00-05:00,478.9700012207031,482.6700134277344,478.7699890136719,482.0899963378906
2025-12-10 15:30:00-05:00,482.1000061035156,482.75,481.2300109863281,481.3699951171875
2025-12-11 09:30:00-05:00,482.20001220703125,485.84991455078125,481.9599914550781,485.5199890136719
2025-12-11 10:30:00-05:00,485.5,486.739990234375,485.010009765625,485.92999267578125
2025-12-11 11:30:00-05:00,485.8999938964844,488.04998779296875,485.8999938964844,487.70001220703125
2025-12-11 12:30:00-05:00,487.70001220703125,487.8900146484375,486.92999267578125,487.3999938964844
2025-12-11 13:30:00-05:00,487.3800048828125,487.7699890136719,487.1700134277344,487.7099914550781
2025-12-11 14:30:00-05:00,487.69000244140625,488.3800048828125,487.6549987792969,487.9800109863281
2025-12-11 15:30:00-05:00,487.9700012207031,488.2300109863281,487.6449890136719,487.8900146484375
2025-12-12 09:30:00-05:00,488.70001220703125,489.6600036621094,487.4100036621094,487.510009765625
2025-12-12 10:30:00-05:00,487.4649963378906,488.82000732421875,484.7200012207031,485.55999755859375
2025-12-12 11:30:00-05:00,485.55999755859375,486.57000732421875,484.1700134277344,485.5199890136719
2025-12-12 12:30:00-05:00,485.5450134277344,486.8999938964844,485.2300109863281,486.4599914550781
2025-12-12 13:30:00-05:00,486.4599914550781,486.4849853515625,485.19000244140625,485.4100036621094
2025-12-12 14:30:00-05:00,485.3900146484375,486.1700134277344,485.1199951171875,485.29998779296875
2025-12-12 15:30:00-05:00,485.2900085449219,485.7200012207031,484.55999755859375,485.3599853515625
2025-12-15 09:30:00-05:00,487.5799865722656,487.7300109863281,484.1099853515625,484.45001220703125
2025-12-15 10:30:00-05:00,484.44000244140625,485.79998779296875,484.3500061035156,485.6000061035156
2025-12-15 11:30:00-05:00,485.70001220703125,485.7099914550781,483.9700012207031,484.3500061035156
2025-12-15 12:30:00-05:00,484.3599853515625,485.07501220703125,483.7099914550781,484.1011047363281
2025-12-15 13:30:00-05:00,484.1000061035156,484.95001220703125,483.8399963378906,484.70001220703125
2025-12-15 14:30:00-05:00,484.739990234375,485.45001220703125,484.5150146484375,485.2200012207031
2025-12-15 15:30:00-05:00,485.2699890136719,485.6199951171875,484.8500061035156,485.1499938964844
2025-12-16 09:30:00-05:00,484.4549865722656,485.4800109863281,482.0199890136719,482.75
2025-12-16 10:30:00-05:00,482.7099914550781,484.1499938964844,482.4800109863281,482.6700134277344
2025-12-16 11:30:00-05:00,482.6600036621094,483.1700134277344,481.94000244140625,482.1700134277344
2025-12-16 12:30:00-05:00,482.1300048828125,482.6199951171875,480.3299865722656,480.8299865722656
2025-12-16 13:30:00-05:00,480.875,482.6400146484375,480.54998779296875,481.2900085449219
2025-12-16 14:30:00-05:00,481.2900085449219,482.45001220703125,481.25,482.42999267578125
2025-12-16 15:30:00-05:00,482.4100036621094,483.1499938964844,481.9200134277344,481.9700012207031
2025-12-17 09:30:00-05:00,482.80999755859375,484.7900085449219,482.4823913574219,483.760009765625
2025-12-17 10:30:00-05:00,483.739990234375,483.8900146484375,480.6199951171875,481.2716064453125
2025-12-17 11:30:00-05:00,481.1700134277344,481.8299865722656,480.489990234375,481.1300048828125
2025-12-17 12:30:00-05:00,481.04998779296875,481.69000244140625,480.260009765625,480.3399963378906
2025-12-17 13:30:00-05:00,480.3299865722656,480.6099853515625,479.7900085449219,480.44000244140625
2025-12-17 14:30:00-05:00,480.4200134277344,480.8299865722656,480.04998779296875,480.239990234375
2025-12-17 15:30:00-05:00,480.2349853515625,480.489990234375,479.489990234375,479.7699890136719
2025-12-18 09:30:00-05:00,482.17999267578125,483.9599914550781,481.2591857910156,483.19000244140625
2025-12-18 10:30:00-05:00,483.20001220703125,484.6310119628906,482.8800048828125,483.8800048828125
2025-12-18 11:30:00-05:00,483.8599853515625,484.4200134277344,479.4100036621094,480.1499938964844
2025-12-18 12:30:00-05:00,480.1199951171875,482.2699890136719,479.75,482.0899963378906
2025-12-18 13:30:00-05:00,482.1400146484375,482.8168029785156,480.7049865722656,480.9800109863281
2025-12-18 14:30:00-05:00,481.0,481.3599853515625,479.82000732421875,481.2699890136719
2025-12-18 15:30:00-05:00,481.2799987792969,481.8399963378906,480.4100036621094,480.4700012207031
2025-12-19 09:30:00-05:00,480.6199951171875,482.79998779296875,480.45001220703125,482.17999267578125
2025-12-19 10:30:00-05:00,482.1199951171875,482.6700134277344,481.760009765625,482.4800109863281
2025-12-19 11:30:00-05:00,482.489990234375,482.67999267578125,481.8999938964844,482.3999938964844
2025-12-19 12:30:00-05:00,482.3999938964844,482.67999267578125,482.0299987792969,482.5400085449219
2025-12-19 13:30:00-05:00,482.57000732421875,482.67498779296875,481.82000732421875,482.2699890136719
2025-12-19 14:30:00-05:00,482.25,482.4549865722656,481.2804870605469,481.32000732421875
2025-12-19 15:30:00-05:00,481.2699890136719,481.54998779296875,480.7699890136719,481.17999267578125
2025-12-22 09:30:00-05:00,481.8599853515625,483.7099914550781,481.8599853515625,483.1300048828125
2025-12-22 10:30:00-05:00,483.1199951171875,484.1499938964844,482.510009765625,483.6000061035156
2025-12-22 11:30:00-05:00,483.6300048828125,484.0799865722656,483.4100036621094,483.7200012207031
2025-12-22 12:30:00-05:00,483.7200012207031,484.42999267578125,483.55999755859375,483.7699890136719
2025-12-22 13:30:00-05:00,483.7615966796875,483.8900146484375,483.19000244140625,483.6300048828125
2025-12-22 14:30:00-05:00,483.6300048828125,483.94000244140625,483.5299987792969,483.7349853515625
2025-12-22 15:30:00-05:00,483.7300109863281,483.7699890136719,483.3599853515625,483.42999267578125
2025-12-23 09:30:00-05:00,482.17999267578125,484.0,482.17999267578125,483.6199951171875
2025-12-23 10:30:00-05:00,483.6199951171875,484.57000732421875,483.6000061035156,483.93719482421875
2025-12-23 11:30:00-05:00,483.95001220703125,484.5889892578125,483.95001220703125,484.3699951171875
2025-12-23 12:30:00-05:00,484.3399963378906,485.0799865722656,484.2300109863281,484.9815979003906
2025-12-23 13:30:00-05:00,484.989990234375,485.1199951171875,484.5150146484375,484.5899963378906
2025-12-23 14:30:00-05:00,484.5799865722656,484.6650085449219,484.2099914550781,484.2699890136719
2025-12-23 15:30:00-05:00,484.260009765625,484.5267028808594,484.1700134277344,484.19000244140625
2025-12-24 09:30:00-05:00,484.18499755859375,486.0899963378906,483.6099853515625,486.05499267578125
2025-12-24 10:30:00-05:00,486.0400085449219,486.7799987792969,485.8800048828125,486.7161865234375
2025-12-24 11:30:00-05:00,486.70001220703125,487.2900085449219,486.67999267578125,487.239990234375
2025-12-26 09:30:00-05:00,486.8399963378906,487.6199951171875,486.3800048828125,487.03070068359375
2025-12-26 10:30:00-05:00,487.07000732421875,487.3699951171875,486.2099914550781,486.6400146484375
2025-12-26 11:30:00-05:00,486.6600036621094,486.7300109863281,486.05999755859375,486.6300048828125
2025-12-26 12:30:00-05:00,486.6400146484375,486.6600036621094,485.7300109863281,485.9599914550781
2025-12-26 13:30:00-05:00,486.0,486.4800109863281,485.9800109863281,486.20001220703125
2025-12-26 14:30:00-05:00,486.2200012207031,486.6488037109375,486.19500732421875,486.6099853515625
2025-12-26 15:30:00-05:00,486.6199951171875,487.2099914550781,486.6000061035156,487.010009765625
2025-12-29 09:30:00-05:00,485.8900146484375,486.9100036621094,484.8599853515625,484.94000244140625
2025-12-29 10:30:00-05:00,484.9200134277344,485.1199951171875,484.3399963378906,484.489990234375
2025-12-29 11:30:00-05:00,484.4599914550781,484.7900085449219,483.8450012207031,483.92999267578125
2025-12-29 12:30:00-05:00,483.9200134277344,484.7699890136719,483.75,484.7149963378906
2025-12-29 13:30:00-05:00,484.7099914550781,485.1299133300781,484.20001220703125,484.760009765625
2025-12-29 14:30:00-05:00,484.7799987792969,485.4750061035156,484.7699890136719,485.2099914550781
2025-12-29 15:30:00-05:00,485.2200012207031,485.3299865722656,484.2699890136719,484.55999755859375
2025-12-30 09:30:00-05:00,484.6199951171875,484.6650085449219,482.81500244140625,483.45001220703125
2025-12-30 10:30:00-05:00,483.45001220703125,484.2099914550781,483.0400085449219,484.0498962402344
2025-12-30 11:30:00-05:00,484.04998779296875,484.1000061035156,482.9700012207031,483.4800109863281
2025-12-30 12:30:00-05:00,483.489990234375,484.0,483.489990234375,483.9800109863281
2025-12-30 13:30:00-05:00,484.0,484.17498779296875,483.79998779296875,483.90008544921875
2025-12-30 14:30:00-05:00,483.9100036621094,484.0400085449219,483.57000732421875,483.93499755859375
2025-12-30 15:30:00-05:00,483.92999267578125,484.17999267578125,483.4599914550781,483.6099853515625
2025-12-31 09:30:00-05:00,483.6499938964844,483.80999755859375,481.9599914550781,482.2449951171875
2025-12-31 10:30:00-05:00,482.2300109863281,482.510009765625,481.69000244140625,482.20001220703125
2025-12-31 11:30:00-05:00,482.20001220703125,482.510009765625,481.69000244140625,481.9599914550781
2025-12-31 12:30:00-05:00,481.9700012207031,482.2799987792969,481.7850036621094,482.260009765625
2025-12-31 13:30:00-05:00,482.2699890136719,482.9800109863281,482.19000244140625,482.20001220703125
2025-12-31 14:30:00-05:00,482.20001220703125,482.2655029296875,480.75,480.8999938964844
2025-12-31 15:30:00-05:00,480.8900146484375,481.6199951171875,480.3599853515625,480.5799865722656
2026-01-02 09:30:00-05:00,481.8500061035156,481.9800109863281,478.3800048828125,479.6199951171875
2026-01-02 10:30:00-05:00,479.5799865722656,482.5,479.4100036621094,481.8999938964844
2026-01-02 11:30:00-05:00,481.8900146484375,482.45001220703125,480.54998779296875,482.2300109863281
2026-01-02 12:30:00-05:00,482.25,482.6502990722656,480.8681945800781,481.2699890136719
2026-01-02 13:30:00-05:00,481.2900085449219,483.2799987792969,480.7799987792969,483.19000244140625
2026-01-02 14:30:00-05:00,483.2300109863281,483.95001220703125,483.20001220703125,483.42999267578125
2026-01-02 15:30:00-05:00,483.4100036621094,483.760009765625,482.6600036621094,483.6199951171875
2026-01-05 09:30:00-05:00,484.4100036621094,490.5050048828125,484.2449951171875,490.4800109863281
2026-01-05 10:30:00-05:00,490.510009765625,490.930908203125,489.9100036621094,490.4800109863281
2026-01-05 11:30:00-05:00,490.4800109863281,491.5,490.1000061035156,490.9580078125
2026-01-05 12:30:00-05:00,490.9800109863281,491.7200012207031,490.9800109863281,491.5199890136719
2026-01-05 13:30:00-05:00,491.5295104980469,492.0400085449219,491.4800109863281,491.55999755859375
2026-01-05 14:30:00-05:00,491.55999755859375,491.6400146484375,490.2099914550781,490.4649963378906
2026-01-05 15:30:00-05:00,490.4599914550781,490.6099853515625,489.5450134277344,489.7900085449219
2026-01-06 09:30:00-05:00,489.2699890136719,491.8699951171875,489.1499938964844,491.80999755859375
2026-01-06 10:30:00-05:00,491.7099914550781,492.07000732421875,490.6600036621094,491.8399963378906
2026-01-06 11:30:00-05:00,492.1199951171875,493.5043029785156,491.7349853515625,493.4800109863281
2026-01-06 12:30:00-05:00,493.70001220703125,494.32989501953125,493.5,494.19500732421875
2026-01-06 13:30:00-05:00,494.18499755859375,494.8900146484375,494.0910949707031,494.45001220703125
2026-01-06 14:30:00-05:00,494.45001220703125,495.07000732421875,494.2900085449219,494.97100830078125
2026-01-06 15:30:00-05:00,494.95001220703125,495.0899963378906,494.67498779296875,494.67498779296875
2026-01-07 09:30:00-05:00,495.6499938964844,496.25,492.2099914550781,492.3599853515625
2026-01-07 10:30:00-05:00,492.32000732421875,493.1600036621094,492.0799865722656,493.0400085449219
2026-01-07 11:30:00-05:00,493.0400085449219,494.010009765625,492.8500061035156,493.760009765625
2026-01-07 12:30:00-05:00,493.7349853515625,493.79998779296875,491.8500061035156,491.8999938964844
2026-01-07 13:30:00-05:00,491.9200134277344,492.3999938964844,491.29998779296875,491.4599914550781
2026-01-07 14:30:00-05:00,491.5199890136719,491.98699951171875,490.3299865722656,490.42999267578125
2026-01-07 15:30:00-05:00,490.4200134277344,490.4200134277344,489.5,489.9700012207031
2026-01-08 09:30:00-05:00,488.79998779296875,491.989990234375,488.4599914550781,491.4200134277344
2026-01-08 10:30:00-05:00,491.42999267578125,492.6499938964844,490.989990234375,492.57000732421875
2026-01-08 11:30:00-05:00,492.54998779296875,493.2300109863281,492.32000732421875,492.7300109863281
2026-01-08 12:30:00-05:00,492.7900085449219,493.5199890136719,492.3800048828125,492.7300109863281
2026-01-08 13:30:00-05:00,492.7099914550781,493.0299987792969,492.1199951171875,492.5899963378906
2026-01-08 14:30:00-05:00,492.6600036621094,492.8699951171875,492.125,492.739990234375
2026-01-08 15:30:00-05:00,492.739990234375,493.20001220703125,492.44000244140625,492.5
2026-01-09 09:30:00-05:00,492.8599853515625,494.70001220703125,491.9100036621094,494.44000244140625
2026-01-09 10:30:00-05:00,494.42999267578125,495.0400085449219,493.1099853515625,494.45001220703125
2026-01-09 11:30:00-05:00,494.44000244140625,495.6300048828125,494.0400085449219,495.51251220703125
2026-01-09 12:30:00-05:00,495.489990234375,495.69500732421875,494.4200134277344,494.67999267578125
2026-01-09 13:30:00-05:00,494.69000244140625,495.54998779296875,494.69000244140625,495.1700134277344
2026-01-09 14:30:00-05:00,495.17999267578125,495.364990234375,494.8800048828125,495.3598937988281
2026-01-09 15:30:00-05:00,495.3599853515625,495.489990234375,494.9599914550781,495.0400085449219
2026-01-12 09:30:00-05:00,492.3299865722656,493.510009765625,490.04998779296875,492.5
2026-01-12 10:30:00-05:00,492.4999084472656,494.4100036621094,492.4700012207031,494.20001220703125
2026-01-12 11:30:00-05:00,494.2200012207031,494.94000244140625,493.8999938964844,494.260009765625
2026-01-12 12:30:00-05:00,494.2099914550781,495.260009765625,494.0,495.20001220703125
2026-01-12 13:30:00-05:00,495.2099914550781,495.42999267578125,494.9800109863281,495.1499938964844
2026-01-12 14:30:00-05:00,495.1499938964844,495.8699951171875,495.0899963378906,495.3800048828125
2026-01-12 15:30:00-05:00,495.3599853515625,496.3399963378906,495.3500061035156,495.8699951171875
2026-01-13 09:30:00-05:00,495.54998779296875,495.95001220703125,492.0899963378906,492.54901123046875
2026-01-13 10:30:00-05:00,492.5,494.0899963378906,492.0400085449219,492.875
2026-01-13 11:30:00-05:00,492.8299865722656,493.2900085449219,492.4700012207031,492.9800109863281
2026-01-13 12:30:00-05:00,492.9700012207031,493.0815124511719,491.8599853515625,492.3599853515625
2026-01-13 13:30:00-05:00,492.3599853515625,493.05999755859375,491.8299865722656,492.3500061035156
2026-01-13 14:30:00-05:00,492.3800048828125,492.54998779296875,491.1099853515625,491.18499755859375
2026-01-13 15:30:00-05:00,491.20001220703125,492.0299987792969,490.6300048828125,491.9100036621094
2026-01-14 09:30:00-05:00,490.6600036621094,491.94000244140625,489.489990234375,489.9599914550781
2026-01-14 10:30:00-05:00,489.92999267578125,491.1000061035156,488.8599853515625,491.0610046386719
2026-01-14 11:30:00-05:00,491.04998779296875,491.4049987792969,488.55169677734375,489.3900146484375
2026-01-14 12:30:00-05:00,489.3599853515625,489.9750061035156,488.79998779296875,489.94000244140625
2026-01-14 13:30:00-05:00,489.94000244140625,490.5,489.2149963378906,490.27679443359375
2026-01-14 14:30:00-05:00,490.2900085449219,491.1700134277344,489.760009765625,491.1400146484375
2026-01-14 15:30:00-05:00,491.1199951171875,491.7099914550781,490.3599853515625,491.55999755859375
2026-01-15 09:30:00-05:00,492.3699951171875,494.885009765625,492.2099914550781,494.6099853515625
2026-01-15 10:30:00-05:00,494.6199951171875,495.6050109863281,493.7200012207031,495.4700927734375
2026-01-15 11:30:00-05:00,495.45001220703125,495.6700134277344,494.98089599609375,495.0
2026-01-15 12:30:00-05:00,495.0299987792969,495.6600036621094,494.7900085449219,495.4700012207031
2026-01-15 13:30:00-05:00,495.4599914550781,495.8299865722656,495.1600036621094,495.2699890136719
2026-01-15 14:30:00-05:00,495.260009765625,495.3500061035156,493.9549865722656,494.1099853515625
2026-01-15 15:30:00-05:00,494.1000061035156,494.6300048828125,493.8800048828125,494.489990234375
2026-01-16 09:30:00-05:00,494.5,496.0,492.8800048828125,493.5899963378906
2026-01-16 10:30:00-05:00,493.6000061035156,494.3399963378906,492.2699890136719,494.1499938964844
2026-01-16 11:30:00-05:00,494.1499938964844,494.6600036621094,493.6199951171875,493.8599853515625
2026-01-16 12:30:00-05:00,493.8500061035156,494.80999755859375,493.739990234375,494.6099853515625
2026-01-16 13:30:00-05:00,494.6000061035156,495.1000061035156,493.82000732421875,493.8900146484375
2026-01-16 14:30:00-05:00,493.8800048828125,494.5799865722656,493.5,493.5
2026-01-16 15:30:00-05:00,493.489990234375,493.9700012207031,493.1099853515625,493.42999267578125
2026-01-20 09:30:00-05:00,486.1700134277344,488.7699890136719,485.7250061035156,488.5
2026-01-20 10:30:00-05:00,488.4800109863281,489.05999755859375,487.07000732421875,487.92999267578125
2026-01-20 11:30:00-05:00,487.8900146484375,488.69000244140625,487.4200134277344,487.5799865722656
2026-01-20 12:30:00-05:00,487.6099853515625,487.6300048828125,486.55999755859375,486.7699890136719
2026-01-20 13:30:00-05:00,486.69000244140625,486.8399963378906,484.7300109863281,485.08990478515625
2026-01-20 14:30:00-05:00,485.0400085449219,485.3399963378906,484.2449951171875,485.0899963378906
2026-01-20 15:30:00-05:00,485.1199951171875,485.2699890136719,484.25,484.95001220703125
2026-01-21 09:30:00-05:00,485.6700134277344,489.2699890136719,485.55999755859375,488.9200134277344
2026-01-21 10:30:00-05:00,488.9200134277344,490.1499938964844,488.8699951171875,489.510009765625
2026-01-21 11:30:00-05:00,489.489990234375,489.489990234375,485.8900146484375,487.32000732421875
2026-01-21 12:30:00-05:00,487.29998779296875,487.80999755859375,486.2200012207031,487.17999267578125
2026-01-21 13:30:00-05:00,487.930908203125,490.8900146484375,487.239990234375,490.4700012207031
2026-01-21 14:30:00-05:00,490.5199890136719,492.9100036621094,490.3599853515625,490.6499938964844
2026-01-21 15:30:00-05:00,490.6600036621094,491.1000061035156,490.3215026855469,490.7799987792969
2026-01-22 09:30:00-05:00,493.4700012207031,495.7300109863281,492.4599914550781,493.8399963378906
2026-01-22 10:30:00-05:00,493.82000732421875,494.9800109863281,493.57000732421875,494.7900085449219
2026-01-22 11:30:00-05:00,494.7850036621094,495.5,494.5299987792969,495.29998779296875
2026-01-22 12:30:00-05:00,495.3399963378906,496.010009765625,494.8599853515625,494.9100036621094
2026-01-22 13:30:00-05:00,494.8999938964844,495.6199951171875,494.7099914550781,495.2900085449219
2026-01-22 14:30:00-05:00,495.32000732421875,495.3800048828125,493.4800109863281,493.489990234375
2026-01-22 15:30:00-05:00,493.489990234375,493.79998779296875,493.07000732421875,493.7200012207031
2026-01-23 09:30:00-05:00,491.82000732421875,492.1300048828125,490.0799865722656,490.9110107421875
2026-01-23 10:30:00-05:00,490.9325866699219,491.9800109863281,490.8800048828125,491.30999755859375
2026-01-23 11:30:00-05:00,491.3399963378906,491.7699890136719,490.82000732421875,491.67999267578125
2026-01-23 12:30:00-05:00,491.70001220703125,491.739990234375,489.55999755859375,490.1419982910156
2026-01-23 13:30:00-05:00,490.1700134277344,491.3599853515625,489.8500061035156,490.92999267578125
2026-01-23 14:30:00-05:00,490.95001220703125,491.2099914550781,490.3500061035156,490.7099914550781
2026-01-23 15:30:00-05:00,490.69000244140625,491.260009765625,490.5400085449219,490.95001220703125
2026-01-26 09:30:00-05:00,491.9100036621094,493.6199951171875,491.4700012207031,492.739990234375
2026-01-26 10:30:00-05:00,492.75,493.4100036621094,491.989990234375,492.6600036621094
2026-01-26 11:30:00-05:00,492.69000244140625,493.0899963378906,492.2001037597656,492.95001220703125
2026-01-26 12:30:00-05:00,492.9599914550781,494.3699951171875,492.8299865722656,494.3500061035156
2026-01-26 13:30:00-05:00,494.3399963378906,494.54998779296875,493.5168151855469,494.17999267578125
2026-01-26 14:30:00-05:00,494.17999267578125,494.8500061035156,494.04998779296875,494.44000244140625
2026-01-26 15:30:00-05:00,494.44000244140625,494.7200012207031,493.989990234375,494.0400085449219
2026-01-27 09:30:00-05:00,490.69000244140625,491.2099914550781,488.8800048828125,489.0199890136719
2026-01-27 10:30:00-05:00,489.0400085449219,491.0799865722656,488.8699951171875,490.95001220703125
2026-01-27 11:30:00-05:00,490.9599914550781,491.5899963378906,489.1099853515625,489.67999267578125
2026-01-27 12:30:00-05:00,489.69000244140625,489.75,488.55999755859375,489.239990234375
2026-01-27 13:30:00-05:00,489.2799987792969,489.8999938964844,489.2200012207031,489.8399963378906
2026-01-27 14:30:00-05:00,489.8599853515625,490.1400146484375,489.5899963378906,489.6700134277344
2026-01-27 15:30:00-05:00,489.6600036621094,490.14990234375,489.5799865722656,490.0799865722656
2026-01-28 09:30:00-05:00,490.2799987792969,491.3900146484375,489.0799865722656,490.0299987792969
2026-01-28 10:30:00-05:00,490.0429992675781,490.7900085449219,489.8699951171875,490.7489013671875
2026-01-28 11:30:00-05:00,490.760009765625,490.82000732421875,489.94000244140625,490.2900085449219
2026-01-28 12:30:00-05:00,490.2799987792969,490.4700012207031,489.7699890136719,490.2301025390625
2026-01-28 13:30:00-05:00,490.239990234375,490.3500061035156,489.1700134277344,489.1700134277344
2026-01-28 14:30:00-05:00,489.1700134277344,491.29998779296875,488.92999267578125,489.760009765625
2026-01-28 15:30:00-05:00,489.760009765625,490.4200134277344,489.29998779296875,490.17999267578125
2026-01-29 09:30:00-05:00,490.07501220703125,492.95001220703125,488.19000244140625,488.19000244140625
2026-01-29 10:30:00-05:00,488.1700134277344,488.9700012207031,485.8900146484375,488.32000732421875
2026-01-29 11:30:00-05:00,488.32000732421875,490.6300048828125,488.2799987792969,490.0199890136719
2026-01-29 12:30:00-05:00,490.0,490.2900085449219,487.67999267578125,489.1499938964844
2026-01-29 13:30:00-05:00,489.1400146484375,489.95001220703125,488.30999755859375,489.9100036621094
2026-01-29 14:30:00-05:00,489.92999267578125,490.1499938964844,488.9200134277344,489.2300109863281
2026-01-29 15:30:00-05:00,489.239990234375,490.6099853515625,489.2200012207031,490.17999267578125
2026-01-30 09:30:00-05:00,489.1099853515625,490.4800109863281,488.2900085449219,489.2850036621094
2026-02-02 13:30:00-05:00,493.9700012207031,494.3500061035156,493.7900085449219,494.25
2026-02-02 14:30:00-05:00,494.25,494.8100891113281,493.7099914550781,494.1000061035156
2026-02-02 15:30:00-05:00,494.0799865722656,494.44000244140625,493.79998779296875,494.0299987792969
2026-02-03 09:30:00-05:00,493.1400146484375,496.51800537109375,493.1099853515625,494.7699890136719
2026-02-03 10:30:00-05:00,494.7799987792969,495.1199951171875,493.6000061035156,493.6400146484375
2026-02-03 11:30:00-05:00,493.6499938964844,493.8500061035156,491.6734924316406,491.7799987792969
2026-02-03 12:30:00-05:00,491.739990234375,491.7799987792969,489.42999267578125,489.4700012207031
2026-02-03 13:30:00-05:00,489.44000244140625,490.17999267578125,488.2799987792969,489.57000732421875
2026-02-03 14:30:00-05:00,489.6199951171875,491.4599914550781,489.3500061035156,491.4100036621094
2026-02-03 15:30:00-05:00,491.3900146484375,492.760009765625,491.3699951171875,492.2900085449219
2026-02-04 09:30:00-05:00,493.9200134277344,496.3699951171875,492.55999755859375,496.07000732421875
2026-02-04 10:30:00-05:00,496.0799865722656,496.5,494.45001220703125,496.29998779296875
2026-02-04 11:30:00-05:00,496.30999755859375,496.3900146484375,493.3500061035156,493.67498779296875
2026-02-04 12:30:00-05:00,493.6300048828125,494.25,491.1099853515625,492.6499938964844
2026-02-04 13:30:00-05:00,492.67999267578125,493.5400085449219,491.6000061035156,493.3800048828125
2026-02-04 14:30:00-05:00,493.5,495.989990234375,493.4279479980469,495.4599914550781
2026-02-04 15:30:00-05:00,495.489990234375,496.05999755859375,494.54998779296875,494.8399963378906
2026-02-05 09:30:00-05:00,492.510009765625,493.44000244140625,488.67999267578125,488.8999938964844
2026-02-05 10:30:00-05:00,488.8999938964844,490.4700012207031,488.2300109863281,490.04998779296875
2026-02-05 11:30:00-05:00,490.0799865722656,492.20001220703125,489.7300109863281,492.07000732421875
2026-02-05 12:30:00-05:00,492.1099853515625,492.527587890625,489.8500061035156,490.0299987792969
2026-02-05 13:30:00-05:00,490.0199890136719,491.4100036621094,489.0799865722656,490.9700012207031
2026-02-05 14:30:00-05:00,490.9700012207031,490.9700012207031,489.1400146484375,489.3599853515625
2026-02-05 15:30:00-05:00,489.3599853515625,489.5799865722656,488.3599853515625,488.8699951171875
2026-02-06 09:30:00-05:00,492.489990234375,497.760009765625,492.1300048828125,496.9150085449219
2026-02-06 10:30:00-05:00,497.6000061035156,498.17999267578125,496.6700134277344,497.67999267578125
2026-02-06 11:30:00-05:00,497.6700134277344,499.05999755859375,497.6499938964844,498.70001220703125
2026-02-06 12:30:00-05:00,498.7550048828125,499.7799987792969,498.3999938964844,499.3399963378906
2026-02-06 13:30:00-05:00,499.3450012207031,500.1099853515625,499.3399963378906,500.05999755859375
2026-02-06 14:30:00-05:00,500.0799865722656,500.4800109863281,499.6700134277344,500.2099914550781
2026-02-06 15:30:00-05:00,500.20001220703125,501.6709899902344,500.1099853515625,500.9800109863281
2026-02-09 09:30:00-05:00,500.1099853515625,501.0799865722656,498.30499267578125,500.8475036621094
2026-02-09 10:30:00-05:00,500.8299865722656,502.1600036621094,500.79998779296875,500.92999267578125
2026-02-09 11:30:00-05:00,500.8949890136719,501.5,500.6400146484375,501.04998779296875
2026-02-09 12:30:00-05:00,501.07000732421875,501.32000732421875,500.260009765625,500.79998779296875
2026-02-09 13:30:00-05:00,500.8500061035156,501.8299865722656,500.75,501.6400146484375
2026-02-09 14:30:00-05:00,501.6700134277344,502.0,501.17999267578125,501.3500061035156
2026-02-09 15:30:00-05:00,501.32000732421875,501.75,500.9599914550781,501.2099914550781
2026-02-10 09:30:00-05:00,502.3399963378906,505.29998779296875,502.2200012207031,504.239990234375
2026-02-10 10:30:00-05:00,504.239990234375,504.6300048828125,502.5400085449219,503.45001220703125
2026-02-10 11:30:00-05:00,503.45001220703125,504.57000732421875,503.29998779296875,504.05999755859375
2026-02-10 12:30:00-05:00,504.0899963378906,504.1000061035156,502.0,502.04998779296875
2026-02-10 13:30:00-05:00,501.989990234375,502.44000244140625,501.260009765625,502.44000244140625
2026-02-10 14:30:00-05:00,502.4700012207031,502.9700012207031,502.2300109863281,502.5299987792969
2026-02-10 15:30:00-05:00,502.5299987792969,502.67999267578125,501.6199951171875,501.95001220703125
2026-02-11 09:30:00-05:00,504.2099914550781,505.1199951171875,499.614990234375,500.2300109863281
2026-02-11 10:30:00-05:00,500.20001220703125,501.95989990234375,499.1300048828125,500.95001220703125
2026-02-11 11:30:00-05:00,500.9200134277344,502.6400146484375,500.739990234375,502.1400146484375
2026-02-11 12:30:00-05:00,502.1099853515625,502.44000244140625,500.30999755859375,501.2710876464844
2026-02-11 13:30:00-05:00,501.2699890136719,501.9800109863281,500.3800048828125,501.6600036621094
2026-02-11 14:30:00-05:00,501.6600036621094,501.88848876953125,501.13299560546875,501.4700012207031
2026-02-11 15:30:00-05:00,501.3500061035156,501.7900085449219,501.0400085449219,501.30999755859375
2026-02-12 09:30:00-05:00,503.1300048828125,504.5400085449219,502.7099914550781,503.0299987792969
2026-02-12 10:30:00-05:00,503.07000732421875,503.2699890136719,496.260009765625,496.260009765625
2026-02-12 11:30:00-05:00,496.25,497.2200012207031,495.19000244140625,495.3900146484375
2026-02-12 12:30:00-05:00,495.3800048828125,496.3800048828125,494.3999938964844,494.95001220703125
2026-02-12 13:30:00-05:00,494.94000244140625,497.2630920410156,494.7300109863281,496.5199890136719
2026-02-12 14:30:00-05:00,496.5,498.0899963378906,496.489990234375,496.6099853515625
2026-02-12 15:30:00-05:00,496.5899963378906,496.67999267578125,494.32000732421875,494.6400146484375
2026-02-13 09:30:00-05:00,495.0400085449219,495.70001220703125,491.20001220703125,495.3900146484375
2026-02-13 10:30:00-05:00,495.3800048828125,496.6300048828125,494.4100036621094,496.31500244140625
2026-02-13 11:30:00-05:00,496.29998779296875,497.57000732421875,495.7099914550781,496.81500244140625
2026-02-13 12:30:00-05:00,496.8299865722656,497.7799987792969,496.2799987792969,497.07000732421875
2026-02-13 13:30:00-05:00,496.989990234375,497.3500061035156,495.9599914550781,496.19000244140625
2026-02-13 14:30:00-05:00,496.2699890136719,496.6199951171875,494.1400146484375,494.260009765625
2026-02-13 15:30:00-05:00,494.3900146484375,495.44000244140625,493.8699951171875,495.2699890136719
2026-02-17 09:30:00-05:00,495.3299865722656,497.57000732421875,492.6700134277344,493.1600036621094
2026-02-17 10:30:00-05:00,493.1199951171875,496.8699951171875,492.1099853515625,495.7799987792969
2026-02-17 11:30:00-05:00,495.7850036621094,496.57000732421875,494.8800048828125,495.8800048828125
2026-02-17 12:30:00-05:00,495.8999938964844,496.0599060058594,493.79998779296875,495.5899963378906
2026-02-17 13:30:00-05:00,495.6050109863281,497.29998779296875,495.3399963378906,496.4800109863281
2026-02-17 14:30:00-05:00,496.510009765625,496.9049987792969,495.8800048828125,495.9700012207031
2026-02-17 15:30:00-05:00,495.95001220703125,496.20001220703125,495.2699890136719,495.8800048828125
2026-02-18 09:30:00-05:00,496.7799987792969,499.3399963378906,494.6499938964844,498.5
2026-02-18 10:30:00-05:00,498.57000732421875,499.19000244140625,498.260009765625,498.4800109863281
2026-02-18 11:30:00-05:00,498.5,499.20001220703125,498.1400146484375,498.7799987792969
2026-02-18 12:30:00-05:00,498.7799987792969,499.0,497.82000732421875,498.1000061035156
2026-02-18 13:30:00-05:00,498.1199951171875,498.3500061035156,496.6000061035156,497.1400146484375
2026-02-18 14:30:00-05:00,497.20001220703125,497.2699890136719,495.7049865722656,495.8299865722656
2026-02-18 15:30:00-05:00,495.82000732421875,497.6199951171875,495.7799987792969,496.9800109863281
2026-02-19 09:30:00-05:00,495.55499267578125,496.0299987792969,493.8399963378906,495.04998779296875
2026-02-19 10:30:00-05:00,495.05999755859375,496.489990234375,494.3699951171875,494.4200134277344
2026-02-19 11:30:00-05:00,494.4700012207031,495.2130126953125,493.3699951171875,494.510009765625
2026-02-19 12:30:00-05:00,494.4700012207031,494.6698913574219,492.4100036621094,492.8450012207031
2026-02-19 13:30:00-05:00,492.80999755859375,494.3399963378906,492.6499938964844,493.80999755859375
2026-02-19 14:30:00-05:00,493.7799987792969,494.0799865722656,492.7200012207031,493.70001220703125
2026-02-19 15:30:00-05:00,493.7300109863281,494.44000244140625,493.6400146484375,494.3800048828125
2026-02-20 09:30:00-05:00,492.5400085449219,497.0,491.3900146484375,495.0299987792969
2026-02-20 10:30:00-05:00,495.0199890136719,495.4100036621094,493.6199951171875,493.6199951171875
2026-02-20 11:30:00-05:00,493.5299987792969,495.29998779296875,492.0299987792969,492.5
2026-02-20 12:30:00-05:00,492.45001220703125,494.3999938964844,492.3800048828125,493.489990234375
2026-02-20 13:30:00-05:00,493.5299987792969,496.1099853515625,493.0799865722656,495.360107421875
2026-02-20 14:30:00-05:00,495.3900146484375,496.0,494.8299865722656,495.6400146484375
2026-02-20 15:30:00-05:00,495.6499938964844,496.17999267578125,495.4200134277344,496.0899963378906
2026-02-23 09:30:00-05:00,494.5,496.989990234375,489.0799865722656,489.5799865722656
2026-02-23 10:30:00-05:00,489.6000061035156,489.95001220703125,487.6600036621094,489.20001220703125
2026-02-23 11:30:00-05:00,489.1700134277344,489.4750061035156,488.0400085449219,488.0950012207031
2026-02-23 12:30:00-05:00,488.05499267578125,489.8699951171875,487.5299987792969,489.8550109863281
2026-02-23 13:30:00-05:00,489.8699951171875,490.0199890136719,487.6099853515625,487.6499938964844
2026-02-23 14:30:00-05:00,487.67999267578125,488.2699890136719,487.4100036621094,487.8900146484375
2026-02-23 15:30:00-05:00,487.8999938964844,488.3900146484375,487.1499938964844,488.0
2026-02-24 09:30:00-05:00,488.1099853515625,492.5299987792969,487.45001220703125,492.3500061035156
2026-02-24 10:30:00-05:00,492.3299865722656,492.42999267578125,491.3699951171875,491.5799865722656
2026-02-24 11:30:00-05:00,491.55999755859375,492.29998779296875,490.7099914550781,492.1000061035156
2026-02-24 12:30:00-05:00,492.0950012207031,492.6050109863281,491.75,492.0199890136719
2026-02-24 13:30:00-05:00,492.0299987792969,492.8500061035156,491.6449890136719,491.8349914550781
2026-02-24 14:30:00-05:00,491.8399963378906,492.3299865722656,491.3299865722656,491.3900146484375
2026-02-24 15:30:00-05:00,491.3900146484375,492.3599853515625,491.3900146484375,491.7799987792969
2026-02-25 09:30:00-05:00,493.6300048828125,494.29998779296875,492.1199951171875,492.4800109863281
2026-02-25 10:30:00-05:00,492.4100036621094,493.7799987792969,491.8999938964844,493.5899963378906
2026-02-25 11:30:00-05:00,493.54998779296875,494.3500061035156,493.3999938964844,493.94500732421875
2026-02-25 12:30:00-05:00,493.9800109863281,494.9100036621094,493.8900146484375,494.5
2026-02-25 13:30:00-05:00,494.54998779296875,494.6700134277344,494.15350341796875,494.2799987792969
2026-02-25 14:30:00-05:00,494.30999755859375,494.94000244140625,494.30999755859375,494.5899963378906
2026-02-25 15:30:00-05:00,494.5899963378906,495.1300048828125,494.510009765625,494.7950134277344
2026-02-26 09:30:00-05:00,497.0,498.2099914550781,492.260009765625,492.75
2026-02-26 10:30:00-05:00,492.67999267578125,495.6499938964844,492.44000244140625,494.9949951171875
2026-02-26 11:30:00-05:00,494.9599914550781,495.1199951171875,492.739990234375,492.9100036621094
2026-02-26 12:30:00-05:00,492.9200134277344,493.3500061035156,492.23699951171875,493.1300048828125
2026-02-26 13:30:00-05:00,493.0899963378906,495.32000732421875,493.0,494.70001220703125
2026-02-26 14:30:00-05:00,494.7200012207031,495.5299987792969,494.6300048828125,494.9750061035156
2026-02-26 15:30:00-05:00,494.9800109863281,495.2900085449219,494.7300109863281,494.94000244140625
2026-02-27 09:30:00-05:00,489.6300048828125,490.95001220703125,486.760009765625,488.3275146484375
2026-02-27 10:30:00-05:00,488.30999755859375,490.2799987792969,487.9599914550781,489.989990234375
2026-02-27 11:30:00-05:00,490.0150146484375,490.4200134277344,487.3399963378906,487.3599853515625
2026-02-27 12:30:00-05:00,487.3533935546875,488.79998779296875,487.1000061035156,488.4085998535156
2026-02-27 13:30:00-05:00,488.3800048828125,489.17999267578125,487.8900146484375,487.92999267578125
2026-02-27 14:30:00-05:00,487.94000244140625,489.6700134277344,487.6050109863281,489.2300109863281
2026-02-27 15:30:00-05:00,489.2200012207031,489.95001220703125,488.7099914550781,489.7200012207031
2026-03-02 09:30:00-05:00,484.3399963378906,489.5,484.1499938964844,488.19000244140625
2026-03-02 10:30:00-05:00,488.05999755859375,489.45001220703125,486.9100036621094,487.32501220703125
2026-03-02 11:30:00-05:00,487.32000732421875,490.2200012207031,487.04998779296875,489.4150085449219
2026-03-02 12:30:00-05:00,489.3900146484375,490.1499938964844,489.1600036621094,489.7749938964844
2026-03-02 13:30:00-05:00,489.7900085449219,490.6300048828125,488.5400085449219,490.6000061035156
2026-03-02 14:30:00-05:00,490.6099853515625,490.9800109863281,487.94500732421875,488.6099853515625
2026-03-02 15:30:00-05:00,488.6000061035156,489.6700134277344,488.5400085449219,489.2099914550781
2026-03-03 09:30:00-05:00,480.1600036621094,481.8299865722656,476.7300109863281,476.989990234375
2026-03-03 10:30:00-05:00,476.9800109863281,481.4599914550781,476.9800109863281,481.0799865722656
2026-03-03 11:30:00-05:00,481.07000732421875,483.6499938964844,480.25,483.44000244140625
2026-03-03 12:30:00-05:00,483.44000244140625,485.3399963378906,482.2699890136719,484.8999938964844
2026-03-03 13:30:00-05:00,484.8999938964844,486.4599914550781,484.8399963378906,485.7149963378906
2026-03-03 14:30:00-05:00,485.739990234375,487.3900146484375,484.92999267578125,486.239990234375
2026-03-03 15:30:00-05:00,486.260009765625,486.3900146484375,484.8299865722656,485.489990234375
2026-03-04 09:30:00-05:00,486.55999755859375,488.8800048828125,483.95001220703125,488.5
2026-03-04 10:30:00-05:00,488.54998779296875,488.9599914550781,487.0199890136719,488.2799987792969
2026-03-04 11:30:00-05:00,488.2699890136719,489.0299987792969,487.99749755859375,488.2300109863281
2026-03-04 12:30:00-05:00,488.2200012207031,488.9100036621094,487.6199951171875,488.1911926269531
2026-03-04 13:30:00-05:00,488.239990234375,488.6099853515625,487.9700012207031,488.04998779296875
2026-03-04 14:30:00-05:00,488.05999755859375,488.760009765625,487.9700012207031,488.489990234375
2026-03-04 15:30:00-05:00,488.4599914550781,488.739990234375,487.69000244140625,487.70001220703125
2026-03-05 09:30:00-05:00,483.82000732421875,485.489990234375,481.25,481.6400146484375
2026-03-05 10:30:00-05:00,481.6700134277344,482.239990234375,479.239990234375,479.4599914550781
2026-03-05 11:30:00-05:00,479.4800109863281,480.9599914550781,478.4100036621094,478.4800109863281
2026-03-05 12:30:00-05:00,478.4700012207031,479.0299987792969,477.1000061035156,477.5
2026-03-05 13:30:00-05:00,477.5400085449219,478.44000244140625,476.7300109863281,476.8999938964844
2026-03-05 14:30:00-05:00,476.8299865722656,479.5899963378906,476.1499938964844,478.8399963378906
2026-03-05 15:30:00-05:00,478.8299865722656,480.0899963378906,478.69000244140625,479.8500061035156
2026-03-06 09:30:00-05:00,473.7200012207031,474.25,470.4599914550781,473.92999267578125
2026-03-06 10:30:00-05:00,473.9100036621094,475.70001220703125,473.05999755859375,474.2699890136719
2026-03-06 11:30:00-05:00,474.25,475.3500061035156,473.4100036621094,473.9599914550781
2026-03-06 12:30:00-05:00,473.9549865722656,475.9599914550781,472.69500732421875,474.7699890136719
2026-03-06 13:30:00-05:00,474.7300109863281,475.3900146484375,473.8599853515625,475.260009765625
2026-03-06 14:30:00-05:00,475.2799987792969,476.2300109863281,474.7795104980469,474.8399963378906
2026-03-06 15:30:00-05:00,474.7799987792969,475.8699951171875,474.30999755859375,475.239990234375
2026-03-09 09:30:00-04:00,470.8800048828125,471.4200134277344,466.67999267578125,467.90020751953125
2026-03-09 10:30:00-04:00,467.8800048828125,472.239990234375,467.8800048828125,472.0899963378906
2026-03-09 11:30:00-04:00,472.0799865722656,472.8900146484375,470.7699890136719,472.260009765625
2026-03-09 12:30:00-04:00,472.3299865722656,473.260009765625,470.81500244140625,470.8900146484375
2026-03-09 13:30:00-04:00,470.8550109863281,472.5299987792969,470.3500061035156,471.9100036621094
2026-03-09 14:30:00-04:00,471.8900146484375,477.6050109863281,471.6000061035156,477.5306091308594
2026-03-09 15:30:00-04:00,477.54998779296875,479.3800048828125,476.4599914550781,477.9100036621094
2026-03-10 09:30:00-04:00,477.739990234375,478.3900146484375,475.010009765625,477.6524963378906
2026-03-10 10:30:00-04:00,477.6400146484375,480.760009765625,477.6400146484375,480.6300048828125
2026-03-10 11:30:00-04:00,480.6300048828125,481.07000732421875,479.3550109863281,480.1199951171875
2026-03-10 12:30:00-04:00,480.1099853515625,482.8699951171875,480.1000061035156,482.760009765625
2026-03-10 13:30:00-04:00,482.7099914550781,482.7217102050781,477.9049987792969,479.5400085449219
2026-03-10 14:30:00-04:00,479.5398864746094,480.2900085449219,478.0,478.0
2026-03-10 15:30:00-04:00,478.0,478.8699951171875,477.19000244140625,477.7200012207031
2026-03-11 09:30:00-04:00,477.3999938964844,477.7699890136719,473.5249938964844,474.05999755859375
2026-03-11 10:30:00-04:00,474.0899963378906,476.8999938964844,473.4639892578125,473.5
2026-03-11 11:30:00-04:00,473.5950012207031,473.7799987792969,472.4599914550781,473.19000244140625
2026-03-11 12:30:00-04:00,473.17999267578125,475.2799987792969,473.1499938964844,475.0400085449219
2026-03-11 13:30:00-04:00,475.0799865722656,475.1400146484375,472.8500061035156,474.5
2026-03-11 14:30:00-04:00,474.4200134277344,474.5799865722656,473.3999938964844,473.9599914550781
2026-03-11 15:30:00-04:00,473.9800109863281,475.05999755859375,473.8399963378906,474.8299865722656
2026-03-12 09:30:00-04:00,469.0,470.79998779296875,468.0400085449219,468.0899963378906
2026-03-12 10:30:00-04:00,468.1300048828125,470.5299987792969,467.8299865722656,468.4800109863281
2026-03-12 11:30:00-04:00,468.4599914550781,471.4800109863281,467.57000732421875,469.5299987792969
2026-03-12 12:30:00-04:00,469.5299987792969,470.7099914550781,468.75,469.125
2026-03-12 13:30:00-04:00,469.1199951171875,470.1000061035156,468.2388916015625,468.6499938964844
2026-03-12 14:30:00-04:00,468.6499938964844,469.2200012207031,468.0,468.8800048828125
2026-03-12 15:30:00-04:00,468.8900146484375,469.3599853515625,467.4100036621094,467.42999267578125
2026-03-13 09:30:00-04:00,469.94000244140625,472.1000061035156,468.69500732421875,469.4849853515625
2026-03-13 10:30:00-04:00,469.4949951171875,470.57000732421875,467.489990234375,467.659912109375
2026-03-13 11:30:00-04:00,467.6499938964844,468.760009765625,467.1199951171875,467.751708984375
2026-03-13 12:30:00-04:00,467.7900085449219,468.25,466.82000732421875,467.67999267578125
2026-03-13 13:30:00-04:00,467.6600036621094,467.7900085449219,466.4049987792969,467.0700988769531
2026-03-13 14:30:00-04:00,467.05999755859375,468.1000061035156,466.44000244140625,466.6000061035156
2026-03-13 15:30:00-04:00,466.6000061035156,467.0,465.7799987792969,466.45001220703125
2026-03-16 09:30:00-04:00,470.07000732421875,472.70001220703125,469.3800048828125,471.6600036621094
2026-03-16 10:30:00-04:00,471.5400085449219,471.6199951171875,469.1199951171875,471.25
2026-03-16 11:30:00-04:00,471.260009765625,471.7200012207031,469.0400085449219,469.3299865722656
2026-03-16 12:30:00-04:00,469.29998779296875,470.69000244140625,468.9800109863281,470.2699890136719
2026-03-16 13:30:00-04:00,470.29998779296875,470.95001220703125,469.25,470.7099914550781
2026-03-16 14:30:00-04:00,470.70001220703125,471.80999755859375,470.1700134277344,470.6199951171875
2026-03-16 15:30:00-04:00,470.6199951171875,470.7200012207031,469.8800048828125,470.2650146484375
2026-03-17 09:30:00-04:00,473.3800048828125,475.1300048828125,471.4700012207031,472.0780029296875
2026-03-17 10:30:00-04:00,472.1400146484375,473.1700134277344,471.82000732421875,472.1300048828125
2026-03-17 11:30:00-04:00,472.1799011230469,472.4599914550781,470.7699890136719,471.5400085449219
2026-03-17 12:30:00-04:00,471.5299987792969,472.0799865722656,471.0799865722656,471.8800048828125
2026-03-17 13:30:00-04:00,471.8699951171875,472.0799865722656,470.8900146484375,471.0
2026-03-17 14:30:00-04:00,470.989990234375,471.7200012207031,470.9100036621094,471.0400085449219
2026-03-17 15:30:00-04:00,471.04998779296875,471.4100036621094,470.625,470.9100036621094
2026-03-18 09:30:00-04:00,468.7699890136719,469.75,466.29998779296875,466.510009765625
2026-03-18 10:30:00-04:00,466.4800109863281,467.7300109863281,466.135009765625,466.6199951171875
2026-03-18 11:30:00-04:00,466.5899963378906,467.1499938964844,466.0400085449219,466.8900146484375
2026-03-18 12:30:00-04:00,466.8699951171875,467.2300109863281,466.0899963378906,466.2099914550781
2026-03-18 13:30:00-04:00,466.239990234375,467.05999755859375,465.7200012207031,466.29998779296875
2026-03-18 14:30:00-04:00,466.20001220703125,466.3999938964844,463.3908996582031,463.5400085449219
2026-03-18 15:30:00-04:00,463.5199890136719,463.760009765625,462.760009765625,463.05999755859375
2026-03-19 09:30:00-04:00,459.9700012207031,461.70001220703125,458.2799987792969,458.54998779296875
2026-03-19 10:30:00-04:00,458.54998779296875,461.0400085449219,458.4700012207031,459.7300109863281
2026-03-19 11:30:00-04:00,459.7200012207031,460.54998779296875,458.4700012207031,459.78009033203125
2026-03-19 12:30:00-04:00,459.7900085449219,460.4599914550781,458.1600036621094,459.4700012207031
2026-03-19 13:30:00-04:00,459.481201171875,460.3399963378906,458.7699890136719,459.2200012207031
2026-03-19 14:30:00-04:00,459.20001220703125,463.3699951171875,458.5880126953125,461.5199890136719
2026-03-19 15:30:00-04:00,461.54998779296875,462.1300048828125,460.9200134277344,461.07000732421875
2026-03-20 09:30:00-04:00,458.7300109863281,460.57000732421875,456.92999267578125,457.0899963378906
2026-03-20 10:30:00-04:00,457.04998779296875,459.1499938964844,456.67999267578125,457.07000732421875
2026-03-20 11:30:00-04:00,457.0849914550781,458.5199890136719,456.9849853515625,458.1099853515625
2026-03-20 12:30:00-04:00,458.04998779296875,458.8699951171875,457.1950988769531,458.1600036621094
2026-03-20 13:30:00-04:00,458.1700134277344,458.2799987792969,455.5400085449219,456.0
2026-03-20 14:30:00-04:00,455.9800109863281,456.1400146484375,454.6300048828125,455.0
2026-03-20 15:30:00-04:00,455.05999755859375,456.20001220703125,453.5419921875,455.92999267578125
2026-03-23 09:30:00-04:00,463.29998779296875,466.1000061035156,461.55999755859375,464.94500732421875
2026-03-23 10:30:00-04:00,464.8999938964844,467.0400085449219,464.29998779296875,465.7799987792969
2026-03-23 11:30:00-04:00,465.82000732421875,466.1499938964844,460.9200134277344,461.0
2026-03-23 12:30:00-04:00,460.989990234375,462.6099853515625,460.9200134277344,462.0
2026-03-23 13:30:00-04:00,462.0799865722656,464.1400146484375,461.9800109863281,463.4100036621094
2026-03-23 14:30:00-04:00,463.4200134277344,465.0,462.9200134277344,463.07000732421875
2026-03-23 15:30:00-04:00,463.07000732421875,463.7900085449219,461.82000732421875,461.93499755859375
2026-03-24 09:30:00-04:00,458.4200134277344,461.2300109863281,457.44000244140625,460.5201110839844
2026-03-24 10:30:00-04:00,460.510009765625,463.9200134277344,460.17999267578125,463.4599914550781
2026-03-24 11:30:00-04:00,463.4599914550781,463.94000244140625,461.989990234375,463.2099914550781
2026-03-24 12:30:00-04:00,463.2699890136719,463.3699951171875,460.9700012207031,461.5899963378906
2026-03-24 13:30:00-04:00,461.5799865722656,462.6000061035156,460.7699890136719,462.3399963378906
2026-03-24 14:30:00-04:00,462.3599853515625,463.7200012207031,462.1300048828125,462.260009765625
2026-03-24 15:30:00-04:00,462.25,462.4599914550781,460.8699951171875,461.1199951171875
2026-03-25 09:30:00-04:00,465.7300109863281,467.239990234375,463.0400085449219,464.3399963378906
2026-03-25 10:30:00-04:00,464.3399963378906,465.45001220703125,461.79998779296875,464.7049865722656
2026-03-25 11:30:00-04:00,464.69000244140625,464.8999938964844,463.3299865722656,464.30999755859375
2026-03-25 12:30:00-04:00,464.2900085449219,465.0299987792969,464.0400085449219,464.8399963378906
2026-03-25 13:30:00-04:00,464.8399963378906,465.70001220703125,464.2699890136719,464.5
2026-03-25 14:30:00-04:00,464.5400085449219,464.8699951171875,463.4700012207031,464.1499938964844
2026-03-25 15:30:00-04:00,464.1499938964844,464.5199890136719,463.57000732421875,464.17999267578125
2026-03-26 09:30:00-04:00,461.5400085449219,465.1549987792969,461.3800048828125,464.385009765625
2026-03-26 10:30:00-04:00,464.3800048828125,465.42999267578125,462.2900085449219,462.70001220703125
2026-03-26 11:30:00-04:00,462.6499938964844,462.69000244140625,460.32000732421875,460.5199890136719
2026-03-26 12:30:00-04:00,460.510009765625,461.3699951171875,459.6499938964844,460.1000061035156
2026-03-26 13:30:00-04:00,460.0899963378906,460.510009765625,459.3800048828125,459.92999267578125
2026-03-26 14:30:00-04:00,459.9200134277344,460.54998779296875,459.25,459.489990234375
2026-03-26 15:30:00-04:00,459.5,459.69000244140625,458.94000244140625,459.32000732421875
2026-03-27 09:30:00-04:00,457.3599853515625,457.5,454.2449951171875,455.0538024902344
2026-03-27 10:30:00-04:00,455.0199890136719,456.9599914550781,454.79998779296875,456.1600036621094
2026-03-27 11:30:00-04:00,456.239990234375,457.2300109863281,454.1868591308594,454.6400146484375
2026-03-27 12:30:00-04:00,454.6400146484375,455.55999755859375,453.4601135253906,453.489990234375
2026-03-27 13:30:00-04:00,453.510009765625,453.7300109863281,451.8905944824219,452.1700134277344
2026-03-27 14:30:00-04:00,452.1600036621094,453.04998779296875,451.57000732421875,451.8599853515625
2026-03-27 15:30:00-04:00,451.8599853515625,452.1199951171875,450.489990234375,451.3550109863281
2026-03-30 09:30:00-04:00,455.6000061035156,456.0899963378906,452.6700134277344,454.010009765625
2026-03-30 10:30:00-04:00,454.010009765625,455.8800048828125,453.07000732421875,454.8500061035156
2026-03-30 11:30:00-04:00,454.8500061035156,456.1199951171875,454.2900085449219,454.3699951171875
2026-03-30 12:30:00-04:00,454.3599853515625,454.80999755859375,452.6600036621094,452.8699951171875
2026-03-30 13:30:00-04:00,452.8699951171875,453.6099853515625,452.2300109863281,452.5400085449219
2026-03-30 14:30:00-04:00,452.55999755859375,453.1700134277344,450.44000244140625,450.6099853515625
2026-03-30 15:30:00-04:00,450.6199951171875,452.57000732421875,450.510009765625,452.0299987792969
2026-03-31 09:30:00-04:00,456.80999755859375,458.7300109863281,455.1700134277344,457.70001220703125
2026-03-31 10:30:00-04:00,457.70001220703125,458.1300048828125,454.6700134277344,456.7300109863281
2026-03-31 11:30:00-04:00,456.7300109863281,457.8800048828125,456.010009765625,457.5
2026-03-31 12:30:00-04:00,457.45001220703125,463.0799865722656,457.1600036621094,461.1099853515625
2026-03-31 13:30:00-04:00,461.1400146484375,462.29998779296875,460.7699890136719,461.8599853515625
2026-03-31 14:30:00-04:00,461.8599853515625,462.760009765625,461.5299987792969,462.3900146484375
2026-03-31 15:30:00-04:00,462.3999938964844,463.79998779296875,462.30999755859375,463.1600036621094
2026-04-01 09:30:00-04:00,466.0,467.239990234375,464.5,465.760009765625
2026-04-01 10:30:00-04:00,465.81500244140625,467.6700134277344,464.80999755859375,467.17999267578125
2026-04-01 11:30:00-04:00,467.1600036621094,467.8999938964844,466.8900146484375,466.95001220703125
2026-04-01 12:30:00-04:00,466.9100036621094,467.8500061035156,466.68109130859375,467.760009765625
2026-04-01 13:30:00-04:00,467.7699890136719,467.79998779296875,465.0299987792969,465.2200012207031
2026-04-01 14:30:00-04:00,465.239990234375,466.4100036621094,465.0899963378906,466.3500061035156
2026-04-01 15:30:00-04:00,466.32000732421875,466.8299865722656,465.29998779296875,465.5299987792969
2026-04-02 09:30:00-04:00,460.1600036621094,462.05999755859375,458.8800048828125,461.9200134277344
2026-04-02 10:30:00-04:00,461.8999938964844,467.5199890136719,461.7900085449219,465.0199890136719
2026-04-02 11:30:00-04:00,465.06500244140625,465.5,462.8699951171875,463.3599853515625
2026-04-02 12:30:00-04:00,463.25,464.8500061035156,463.20001220703125,464.2850036621094
2026-04-02 13:30:00-04:00,464.3699951171875,464.3699951171875,463.0906066894531,463.70379638671875
2026-04-02 14:30:00-04:00,463.69500732421875,464.82000732421875,463.5899963378906,464.57000732421875
2026-04-02 15:30:00-04:00,464.5299987792969,465.25,464.2799987792969,465.0
2026-04-06 09:30:00-04:00,464.1600036621094,466.9100036621094,463.4599914550781,466.5
2026-04-06 10:30:00-04:00,466.57000732421875,467.0199890136719,465.3500061035156,465.7200012207031
2026-04-06 11:30:00-04:00,465.6600036621094,466.2449951171875,465.17999267578125,466.04998779296875
2026-04-06 12:30:00-04:00,465.9800109863281,466.55999755859375,464.5400085449219,465.5899963378906
2026-04-06 13:30:00-04:00,465.5799865722656,466.6400146484375,465.0799865722656,466.42999267578125
2026-04-06 14:30:00-04:00,466.489990234375,466.5849914550781,465.7699890136719,465.94000244140625
2026-04-06 15:30:00-04:00,465.8999938964844,466.79998779296875,465.8699951171875,466.79998779296875
2026-04-07 09:30:00-04:00,465.75,466.04998779296875,462.3999938964844,464.6300048828125
2026-04-07 10:30:00-04:00,464.57000732421875,465.45001220703125,462.1099853515625,463.1000061035156
2026-04-07 11:30:00-04:00,463.1300048828125,465.510009765625,462.3299865722656,464.3599853515625
2026-04-07 12:30:00-04:00,464.3399963378906,464.95001220703125,463.8599853515625,464.1499938964844
2026-04-07 13:30:00-04:00,464.2900085449219,466.04998779296875,464.2074890136719,464.7699890136719
2026-04-07 14:30:00-04:00,464.7099914550781,465.7099914550781,462.54998779296875,464.8299865722656
2026-04-07 15:30:00-04:00,464.7300109863281,466.30999755859375,464.0199890136719,465.8999938964844
2026-04-08 09:30:00-04:00,478.8800048828125,480.20001220703125,477.6499938964844,477.7099914550781
2026-04-08 10:30:00-04:00,477.7300109863281,477.8699951171875,475.57000732421875,476.489990234375
2026-04-08 11:30:00-04:00,476.5299987792969,478.5799865722656,476.5299987792969,477.8800048828125
2026-04-08 12:30:00-04:00,477.8599853515625,478.4599914550781,477.6050109863281,477.69500732421875
2026-04-08 13:30:00-04:00,477.65008544921875,479.25,477.5899963378906,478.1499938964844
2026-04-08 14:30:00-04:00,478.25,478.4200134277344,476.79998779296875,477.2049865722656
2026-04-08 15:30:00-04:00,477.3299865722656,479.2799987792969,477.3299865722656,479.1400146484375
2026-04-09 09:30:00-04:00,477.489990234375,478.7699890136719,477.010009765625,477.9700012207031
2026-04-09 10:30:00-04:00,477.8999938964844,478.739990234375,477.3399963378906,478.4700012207031
2026-04-09 11:30:00-04:00,478.4200134277344,482.19000244140625,478.30999755859375,481.7749938964844
2026-04-09 12:30:00-04:00,481.7950134277344,482.9599914550781,481.4599914550781,482.6600036621094
2026-04-09 13:30:00-04:00,482.5899963378906,483.2699890136719,481.7650146484375,481.9700012207031
2026-04-09 14:30:00-04:00,481.9949951171875,482.5199890136719,481.6300048828125,482.2099914550781
2026-04-09 15:30:00-04:00,482.20001220703125,482.6000061035156,481.79998779296875,481.8599853515625
2026-04-10 09:30:00-04:00,482.19500732421875,482.3999938964844,479.4599914550781,481.1400146484375
2026-04-10 10:30:00-04:00,481.1499938964844,481.30999755859375,480.2099914550781,480.4100036621094
2026-04-10 11:30:00-04:00,480.4599914550781,480.6199951171875,479.1600036621094,479.2200012207031
2026-04-10 12:30:00-04:00,479.2699890136719,479.4100036621094,478.69000244140625,478.80999755859375
2026-04-10 13:30:00-04:00,478.760009765625,479.6499938964844,478.7200012207031,479.55999755859375
2026-04-10 14:30:00-04:00,479.6199951171875,479.69000244140625,479.135009765625,479.2300109863281
2026-04-10 15:30:00-04:00,479.17999267578125,479.3299865722656,478.6300048828125,479.2200012207031
2026-04-13 09:30:00-04:00,476.1000061035156,477.7699890136719,475.1499938964844,477.1400146484375
2026-04-13 10:30:00-04:00,477.1499938964844,477.8399963378906,476.3371887207031,476.5
2026-04-13 11:30:00-04:00,476.5,478.510009765625,476.239990234375,478.3800964355469
2026-04-13 12:30:00-04:00,478.3599853515625,479.8299865722656,478.1600036621094,479.5249938964844
2026-04-13 13:30:00-04:00,479.5299987792969,480.1000061035156,479.20001220703125,479.8699951171875
2026-04-13 14:30:00-04:00,479.8599853515625,480.7200012207031,479.7799987792969,480.6650085449219
2026-04-13 15:30:00-04:00,480.6650085449219,482.2799987792969,480.6099853515625,482.1000061035156
2026-04-14 09:30:00-04:00,482.4100036621094,485.0,481.8599853515625,484.1000061035156
2026-04-14 10:30:00-04:00,484.05999755859375,485.57000732421875,483.8299865722656,485.3699951171875
2026-04-14 11:30:00-04:00,485.3900146484375,485.6199951171875,484.95001220703125,485.20001220703125
2026-04-14 12:30:00-04:00,485.20001220703125,485.25,484.5249938964844,485.0
2026-04-14 13:30:00-04:00,484.989990234375,485.45001220703125,484.3599853515625,484.70001220703125
2026-04-14 14:30:00-04:00,484.69500732421875,485.7049865722656,484.625,485.69000244140625
2026-04-14 15:30:00-04:00,485.69000244140625,485.9700012207031,485.239990234375,485.5400085449219
2026-04-15 09:30:00-04:00,486.510009765625,487.0801086425781,483.6099853515625,484.522705078125
2026-04-15 10:30:00-04:00,484.55999755859375,484.6199951171875,483.2049865722656,483.75
2026-04-15 11:30:00-04:00,483.75,483.75,482.8599853515625,483.260009765625
2026-04-15 12:30:00-04:00,483.260009765625,483.8788146972656,482.9700012207031,483.7900085449219
2026-04-15 13:30:00-04:00,483.7799987792969,484.6000061035156,483.6549987792969,484.2200012207031
2026-04-15 14:30:00-04:00,484.2300109863281,485.1000061035156,483.9800109863281,485.0199890136719
2026-04-15 15:30:00-04:00,485.010009765625,485.06500244140625,484.2900085449219,484.6099853515625
2026-04-16 09:30:00-04:00,486.1099853515625,486.7799987792969,483.3500061035156,483.739990234375
2026-04-16 10:30:00-04:00,483.7300109863281,485.7200012207031,483.45001220703125,484.510009765625
2026-04-16 11:30:00-04:00,484.44000244140625,485.9100036621094,484.239990234375,485.8599853515625
2026-04-16 12:30:00-04:00,485.8599853515625,485.8999938964844,484.45001220703125,484.9599914550781
2026-04-16 13:30:00-04:00,484.9599914550781,485.7900085449219,484.8900146484375,485.29998779296875
2026-04-16 14:30:00-04:00,485.32000732421875,485.8999938964844,485.239990234375,485.7099914550781
2026-04-16 15:30:00-04:00,485.7099914550781,486.1000061035156,485.6600036621094,485.739990234375
2026-04-17 09:30:00-04:00,490.6700134277344,495.3599853515625,490.360107421875,494.9599914550781
2026-04-17 10:30:00-04:00,494.92999267578125,496.3599853515625,494.7099914550781,495.1600036621094
2026-04-17 11:30:00-04:00,495.1700134277344,496.8399963378906,495.0899963378906,496.31500244140625
2026-04-17 12:30:00-04:00,496.30999755859375,497.0400085449219,494.45001220703125,494.9700012207031
2026-04-17 13:30:00-04:00,494.9700012207031,495.5299987792969,494.44000244140625,494.6600036621094
2026-04-17 14:30:00-04:00,494.7300109863281,494.9599914550781,493.8500061035156,493.864990234375
2026-04-17 15:30:00-04:00,493.875,494.7900085449219,493.8699951171875,494.2099914550781
2026-04-20 09:30:00-04:00,493.45001220703125,494.7749938964844,493.45001220703125,494.1300048828125
2026-04-20 10:30:00-04:00,494.1400146484375,494.1600036621094,492.30999755859375,493.989990234375
2026-04-20 11:30:00-04:00,493.989990234375,494.04998779296875,493.1199951171875,493.70001220703125
2026-04-20 12:30:00-04:00,493.75,494.239990234375,493.3299865722656,493.94000244140625
2026-04-20 13:30:00-04:00,493.95001220703125,494.239990234375,493.17498779296875,493.8500061035156
2026-04-20 14:30:00-04:00,493.8999938964844,494.2200012207031,493.5199890136719,493.94000244140625
2026-04-20 15:30:00-04:00,493.8800048828125,494.3999938964844,493.5899963378906,494.3399963378906
2026-04-21 09:30:00-04:00,496.9100036621094,498.3800048828125,496.31170654296875,496.8800048828125
2026-04-21 10:30:00-04:00,496.8999938964844,497.010009765625,493.1000061035156,493.4100036621094
2026-04-21 11:30:00-04:00,493.4200134277344,494.3699951171875,492.94000244140625,493.6400146484375
2026-04-21 12:30:00-04:00,493.6300048828125,493.9800109863281,491.5400085449219,492.2200927734375
2026-04-21 13:30:00-04:00,492.30999755859375,494.1300048828125,491.8500061035156,492.1000061035156
2026-04-21 14:30:00-04:00,492.1099853515625,493.67999267578125,491.885009765625,493.67999267578125
2026-04-21 15:30:00-04:00,493.6400146484375,493.6600036621094,490.3450012207031,491.4100036621094
2026-04-22 09:30:00-04:00,495.32000732421875,496.1400146484375,494.2300109863281,495.6099853515625
2026-04-22 10:30:00-04:00,495.5799865722656,495.6600036621094,494.75,495.3299865722656
2026-04-22 11:30:00-04:00,495.3500061035156,495.4200134277344,494.0299987792969,494.0799865722656
2026-04-22 12:30:00-04:00,494.07000732421875,494.8299865722656,493.8299865722656,494.44000244140625
2026-04-22 13:30:00-04:00,494.44000244140625,494.57501220703125,493.2300109863281,493.625
2026-04-22 14:30:00-04:00,493.6199951171875,494.0899963378906,493.32000732421875,494.04998779296875
2026-04-22 15:30:00-04:00,494.04998779296875,494.909912109375,493.67999267578125,494.7200012207031
2026-04-23 09:30:00-04:00,492.54998779296875,494.7699890136719,492.0849914550781,494.3299865722656
2026-04-23 10:30:00-04:00,494.42999267578125,495.1300048828125,493.8999938964844,494.54998779296875
2026-04-23 11:30:00-04:00,494.5400085449219,494.6199951171875,493.6199951171875,493.8900146484375
2026-04-23 12:30:00-04:00,493.8500061035156,494.20001220703125,490.760009765625,490.8900146484375
2026-04-23 13:30:00-04:00,490.8800048828125,493.010009765625,488.510009765625,492.989990234375
2026-04-23 14:30:00-04:00,492.9800109863281,493.4200134277344,492.04998779296875,492.92999267578125
2026-04-23 15:30:00-04:00,492.9100036621094,493.30999755859375,491.7900085449219,492.989990234375
2026-04-24 09:30:00-04:00,493.04998779296875,493.489990234375,490.7699890136719,491.2799987792969
2026-04-24 10:30:00-04:00,491.2900085449219,492.010009765625,490.95001220703125,491.2799987792969
2026-04-24 11:30:00-04:00,491.2900085449219,492.8999938964844,490.989990234375,491.5899963378906
2026-04-24 12:30:00-04:00,491.760009765625,491.9800109863281,491.2449951171875,491.55999755859375
2026-04-24 13:30:00-04:00,491.5350036621094,492.3999938964844,491.3800048828125,491.6400146484375
2026-04-24 14:30:00-04:00,491.6400146484375,492.25,491.56500244140625,491.7200012207031
2026-04-24 15:30:00-04:00,491.70001220703125,492.5199890136719,491.55999755859375,492.1700134277344
2026-04-27 09:30:00-04:00,491.6000061035156,493.54998779296875,491.239990234375,491.75
2026-04-27 10:30:00-04:00,491.67999267578125,492.489990234375,490.2900085449219,490.739990234375
2026-04-27 11:30:00-04:00,490.7300109863281,491.8399963378906,490.5899963378906,491.54998779296875
2026-04-27 12:30:00-04:00,491.5799865722656,491.80999755859375,491.2161865234375,491.6099853515625
2026-04-27 13:30:00-04:00,491.5899963378906,491.95001220703125,491.239990234375,491.6499938964844
2026-04-27 14:30:00-04:00,491.6300048828125,492.2200012207031,491.5899963378906,492.2099914550781
2026-04-27 15:30:00-04:00,492.1600036621094,492.2300109863281,491.67999267578125,491.80999755859375
2026-04-28 09:30:00-04:00,493.4599914550781,493.79998779296875,490.8399963378906,491.5299987792969
2026-04-28 10:30:00-04:00,491.4590148925781,492.30999755859375,490.9800109863281,492.1700134277344
2026-04-28 11:30:00-04:00,492.1499938964844,492.8550109863281,492.0050048828125,492.6099853515625
2026-04-28 12:30:00-04:00,492.6499938964844,492.6499938964844,491.489990234375,491.7300109863281
2026-04-28 13:30:00-04:00,491.7300109863281,492.1499938964844,491.1300964355469,491.20001220703125
2026-04-28 14:30:00-04:00,491.17999267578125,491.5090026855469,490.8900146484375,491.239990234375
2026-04-28 15:30:00-04:00,491.239990234375,491.6199951171875,490.7699890136719,491.3699951171875
2026-04-29 09:30:00-04:00,490.95001220703125,491.489990234375,488.489990234375,489.489990234375
2026-04-29 10:30:00-04:00,489.3900146484375,489.57000732421875,488.4200134277344,488.67999267578125
2026-04-29 11:30:00-04:00,488.69000244140625,488.7099914550781,487.35009765625,488.29998779296875
2026-04-29 12:30:00-04:00,488.20001220703125,488.44000244140625,487.7900085449219,488.17999267578125
2026-04-29 13:30:00-04:00,488.2699890136719,488.5,487.0,487.67999267578125
2026-04-29 14:30:00-04:00,487.69000244140625,488.8599853515625,487.0199890136719,488.29998779296875
2026-04-29 15:30:00-04:00,488.29998779296875,488.8299865722656,487.8399963378906,488.70001220703125
2026-04-30 09:30:00-04:00,490.9800109863281,494.239990234375,490.3900146484375,494.239990234375
2026-04-30 10:30:00-04:00,494.2099914550781,495.010009765625,493.7200012207031,495.010009765625
2026-04-30 11:30:00-04:00,494.9800109863281,496.1000061035156,494.7900085449219,495.9849853515625
2026-04-30 12:30:00-04:00,495.9750061035156,495.989990234375,495.1099853515625,495.4200134277344
2026-04-30 13:30:00-04:00,495.4599914550781,496.55999755859375,495.4599914550781,496.3999938964844
2026-04-30 14:30:00-04:00,496.4200134277344,497.4700927734375,496.4200134277344,497.3599853515625
2026-04-30 15:30:00-04:00,497.4700012207031,497.5799865722656,496.489990234375,496.5299987792969
2026-05-01 09:30:00-04:00,498.8399963378906,499.92999267578125,497.260009765625,498.9375
2026-05-01 10:30:00-04:00,498.9200134277344,499.1400146484375,497.1300048828125,497.2300109863281
2026-05-01 11:30:00-04:00,497.2699890136719,497.54998779296875,495.80999755859375,495.9049987792969
2026-05-01 12:30:00-04:00,495.8599853515625,496.4800109863281,495.6600036621094,496.45001220703125
2026-05-01 13:30:00-04:00,496.4700012207031,497.0299987792969,495.625,496.1099853515625
2026-05-01 14:30:00-04:00,496.0899963378906,496.20001220703125,495.4330139160156,496.0400085449219
2026-05-01 15:30:00-04:00,496.05999755859375,496.2699890136719,494.9100036621094,495.0199890136719
2026-05-04 09:30:00-04:00,493.5,494.1300048828125,492.20001220703125,494.0150146484375
2026-05-04 10:30:00-04:00,494.0,494.3299865722656,490.82000732421875,491.17999267578125
2026-05-04 11:30:00-04:00,491.2200012207031,491.3900146484375,489.0,490.1300048828125
2026-05-04 12:30:00-04:00,490.1199951171875,491.05999755859375,489.3699951171875,491.0400085449219
2026-05-04 13:30:00-04:00,491.05999755859375,491.07000732421875,489.510009765625,489.7250061035156
2026-05-04 14:30:00-04:00,489.7550048828125,489.8699035644531,489.1300048828125,489.3599853515625
2026-05-04 15:30:00-04:00,489.3599853515625,489.7099914550781,489.17498779296875,489.55999755859375
2026-05-05 09:30:00-04:00,491.8900146484375,492.5799865722656,490.0299987792969,492.3205871582031
2026-05-05 10:30:00-04:00,492.3500061035156,493.1300048828125,491.7099914550781,492.2900085449219
2026-05-05 11:30:00-04:00,492.2749938964844,492.3500061035156,491.6700134277344,492.2250061035156
2026-05-05 12:30:00-04:00,492.2300109863281,492.43499755859375,491.7799987792969,492.385009765625
2026-05-05 13:30:00-04:00,492.4800109863281,493.0199890136719,492.3699951171875,492.93499755859375
2026-05-05 14:30:00-04:00,492.9200134277344,493.3999938964844,492.44500732421875,493.2200012207031
2026-05-05 15:30:00-04:00,493.20001220703125,493.5849914550781,492.6499938964844,492.94000244140625
2026-05-06 09:30:00-04:00,496.9800109863281,499.0249938964844,496.8999938964844,498.4200134277344
2026-05-06 10:30:00-04:00,498.42999267578125,499.6700134277344,498.30999755859375,498.75
2026-05-06 11:30:00-04:00,498.7550048828125,498.8800048828125,497.78131103515625,498.04998779296875
2026-05-06 12:30:00-04:00,498.05999755859375,498.3800048828125,497.67999267578125,498.05999755859375
2026-05-06 13:30:00-04:00,498.07000732421875,499.3399963378906,497.8299865722656,499.07000732421875
2026-05-06 14:30:00-04:00,499.07000732421875,500.05999755859375,498.6600036621094,499.7900085449219
2026-05-06 15:30:00-04:00,499.7799987792969,500.0799865722656,498.94000244140625,498.9800109863281
2026-05-07 09:30:00-04:00,500.510009765625,501.20001220703125,497.0700988769531,497.1099853515625
2026-05-07 10:30:00-04:00,497.2799987792969,499.0,497.260009765625,498.1600036621094
2026-05-07 11:30:00-04:00,498.2699890136719,498.7099914550781,497.0,497.57000732421875
2026-05-07 12:30:00-04:00,497.55999755859375,497.6199951171875,495.2300109863281,495.489990234375
2026-05-07 13:30:00-04:00,495.5199890136719,496.6400146484375,494.9800109863281,496.2200012207031
2026-05-07 14:30:00-04:00,496.239990234375,496.3800048828125,494.7699890136719,495.6700134277344
2026-05-07 15:30:00-04:00,495.55999755859375,496.2149963378906,495.4100036621094,495.9200134277344
2026-05-08 09:30:00-04:00,498.4800109863281,498.5350036621094,496.3399963378906,497.20001220703125
2026-05-08 10:30:00-04:00,497.2699890136719,497.5799865722656,495.80999755859375,496.07000732421875
2026-05-08 11:30:00-04:00,496.07000732421875,496.8999938964844,495.75,496.260009765625
2026-05-08 12:30:00-04:00,496.32000732421875,496.4700012207031,495.6400146484375,496.2820129394531
2026-05-08 13:30:00-04:00,496.29998779296875,496.69000244140625,495.93499755859375,496.239990234375
2026-05-08 14:30:00-04:00,496.20001220703125,496.4200134277344,494.92999267578125,495.57501220703125
2026-05-08 15:30:00-04:00,495.5299987792969,496.1300048828125,495.489990234375,496.0799865722656
2026-05-11 09:30:00-04:00,495.79998779296875,497.239990234375,494.760009765625,497.1199951171875
2026-05-11 10:30:00-04:00,497.1000061035156,497.1000061035156,495.9200134277344,496.6401062011719
2026-05-11 11:30:00-04:00,496.6600036621094,496.82000732421875,495.8599853515625,496.3999938964844
2026-05-11 12:30:00-04:00,496.4049987792969,496.7300109863281,495.75,496.67999267578125
2026-05-11 13:30:00-04:00,496.739990234375,497.8399963378906,496.739990234375,497.04998779296875
2026-05-11 14:30:00-04:00,497.0849914550781,497.20001220703125,496.010009765625,496.5799865722656
2026-05-11 15:30:00-04:00,496.5799865722656,497.20001220703125,496.25,497.17999267578125
2026-05-12 09:30:00-04:00,496.510009765625,497.1199951171875,493.19000244140625,494.5299987792969
2026-05-12 10:30:00-04:00,494.55999755859375,494.80999755859375,493.6549987792969,494.75
2026-05-12 11:30:00-04:00,494.7850036621094,495.760009765625,494.6300048828125,495.489990234375
2026-05-12 12:30:00-04:00,495.5,497.4549865722656,495.2799987792969,497.25
2026-05-12 13:30:00-04:00,497.2300109863281,497.94000244140625,496.9200134277344,497.70001220703125
2026-05-12 14:30:00-04:00,497.7200012207031,498.2650146484375,497.5498962402344,498.0199890136719
2026-05-12 15:30:00-04:00,498.0350036621094,498.4100036621094,497.760009765625,497.94000244140625
2026-05-13 09:30:00-04:00,496.1600036621094,496.6499938964844,494.635009765625,496.54998779296875
2026-05-13 10:30:00-04:00,496.54998779296875,496.8999938964844,494.6499938964844,495.2900085449219
2026-05-13 11:30:00-04:00,495.239990234375,496.5199890136719,495.1600036621094,496.3550109863281
2026-05-13 12:30:00-04:00,496.3699951171875,496.6600036621094,495.760009765625,496.3699951171875
2026-05-13 13:30:00-04:00,496.385009765625,497.3399963378906,496.1499938964844,497.1000061035156
2026-05-13 14:30:00-04:00,497.05499267578125,497.5299987792969,496.5799865722656,497.4200134277344
2026-05-13 15:30:00-04:00,497.42999267578125,497.6099853515625,496.8800048828125,497.1099853515625
2026-05-14 09:30:00-04:00,501.3900146484375,501.69000244140625,498.8500061035156,499.6499938964844
2026-05-14 10:30:00-04:00,499.6700134277344,501.2699890136719,499.1700134277344,500.9601135253906
2026-05-14 11:30:00-04:00,500.8699035644531,502.1600036621094,500.6199951171875,500.989990234375
2026-05-14 12:30:00-04:00,500.9800109863281,501.19000244140625,499.9200134277344,500.2099914550781
2026-05-14 13:30:00-04:00,500.2099914550781,501.21990966796875,499.989990234375,500.6700134277344
2026-05-14 14:30:00-04:00,500.67999267578125,501.1499938964844,500.5799865722656,500.7699890136719
2026-05-14 15:30:00-04:00,500.760009765625,501.0400085449219,500.57000732421875,500.8599853515625
2026-05-15 09:30:00-04:00,497.32000732421875,497.7200012207031,495.3900146484375,496.82000732421875
2026-05-15 10:30:00-04:00,496.8500061035156,497.44000244140625,495.8900146484375,496.1400146484375
2026-05-15 11:30:00-04:00,496.2300109863281,496.6499938964844,495.0799865722656,496.239990234375
2026-05-15 12:30:00-04:00,496.17999267578125,497.1099853515625,496.0199890136719,496.6499938964844
2026-05-15 13:30:00-04:00,496.6300048828125,496.80999755859375,495.82000732421875,496.04998779296875
2026-05-15 14:30:00-04:00,496.04998779296875,496.260009765625,495.4700012207031,495.9700012207031
2026-05-15 15:30:00-04:00,495.9700012207031,496.25,495.25,495.4100036621094
2026-05-18 09:30:00-04:00,495.6499938964844,497.6400146484375,494.55999755859375,497.0400085449219
2026-05-18 10:30:00-04:00,496.9800109863281,497.1700134277344,494.3599853515625,494.4599914550781
2026-05-18 11:30:00-04:00,494.4100036621094,496.1300048828125,494.18499755859375,494.92010498046875
2026-05-18 12:30:00-04:00,494.9200134277344,496.3399963378906,494.7049865722656,496.1836853027344
2026-05-18 13:30:00-04:00,496.20001220703125,496.2449951171875,493.79998779296875,494.3599853515625
2026-05-18 14:30:00-04:00,494.3900146484375,496.29998779296875,493.6000061035156,495.57000732421875
2026-05-18 15:30:00-04:00,495.5899963378906,497.0899963378906,495.3800048828125,496.9599914550781
2026-05-19 09:30:00-04:00,494.25,496.2049865722656,492.5799865722656,495.7200012207031
2026-05-19 10:30:00-04:00,495.80999755859375,495.8999938964844,494.2200012207031,494.4599914550781
2026-05-19 11:30:00-04:00,494.45001220703125,495.6199951171875,494.0,495.375
2026-05-19 12:30:00-04:00,495.3500061035156,496.07000732421875,494.8900146484375,495.8800048828125
2026-05-19 13:30:00-04:00,495.8699951171875,496.3399963378906,495.3500061035156,495.364990234375
2026-05-19 14:30:00-04:00,495.3699951171875,495.6300048828125,494.3699951171875,494.75
2026-05-19 15:30:00-04:00,494.739990234375,494.739990234375,493.4599914550781,493.9490051269531
2026-05-20 09:30:00-04:00,495.8699951171875,496.3900146484375,492.489990234375,496.2900085449219
2026-05-20 10:30:00-04:00,496.2799987792969,499.5,496.2300109863281,497.3299865722656
2026-05-20 11:30:00-04:00,497.364990234375,499.2900085449219,497.364990234375,498.489990234375
2026-05-20 12:30:00-04:00,498.5299987792969,499.5799865722656,498.1199951171875,499.4599914550781
2026-05-20 13:30:00-04:00,499.45001220703125,500.0450134277344,498.8800048828125,499.5899963378906
2026-05-20 14:30:00-04:00,499.6400146484375,500.3399963378906,499.2099914550781,500.3299865722656
2026-05-20 15:30:00-04:00,500.3500061035156,500.92999267578125,500.010009765625,500.25
2026-05-21 09:30:00-04:00,498.7799987792969,500.7449951171875,497.2099914550781,500.55999755859375
2026-05-21 10:30:00-04:00,500.6400146484375,501.010009765625,498.82000732421875,499.18499755859375
2026-05-21 11:30:00-04:00,499.2099914550781,500.0299987792969,498.6600036621094,499.0899963378906
2026-05-21 12:30:00-04:00,499.0899963378906,502.0799865722656,498.8349914550781,501.9599914550781
2026-05-21 13:30:00-04:00,501.9200134277344,504.04998779296875,501.6400146484375,503.9200134277344
2026-05-21 14:30:00-04:00,503.9150085449219,504.0350036621094,501.6400146484375,502.94500732421875
2026-05-21 15:30:00-04:00,502.94000244140625,503.54998779296875,502.6099853515625,503.1099853515625
2026-05-22 09:30:00-04:00,507.010009765625,507.3299865722656,505.69000244140625,506.3500061035156
2026-05-22 10:30:00-04:00,506.3900146484375,507.409912109375,505.9200134277344,507.3900146484375
2026-05-22 11:30:00-04:00,507.4599914550781,507.6000061035156,506.8800048828125,507.4200134277344
2026-05-22 12:30:00-04:00,507.4200134277344,508.6600036621094,506.8299865722656,508.57000732421875
2026-05-22 13:30:00-04:00,508.6700134277344,508.739990234375,507.239990234375,507.6099853515625
2026-05-22 14:30:00-04:00,507.6000061035156,507.7300109863281,506.5249938964844,506.57501220703125
2026-05-22 15:30:00-04:00,506.5950012207031,506.8800048828125,506.0299987792969,506.04998779296875
2026-05-26 09:30:00-04:00,507.57000732421875,508.239990234375,505.95001220703125,506.1099853515625
2026-05-26 10:30:00-04:00,506.1300048828125,506.63629150390625,504.9599914550781,504.989990234375
2026-05-26 11:30:00-04:00,505.0,505.46990966796875,504.78021240234375,505.2950134277344
2026-05-26 12:30:00-04:00,505.2799987792969,505.44000244140625,504.18499755859375,504.239990234375
2026-05-26 13:30:00-04:00,504.20001220703125,504.75,504.0400085449219,504.3299865722656
2026-05-26 14:30:00-04:00,504.35009765625,504.7049865722656,503.9700012207031,504.4049987792969
2026-05-26 15:30:00-04:00,504.4200134277344,505.5,504.4200134277344,505.2550048828125
2026-05-27 09:30:00-04:00,505.92999267578125,508.44000244140625,505.80999755859375,508.3699951171875
2026-05-27 10:30:00-04:00,508.3599853515625,508.70001220703125,506.8800048828125,507.0
2026-05-27 11:30:00-04:00,507.0299987792969,507.6199951171875,506.29998779296875,507.1099853515625
2026-05-27 12:30:00-04:00,507.0899963378906,507.30999755859375,506.3599853515625,506.8299865722656
2026-05-27 13:30:00-04:00,506.7850036621094,507.20001220703125,506.45001220703125,506.8999938964844
2026-05-27 14:30:00-04:00,506.95001220703125,507.6000061035156,506.8399963378906,507.2699890136719
2026-05-27 15:30:00-04:00,507.30999755859375,507.3299865722656,506.4800109863281,506.8699951171875
2026-05-28 09:30:00-04:00,505.3349914550781,508.2099914550781,503.6400146484375,506.7200012207031
2026-05-28 10:30:00-04:00,506.7699890136719,507.2699890136719,505.7900085449219,506.9200134277344
2026-05-28 11:30:00-04:00,506.9200134277344,507.6199951171875,506.6300048828125,506.9700012207031
2026-05-28 12:30:00-04:00,506.9800109863281,507.5899963378906,506.70001220703125,506.7799987792969
2026-05-28 13:30:00-04:00,506.79998779296875,506.8699951171875,506.29998779296875,506.55499267578125
2026-05-28 14:30:00-04:00,506.55999755859375,507.1499938964844,506.05999755859375,507.0400085449219
2026-05-28 15:30:00-04:00,507.0450134277344,507.25,506.739990234375,507.0899963378906
2026-05-29 09:30:00-04:00,507.8999938964844,509.5469055175781,507.20001220703125,509.2799987792969
2026-05-29 10:30:00-04:00,509.32000732421875,511.30499267578125,508.82000732421875,510.7049865722656
2026-05-29 11:30:00-04:00,510.67999267578125,511.135009765625,510.2099914550781,510.489990234375
2026-05-29 12:30:00-04:00,510.44000244140625,511.25,510.0060119628906,510.69000244140625
2026-05-29 13:30:00-04:00,510.67999267578125,510.75,509.6300048828125,510.125
2026-05-29 14:30:00-04:00,510.1300048828125,511.08990478515625,509.6300048828125,511.0450134277344
2026-05-29 15:30:00-04:00,511.04998779296875,511.29998779296875,510.3599853515625,510.7300109863281
2026-06-01 09:30:00-04:00,509.8500061035156,510.8699951171875,508.6400146484375,509.5448913574219
2026-06-01 10:30:00-04:00,509.5400085449219,509.7650146484375,508.3299865722656,509.54998779296875
2026-06-01 11:30:00-04:00,509.5400085449219,510.2900085449219,508.80999755859375,508.9700012207031
2026-06-01 12:30:00-04:00,509.010009765625,510.25,508.9150085449219,510.2300109863281
2026-06-01 13:30:00-04:00,510.2850036621094,511.3399963378906,509.8699951171875,511.0799865722656
2026-06-01 14:30:00-04:00,511.08990478515625,511.6300048828125,510.864990234375,511.5050048828125
2026-06-01 15:30:00-04:00,511.510009765625,511.8550109863281,511.3500061035156,511.45001220703125
2026-06-02 09:30:00-04:00,509.0799865722656,513.22998046875,508.9599914550781,510.3900146484375
2026-06-02 10:30:00-04:00,510.3843994140625,513.5700073242188,510.29998779296875,513.02001953125
2026-06-02 11:30:00-04:00,513.0,513.2000122070312,512.260009765625,512.469970703125
2026-06-02 12:30:00-04:00,512.4500122070312,513.2100219726562,512.4000244140625,512.75
2026-06-02 13:30:00-04:00,512.7999877929688,513.8599853515625,512.7999877929688,513.7474975585938
2026-06-02 14:30:00-04:00,513.7000122070312,514.2550048828125,513.6699829101562,514.2100219726562
2026-06-02 15:30:00-04:00,514.2100219726562,514.489990234375,513.969970703125,514.0599975585938
2026-06-03 09:30:00-04:00,511.1700134277344,512.8499755859375,509.510009765625,510.3699951171875
2026-06-03 10:30:00-04:00,510.31500244140625,510.8500061035156,509.55999755859375,510.1400146484375
2026-06-03 11:30:00-04:00,510.1400146484375,510.19000244140625,509.0,509.6199951171875
2026-06-03 12:30:00-04:00,509.6109924316406,509.92999267578125,509.17999267578125,509.44000244140625
2026-06-03 13:30:00-04:00,509.42999267578125,509.9100036621094,509.1499938964844,509.8699951171875
2026-06-03 14:30:00-04:00,509.8800048828125,509.94000244140625,508.7749938964844,508.80499267578125
2026-06-03 15:30:00-04:00,508.79998779296875,509.1900939941406,507.989990234375,508.20001220703125
2026-06-04 09:30:00-04:00,513.6900024414062,515.9299926757812,512.6799926757812,515.0150146484375
2026-06-04 10:30:00-04:00,515.02001953125,516.719970703125,514.469970703125,516.719970703125
2026-06-04 11:30:00-04:00,516.7050170898438,517.3900146484375,516.1799926757812,517.3400268554688
2026-06-04 12:30:00-04:00,517.3099975585938,517.3200073242188,515.8599853515625,516.0
2026-06-04 13:30:00-04:00,515.97998046875,516.6099853515625,515.6699829101562,516.3699951171875
2026-06-04 14:30:00-04:00,516.3699951171875,517.5800170898438,516.3300170898438,517.469970703125
2026-06-04 15:30:00-04:00,517.4299926757812,517.4400024414062,516.5999755859375,516.6799926757812
2026-06-05 09:30:00-04:00,517.7100219726562,517.75,514.5850219726562,514.9299926757812
2026-06-05 10:30:00-04:00,515.0,515.9199829101562,514.5700073242188,514.7000122070312
2026-06-05 11:30:00-04:00,514.780029296875,514.9500122070312,512.52001953125,512.5599975585938
2026-06-05 12:30:00-04:00,512.530029296875,512.969970703125,511.7699890136719,512.5399780273438
2026-06-05 13:30:00-04:00,512.5349731445312,513.0399780273438,511.3800048828125,511.5299987792969
2026-06-05 14:30:00-04:00,511.5150146484375,511.7699890136719,508.75,509.82000732421875
2026-06-05 15:30:00-04:00,509.79998779296875,510.7615051269531,509.32000732421875,509.6300048828125
2026-06-08 09:30:00-04:00,510.7650146484375,513.75,510.2900085449219,511.04998779296875
2026-06-08 10:30:00-04:00,511.0799865722656,512.239990234375,510.3500061035156,510.6099853515625
2026-06-08 11:30:00-04:00,510.7799987792969,511.114990234375,509.739990234375,510.2850036621094
2026-06-08 12:30:00-04:00,510.2900085449219,510.489990234375,508.6199951171875,509.67498779296875
2026-06-08 13:30:00-04:00,509.67999267578125,510.19000244140625,508.7099914550781,510.0799865722656
2026-06-08 14:30:00-04:00,510.1000061035156,510.2900085449219,508.32000732421875,508.92999267578125
2026-06-08 15:30:00-04:00,508.92999267578125,509.54998779296875,508.54998779296875,508.8900146484375
2026-06-09 09:30:00-04:00,511.4800109863281,513.5399780273438,509.7699890136719,511.5299987792969
2026-06-09 10:30:00-04:00,511.54998779296875,512.1400146484375,505.6050109863281,505.7200012207031
2026-06-09 11:30:00-04:00,505.7300109863281,506.8500061035156,504.510009765625,505.864990234375
2026-06-09 12:30:00-04:00,505.7799987792969,506.8999938964844,503.0799865722656,506.70001220703125
2026-06-09 13:30:00-04:00,506.7950134277344,509.05999755859375,506.4150085449219,509.0
2026-06-09 14:30:00-04:00,508.989990234375,510.1000061035156,508.260009765625,508.67999267578125
2026-06-09 15:30:00-04:00,508.6499938964844,509.92999267578125,507.69000244140625,509.44000244140625
2026-06-10 09:30:00-04:00,507.4849853515625,508.739990234375,505.8900146484375,507.4375
2026-06-10 10:30:00-04:00,507.4100036621094,507.5,503.79998779296875,504.489990234375
2026-06-10 11:30:00-04:00,504.489990234375,504.8900146484375,502.45001220703125,503.760009765625
2026-06-10 12:30:00-04:00,503.69000244140625,504.5400085449219,502.5950012207031,503.1000061035156
2026-06-10 13:30:00-04:00,503.0849914550781,504.3500061035156,501.8500061035156,502.9700012207031
2026-06-10 14:30:00-04:00,502.94000244140625,502.9800109863281,500.92999267578125,501.05999755859375
2026-06-10 15:30:00-04:00,501.0150146484375,501.7900085449219,500.1000061035156,500.260009765625
2026-06-11 09:30:00-04:00,503.19000244140625,505.0299987792969,501.9599914550781,503.2799987792969
2026-06-11 10:30:00-04:00,503.3599853515625,504.05999755859375,501.57000732421875,503.3800048828125
2026-06-11 11:30:00-04:00,503.3399963378906,504.7200012207031,502.6300048828125,503.3900146484375
2026-06-11 12:30:00-04:00,503.3800048828125,507.0,502.2099914550781,506.9599914550781
2026-06-11 13:30:00-04:00,507.1600036621094,509.2663879394531,506.5,507.8800048828125
2026-06-11 14:30:00-04:00,507.8900146484375,509.6600036621094,507.80999755859375,509.5400085449219
2026-06-11 15:30:00-04:00,509.54998779296875,510.760009765625,509.1300048828125,509.3399963378906
2026-06-12 09:30:00-04:00,512.8900146484375,513.4199829101562,509.4800109863281,511.6300048828125
2026-06-12 10:30:00-04:00,511.5899963378906,515.2999877929688,511.1000061035156,514.9199829101562
2026-06-12 11:30:00-04:00,514.9199829101562,514.9400024414062,511.5,512.5399780273438
2026-06-12 12:30:00-04:00,512.5999755859375,514.0800170898438,512.219970703125,513.5900268554688
2026-06-12 13:30:00-04:00,513.6300048828125,513.6699829101562,512.75,513.3900146484375
2026-06-12 14:30:00-04:00,513.3900146484375,514.0750122070312,513.1400146484375,513.3599853515625
2026-06-12 15:30:00-04:00,513.3400268554688,513.419921875,512.5499877929688,513.0499877929688
2026-06-15 09:30:00-04:00,519.22998046875,520.1099853515625,518.3049926757812,519.3099975585938
2026-06-15 10:30:00-04:00,519.3599853515625,520.260009765625,518.8400268554688,519.8400268554688
2026-06-15 11:30:00-04:00,519.8200073242188,520.8400268554688,519.6500244140625,520.75
2026-06-15 12:30:00-04:00,520.75,520.8300170898438,519.9000244140625,520.594970703125
2026-06-15 13:30:00-04:00,520.5999755859375,520.6900024414062,519.2000122070312,519.2550048828125
2026-06-15 14:30:00-04:00,519.2449951171875,519.7000122070312,518.97998046875,519.02001953125
2026-06-15 15:30:00-04:00,519.010009765625,519.280029296875,517.864990234375,518.489990234375
2026-06-16 09:30:00-04:00,520.3200073242188,522.3699951171875,520.0599975585938,521.239990234375
2026-06-16 10:30:00-04:00,521.2000122070312,522.0800170898438,520.8499755859375,521.905029296875
2026-06-16 11:30:00-04:00,521.8900146484375,523.239990234375,521.8099975585938,522.9199829101562
2026-06-16 12:30:00-04:00,522.9550170898438,523.2999877929688,522.7000122070312,522.780029296875
2026-06-16 13:30:00-04:00,522.780029296875,522.9000244140625,522.0499877929688,522.3200073242188
2026-06-16 14:30:00-04:00,522.3099975585938,522.3599853515625,521.239990234375,521.7949829101562
2026-06-16 15:30:00-04:00,521.7899780273438,522.0093994140625,521.1599731445312,521.489990234375
2026-06-17 09:30:00-04:00,521.260009765625,524.1699829101562,521.1099853515625,523.6799926757812
2026-06-17 10:30:00-04:00,523.7899780273438,523.7899780273438,521.5599975585938,523.1599731445312
2026-06-17 11:30:00-04:00,523.1699829101562,524.0599975585938,523.114990234375,523.4000244140625
2026-06-17 12:30:00-04:00,523.4140014648438,523.5800170898438,522.3499755859375,522.5900268554688
2026-06-17 13:30:00-04:00,522.510009765625,523.280029296875,519.27001953125,520.5
2026-06-17 14:30:00-04:00,520.4600219726562,522.4000244140625,516.969970703125,517.0999755859375
2026-06-17 15:30:00-04:00,517.0700073242188,517.125,515.2999877929688,516.2999877929688
2026-06-18 09:30:00-04:00,518.4299926757812,519.52001953125,515.875,516.9099731445312
2026-06-18 10:30:00-04:00,517.010009765625,518.030029296875,516.3099975585938,516.4299926757812
2026-06-18 11:30:00-04:00,516.4000244140625,516.8699951171875,515.9400024414062,516.6300048828125
2026-06-18 12:30:00-04:00,516.6199951171875,517.7849731445312,516.0900268554688,517.0
2026-06-18 13:30:00-04:00,517.0700073242188,517.1699829101562,516.0999755859375,516.2550048828125
2026-06-18 14:30:00-04:00,516.239990234375,516.5599975585938,515.4299926757812,515.9600219726562
2026-06-18 15:30:00-04:00,515.9500122070312,516.5999755859375,515.510009765625,515.510009765625
2026-06-22 09:30:00-04:00,516.8400268554688,518.9099731445312,516.5999755859375,517.260009765625
2026-06-22 10:30:00-04:00,517.2899780273438,517.7000122070312,516.52001953125,517.0999755859375
2026-06-22 11:30:00-04:00,517.1300048828125,517.8900146484375,516.9000244140625,517.4400024414062
2026-06-22 12:30:00-04:00,517.3699951171875,517.8200073242188,516.989990234375,517.1400146484375
2026-06-22 13:30:00-04:00,517.14501953125,517.6599731445312,516.6699829101562,517.35498046875
2026-06-22 14:30:00-04:00,517.4349975585938,517.5800170898438,515.989990234375,516.1599731445312
2026-06-22 15:30:00-04:00,516.1900024414062,517.280029296875,516.114990234375,517.0
2026-06-23 09:30:00-04:00,514.6799926757812,518.0,512.97998046875,517.77001953125
2026-06-23 10:30:00-04:00,517.60498046875,517.7999877929688,516.219970703125,516.4299926757812
2026-06-23 11:30:00-04:00,516.489990234375,518.3099975585938,516.3800048828125,518.25
2026-06-23 12:30:00-04:00,518.22998046875,518.7182006835938,517.9299926757812,518.239990234375
2026-06-23 13:30:00-04:00,518.27001953125,518.530029296875,517.1799926757812,517.4099731445312
2026-06-23 14:30:00-04:00,517.280029296875,517.47998046875,516.4199829101562,516.97998046875
2026-06-23 15:30:00-04:00,516.9600219726562,517.5,516.3699951171875,516.5700073242188
2026-06-24 09:30:00-04:00,516.1900024414062,518.97998046875,516.02001953125,518.6599731445312
2026-06-24 10:30:00-04:00,518.6900024414062,522.3900146484375,518.3300170898438,522.3699951171875
2026-06-24 11:30:00-04:00,522.3699951171875,522.4299926757812,521.1199951171875,521.5399780273438
2026-06-24 12:30:00-04:00,521.4199829101562,521.72998046875,517.75,517.8800048828125
2026-06-24 13:30:00-04:00,517.8800048828125,519.469970703125,517.4099731445312,519.3499755859375
2026-06-24 14:30:00-04:00,519.3900146484375,519.8599853515625,518.3099975585938,518.6199951171875
2026-06-24 15:30:00-04:00,518.5800170898438,518.6900024414062,517.6199951171875,518.510009765625
2026-06-25 09:30:00-04:00,521.1900024414062,526.1500244140625,520.0800170898438,525.8900146484375
2026-06-25 10:30:00-04:00,525.8800048828125,526.5700073242188,521.8400268554688,523.25
2026-06-25 11:30:00-04:00,523.239990234375,523.5499877929688,521.5599975585938,521.6535034179688
2026-06-25 12:30:00-04:00,521.6300048828125,521.6300048828125,519.75,520.0440063476562
2026-06-25 13:30:00-04:00,520.0800170898438,521.3800048828125,518.7999877929688,521.27001953125
2026-06-25 14:30:00-04:00,521.1900024414062,521.1900024414062,519.0700073242188,519.4099731445312
2026-06-25 15:30:00-04:00,519.2999877929688,519.4099731445312,518.5499877929688,519.2999877929688
2026-06-26 09:30:00-04:00,517.0,520.22998046875,516.0999755859375,519.8200073242188
2026-06-26 10:30:00-04:00,519.8699951171875,520.4199829101562,518.5399780273438,520.39501953125
2026-06-26 11:30:00-04:00,520.5,521.280029296875,518.4600219726562,518.9000244140625
2026-06-26 12:30:00-04:00,519.0349731445312,520.5499877929688,519.0349731445312,519.6699829101562
2026-06-26 13:30:00-04:00,519.72998046875,520.0499877929688,518.7150268554688,518.8499755859375
2026-06-26 14:30:00-04:00,518.8900146484375,519.1799926757812,518.0700073242188,518.4199829101562
2026-06-26 15:30:00-04:00,518.4199829101562,519.1300048828125,517.280029296875,517.5399780273438
2026-06-29 09:30:00-04:00,520.6300048828125,522.8200073242188,519.4000244140625,521.6699829101562
2026-06-29 10:30:00-04:00,521.6699829101562,522.9749755859375,520.5,521.0499877929688
2026-06-29 11:30:00-04:00,521.0599975585938,521.5700073242188,520.719970703125,521.0499877929688
2026-06-29 12:30:00-04:00,521.0700073242188,521.8200073242188,520.72998046875,521.22998046875
2026-06-29 13:30:00-04:00,521.219970703125,522.6799926757812,521.1199951171875,522.22998046875
2026-06-29 14:30:00-04:00,522.260009765625,522.5399780273438,521.8499755859375,521.9199829101562
2026-06-29 15:30:00-04:00,521.9400024414062,522.0900268554688,521.469970703125,521.6799926757812
2026-06-30 09:30:00-04:00,522.3499755859375,522.47998046875,519.6099853515625,521.969970703125
2026-06-30 10:30:00-04:00,521.989990234375,522.844970703125,521.52001953125,522.6599731445312
2026-06-30 11:30:00-04:00,522.52001953125,523.02001953125,521.6900024414062,522.5999755859375
2026-06-30 12:30:00-04:00,522.5999755859375,523.1300048828125,522.52001953125,522.9450073242188
2026-06-30 13:30:00-04:00,522.969970703125,523.1400146484375,522.4099731445312,522.5499877929688
2026-06-30 14:30:00-04:00,522.510009765625,523.0250244140625,522.1799926757812,522.6699829101562
2026-06-30 15:30:00-04:00,522.6799926757812,522.8599853515625,521.9500122070312,522.4500122070312
2026-07-01 09:30:00-04:00,521.4299926757812,523.760009765625,519.6199951171875,523.2999877929688
2026-07-01 10:30:00-04:00,523.280029296875,524.7100219726562,522.969970703125,524.6900024414062
2026-07-01 11:30:00-04:00,524.7000122070312,526.719970703125,524.3499755859375,526.1300048828125
2026-07-01 12:30:00-04:00,526.1300048828125,526.4299926757812,523.8800048828125,524.219970703125
2026-07-01 13:30:00-04:00,524.260009765625,524.3599853515625,522.6699829101562,522.8400268554688
2026-07-01 14:30:00-04:00,522.8200073242188,523.1699829101562,522.6500244140625,522.7100219726562
2026-07-01 15:30:00-04:00,522.6998901367188,522.989990234375,522.3099975585938,522.4099731445312
2026-07-02 09:30:00-04:00,525.489990234375,527.3599853515625,524.25,525.6699829101562
2026-07-02 10:30:00-04:00,525.7000122070312,527.1599731445312,525.22998046875,525.7852783203125
2026-07-02 11:30:00-04:00,525.7899780273438,526.510009765625,525.530029296875,525.8099975585938
2026-07-02 12:30:00-04:00,525.8200073242188,526.2000122070312,524.2999877929688,524.5750122070312
2026-07-02 13:30:00-04:00,524.5599975585938,525.4099731445312,523.72998046875,525.3499755859375
2026-07-02 14:30:00-04:00,525.3800048828125,526.3800048828125,525.22998046875,525.6300048828125
2026-07-02 15:30:00-04:00,525.6300048828125,528.260009765625,525.5399780273438,527.8300170898438
2026-07-06 09:30:00-04:00,528.719970703125,529.9349975585938,525.8499755859375,527.4650268554688
2026-07-06 10:30:00-04:00,527.47998046875,528.4400024414062,526.89501953125,527.9299926757812
2026-07-06 11:30:00-04:00,527.8599853515625,528.280029296875,527.6500244140625,528.1599731445312
2026-07-06 12:30:00-04:00,528.1599731445312,528.9849853515625,527.97998046875,528.7999877929688
2026-07-06 13:30:00-04:00,528.8300170898438,529.2449951171875,528.0700073242188,529.22998046875
2026-07-06 14:30:00-04:00,529.2249755859375,529.6300048828125,528.8699951171875,529.280029296875
2026-07-06 15:30:00-04:00,529.2590942382812,530.030029296875,529.094970703125,530.030029296875
2026-07-07 09:30:00-04:00,532.5050048828125,532.5399780273438,528.8300170898438,529.4500122070312
2026-07-07 10:30:00-04:00,529.5499877929688,529.6099853515625,527.1099853515625,527.97998046875
2026-07-07 11:30:00-04:00,527.969970703125,528.5250244140625,527.47998046875,528.239990234375
2026-07-07 12:30:00-04:00,528.219970703125,528.780029296875,527.9099731445312,528.6900024414062
2026-07-07 13:30:00-04:00,528.6599731445312,528.864990234375,528.2000122070312,528.8300170898438
2026-07-07 14:30:00-04:00,528.8499755859375,529.0194091796875,527.6400146484375,527.8400268554688
2026-07-07 15:30:00-04:00,527.8400268554688,529.02001953125,527.6519775390625,528.47998046875
2026-07-08 09:30:00-04:00,523.3400268554688,524.4600219726562,521.9099731445312,522.25
2026-07-08 10:30:00-04:00,522.1900024414062,522.4600219726562,520.1900024414062,520.4000244140625
2026-07-08 11:30:00-04:00,520.3800048828125,521.8200073242188,520.030029296875,521.6500244140625
2026-07-08 12:30:00-04:00,521.6799926757812,523.1890258789062,521.219970703125,523.1199951171875
2026-07-08 13:30:00-04:00,523.1300048828125,523.4000244140625,522.2899780273438,522.844970703125
2026-07-08 14:30:00-04:00,522.85498046875,523.27001953125,522.6699829101562,522.8300170898438
2026-07-08 15:30:00-04:00,522.8800048828125,523.1099853515625,522.219970703125,522.72998046875
2026-07-09 09:30:00-04:00,523.6500244140625,524.0574951171875,522.135009765625,523.8699951171875
2026-07-09 10:30:00-04:00,523.780029296875,524.4500122070312,523.3400268554688,524.280029296875
2026-07-09 11:30:00-04:00,524.1599731445312,525.1500244140625,524.030029296875,525.0900268554688
2026-07-09 12:30:00-04:00,525.0900268554688,525.1300048828125,524.27001953125,524.75
2026-07-09 13:30:00-04:00,524.760009765625,525.0399780273438,524.1849975585938,524.2999877929688
2026-07-09 14:30:00-04:00,524.3049926757812,524.3699951171875,523.6204223632812,523.6900024414062
2026-07-09 15:30:00-04:00,523.6799926757812,524.22998046875,523.5399780273438,524.22998046875
2026-07-10 09:30:00-04:00,525.6400146484375,525.9199829101562,523.780029296875,525.0
2026-07-10 10:30:00-04:00,524.969970703125,525.8900146484375,521.739990234375,525.6799926757812
2026-07-10 11:30:00-04:00,525.719970703125,525.7291259765625,524.8699951171875,525.0700073242188
2026-07-10 12:30:00-04:00,525.10498046875,525.9299926757812,524.8200073242188,525.6400146484375
2026-07-10 13:30:00-04:00,525.6400146484375,526.1699829101562,525.5800170898438,526.0150146484375
2026-07-10 14:30:00-04:00,526.030029296875,526.469970703125,525.9199829101562,526.3200073242188
2026-07-10 15:30:00-04:00,526.3099975585938,526.4199829101562,525.5800170898438,525.77001953125
2026-07-13 09:30:00-04:00,525.8400268554688,527.8599853515625,524.72998046875,526.0900268554688
2026-07-13 10:30:00-04:00,526.0900268554688,526.0900268554688,524.530029296875,524.9199829101562
2026-07-13 11:30:00-04:00,524.9400024414062,524.9550170898438,523.1300048828125,523.3300170898438
2026-07-13 12:30:00-04:00,523.3800048828125,524.6500244140625,522.9000244140625,524.239990234375
2026-07-13 13:30:00-04:00,524.3099975585938,524.7100219726562,523.760009765625,524.0399780273438
2026-07-13 14:30:00-04:00,524.0449829101562,524.5999755859375,523.75,523.8699951171875
2026-07-13 15:30:00-04:00,523.8300170898438,524.6500244140625,523.5700073242188,524.4600219726562
2026-07-14 09:30:00-04:00,523.3200073242188,525.8900146484375,522.5599975585938,525.4299926757812
2026-07-14 10:30:00-04:00,525.4400024414062,526.719970703125,523.8400268554688,524.5
2026-07-14 11:30:00-04:00,524.5349731445312,524.739990234375,522.6699829101562,523.0999755859375
2026-07-14 12:30:00-04:00,523.0800170898438,524.1699829101562,523.0,524.0399780273438
2026-07-14 13:30:00-04:00,524.1199951171875,524.3699951171875,523.47998046875,524.2000122070312
2026-07-14 14:30:00-04:00,524.260009765625,524.9199829101562,523.9199829101562,524.8599853515625
2026-07-14 15:30:00-04:00,524.8699951171875,525.10498046875,524.6199951171875,524.6699829101562
2026-07-15 09:30:00-04:00,525.89501953125,527.72998046875,524.530029296875,526.9199829101562
2026-07-15 10:30:00-04:00,526.989990234375,527.4000244140625,525.77001953125,526.25
2026-07-15 11:30:00-04:00,526.1649780273438,526.4600219726562,523.7000122070312,524.1599731445312
2026-07-15 12:30:00-04:00,524.1799926757812,525.2000122070312,523.7899780273438,525.2000122070312
2026-07-15 13:30:00-04:00,525.1900024414062,526.3200073242188,525.1400146484375,525.9199829101562
2026-07-15 14:30:00-04:00,525.9500122070312,526.1900024414062,525.1699829101562,525.6799926757812
2026-07-15 15:30:00-04:00,525.6799926757812,526.02001953125,525.27001953125,526.010009765625
2026-07-16 09:30:00-04:00,526.8099975585938,527.77001953125,525.47998046875,526.760009765625
2026-07-16 10:30:00-04:00,526.739990234375,527.9299926757812,526.2999877929688,527.2949829101562
2026-07-16 11:30:00-04:00,527.280029296875,527.719970703125,525.1950073242188,525.469970703125
2026-07-16 12:30:00-04:00,525.5399780273438,526.6849975585938,525.2999877929688,525.77001953125
2026-07-16 13:30:00-04:00,525.77001953125,525.9450073242188,524.0800170898438,524.3800048828125
2026-07-16 14:30:00-04:00,524.3400268554688,524.4199829101562,523.5700073242188,523.8599853515625
2026-07-16 15:30:00-04:00,523.8499755859375,524.9000244140625,523.0700073242188,524.780029296875
2026-07-17 09:30:00-04:00,519.6400146484375,525.3599853515625,518.9000244140625,524.5599975585938
2026-07-17 10:30:00-04:00,524.4600219726562,524.780029296875,523.1400146484375,524.4349975585938
2026-07-17 11:30:00-04:00,524.4400024414062,524.6599731445312,523.0,523.280029296875
2026-07-17 12:30:00-04:00,523.3300170898438,523.4349975585938,522.2349853515625,522.8300170898438
2026-07-17 13:30:00-04:00,522.7999877929688,523.030029296875,521.0900268554688,521.1799926757812
2026-07-17 14:30:00-04:00,521.1599731445312,521.6699829101562,520.3900146484375,520.6900024414062
2026-07-17 15:30:00-04:00,520.75,521.5399780273438,520.4400024414062,520.739990234375
2026-07-20 09:30:00-04:00,522.7100219726562,523.4000244140625,519.22998046875,519.6599731445312
2026-07-20 10:30:00-04:00,519.489990234375,519.989990234375,518.5399780273438,519.89501953125
2026-07-20 11:30:00-04:00,519.9000244140625,520.1300048828125,519.3400268554688,519.7999877929688
2026-07-20 12:30:00-04:00,519.8599853515625,519.9600219726562,518.3400268554688,518.5700073242188
2026-07-20 13:30:00-04:00,518.5650024414062,519.530029296875,518.3599853515625,519.0
2026-07-20 14:30:00-04:00,518.9099731445312,518.9400024414062,517.1599731445312,517.9400024414062
2026-07-20 15:30:00-04:00,518.010009765625,518.3300170898438,517.5750122070312,517.9099731445312
2026-07-21 09:30:00-04:00,519.6300048828125,521.1300048828125,518.1199951171875,521.1199951171875
2026-07-21 10:30:00-04:00,521.0900268554688,521.510009765625,519.9949951171875,521.280029296875
2026-07-21 11:30:00-04:00,521.22998046875,522.6300048828125,520.9000244140625,522.5800170898438
2026-07-21 12:30:00-04:00,522.5474243164062,523.010009765625,522.02001953125,522.0900268554688
2026-07-21 13:30:00-04:00,522.0900268554688,522.1849975585938,521.25,521.5800170898438
2026-07-21 14:30:00-04:00,521.5700073242188,521.6925048828125,521.25,521.6900024414062
2026-07-21 15:30:00-04:00,521.6300048828125,521.6699829101562,521.239990234375,521.530029296875
2026-07-22 09:30:00-04:00,521.6300048828125,524.3699951171875,521.030029296875,522.3925170898438
2026-07-22 10:30:00-04:00,522.4000244140625,523.2000122070312,521.9400024414062,522.9400024414062
2026-07-22 11:30:00-04:00,522.9500122070312,523.6400146484375,522.6599731445312,523.5399780273438
2026-07-22 12:30:00-04:00,523.5399780273438,523.719970703125,522.2150268554688,522.2150268554688
2026-07-22 13:30:00-04:00,522.22998046875,522.6199951171875,522.0,522.3599853515625
2026-07-22 14:30:00-04:00,522.3677978515625,522.3699951171875,521.530029296875,521.594970703125
2026-07-22 15:30:00-04:00,521.5800170898438,522.02001953125,521.3800048828125,521.489990234375
2026-07-23 09:30:00-04:00,515.0700073242188,518.1699829101562,514.7899780273438,516.4000244140625
2026-07-23 10:30:00-04:00,516.5700073242188,517.0800170898438,515.1099853515625,515.2100219726562
2026-07-23 11:30:00-04:00,515.2349853515625,517.52001953125,514.719970703125,517.219970703125
2026-07-23 12:30:00-04:00,517.1849975585938,517.3499755859375,516.0800170898438,516.6500244140625
2026-07-23 13:30:00-04:00,516.5499877929688,516.5599975585938,515.1849975585938,515.7999877929688
2026-07-23 14:30:00-04:00,515.8900146484375,516.5800170898438,515.4500122070312,516.27001953125
2026-07-23 15:30:00-04:00,516.22998046875,516.5499877929688,515.219970703125,516.219970703125
2026-07-24 09:30:00-04:00,517.280029296875,518.3900146484375,516.5399780273438,517.3599853515625
2026-07-24 10:30:00-04:00,517.4199829101562,520.35498046875,516.27001953125,520.1699829101562
2026-07-24 11:30:00-04:00,520.1199951171875,520.5598754882812,519.7949829101562,520.3900146484375
2026-07-24 12:30:00-04:00,520.3800048828125,520.4000244140625,518.5499877929688,519.5499877929688
2026-07-24 13:30:00-04:00,519.5349731445312,519.6500244140625,518.3800048828125,518.3800048828125
2026-07-24 14:30:00-04:00,518.3610229492188,518.510009765625,517.6199951171875,518.0700073242188
2026-07-24 15:30:00-04:00,518.1799926757812,518.8800048828125,518.1500244140625,518.7899780273438
2026-07-27 09:30:00-04:00,524.7000122070312,525.3400268554688,521.7100219726562,521.75
2026-07-27 10:30:00-04:00,521.780029296875,522.0800170898438,520.469970703125,520.9600219726562
2026-07-27 11:30:00-04:00,520.9500122070312,521.3300170898438,519.4299926757812,520.7899780273438
2026-07-27 12:30:00-04:00,520.780029296875,521.4199829101562,519.2899780273438,519.4749755859375
2026-07-27 13:30:00-04:00,519.4500122070312,520.52001953125,519.4400024414062,520.4600219726562
2026-07-27 14:30:00-04:00,520.4400024414062,521.47998046875,519.9299926757812,521.2849731445312
2026-07-27 15:30:00-04:00,521.27001953125,521.5,520.9500122070312,521.3300170898438
2026-07-28 09:30:00-04:00,526.1900024414062,526.1950073242188,523.6699829101562,525.510009765625
2026-07-28 10:30:00-04:00,525.5349731445312,527.6900024414062,524.7000122070312,527.1699829101562
2026-07-28 11:30:00-04:00,527.1199951171875,528.1900024414062,526.9099731445312,527.780029296875
2026-07-28 12:30:00-04:00,527.8200073242188,528.4500122070312,527.6199951171875,527.7899780273438
2026-07-28 13:30:00-04:00,527.760009765625,528.0599975585938,526.7999877929688,526.9600219726562
2026-07-28 14:30:00-04:00,526.9299926757812,527.6199951171875,526.9000244140625,527.1799926757812
2026-07-28 15:30:00-04:00,527.1749877929688,527.4299926757812,526.6699829101562,526.9400024414062
2026-07-29 09:30:00-04:00,522.4600219726562,523.1699829101562,518.7200927734375,519.1400146484375
2026-07-29 10:30:00-04:00,519.1300048828125,519.3200073242188,518.0999755859375,518.5599975585938
2026-07-29 11:30:00-04:00,518.5599975585938,518.8499755859375,517.280029296875,518.27001953125
2026-07-29 12:30:00-04:00,518.226806640625,520.010009765625,517.7849731445312,519.3400268554688
2026-07-29 13:30:00-04:00,519.3300170898438,521.169921875,518.3200073242188,518.97998046875
2026-07-29 14:30:00-04:00,519.0,521.97998046875,517.6099853515625,517.7999877929688
2026-07-29 15:30:00-04:00,517.760009765625,517.9500122070312,514.8200073242188,515.3599853515625
2026-07-30 09:30:00-04:00,518.8400268554688,519.1099853515625,516.5599975585938,518.4650268554688
2026-07-30 10:30:00-04:00,518.5,518.8200073242188,515.8699951171875,516.5150146484375
2026-07-30 11:30:00-04:00,516.489990234375,519.7899780273438,516.4099731445312,519.6500244140625
2026-07-30 12:30:00-04:00,519.7050170898438,521.030029296875,519.4400024414062,520.7000122070312
2026-07-30 13:30:00-04:00,520.72998046875,521.114990234375,520.4199829101562,521.02001953125
2026-07-30 14:30:00-04:00,521.030029296875,521.97998046875,520.75,521.6699829101562
2026-07-30 15:30:00-04:00,521.6799926757812,521.8300170898438,521.1099853515625,521.4600219726562
2026-07-31 09:30:00-04:00,524.0800170898438,524.4099731445312,519.25,521.030029296875
2026-07-31 10:30:00-04:00,521.0800170898438,522.9500122070312,520.7005004882812,521.8250122070312
2026-07-31 11:30:00-04:00,521.7899780273438,523.9400024414062,521.5499877929688,523.64501953125
2026-07-31 12:30:00-04:00,523.6599731445312,524.6699829101562,523.5399780273438,524.5999755859375
2026-07-31 13:30:00-04:00,524.5850219726562,524.7999877929688,523.9500122070312,524.6799926757812
2026-07-31 14:30:00-04:00,524.7000122070312,525.4000244140625,524.27001953125,525.0250244140625
2026-07-31 15:30:00-04:00,524.969970703125,525.6099853515625,524.0900268554688,524.25
2026-08-03 09:30:00-04:00,529.5499877929688,531.635009765625,529.239990234375,530.530029296875
2026-08-03 10:30:00-04:00,530.530029296875,530.5800170898438,529.3300170898438,529.7100219726562
2026-08-03 11:30:00-04:00,529.719970703125,530.0399780273438,529.219970703125,529.7000122070312
2026-08-03 12:30:00-04:00,529.655029296875,529.7000122070312,528.6900024414062,529.280029296875
2026-08-03 13:30:00-04:00,529.280029296875,530.8599243164062,529.27001953125,530.6500244140625
2026-08-03 14:30:00-04:00,530.6799926757812,531.4099731445312,530.260009765625,531.260009765625
2026-08-03 15:30:00-04:00,531.280029296875,531.6500244140625,531.030029296875,531.239990234375
2026-08-04 09:30:00-04:00,537.89501953125,539.0599975585938,535.9949951171875,536.5599975585938
2026-08-04 10:30:00-04:00,536.530029296875,539.4500122070312,536.5,539.0399780273438
2026-08-04 11:30:00-04:00,539.0399780273438,540.6500244140625,538.7000122070312,540.5181884765625
2026-08-04 12:30:00-04:00,540.4199829101562,541.6300048828125,540.364990234375,541.0499877929688
2026-08-04 13:30:00-04:00,541.0599975585938,542.0900268554688,540.8300170898438,541.27001953125
2026-08-04 14:30:00-04:00,541.2150268554688,541.7775268554688,540.739990234375,541.2100219726562
2026-08-04 15:30:00-04:00,541.2100219726562,541.6799926757812,540.22998046875,540.3599853515625
2026-08-05 09:30:00-04:00,543.2999877929688,546.75,543.1400146484375,545.9349975585938
2026-08-05 10:30:00-04:00,545.9099731445312,546.6699829101562,544.2899780273438,544.6300048828125
2026-08-05 11:30:00-04:00,544.7000122070312,545.1099853515625,544.0900268554688,544.8300170898438
2026-08-05 12:30:00-04:00,544.8699951171875,544.8800048828125,544.2999877929688,544.5800170898438
2026-08-05 13:30:00-04:00,544.5700073242188,545.25,544.469970703125,544.5599975585938
2026-08-05 14:30:00-04:00,544.5900268554688,544.5900268554688,543.97998046875,544.094970703125
2026-08-05 15:30:00-04:00,544.1400146484375,544.1599731445312,542.7100219726562,542.7899780273438
2026-08-06 09:30:00-04:00,543.7999877929688,544.5700073242188,541.530029296875,541.8599853515625
2026-08-06 10:30:00-04:00,541.875,542.22998046875,539.5900268554688,539.7550048828125
2026-08-06 11:30:00-04:00,539.7999877929688,539.9949951171875,538.7150268554688,539.4299926757812
2026-08-06 12:30:00-04:00,539.4500122070312,539.7550048828125,538.2100219726562,538.22998046875
2026-08-06 13:30:00-04:00,538.1900024414062,539.1400146484375,538.0999755859375,538.8400268554688
2026-08-06 14:30:00-04:00,538.8400268554688,539.030029296875,538.260009765625,538.27001953125
2026-08-06 15:30:00-04:00,538.27001953125,538.3499755859375,537.6900024414062,538.2150268554688
2026-08-07 09:30:00-04:00,538.7050170898438,540.2000122070312,537.4299926757812,540.1900024414062
2026-08-07 10:30:00-04:00,540.1500244140625,540.219970703125,539.0449829101562,539.3350219726562
2026-08-07 11:30:00-04:00,539.3800048828125,539.4099731445312,538.3099975585938,538.4199829101562
2026-08-07 12:30:00-04:00,538.5499877929688,539.3499755859375,538.260009765625,539.0700073242188
2026-08-07 13:30:00-04:00,539.1500244140625,539.219970703125,538.5499877929688,538.5700073242188
2026-08-07 14:30:00-04:00,538.5700073242188,540.0800170898438,538.3900146484375,539.9400024414062
2026-08-07 15:30:00-04:00,539.905029296875,540.0850219726562,539.3200073242188,539.5999755859375
2026-08-10 09:30:00-04:00,538.7000122070312,539.6099853515625,538.02001953125,539.2401123046875
2026-08-10 10:30:00-04:00,539.219970703125,540.02001953125,538.9249877929688,539.7000122070312
2026-08-10 11:30:00-04:00,539.780029296875,539.7999877929688,538.6199951171875,538.9199829101562
2026-08-10 12:30:00-04:00,538.9199829101562,538.969970703125,537.9000244140625,538.469970703125
2026-08-10 13:30:00-04:00,538.4600219726562,538.52001953125,538.02001953125,538.0850219726562
2026-08-10 14:30:00-04:00,538.0800170898438,538.510009765625,537.9099731445312,538.114990234375
2026-08-10 15:30:00-04:00,538.1500244140625,539.1400146484375,538.0009765625,539.02001953125
2026-08-11 09:30:00-04:00,539.9099731445312,541.7150268554688,539.47998046875,539.9199829101562
2026-08-11 10:30:00-04:00,539.9400024414062,539.9400024414062,538.6099853515625,539.0599975585938
2026-08-11 11:30:00-04:00,539.030029296875,539.0999755859375,538.4099731445312,538.5599975585938
2026-08-11 12:30:00-04:00,538.5850219726562,538.6099853515625,538.0250244140625,538.1649780273438
2026-08-11 13:30:00-04:00,538.1699829101562,538.4199829101562,537.3499755859375,537.5499877929688
2026-08-11 14:30:00-04:00,537.5599975585938,537.9500122070312,537.2000122070312,537.489990234375
2026-08-11 15:30:00-04:00,537.52001953125,537.8350219726562,536.9099731445312,537.2899780273438
2026-08-12 09:30:00-04:00,537.8599853515625,539.1849975585938,536.864990234375,537.85498046875
2026-08-12 10:30:00-04:00,537.8200073242188,538.0,536.8599853515625,537.3099975585938
2026-08-12 11:30:00-04:00,537.3800048828125,537.905029296875,537.0,537.5800170898438
2026-08-12 12:30:00-04:00,537.5599975585938,537.85498046875,537.2899780273438,537.510009765625
2026-08-12 13:30:00-04:00,537.510009765625,537.7999877929688,537.4299926757812,537.4600219726562
2026-08-12 14:30:00-04:00,537.489990234375,538.0549926757812,537.489990234375,537.6300048828125
2026-08-12 15:30:00-04:00,537.6500244140625,537.8800048828125,536.9600219726562,537.0900268554688
2026-08-13 09:30:00-04:00,538.7000122070312,539.9669799804688,537.8800048828125,539.6400146484375
2026-08-13 10:30:00-04:00,539.6099853515625,539.6199951171875,535.6900024414062,535.93701171875
2026-08-13 11:30:00-04:00,535.9199829101562,536.6500244140625,535.9199829101562,536.6400146484375
2026-08-13 12:30:00-04:00,536.635009765625,537.1300048828125,536.5499877929688,536.9500122070312
2026-08-13 13:30:00-04:00,536.9453735351562,537.4199829101562,536.5999145507812,537.1099853515625
2026-08-13 14:30:00-04:00,537.0900268554688,537.9400024414062,537.0549926757812,537.7100219726562
2026-08-13 15:30:00-04:00,537.77001953125,538.0399780273438,537.5499877929688,537.8800048828125
2026-08-14 09:30:00-04:00,537.405029296875,538.280029296875,536.3400268554688,537.5999755859375
2026-08-14 10:30:00-04:00,537.6400146484375,537.6699829101562,536.6799926757812,536.780029296875
2026-08-14 11:30:00-04:00,536.8099975585938,537.0,536.2999877929688,536.6749877929688
2026-08-14 12:30:00-04:00,536.7100219726562,536.9600219726562,536.2000122070312,536.7349853515625
2026-08-14 13:30:00-04:00,536.760009765625,537.27001953125,536.3699951171875,537.1900024414062
2026-08-14 14:30:00-04:00,537.1799926757812,537.6099853515625,537.030029296875,537.0900268554688
2026-08-14 15:30:00-04:00,537.0599975585938,537.1900024414062,536.5,536.8200073242188
2026-08-17 09:30:00-04:00,534.4949951171875,535.9749755859375,534.4949951171875,535.1099853515625
2026-08-17 10:30:00-04:00,535.1500244140625,535.260009765625,534.3699951171875,535.030029296875
2026-08-17 11:30:00-04:00,535.0449829101562,535.614990234375,534.5,535.360107421875
2026-08-17 12:30:00-04:00,535.3699951171875,535.385009765625,534.0900268554688,534.2100219726562
2026-08-17 13:30:00-04:00,534.2100219726562,534.4149780273438,533.489990234375,534.3599853515625
2026-08-17 14:30:00-04:00,534.3499755859375,534.639892578125,534.0250244140625,534.2999877929688
2026-08-17 15:30:00-04:00,534.3150024414062,534.4299926757812,533.9299926757812,534.219970703125
2026-08-18 09:30:00-04:00,533.3800048828125,534.0499877929688,532.02001953125,533.373779296875
2026-08-18 10:30:00-04:00,533.3699951171875,534.260009765625,532.530029296875,532.8400268554688
2026-08-18 11:30:00-04:00,532.8400268554688,533.6339721679688,532.7100219726562,533.280029296875
2026-08-18 12:30:00-04:00,533.260009765625,533.510009765625,533.030029296875,533.1300048828125
2026-08-18 13:30:00-04:00,533.1199951171875,533.47998046875,532.77001953125,533.3900146484375
2026-08-18 14:30:00-04:00,533.405029296875,533.6300048828125,533.10498046875,533.4000244140625
2026-08-18 15:30:00-04:00,533.4099731445312,533.5599975585938,532.7144165039062,532.9500122070312
2026-08-19 09:30:00-04:00,535.3300170898438,536.1500244140625,533.5800170898438,535.6300048828125
2026-08-19 10:30:00-04:00,535.5800170898438,536.6799926757812,535.0399780273438,535.0750122070312
2026-08-19 11:30:00-04:00,535.0900268554688,535.4199829101562,534.3699951171875,534.5
2026-08-19 12:30:00-04:00,534.4000244140625,534.489990234375,533.7150268554688,534.2698974609375
2026-08-19 13:30:00-04:00,534.27001953125,534.5999755859375,533.8599853515625,534.3699951171875
2026-08-19 14:30:00-04:00,534.4500122070312,534.5399780273438,533.8599853515625,534.1900024414062
2026-08-19 15:30:00-04:00,534.2449951171875,534.8099975585938,533.7650146484375,534.3499755859375
2026-08-20 09:30:00-04:00,530.3499755859375,531.6400146484375,529.52001953125,530.6500244140625
2026-08-20 10:30:00-04:00,530.6649780273438,531.780029296875,530.469970703125,530.8599853515625
2026-08-20 11:30:00-04:00,530.9099731445312,530.97998046875,529.52001953125,529.677490234375
2026-08-20 12:30:00-04:00,529.6699829101562,530.4400024414062,529.14501953125,529.2100219726562
2026-08-20 13:30:00-04:00,529.1900024414062,529.2449951171875,527.9650268554688,528.0850219726562
2026-08-20 14:30:00-04:00,528.0499877929688,528.2100219726562,527.5700073242188,527.8800048828125
2026-08-20 15:30:00-04:00,527.885009765625,528.0599975585938,527.2000122070312,527.5
2026-08-21 09:30:00-04:00,530.030029296875,531.3400268554688,529.4299926757812,530.7750244140625
2026-08-21 10:30:00-04:00,530.760009765625,531.5499877929688,530.00390625,531.0399780273438
2026-08-21 11:30:00-04:00,531.1099853515625,531.9199829101562,530.5900268554688,531.1749877929688
2026-08-21 12:30:00-04:00,531.219970703125,531.3499755859375,530.8800048828125,531.02001953125
2026-08-21 13:30:00-04:00,531.1099853515625,531.7999877929688,530.97998046875,531.77001953125
2026-08-21 14:30:00-04:00,531.760009765625,532.8150024414062,531.6199951171875,532.5900268554688
2026-08-21 15:30:00-04:00,532.6099853515625,532.9099731445312,532.1300048828125,532.1900024414062
2026-08-24 09:30:00-04:00,531.8300170898438,534.2216796875,531.8300170898438,533.6099853515625
2026-08-24 10:30:00-04:00,533.5800170898438,533.9600219726562,532.719970703125,533.780029296875
2026-08-24 11:30:00-04:00,533.739990234375,534.47998046875,533.5,533.9000244140625
2026-08-24 12:30:00-04:00,533.8900146484375,533.9450073242188,532.719970703125,532.739990234375
2026-08-24 13:30:00-04:00,532.739990234375,533.8099975585938,532.5399780273438,533.7899780273438
2026-08-24 14:30:00-04:00,533.8200073242188,534.0250244140625,533.530029296875,533.75
2026-08-24 15:30:00-04:00,533.7899780273438,534.030029296875,533.5800170898438,533.6599731445312
2026-08-25 09:30:00-04:00,536.3699951171875,536.52001953125,533.6300048828125,534.2899780273438
2026-08-25 10:30:00-04:00,534.27001953125,534.5050048828125,533.1849975585938,534.1900024414062
2026-08-25 11:30:00-04:00,534.2100219726562,535.0,533.8701171875,534.4500122070312
2026-08-25 12:30:00-04:00,534.4500122070312,534.8800048828125,534.219970703125,534.3200073242188
2026-08-25 13:30:00-04:00,534.3099975585938,534.8599853515625,534.2949829101562,534.77001953125
2026-08-25 14:30:00-04:00,534.7899780273438,535.3300170898438,534.780029296875,535.1699829101562
2026-08-25 15:30:00-04:00,535.1599731445312,535.5599975585938,535.0999755859375,535.22998046875
2026-08-26 09:30:00-04:00,535.3400268554688,535.9500122070312,533.989990234375,534.030029296875
2026-08-26 10:30:00-04:00,533.9600219726562,534.5599975585938,533.864990234375,533.989990234375
2026-08-26 11:30:00-04:00,533.989990234375,534.47998046875,533.6300048828125,533.7899780273438
2026-08-26 12:30:00-04:00,533.75,534.3300170898438,533.3099975585938,534.22998046875
2026-08-26 13:30:00-04:00,534.3699951171875,534.4199829101562,533.8800048828125,533.8900146484375
2026-08-26 14:30:00-04:00,533.885009765625,534.7000122070312,533.77001953125,534.6500244140625
2026-08-26 15:30:00-04:00,534.6199951171875,534.8599853515625,533.97998046875,534.22998046875
2026-08-27 09:30:00-04:00,533.5599975585938,535.0134887695312,532.9199829101562,534.2899780273438
2026-08-27 10:30:00-04:00,534.3900146484375,536.6300048828125,534.1651000976562,536.0700073242188
2026-08-27 11:30:00-04:00,536.0399780273438,536.0700073242188,535.4099731445312,535.9500122070312
2026-08-27 12:30:00-04:00,535.9500122070312,536.375,535.8800048828125,536.10498046875
2026-08-27 13:30:00-04:00,536.135009765625,536.3350219726562,534.6799926757812,534.780029296875
2026-08-27 14:30:00-04:00,534.8099975585938,535.1500244140625,534.6099853515625,534.72998046875
2026-08-27 15:30:00-04:00,534.739990234375,535.4199829101562,534.72998046875,535.1699829101562
2026-08-28 09:30:00-04:00,536.530029296875,537.0,534.510009765625,534.9500122070312
2026-08-28 10:30:00-04:00,534.8900146484375,537.72998046875,534.7000122070312,537.469970703125
2026-08-28 11:30:00-04:00,537.510009765625,537.5399780273438,534.5599975585938,534.8049926757812
2026-08-28 12:30:00-04:00,534.8200073242188,535.530029296875,534.4000244140625,534.6599731445312
2026-08-28 13:30:00-04:00,534.6699829101562,535.1900024414062,534.5499877929688,534.6649780273438
2026-08-28 14:30:00-04:00,534.6799926757812,535.4000244140625,534.5900268554688,535.3200073242188
2026-08-28 15:30:00-04:00,535.2650146484375,535.3599853515625,534.9000244140625,535.0399780273438
2026-08-31 09:30:00-04:00,533.5599975585938,533.5599975585938,530.780029296875,530.7999877929688
2026-08-31 10:30:00-04:00,530.8499755859375,532.1300048828125,530.7999877929688,531.6951293945312
2026-08-31 11:30:00-04:00,531.72998046875,532.1699829101562,531.4199829101562,531.6900024414062
2026-08-31 12:30:00-04:00,531.6799926757812,531.9500122070312,531.2899780273438,531.5399780273438
2026-08-31 13:30:00-04:00,531.52001953125,532.219970703125,531.3800048828125,531.8800048828125
2026-08-31 14:30:00-04:00,531.8699951171875,532.0,531.3150024414062,531.9500122070312
2026-08-31 15:30:00-04:00,531.9450073242188,532.2999877929688,531.3300170898438,531.52001953125
2026-09-01 09:30:00-04:00,528.6699829101562,531.6500244140625,527.9299926757812,531.2899780273438
2026-09-01 10:30:00-04:00,531.2999877929688,531.6300048828125,529.4450073242188,529.6199951171875
2026-09-01 11:30:00-04:00,529.6400146484375,529.9099731445312,528.0701293945312,528.1300048828125
2026-09-01 12:30:00-04:00,528.1300048828125,528.1599731445312,526.9600219726562,527.3800048828125
2026-09-01 13:30:00-04:00,527.5399780273438,527.97998046875,527.4000244140625,527.510009765625
2026-09-01 14:30:00-04:00,527.510009765625,527.9500122070312,526.8400268554688,527.6099853515625
2026-09-01 15:30:00-04:00,527.510009765625,527.75,527.0599975585938,527.719970703125
2026-09-02 09:30:00-04:00,529.510009765625,531.5800170898438,529.239990234375,531.1950073242188
2026-09-02 10:30:00-04:00,531.1900024414062,532.1699829101562,530.469970703125,530.739990234375
2026-09-02 11:30:00-04:00,530.8099975585938,530.8499755859375,529.52001953125,529.5900268554688
2026-09-02 12:30:00-04:00,529.5700073242188,530.260009765625,529.5399780273438,529.6099853515625
2026-09-02 13:30:00-04:00,529.614990234375,530.72998046875,529.4249877929688,530.0599975585938
2026-09-02 14:30:00-04:00,530.0399780273438,530.85498046875,529.719970703125,530.85498046875
2026-09-02 15:30:00-04:00,530.8400268554688,530.9249877929688,530.3900146484375,530.6599731445312
2026-09-03 09:30:00-04:00,534.0399780273438,535.5700073242188,532.9400024414062,533.489990234375
2026-09-03 10:30:00-04:00,533.4000244140625,537.2899780273438,533.4000244140625,537.2899780273438
2026-09-03 11:30:00-04:00,537.2899780273438,537.6199951171875,536.3300170898438,536.6400146484375
2026-09-03 12:30:00-04:00,536.6500244140625,537.1599731445312,536.3800048828125,536.9199829101562
2026-09-03 13:30:00-04:00,536.9099731445312,537.280029296875,536.8400268554688,537.0150146484375
2026-09-03 14:30:00-04:00,536.989990234375,537.030029296875,536.5999755859375,536.75
2026-09-03 15:30:00-04:00,536.7999877929688,537.1199951171875,536.6099853515625,536.9299926757812
2026-09-04 09:30:00-04:00,535.1300048828125,536.3699951171875,533.969970703125,534.1599731445312
2026-09-04 10:30:00-04:00,534.2000122070312,534.4600219726562,532.9299926757812,533.3099975585938
2026-09-04 11:30:00-04:00,533.22998046875,534.77001953125,533.030029296875,534.3099975585938
2026-09-04 12:30:00-04:00,534.25,534.5989990234375,533.9199829101562,533.9349975585938
2026-09-04 13:30:00-04:00,533.9299926757812,534.3400268554688,533.6799926757812,534.280029296875
2026-09-04 14:30:00-04:00,534.2899780273438,534.4299926757812,533.760009765625,534.0
2026-09-04 15:30:00-04:00,534.0,534.1699829101562,533.6599731445312,534.0700073242188
2026-09-08 09:30:00-04:00,530.219970703125,530.3699951171875,527.3499755859375,527.35498046875
2026-09-08 10:30:00-04:00,527.4000244140625,529.1300048828125,527.4000244140625,528.8800048828125
2026-09-08 11:30:00-04:00,528.9000244140625,529.0999755859375,527.9099731445312,528.4600219726562
2026-09-08 12:30:00-04:00,528.4299926757812,529.2100219726562,528.0800170898438,528.75
2026-09-08 13:30:00-04:00,528.75,529.219970703125,528.6699829101562,528.875
2026-09-08 14:30:00-04:00,528.8800048828125,528.8800048828125,527.5,528.5599975585938
2026-09-08 15:30:00-04:00,528.5900268554688,528.7750244140625,527.5449829101562,528.0499877929688
2026-09-09 09:30:00-04:00,525.6400146484375,525.739990234375,523.7000122070312,524.85498046875
2026-09-09 10:30:00-04:00,524.8900146484375,525.5800170898438,523.25,523.9299926757812
2026-09-09 11:30:00-04:00,523.9299926757812,524.6199951171875,523.2999877929688,523.8800048828125
2026-09-09 12:30:00-04:00,523.875,525.3599853515625,523.875,525.2000122070312
2026-09-09 13:30:00-04:00,525.1900024414062,525.239990234375,524.4600219726562,524.7100219726562
2026-09-09 14:30:00-04:00,524.7100219726562,525.0449829101562,524.4000244140625,524.719970703125
2026-09-09 15:30:00-04:00,524.719970703125,524.8499755859375,523.8499755859375,524.111328125
2026-09-10 09:30:00-04:00,522.2899780273438,523.02001953125,520.280029296875,521.8599853515625
2026-09-10 10:30:00-04:00,521.875,522.1900024414062,521.1699829101562,521.530029296875
2026-09-10 11:30:00-04:00,521.5700073242188,522.0,520.4550170898438,520.7999877929688
2026-09-10 12:30:00-04:00,520.780029296875,521.8099975585938,520.3350219726562,520.7849731445312
2026-09-10 13:30:00-04:00,520.7000122070312,520.9199829101562,519.9600219726562,520.1599731445312
2026-09-10 14:30:00-04:00,520.0936279296875,520.6749877929688,519.7999877929688,520.0599975585938
2026-09-10 15:30:00-04:00,520.0800170898438,520.9099731445312,519.9600219726562,520.7849731445312
2026-09-11 09:30:00-04:00,525.3699951171875,527.3599853515625,525.219970703125,525.5999755859375
2026-09-11 10:30:00-04:00,525.6199951171875,526.280029296875,524.2899780273438,526.0449829101562
2026-09-11 11:30:00-04:00,526.02001953125,526.5900268554688,525.75,525.8599853515625
2026-09-11 12:30:00-04:00,525.8900146484375,526.97998046875,525.8099975585938,526.8499755859375
2026-09-11 13:30:00-04:00,526.8099975585938,526.9199829101562,526.1900024414062,526.239990234375
2026-09-11 14:30:00-04:00,526.260009765625,526.3001098632812,525.719970703125,526.1300048828125
2026-09-11 15:30:00-04:00,526.1400146484375,526.2100219726562,525.6599731445312,525.8200073242188
2026-09-14 09:30:00-04:00,524.5399780273438,525.4400024414062,523.3800048828125,523.739990234375
2026-09-14 10:30:00-04:00,523.6900024414062,524.3900146484375,523.094970703125,523.9199829101562
2026-09-14 11:30:00-04:00,523.9600219726562,525.719970703125,523.8323974609375,525.489990234375
2026-09-14 12:30:00-04:00,525.469970703125,526.7849731445312,524.7999877929688,525.3400268554688
2026-09-14 13:30:00-04:00,525.3499755859375,525.5,524.5,524.6270751953125
2026-09-14 14:30:00-04:00,524.6699829101562,525.3200073242188,524.5800170898438,524.8599853515625
2026-09-14 15:30:00-04:00,524.8099975585938,525.0399780273438,524.4099731445312,524.4500122070312
2026-09-15 09:30:00-04:00,523.1799926757812,523.6400146484375,519.3900146484375,519.5900268554688
2026-09-15 10:30:00-04:00,519.5700073242188,520.1300048828125,519.2100219726562,520.1300048828125
2026-09-15 11:30:00-04:00,520.1699829101562,520.4500122070312,519.469970703125,520.3400268554688
2026-09-15 12:30:00-04:00,520.3400268554688,521.0399780273438,519.8900146484375,520.094970703125
2026-09-15 13:30:00-04:00,520.0999755859375,520.9500122070312,520.0650024414062,520.5900268554688
2026-09-15 14:30:00-04:00,520.469970703125,521.1699829101562,519.7999877929688,520.9749755859375
2026-09-15 15:30:00-04:00,520.9400024414062,521.3400268554688,520.7550048828125,521.280029296875
2026-09-16 09:30:00-04:00,521.9000244140625,522.2999877929688,519.2899780273438,519.8099975585938
2026-09-16 10:30:00-04:00,519.8200073242188,521.760009765625,519.6599731445312,521.0599975585938
2026-09-16 11:30:00-04:00,521.1099853515625,522.1699829101562,520.8300170898438,521.125
2026-09-16 12:30:00-04:00,521.1300048828125,521.6199951171875,520.7000122070312,521.6199951171875
2026-09-16 13:30:00-04:00,521.64501953125,522.1900024414062,519.8800048828125,520.469970703125
2026-09-16 14:30:00-04:00,520.47998046875,520.8699951171875,512.2899780273438,513.219970703125
2026-09-16 15:30:00-04:00,513.2000122070312,515.4099731445312,513.14501953125,515.1599731445312
2026-09-17 09:30:00-04:00,520.489990234375,520.6699829101562,516.5499877929688,517.9000244140625
2026-09-17 10:30:00-04:00,517.9500122070312,518.219970703125,516.75,517.7899780273438
2026-09-17 11:30:00-04:00,517.77001953125,518.9199829101562,517.75,518.8900146484375
2026-09-17 12:30:00-04:00,518.8900146484375,519.030029296875,518.010009765625,518.2288208007812
2026-09-17 13:30:00-04:00,518.3200073242188,519.0399780273438,518.2000122070312,518.6500244140625
2026-09-17 14:30:00-04:00,518.6900024414062,518.9400024414062,518.280029296875,518.3499755859375
2026-09-17 15:30:00-04:00,518.3300170898438,518.5700073242188,518.1500244140625,518.3200073242188
2026-09-18 09:30:00-04:00,516.52001953125,517.0800170898438,514.3499755859375,515.1199951171875
2026-09-18 10:30:00-04:00,515.1500244140625,515.2899780273438,514.2899780273438,515.0900268554688
2026-09-18 11:30:00-04:00,515.0999755859375,515.2949829101562,514.1500244140625,514.614990234375
2026-09-18 12:30:00-04:00,514.6400146484375,515.3499755859375,514.5,514.8900146484375
2026-09-18 13:30:00-04:00,514.8599853515625,516.0900268554688,514.8049926757812,516.0900268554688
2026-09-18 14:30:00-04:00,516.10498046875,516.7000122070312,515.8300170898438,516.0599975585938
2026-09-18 15:30:00-04:00,516.0599975585938,516.5,515.7100219726562,515.8599853515625
2026-09-21 09:30:00-04:00,520.030029296875,520.0399780273438,516.760009765625,518.219970703125
2026-09-21 10:30:00-04:00,518.2100219726562,518.75,517.8499755859375,518.0449829101562
2026-09-21 11:30:00-04:00,518.0549926757812,519.2349853515625,517.969970703125,518.9500122070312
2026-09-21 12:30:00-04:00,518.9500122070312,519.885009765625,518.9099731445312,519.5399780273438
2026-09-21 13:30:00-04:00,519.5750122070312,520.0150146484375,518.9550170898438,519.9600219726562
2026-09-21 14:30:00-04:00,519.989990234375,520.52001953125,519.85498046875,520.0499877929688
2026-09-21 15:30:00-04:00,520.0499877929688,520.4500122070312,519.739990234375,519.8049926757812
2026-09-22 09:30:00-04:00,522.47998046875,522.5499877929688,517.1400146484375,517.1799926757812
2026-09-22 10:30:00-04:00,517.1500244140625,518.260009765625,516.9400024414062,517.2349853515625
2026-09-22 11:30:00-04:00,517.1300048828125,517.4349975585938,516.510009765625,517.2999877929688
2026-09-22 12:30:00-04:00,517.2949829101562,518.0549926757812,517.0650024414062,517.4600219726562
2026-09-22 13:30:00-04:00,517.4500122070312,518.2650146484375,517.2100219726562,517.969970703125
2026-09-22 14:30:00-04:00,517.989990234375,518.60498046875,517.780029296875,518.4149780273438
2026-09-22 15:30:00-04:00,518.4000244140625,519.02001953125,517.8150024414062,517.9500122070312
2026-09-23 09:30:00-04:00,516.02001953125,517.6599731445312,515.739990234375,516.864990234375
2026-09-23 10:30:00-04:00,517.1300048828125,517.2999877929688,515.1500244140625,515.2100219726562
2026-09-23 11:30:00-04:00,515.2150268554688,515.3099975585938,514.405029296875,514.9990234375
2026-09-23 12:30:00-04:00,515.0349731445312,515.0599975585938,514.0,514.719970703125
2026-09-23 13:30:00-04:00,514.72998046875,515.6599731445312,514.3599853515625,514.8400268554688
2026-09-23 14:30:00-04:00,514.8300170898438,514.875,514.3599853515625,514.5599975585938
2026-09-23 15:30:00-04:00,514.530029296875,514.969970703125,513.9500122070312,514.3099975585938
2026-09-24 09:30:00-04:00,512.8499755859375,514.030029296875,511.510009765625,512.5150146484375
2026-09-24 10:30:00-04:00,512.510009765625,512.9099731445312,510.4200134277344,510.75
2026-09-24 11:30:00-04:00,510.7799987792969,514.1400146484375,510.4901123046875,513.010009765625
2026-09-24 12:30:00-04:00,513.0549926757812,513.8399047851562,512.2105102539062,512.4400024414062
2026-09-24 13:30:00-04:00,512.530029296875,513.47998046875,511.8599853515625,513.27001953125
2026-09-24 14:30:00-04:00,513.219970703125,513.6199951171875,512.3599853515625,512.8400268554688
2026-09-24 15:30:00-04:00,512.7899780273438,513.1799926757812,512.5999755859375,512.6500244140625
2026-09-25 09:30:00-04:00,514.0,515.4600219726562,512.5900268554688,514.1599731445312
2026-09-25 10:30:00-04:00,514.1599731445312,514.9199829101562,513.6699829101562,514.5800170898438
2026-09-25 11:30:00-04:00,514.5399780273438,517.6300048828125,513.9099731445312,517.3499755859375
2026-09-25 12:30:00-04:00,517.3099975585938,517.530029296875,516.344970703125,516.8400268554688
2026-09-25 13:30:00-04:00,516.9000244140625,517.1599731445312,516.2799072265625,516.9500122070312
2026-09-25 14:30:00-04:00,516.989990234375,517.3151245117188,516.6500244140625,516.7100219726562
2026-09-25 15:30:00-04:00,516.780029296875,517.9199829101562,516.7100219726562,517.469970703125
2026-09-28 09:30:00-04:00,514.2899780273438,515.6300048828125,513.4199829101562,515.5900268554688
2026-09-28 10:30:00-04:00,515.5700073242188,515.5800170898438,513.2999267578125,513.6199951171875
2026-09-28 11:30:00-04:00,513.6900024414062,516.6699829101562,513.4199829101562,516.2501220703125
2026-09-28 12:30:00-04:00,516.2000122070312,517.0399780273438,514.6699829101562,515.1749877929688
2026-09-28 13:30:00-04:00,515.280029296875,515.4600219726562,514.75,514.8900146484375
2026-09-28 14:30:00-04:00,514.8900146484375,515.0499877929688,514.0,514.2650146484375
2026-09-28 15:30:00-04:00,514.260009765625,514.3800048828125,513.6799926757812,514.0900268554688
2026-09-29 09:30:00-04:00,513.7899780273438,514.260009765625,512.4600219726562,512.6599731445312
2026-09-29 10:30:00-04:00,512.7999877929688,512.9199829101562,510.489990234375,510.7699890136719
2026-09-29 11:30:00-04:00,510.7799987792969,511.760009765625,510.4599914550781,511.04998779296875
2026-09-29 12:30:00-04:00,511.0199890136719,511.2250061035156,510.67999267578125,511.1650085449219
2026-09-29 13:30:00-04:00,511.2200012207031,512.3499755859375,511.1499938964844,511.9599914550781
2026-09-29 14:30:00-04:00,511.95001220703125,513.010009765625,511.7699890136719,512.8800048828125
2026-09-29 15:30:00-04:00,512.9199829101562,513.0399780273438,512.625,512.8699951171875
2026-09-30 09:30:00-04:00,513.989990234375,514.1599731445312,512.3599853515625,512.5750122070312
2026-09-30 10:30:00-04:00,512.5800170898438,513.739990234375,512.27001953125,513.1005249023438
2026-09-30 11:30:00-04:00,513.1599731445312,513.219970703125,512.0900268554688,512.1599731445312
2026-09-30 12:30:00-04:00,512.1799926757812,512.5499877929688,510.9100036621094,511.3500061035156
2026-09-30 13:30:00-04:00,511.3599853515625,512.1199951171875,510.5400085449219,510.82000732421875
2026-09-30 14:30:00-04:00,510.8196105957031,510.95001220703125,510.239990234375,510.3399963378906
2026-09-30 15:30:00-04:00,510.30999755859375,510.3699951171875,508.3500061035156,508.489990234375
2026-10-01 09:30:00-04:00,509.3699951171875,510.95001220703125,505.4599914550781,505.8599853515625
2026-10-01 10:30:00-04:00,505.8500061035156,507.07000732421875,504.70001220703125,505.3699951171875
2026-10-01 11:30:00-04:00,505.3900146484375,507.75,504.9599914550781,507.4800109863281
2026-10-01 12:30:00-04:00,507.4700012207031,508.6099853515625,506.8299865722656,508.45001220703125
2026-10-01 13:30:00-04:00,508.42999267578125,509.4599914550781,507.260009765625,508.3299865722656
2026-10-01 14:30:00-04:00,508.2799987792969,509.1199951171875,508.0199890136719,508.42999267578125
2026-10-01 15:30:00-04:00,508.4700012207031,509.5299987792969,508.3399963378906,508.57000732421875
2026-10-02 09:30:00-04:00,512.5399780273438,513.0601196289062,510.1700134277344,511.3399963378906
2026-10-02 10:30:00-04:00,511.3699951171875,512.0549926757812,508.69000244140625,509.8699951171875
2026-10-02 11:30:00-04:00,509.8999938964844,510.5799865722656,509.510009765625,510.1000061035156
2026-10-02 12:30:00-04:00,510.1000061035156,511.010009765625,509.9800109863281,510.1499938964844
2026-10-02 13:30:00-04:00,510.1400146484375,511.0299987792969,510.1300048828125,510.5299987792969
2026-10-02 14:30:00-04:00,510.5400085449219,511.1099853515625,510.44000244140625,510.8399963378906
2026-10-02 15:30:00-04:00,510.8599853515625,511.29998779296875,510.7900085449219,511.07000732421875
