Datetime,open,high,low,close
2023-11-03 09:30:00-04:00,184.47999572753906,185.47000122070312,184.35000610351562,184.50999450683594
2023-11-03 10:30:00-04:00,184.4600067138672,185.06500244140625,184.41000366210938,184.89999389648438
2023-11-03 11:30:00-04:00,184.88999938964844,185.08999633789062,184.47999572753906,184.56500244140625
2023-11-03 12:30:00-04:00,184.5449981689453,184.82000732421875,184.52000427246094,184.69000244140625
2023-11-03 13:30:00-04:00,184.69000244140625,184.91000366210938,184.6300048828125,184.91000366210938
2023-11-03 14:30:00-04:00,184.9199981689453,185.00999450683594,184.8000030517578,184.85000610351562
2023-11-03 15:30:00-04:00,184.85000610351562,184.8699951171875,184.67999267578125,184.77999877929688
2023-11-06 09:30:00-05:00,184.13999938964844,184.22999572753906,183.94000244140625,184.0
2023-11-06 10:30:00-05:00,184.00999450683594,184.02499389648438,183.5800018310547,183.7899932861328
2023-11-06 11:30:00-05:00,183.77999877929688,184.0050048828125,183.75,183.97999572753906
2023-11-06 12:30:00-05:00,183.99000549316406,184.0050048828125,183.72999572753906,183.7449951171875
2023-11-06 13:30:00-05:00,183.75,183.80999755859375,183.52000427246094,183.5399932861328
2023-11-06 14:30:00-05:00,183.52999877929688,183.63999938964844,183.52110290527344,183.55999755859375
2023-11-06 15:30:00-05:00,183.57000732421875,183.57000732421875,183.33999633789062,183.3699951171875
2023-11-07 09:30:00-05:00,182.25,182.3800048828125,181.75,182.05999755859375
2023-11-07 10:30:00-05:00,182.0500030517578,182.35499572753906,181.92999267578125,182.10000610351562
2023-11-07 11:30:00-05:00,182.10000610351562,182.30999755859375,181.92999267578125,181.94000244140625
2023-11-07 12:30:00-05:00,181.92999267578125,182.5,181.90499877929688,182.38999938964844
2023-11-07 13:30:00-05:00,182.47000122070312,182.64999389648438,182.39999389648438,182.51499938964844
2023-11-07 14:30:00-05:00,182.53070068359375,182.5399932861328,182.3800048828125,182.52999877929688
2023-11-07 15:30:00-05:00,182.52999877929688,182.60000610351562,182.48500061035156,182.58999633789062
2023-11-08 09:30:00-05:00,182.00999450683594,182.06500244140625,181.30999755859375,181.4199981689453
2023-11-08 10:30:00-05:00,181.44000244140625,181.55999755859375,180.89999389648438,181.4149932861328
2023-11-08 11:30:00-05:00,181.39999389648438,181.5,181.076904296875,181.125
2023-11-08 12:30:00-05:00,181.1199951171875,181.27000427246094,180.9499969482422,181.00999450683594
2023-11-08 13:30:00-05:00,181.00999450683594,181.08889770507812,180.75,180.7899932861328
2023-11-08 14:30:00-05:00,180.8000030517578,180.8000030517578,180.5699005126953,180.76499938964844
2023-11-08 15:30:00-05:00,180.75999450683594,180.83999633789062,180.67999267578125,180.77000427246094
2023-11-09 09:30:00-05:00,180.97999572753906,181.8300018310547,180.88999938964844,181.5500030517578
2023-11-09 10:30:00-05:00,181.5399932861328,182.2100067138672,181.50999450683594,181.9600067138672
2023-11-09 11:30:00-05:00,181.9600067138672,182.1199951171875,181.71499633789062,181.89630126953125
2023-11-09 12:30:00-05:00,181.89999389648438,182.27999877929688,181.58999633789062,182.14999389648438
2023-11-09 13:30:00-05:00,182.14999389648438,182.22000122070312,181.58999633789062,181.64999389648438
2023-11-09 14:30:00-05:00,181.66000366210938,181.75,181.3800048828125,181.60000610351562
2023-11-09 15:30:00-05:00,181.61000061035156,181.65499877929688,181.4499969482422,181.49000549316406
2023-11-10 09:30:00-05:00,180.5,180.5399932861328,179.8800048828125,180.09500122070312
2023-11-10 10:30:00-05:00,180.0800018310547,180.23989868164062,179.69189453125,179.77999877929688
2023-11-10 11:30:00-05:00,179.77999877929688,179.9199981689453,179.61000061035156,179.77999877929688
2023-11-10 12:30:00-05:00,179.77999877929688,179.81500244140625,179.2449951171875,179.3000030517578
2023-11-10 13:30:00-05:00,179.3000030517578,179.6699981689453,179.27999877929688,179.51980590820312
2023-11-10 14:30:00-05:00,179.52000427246094,179.57000732421875,179.3800048828125,179.5
2023-11-10 15:30:00-05:00,179.5,179.52000427246094,179.4600067138672,179.52000427246094
2023-11-13 09:30:00-05:00,179.39999389648438,179.57000732421875,179.11000061035156,179.4600067138672
2023-11-13 10:30:00-05:00,179.45069885253906,180.17999267578125,179.3800048828125,180.16000366210938
2023-11-13 11:30:00-05:00,180.14999389648438,180.72999572753906,180.14889526367188,180.63499450683594
2023-11-13 12:30:00-05:00,180.63999938964844,180.63999938964844,180.3350067138672,180.42999267578125
2023-11-13 13:30:00-05:00,180.4199981689453,180.6300048828125,180.34500122070312,180.47019958496094
2023-11-13 14:30:00-05:00,180.4720001220703,180.50999450683594,180.36129760742188,180.3699951171875
2023-11-13 15:30:00-05:00,180.3800048828125,180.52999877929688,180.375,180.52000427246094
2023-11-14 09:30:00-05:00,181.6999969482422,182.75,181.6199951171875,182.52540588378906
2023-11-14 10:30:00-05:00,182.5399932861328,182.5500030517578,181.94000244140625,182.13999938964844
2023-11-14 11:30:00-05:00,182.14999389648438,182.33999633789062,181.88999938964844,182.0236053466797
2023-11-14 12:30:00-05:00,182.02999877929688,182.1300048828125,181.8699951171875,181.94000244140625
2023-11-14 13:30:00-05:00,181.92999267578125,182.0800018310547,181.88499450683594,181.97000122070312
2023-11-14 14:30:00-05:00,181.97999572753906,182.1300048828125,181.97000122070312,182.1199951171875
2023-11-14 15:30:00-05:00,182.1199951171875,182.16000366210938,182.00010681152344,182.10000610351562
2023-11-15 09:30:00-05:00,182.00999450683594,182.17999267578125,181.30999755859375,181.75
2023-11-15 10:30:00-05:00,181.75999450683594,182.14999389648438,181.6999969482422,182.0
2023-11-15 11:30:00-05:00,182.0,182.0399932861328,181.66000366210938,181.9600067138672
2023-11-15 12:30:00-05:00,181.9499969482422,182.02999877929688,181.76499938964844,181.80999755859375
2023-11-15 13:30:00-05:00,181.80999755859375,181.88999938964844,181.66000366210938,181.86000061035156
2023-11-15 14:30:00-05:00,181.85000610351562,181.92999267578125,181.80979919433594,181.89500427246094
2023-11-15 15:30:00-05:00,181.89500427246094,181.89999389648438,181.6199951171875,181.66000366210938
2023-11-16 09:30:00-05:00,182.9499969482422,184.1699981689453,182.94000244140625,184.07000732421875
2023-11-16 10:30:00-05:00,184.06500244140625,184.32000732421875,183.7949981689453,183.91000366210938
2023-11-16 11:30:00-05:00,183.9149932861328,184.125,183.58999633789062,183.86959838867188
2023-11-16 12:30:00-05:00,183.8800048828125,184.05999755859375,183.72999572753906,183.9499969482422
2023-11-16 13:30:00-05:00,183.9499969482422,184.07000732421875,183.86000061035156,183.88999938964844
2023-11-16 14:30:00-05:00,183.91000366210938,183.97000122070312,183.6649932861328,183.72000122070312
2023-11-16 15:30:00-05:00,183.72500610351562,183.77999877929688,183.64999389648438,183.65499877929688
2023-11-17 09:30:00-05:00,183.9600067138672,184.125,183.52000427246094,183.7899932861328
2023-11-17 10:30:00-05:00,183.80099487304688,184.07000732421875,183.6999969482422,183.73500061035156
2023-11-17 11:30:00-05:00,183.74000549316406,183.75,183.4499969482422,183.56500244140625
2023-11-17 12:30:00-05:00,183.55999755859375,183.78500366210938,183.5449981689453,183.75
2023-11-17 13:30:00-05:00,183.75,183.8249969482422,183.6199951171875,183.64999389648438
2023-11-17 14:30:00-05:00,183.67010498046875,183.7100067138672,183.47999572753906,183.64999389648438
2023-11-17 15:30:00-05:00,183.65499877929688,183.67909240722656,183.57000732421875,183.6699981689453
2023-11-20 09:30:00-05:00,182.32000732421875,182.9199981689453,182.22500610351562,182.8800048828125
2023-11-20 10:30:00-05:00,182.8800048828125,183.11500549316406,182.6699981689453,182.97500610351562
2023-11-20 11:30:00-05:00,183.0050048828125,183.2198944091797,182.8699951171875,183.14990234375
2023-11-20 12:30:00-05:00,183.14999389648438,183.47999572753906,182.85000610351562,183.3800048828125
2023-11-20 13:30:00-05:00,183.3800048828125,183.42990112304688,183.1699981689453,183.360107421875
2023-11-20 14:30:00-05:00,183.3697967529297,183.4799041748047,183.2899932861328,183.3000030517578
2023-11-20 15:30:00-05:00,183.30999755859375,183.39999389648438,183.28500366210938,183.375
2023-11-21 09:30:00-05:00,185.57000732421875,186.11500549316406,185.52000427246094,185.77999877929688
2023-11-21 10:30:00-05:00,185.7899932861328,185.9600067138672,185.31500244140625,185.32000732421875
2023-11-21 11:30:00-05:00,185.32000732421875,185.62989807128906,185.30999755859375,185.4199981689453
2023-11-21 12:30:00-05:00,185.42999267578125,185.58999633789062,185.26499938964844,185.35000610351562
2023-11-21 13:30:00-05:00,185.36000061035156,185.4600067138672,185.06500244140625,185.41000366210938
2023-11-21 14:30:00-05:00,185.4199981689453,185.47999572753906,185.32000732421875,185.36000061035156
2023-11-21 15:30:00-05:00,185.36990356445312,185.38499450683594,185.27000427246094,185.33999633789062
2023-11-22 09:30:00-05:00,185.47000122070312,185.72000122070312,184.5399932861328,184.6699981689453
2023-11-22 10:30:00-05:00,184.67999267578125,185.08999633789062,184.63999938964844,184.77999877929688
2023-11-22 11:30:00-05:00,184.77999877929688,184.89500427246094,184.4398956298828,184.63999938964844
2023-11-22 12:30:00-05:00,184.61000061035156,184.80039978027344,184.52000427246094,184.6699981689453
2023-11-22 13:30:00-05:00,184.6999969482422,184.6999969482422,184.27149963378906,184.6649932861328
2023-11-22 14:30:00-05:00,184.6300048828125,184.6999969482422,184.5399932861328,184.58999633789062
2023-11-22 15:30:00-05:00,184.60000610351562,184.60000610351562,184.5050048828125,184.5500030517578
2023-11-24 09:30:00-05:00,185.47000122070312,185.75,185.3800048828125,185.4149932861328
2023-11-24 10:30:00-05:00,185.41000366210938,185.4499969482422,185.16000366210938,185.4499969482422
2023-11-24 11:30:00-05:00,185.4499969482422,185.63499450683594,185.2899932861328,185.6199951171875
2023-11-27 09:30:00-05:00,186.55999755859375,186.8000030517578,186.25,186.69500732421875
2023-11-27 10:30:00-05:00,186.6999969482422,186.72999572753906,186.11000061035156,186.22000122070312
2023-11-27 11:30:00-05:00,186.22999572753906,186.4499969482422,185.92999267578125,186.33970642089844
2023-11-27 12:30:00-05:00,186.3300018310547,186.52999877929688,186.22999572753906,186.52499389648438
2023-11-27 13:30:00-05:00,186.52000427246094,186.63999938964844,186.4949951171875,186.58999633789062
2023-11-27 14:30:00-05:00,186.58999633789062,186.67999267578125,186.57000732421875,186.59500122070312
2023-11-27 15:30:00-05:00,186.5850067138672,186.7899932861328,186.52499389648438,186.74000549316406
2023-11-28 09:30:00-05:00,187.89999389648438,188.07000732421875,187.52000427246094,187.75999450683594
2023-11-28 10:30:00-05:00,187.75,188.9799041748047,187.73500061035156,188.77999877929688
2023-11-28 11:30:00-05:00,188.77999877929688,189.39999389648438,188.67999267578125,189.30999755859375
2023-11-28 12:30:00-05:00,189.31500244140625,189.38999938964844,188.94000244140625,189.0
2023-11-28 13:30:00-05:00,188.99000549316406,189.23989868164062,188.9550018310547,189.10000610351562
2023-11-28 14:30:00-05:00,189.09500122070312,189.36500549316406,189.0800018310547,189.1999969482422
2023-11-28 15:30:00-05:00,189.19000244140625,189.27999877929688,189.16000366210938,189.24000549316406
2023-11-29 09:30:00-05:00,189.17999267578125,189.75,189.09500122070312,189.27000427246094
2023-11-29 10:30:00-05:00,189.25,189.44500732421875,189.02000427246094,189.1699981689453
2023-11-29 11:30:00-05:00,189.1699981689453,189.56199645996094,189.1199951171875,189.53199768066406
2023-11-29 12:30:00-05:00,189.52499389648438,189.69000244140625,189.5,189.64999389648438
2023-11-29 13:30:00-05:00,189.63999938964844,189.99000549316406,189.639892578125,189.7799072265625
2023-11-29 14:30:00-05:00,189.75999450683594,189.7899932861328,189.3699951171875,189.4250030517578
2023-11-29 15:30:00-05:00,189.42999267578125,189.57000732421875,189.4149932861328,189.52999877929688
2023-11-30 09:30:00-05:00,188.88999938964844,188.9199981689453,188.27999877929688,188.61000061035156
2023-11-30 10:30:00-05:00,188.625,189.0399932861328,188.625,189.0399932861328
2023-11-30 11:30:00-05:00,189.05999755859375,189.24000549316406,188.82000732421875,189.19000244140625
2023-11-30 12:30:00-05:00,189.19000244140625,189.22500610351562,188.80999755859375,188.86500549316406
2023-11-30 13:30:00-05:00,188.86000061035156,188.88999938964844,188.52000427246094,188.6750030517578
2023-11-30 14:30:00-05:00,188.67010498046875,188.85499572753906,188.6199951171875,188.68499755859375
2023-11-30 15:30:00-05:00,188.68499755859375,188.77000427246094,188.6300048828125,188.75999450683594
2023-12-01 09:30:00-05:00,188.80499267578125,190.33999633789062,188.68499755859375,189.89999389648438
2023-12-01 10:30:00-05:00,189.88999938964844,190.83999633789062,189.50999450683594,190.6999969482422
2023-12-01 11:30:00-05:00,190.6999969482422,191.1300048828125,190.5500030517578,191.02999877929688
2023-12-01 12:30:00-05:00,191.02999877929688,191.9199981689453,190.97999572753906,191.86500549316406
2023-12-01 13:30:00-05:00,191.86500549316406,192.39500427246094,191.8350067138672,191.88999938964844
2023-12-01 14:30:00-05:00,191.89999389648438,191.9149932861328,191.47999572753906,191.8498992919922
2023-12-01 15:30:00-05:00,191.83999633789062,192.02000427246094,191.83999633789062,191.99000549316406
2023-12-04 09:30:00-05:00,189.5989990234375,190.3800048828125,187.7899932861328,188.4801025390625
2023-12-04 10:30:00-05:00,188.49969482421875,188.55999755859375,187.25999450683594,187.67999267578125
2023-12-04 11:30:00-05:00,187.67999267578125,188.25999450683594,187.36000061035156,187.72999572753906
2023-12-04 12:30:00-05:00,187.7100067138672,187.8300018310547,187.4499969482422,187.61000061035156
2023-12-04 13:30:00-05:00,187.6300048828125,187.89999389648438,187.4600067138672,187.82000732421875
2023-12-04 14:30:00-05:00,187.85000610351562,188.3979949951172,187.8300018310547,188.05999755859375
2023-12-04 15:30:00-05:00,188.0500030517578,188.08999633789062,187.80999755859375,187.8300018310547
2023-12-05 09:30:00-05:00,187.5500946044922,187.8800048828125,186.8300018310547,187.0500030517578
2023-12-05 10:30:00-05:00,187.07000732421875,187.21249389648438,186.3000030517578,186.83999633789062
2023-12-05 11:30:00-05:00,186.85000610351562,187.2449951171875,186.5399932861328,187.14999389648438
2023-12-05 12:30:00-05:00,187.14999389648438,187.30999755859375,186.97000122070312,187.0800018310547
2023-12-05 13:30:00-05:00,187.08230590820312,187.2100067138672,186.94000244140625,187.07000732421875
2023-12-05 14:30:00-05:00,187.07000732421875,187.35000610351562,187.0500030517578,187.1199951171875
2023-12-05 15:30:00-05:00,187.125,187.19000244140625,187.09500122070312,187.1699981689453
2023-12-06 09:30:00-05:00,188.32000732421875,188.4600067138672,187.5,187.86000061035156
2023-12-06 10:30:00-05:00,187.8800048828125,188.34500122070312,187.69000244140625,187.74000549316406
2023-12-06 11:30:00-05:00,187.73500061035156,188.25929260253906,187.61000061035156,187.86000061035156
2023-12-06 12:30:00-05:00,187.8699951171875,188.27000427246094,187.8699951171875,188.1699981689453
2023-12-06 13:30:00-05:00,188.1750030517578,188.29769897460938,188.0601043701172,188.08999633789062
2023-12-06 14:30:00-05:00,188.10000610351562,188.19500732421875,187.9044952392578,187.9550018310547
2023-12-06 15:30:00-05:00,187.9550018310547,187.9600067138672,187.72999572753906,187.8699951171875
2023-12-07 09:30:00-05:00,188.4499969482422,188.58999633789062,187.72999572753906,188.1300048828125
2023-12-07 10:30:00-05:00,188.1300048828125,188.2899932861328,187.9600067138672,188.0399932861328
2023-12-07 11:30:00-05:00,188.02999877929688,188.05499267578125,187.25999450683594,187.66000366210938
2023-12-07 12:30:00-05:00,187.64999389648438,188.30999755859375,187.6199951171875,188.1750030517578
2023-12-07 13:30:00-05:00,188.1750030517578,188.36500549316406,188.1300048828125,188.15499877929688
2023-12-07 14:30:00-05:00,188.1501007080078,188.27999877929688,188.1199951171875,188.13999938964844
2023-12-07 15:30:00-05:00,188.13499450683594,188.2449951171875,188.05999755859375,188.1475067138672
2023-12-08 09:30:00-05:00,185.92999267578125,186.77999877929688,185.79100036621094,186.66000366210938
2023-12-08 10:30:00-05:00,186.6699981689453,186.72000122070312,185.7100067138672,185.8699951171875
2023-12-08 11:30:00-05:00,185.8800048828125,185.9600067138672,184.89999389648438,185.1300048828125
2023-12-08 12:30:00-05:00,185.1199951171875,185.3300018310547,185.02999877929688,185.27999877929688
2023-12-08 13:30:00-05:00,185.3000030517578,185.51499938964844,185.2899932861328,185.5050048828125
2023-12-08 14:30:00-05:00,185.5,185.75999450683594,185.39999389648438,185.6999969482422
2023-12-08 15:30:00-05:00,185.69000244140625,185.72000122070312,185.6024932861328,185.6300048828125
2023-12-11 09:30:00-05:00,184.5,184.52999877929688,183.72999572753906,183.77999877929688
2023-12-11 10:30:00-05:00,183.7899932861328,183.9250030517578,183.5402069091797,183.6300048828125
2023-12-11 11:30:00-05:00,183.64979553222656,183.8000030517578,183.3699951171875,183.4279022216797
2023-12-11 12:30:00-05:00,183.42999267578125,183.55999755859375,183.15130615234375,183.38999938964844
2023-12-11 13:30:00-05:00,183.39999389648438,183.80999755859375,183.39500427246094,183.67999267578125
2023-12-11 14:30:00-05:00,183.6649932861328,183.74000549316406,183.56329345703125,183.64999389648438
2023-12-11 15:30:00-05:00,183.64999389648438,183.66900634765625,183.5500030517578,183.60000610351562
2023-12-12 09:30:00-05:00,183.843994140625,183.97999572753906,183.5399932861328,183.85000610351562
2023-12-12 10:30:00-05:00,183.86000061035156,183.91000366210938,183.61000061035156,183.72500610351562
2023-12-12 11:30:00-05:00,183.72000122070312,183.75,183.3699951171875,183.4600067138672
2023-12-12 12:30:00-05:00,183.4550018310547,183.58999633789062,183.25999450683594,183.36000061035156
2023-12-12 13:30:00-05:00,183.36000061035156,183.63999938964844,183.3300018310547,183.5399932861328
2023-12-12 14:30:00-05:00,183.5399932861328,183.6199951171875,183.4700927734375,183.52999877929688
2023-12-12 15:30:00-05:00,183.53500366210938,183.5800018310547,183.47000122070312,183.49000549316406
2023-12-13 09:30:00-05:00,183.6999969482422,183.92990112304688,183.39999389648438,183.47000122070312
2023-12-13 10:30:00-05:00,183.5,183.8800048828125,183.3800048828125,183.72000122070312
2023-12-13 11:30:00-05:00,183.7100067138672,183.86000061035156,183.61000061035156,183.7100067138672
2023-12-13 12:30:00-05:00,183.7100067138672,183.82000732421875,183.6300048828125,183.74000549316406
2023-12-13 13:30:00-05:00,183.7449951171875,186.1300048828125,183.50999450683594,185.94000244140625
2023-12-13 14:30:00-05:00,185.92999267578125,187.3699951171875,185.64999389648438,186.88999938964844
2023-12-13 15:30:00-05:00,186.9499969482422,187.66000366210938,186.88999938964844,187.6300048828125
2023-12-14 09:30:00-05:00,188.92999267578125,189.82000732421875,188.86000061035156,189.3249969482422
2023-12-14 10:30:00-05:00,189.3249969482422,189.3300018310547,188.7550048828125,188.97999572753906
2023-12-14 11:30:00-05:00,188.97000122070312,189.19000244140625,188.7949981689453,188.8477020263672
2023-12-14 12:30:00-05:00,188.85830688476562,188.92999267578125,188.0800018310547,188.1300048828125
2023-12-14 13:30:00-05:00,188.1300048828125,188.4600067138672,188.08999633789062,188.43499755859375
2023-12-14 14:30:00-05:00,188.42999267578125,188.67999267578125,188.30999755859375,188.59500122070312
2023-12-14 15:30:00-05:00,188.58999633789062,188.77000427246094,188.5749969482422,188.74000549316406
2023-12-15 09:30:00-05:00,188.52000427246094,188.9600067138672,188.2899932861328,188.75
2023-12-15 10:30:00-05:00,188.74000549316406,188.8249969482422,188.47000122070312,188.7154998779297
2023-12-15 11:30:00-05:00,188.72000122070312,188.75,188.38999938964844,188.55499267578125
2023-12-15 12:30:00-05:00,188.55499267578125,188.55499267578125,187.2899932861328,187.375
2023-12-15 13:30:00-05:00,187.3699951171875,187.5500030517578,186.88499450683594,186.9499969482422
2023-12-15 14:30:00-05:00,186.9550018310547,187.2899932861328,186.82000732421875,187.28500366210938
2023-12-15 15:30:00-05:00,187.2899932861328,187.3699951171875,187.02000427246094,187.02000427246094
2023-12-18 09:30:00-05:00,187.5,187.70889282226562,187.24000549316406,187.38999938964844
2023-12-18 10:30:00-05:00,187.40499877929688,187.5749969482422,187.35000610351562,187.5500030517578
2023-12-18 11:30:00-05:00,187.5399932861328,187.65499877929688,187.3300018310547,187.47999572753906
2023-12-18 12:30:00-05:00,187.47740173339844,188.49000549316406,187.42999267578125,187.8350067138672
2023-12-18 13:30:00-05:00,187.83749389648438,187.9600067138672,187.69000244140625,187.89999389648438
2023-12-18 14:30:00-05:00,187.89999389648438,187.9250030517578,187.75100708007812,187.8350067138672
2023-12-18 15:30:00-05:00,187.8300018310547,187.8800048828125,187.77999877929688,187.83999633789062
2023-12-19 09:30:00-05:00,188.22999572753906,189.5800018310547,188.1300048828125,189.3699951171875
2023-12-19 10:30:00-05:00,189.375,189.63499450683594,188.97500610351562,189.6199951171875
2023-12-19 11:30:00-05:00,189.6199951171875,189.72390747070312,189.14500427246094,189.25999450683594
2023-12-19 12:30:00-05:00,189.25999450683594,189.30990600585938,188.77499389648438,188.9149932861328
2023-12-19 13:30:00-05:00,188.93499755859375,189.02000427246094,188.85000610351562,188.9801025390625
2023-12-19 14:30:00-05:00,188.99000549316406,189.06500244140625,188.9600067138672,189.03500366210938
2023-12-19 15:30:00-05:00,189.0399932861328,189.13999938964844,188.97000122070312,189.11000061035156
2023-12-20 09:30:00-05:00,188.69000244140625,188.9600067138672,188.1999969482422,188.3300018310547
2023-12-20 10:30:00-05:00,188.3300018310547,188.64999389648438,188.32000732421875,188.58999633789062
2023-12-20 11:30:00-05:00,188.58999633789062,188.6376953125,188.41000366210938,188.4221954345703
2023-12-20 12:30:00-05:00,188.4199981689453,188.66799926757812,188.33999633789062,188.5800018310547
2023-12-20 13:30:00-05:00,188.57000732421875,188.8199005126953,188.57000732421875,188.7100067138672
2023-12-20 14:30:00-05:00,188.7100067138672,188.74989318847656,188.1699981689453,188.4199981689453
2023-12-20 15:30:00-05:00,188.4199981689453,188.4499969482422,188.0850067138672,188.10000610351562
2023-12-21 09:30:00-05:00,189.2100067138672,189.6199951171875,188.75,189.11000061035156
2023-12-21 10:30:00-05:00,189.11000061035156,189.47500610351562,188.94000244140625,189.47000122070312
2023-12-21 11:30:00-05:00,189.47999572753906,189.49000549316406,189.14999389648438,189.27000427246094
2023-12-21 12:30:00-05:00,189.27000427246094,189.33599853515625,188.82000732421875,189.02000427246094
2023-12-21 13:30:00-05:00,189.0426025390625,189.30499267578125,188.89999389648438,189.30499267578125
2023-12-21 14:30:00-05:00,189.30999755859375,189.53500366210938,189.2899932861328,189.40879821777344
2023-12-21 15:30:00-05:00,189.40499877929688,189.48500061035156,189.38999938964844,189.42999267578125
2023-12-22 09:30:00-05:00,191.60000610351562,191.8800048828125,191.14999389648438,191.19000244140625
2023-12-22 10:30:00-05:00,191.24000549316406,191.26499938964844,190.66009521484375,190.8699951171875
2023-12-22 11:30:00-05:00,190.8699951171875,190.91000366210938,190.07000732421875,190.39999389648438
2023-12-22 12:30:00-05:00,190.39999389648438,190.72000122070312,190.33770751953125,190.64669799804688
2023-12-22 13:30:00-05:00,190.64999389648438,190.72000122070312,190.13999938964844,190.19500732421875
2023-12-22 14:30:00-05:00,190.1840057373047,190.36500549316406,190.16000366210938,190.27000427246094
2023-12-22 15:30:00-05:00,190.27000427246094,190.3000030517578,190.1699981689453,190.27999877929688
2023-12-26 09:30:00-05:00,190.97000122070312,191.0800018310547,190.39999389648438,190.72999572753906
2023-12-26 10:30:00-05:00,190.72999572753906,190.80999755859375,190.55999755859375,190.7949981689453
2023-12-26 11:30:00-05:00,190.8000030517578,190.89500427246094,190.74180603027344,190.82009887695312
2023-12-26 12:30:00-05:00,190.82000732421875,190.90499877929688,190.64500427246094,190.7899932861328
2023-12-26 13:30:00-05:00,190.8000030517578,190.97000122070312,190.72999572753906,190.94000244140625
2023-12-26 14:30:00-05:00,190.94000244140625,191.30999755859375,190.94000244140625,191.27999877929688
2023-12-26 15:30:00-05:00,191.2899932861328,191.74000549316406,191.22999572753906,191.7100067138672
2023-12-27 09:30:00-05:00,191.77000427246094,192.5590057373047,191.5399932861328,192.5
2023-12-27 10:30:00-05:00,192.4199981689453,192.9600067138672,192.38360595703125,192.82000732421875
2023-12-27 11:30:00-05:00,192.83999633789062,193.00999450683594,192.72999572753906,192.85499572753906
2023-12-27 12:30:00-05:00,192.8699951171875,193.1822967529297,192.80499267578125,192.94000244140625
2023-12-27 13:30:00-05:00,192.92999267578125,192.9499969482422,192.40499877929688,192.5
2023-12-27 14:30:00-05:00,192.5,192.6699981689453,192.43499755859375,192.47000122070312
2023-12-27 15:30:00-05:00,192.4600067138672,192.625,192.4600067138672,192.6199951171875
2023-12-28 09:30:00-05:00,192.33999633789062,192.88999938964844,192.10000610351562,192.75999450683594
2023-12-28 10:30:00-05:00,192.7550048828125,192.76170349121094,192.2100067138672,192.33999633789062
2023-12-28 11:30:00-05:00,192.33999633789062,192.47000122070312,192.02000427246094,192.35000610351562
2023-12-28 12:30:00-05:00,192.3498992919922,192.38999938964844,191.99000549316406,192.17999267578125
2023-12-28 13:30:00-05:00,192.14999389648438,192.1999969482422,191.6999969482422,191.77999877929688
2023-12-28 14:30:00-05:00,191.7725067138672,191.79469299316406,191.4600067138672,191.67999267578125
2023-12-28 15:30:00-05:00,191.67999267578125,191.71499633789062,191.44000244140625,191.5
2023-12-29 09:30:00-05:00,190.99000549316406,191.39999389648438,190.74000549316406,191.22900390625
2023-12-29 10:30:00-05:00,191.22000122070312,191.639892578125,191.14999389648438,191.32000732421875
2023-12-29 11:30:00-05:00,191.32000732421875,191.5699005126953,191.21499633789062,191.52999877929688
2023-12-29 12:30:00-05:00,191.52000427246094,191.63999938964844,190.99000549316406,191.125
2023-12-29 13:30:00-05:00,191.10499572753906,191.4149932861328,191.07420349121094,191.36000061035156
2023-12-29 14:30:00-05:00,191.35000610351562,191.61000061035156,191.34500122070312,191.4250030517578
2023-12-29 15:30:00-05:00,191.4199981689453,191.42999267578125,191.1300048828125,191.1699981689453
2024-01-02 09:30:00-05:00,191.44000244140625,191.88999938964844,191.10000610351562,191.35989379882812
2024-01-02 10:30:00-05:00,191.33999633789062,191.58999633789062,190.5,191.39999389648438
2024-01-02 11:30:00-05:00,191.40499877929688,191.5500030517578,191.14999389648438,191.27000427246094
2024-01-02 12:30:00-05:00,191.2949981689453,191.38999938964844,191.0399932861328,191.32000732421875
2024-01-02 13:30:00-05:00,191.30999755859375,191.31500244140625,190.9499969482422,191.0449981689453
2024-01-02 14:30:00-05:00,191.06069946289062,191.09500122070312,190.84750366210938,190.86500549316406
2024-01-02 15:30:00-05:00,190.88999938964844,190.9149932861328,190.69000244140625,190.72000122070312
2024-01-03 09:30:00-05:00,188.77000427246094,189.86000061035156,188.2899932861328,188.7949981689453
2024-01-03 10:30:00-05:00,188.7899932861328,188.92999267578125,188.22000122070312,188.48500061035156
2024-01-03 11:30:00-05:00,188.49000549316406,188.5500030517578,188.21499633789062,188.36500549316406
2024-01-03 12:30:00-05:00,188.36500549316406,188.61000061035156,188.16000366210938,188.5800018310547
2024-01-03 13:30:00-05:00,188.5800018310547,188.9550018310547,188.17019653320312,188.9199981689453
2024-01-03 14:30:00-05:00,188.9199981689453,189.25,188.55999755859375,189.1501007080078
2024-01-03 15:30:00-05:00,189.15499877929688,189.27000427246094,189.10000610351562,189.13999938964844
2024-01-04 09:30:00-05:00,189.0800018310547,189.7100067138672,188.69000244140625,189.67999267578125
2024-01-04 10:30:00-05:00,189.7397003173828,189.75,189.37010192871094,189.52999877929688
2024-01-04 11:30:00-05:00,189.52999877929688,189.64999389648438,189.1699981689453,189.1999969482422
2024-01-04 12:30:00-05:00,189.17999267578125,189.41000366210938,189.11500549316406,189.25
2024-01-04 13:30:00-05:00,189.25,189.41000366210938,189.22000122070312,189.29989624023438
2024-01-04 14:30:00-05:00,189.27999877929688,189.49000549316406,189.2550048828125,189.4600067138672
2024-01-04 15:30:00-05:00,189.4600067138672,189.48500061035156,189.3000030517578,189.32000732421875
2024-01-05 09:30:00-05:00,189.67999267578125,191.25999450683594,189.19000244140625,190.86000061035156
2024-01-05 10:30:00-05:00,190.86000061035156,191.13999938964844,189.9499969482422,189.99000549316406
2024-01-05 11:30:00-05:00,190.00999450683594,190.1300048828125,189.1300048828125,189.1699981689453
2024-01-05 12:30:00-05:00,189.1699981689453,189.3699951171875,189.0800018310547,189.32000732421875
2024-01-05 13:30:00-05:00,189.3300018310547,189.99000549316406,189.32000732421875,189.72000122070312
2024-01-05 14:30:00-05:00,189.72000122070312,189.81080627441406,189.375,189.4199981689453
2024-01-05 15:30:00-05:00,189.4199981689453,189.48500061035156,189.2899932861328,189.36000061035156
2024-01-08 09:30:00-05:00,187.2100067138672,188.15499877929688,178.27999877929688,188.1300048828125
2024-01-08 10:30:00-05:00,188.16000366210938,188.74000549316406,188.1199951171875,188.4499969482422
2024-01-08 11:30:00-05:00,188.4600067138672,188.49000549316406,188.0500030517578,188.09500122070312
2024-01-08 12:30:00-05:00,188.0850067138672,188.0850067138672,187.76800537109375,187.82000732421875
2024-01-08 13:30:00-05:00,187.8249969482422,187.96499633789062,187.75999450683594,187.9499969482422
2024-01-08 14:30:00-05:00,187.94500732421875,188.0850067138672,187.75,187.86000061035156
2024-01-08 15:30:00-05:00,187.85000610351562,187.8800048828125,187.75,187.8699951171875
2024-01-09 09:30:00-05:00,188.67999267578125,188.77999877929688,188.36500549316406,188.50999450683594
2024-01-09 10:30:00-05:00,188.5,188.5635986328125,187.72999572753906,188.0216064453125
2024-01-09 11:30:00-05:00,188.07000732421875,188.28729248046875,187.97999572753906,188.0200958251953
2024-01-09 12:30:00-05:00,188.0399932861328,188.07000732421875,187.80999755859375,187.85000610351562
2024-01-09 13:30:00-05:00,187.8800048828125,188.11500549316406,187.80299377441406,188.02000427246094
2024-01-09 14:30:00-05:00,188.02999877929688,188.1999969482422,187.89999389648438,188.00999450683594
2024-01-09 15:30:00-05:00,188.01499938964844,188.07000732421875,187.9199981689453,187.9499969482422
2024-01-10 09:30:00-05:00,188.13999938964844,188.44000244140625,187.60499572753906,187.75
2024-01-10 10:30:00-05:00,187.72999572753906,188.06500244140625,187.6649932861328,187.74000549316406
2024-01-10 11:30:00-05:00,187.7550048828125,187.91000366210938,187.60000610351562,187.69009399414062
2024-01-10 12:30:00-05:00,187.69500732421875,187.74000549316406,187.32000732421875,187.4499969482422
2024-01-10 13:30:00-05:00,187.4499969482422,187.5399932861328,187.2050018310547,187.39999389648438
2024-01-10 14:30:00-05:00,187.41000366210938,187.6300048828125,187.3699951171875,187.4499969482422
2024-01-10 15:30:00-05:00,187.44000244140625,187.52499389648438,187.3300018310547,187.5050048828125
2024-01-11 09:30:00-05:00,188.02000427246094,188.5500030517578,187.64999389648438,188.17999267578125
2024-01-11 10:30:00-05:00,188.17999267578125,188.3800048828125,186.8000030517578,187.02999877929688
2024-01-11 11:30:00-05:00,187.02999877929688,187.19000244140625,186.60000610351562,186.85000610351562
2024-01-11 12:30:00-05:00,186.85499572753906,186.88999938964844,186.55999755859375,186.72999572753906
2024-01-11 13:30:00-05:00,186.75,187.64999389648438,186.61990356445312,187.5601043701172
2024-01-11 14:30:00-05:00,187.60000610351562,187.8800048828125,187.5,187.66000366210938
2024-01-11 15:30:00-05:00,187.64999389648438,187.97999572753906,187.64999389648438,187.8699951171875
2024-01-12 09:30:00-05:00,190.6699981689453,191.0800018310547,190.4149932861328,190.67999267578125
2024-01-12 10:30:00-05:00,190.69000244140625,190.7375030517578,190.0399932861328,190.4600067138672
2024-01-12 11:30:00-05:00,190.4499969482422,190.4499969482422,189.25999450683594,189.36000061035156
2024-01-12 12:30:00-05:00,189.36019897460938,189.82000732421875,189.16000366210938,189.6699981689453
2024-01-12 13:30:00-05:00,189.6649932861328,189.8699951171875,189.52999877929688,189.77499389648438
2024-01-12 14:30:00-05:00,189.77999877929688,189.8300018310547,189.60000610351562,189.6750030517578
2024-01-12 15:30:00-05:00,189.6699981689453,189.72999572753906,189.58999633789062,189.72999572753906
2024-01-16 09:30:00-05:00,189.14999389648438,189.22999572753906,188.72000122070312,188.92990112304688
2024-01-16 10:30:00-05:00,188.91000366210938,189.1999969482422,188.3300018310547,188.72999572753906
2024-01-16 11:30:00-05:00,188.7104034423828,188.7899932861328,187.66000366210938,187.76499938964844
2024-01-16 12:30:00-05:00,187.74000549316406,188.0,187.58999633789062,187.77999877929688
2024-01-16 13:30:00-05:00,187.7899932861328,187.99000549316406,187.5399932861328,187.8699951171875
2024-01-16 14:30:00-05:00,187.8699951171875,188.11000061035156,187.7899932861328,187.92990112304688
2024-01-16 15:30:00-05:00,187.92999267578125,188.00999450683594,187.8800048828125,187.92999267578125
2024-01-17 09:30:00-05:00,187.30999755859375,187.4199981689453,186.0906982421875,186.13499450683594
2024-01-17 10:30:00-05:00,186.1300048828125,186.42999267578125,185.8699951171875,186.16000366210938
2024-01-17 11:30:00-05:00,186.1699981689453,186.27999877929688,185.6699981689453,185.6699981689453
2024-01-17 12:30:00-05:00,185.6750030517578,186.05999755859375,185.52499389648438,185.63499450683594
2024-01-17 13:30:00-05:00,185.63499450683594,185.94000244140625,185.4499969482422,185.7899932861328
2024-01-17 14:30:00-05:00,185.8000030517578,185.872802734375,185.69500732421875,185.77499389648438
2024-01-17 15:30:00-05:00,185.77999877929688,185.92999267578125,185.77999877929688,185.86000061035156
2024-01-18 09:30:00-05:00,186.36000061035156,186.63999938964844,186.3000030517578,186.5800018310547
2024-01-18 10:30:00-05:00,186.58999633789062,186.94000244140625,186.50999450683594,186.8699951171875
2024-01-18 11:30:00-05:00,186.8800048828125,186.90159606933594,186.52499389648438,186.6999969482422
2024-01-18 12:30:00-05:00,186.69000244140625,187.22999572753906,186.61000061035156,187.0399932861328
2024-01-18 13:30:00-05:00,187.03500366210938,187.2449951171875,187.0,187.11990356445312
2024-01-18 14:30:00-05:00,187.1199951171875,187.25999450683594,187.07000732421875,187.25999450683594
2024-01-18 15:30:00-05:00,187.25999450683594,187.39999389648438,187.25999450683594,187.35000610351562
2024-01-19 09:30:00-05:00,188.25999450683594,188.3000030517578,187.44000244140625,187.718505859375
2024-01-19 10:30:00-05:00,187.7100067138672,188.03750610351562,187.4949951171875,187.6199951171875
2024-01-19 11:30:00-05:00,187.6199951171875,187.85000610351562,187.4600067138672,187.81500244140625
2024-01-19 12:30:00-05:00,187.80999755859375,188.02000427246094,187.72999572753906,187.7899932861328
2024-01-19 13:30:00-05:00,187.7899932861328,187.97999572753906,187.74000549316406,187.9199981689453
2024-01-19 14:30:00-05:00,187.94000244140625,188.02999877929688,187.88949584960938,187.92999267578125
2024-01-19 15:30:00-05:00,187.9199981689453,187.95989990234375,187.85000610351562,187.9199981689453
2024-01-22 09:30:00-05:00,187.26499938964844,187.75999450683594,186.85000610351562,187.74000549316406
2024-01-22 10:30:00-05:00,187.75999450683594,187.76010131835938,187.27999877929688,187.4499969482422
2024-01-22 11:30:00-05:00,187.4613037109375,187.5800018310547,187.33999633789062,187.45840454101562
2024-01-22 12:30:00-05:00,187.44500732421875,187.50999450683594,187.1649932861328,187.24000549316406
2024-01-22 13:30:00-05:00,187.2449951171875,187.3300018310547,187.06500244140625,187.1699981689453
2024-01-22 14:30:00-05:00,187.16000366210938,187.27999877929688,187.07000732421875,187.1199951171875
2024-01-22 15:30:00-05:00,187.1300048828125,187.2449951171875,187.125,187.23500061035156
2024-01-23 09:30:00-05:00,187.4499969482422,187.77000427246094,187.27999877929688,187.58999633789062
2024-01-23 10:30:00-05:00,187.60000610351562,187.8800048828125,187.4824981689453,187.50999450683594
2024-01-23 11:30:00-05:00,187.50999450683594,187.7449951171875,187.4600067138672,187.55990600585938
2024-01-23 12:30:00-05:00,187.57000732421875,187.60609436035156,187.39500427246094,187.58799743652344
2024-01-23 13:30:00-05:00,187.60000610351562,187.97000122070312,187.52000427246094,187.91000366210938
2024-01-23 14:30:00-05:00,187.9600067138672,188.14999389648438,187.94000244140625,187.97250366210938
2024-01-23 15:30:00-05:00,187.97500610351562,187.9949951171875,187.89999389648438,187.94000244140625
2024-01-24 09:30:00-05:00,188.3300018310547,188.3699951171875,187.0500030517578,187.14999389648438
2024-01-24 10:30:00-05:00,187.13999938964844,187.19000244140625,186.3800048828125,186.60499572753906
2024-01-24 11:30:00-05:00,186.61000061035156,186.97000122070312,186.40150451660156,186.91000366210938
2024-01-24 12:30:00-05:00,186.91000366210938,187.1199951171875,186.5399932861328,186.72000122070312
2024-01-24 13:30:00-05:00,186.67999267578125,186.77000427246094,186.32000732421875,186.4499969482422
2024-01-24 14:30:00-05:00,186.4499969482422,186.57000732421875,186.32000732421875,186.49400329589844
2024-01-24 15:30:00-05:00,186.49000549316406,186.5449981689453,186.3699951171875,186.4199981689453
2024-01-25 09:30:00-05:00,187.33999633789062,187.63999938964844,187.08999633789062,187.1280059814453
2024-01-25 10:30:00-05:00,187.1300048828125,187.2949981689453,186.76499938964844,186.7899932861328
2024-01-25 11:30:00-05:00,186.77999877929688,186.8300018310547,186.4600067138672,186.74000549316406
2024-01-25 12:30:00-05:00,186.7465057373047,187.0,186.50999450683594,186.9199981689453
2024-01-25 13:30:00-05:00,186.94000244140625,186.97000122070312,186.5399932861328,186.9550018310547
2024-01-25 14:30:00-05:00,186.9600067138672,187.02000427246094,186.85499572753906,186.9178924560547
2024-01-25 15:30:00-05:00,186.9199981689453,187.1699981689453,186.88499450683594,187.13999938964844
2024-01-26 09:30:00-05:00,187.27000427246094,187.3800048828125,186.77999877929688,186.9550018310547
2024-01-26 10:30:00-05:00,186.93040466308594,187.07000732421875,186.75999450683594,186.94000244140625
2024-01-26 11:30:00-05:00,186.94500732421875,187.0760040283203,186.83999633789062,186.97000122070312
2024-01-26 12:30:00-05:00,186.97000122070312,186.97999572753906,186.76499938964844,186.92999267578125
2024-01-26 13:30:00-05:00,186.9199981689453,186.97999572753906,186.7884063720703,186.7899932861328
2024-01-26 14:30:00-05:00,186.7899932861328,187.0,186.77650451660156,186.97500610351562
2024-01-26 15:30:00-05:00,186.97999572753906,187.0800018310547,186.9521026611328,187.00999450683594
2024-01-29 09:30:00-05:00,188.30999755859375,188.3260040283203,187.1898956298828,187.28199768066406
2024-01-29 10:30:00-05:00,187.28500366210938,187.7899932861328,187.28500366210938,187.74000549316406
2024-01-29 11:30:00-05:00,187.75,188.0850067138672,187.68890380859375,188.05569458007812
2024-01-29 12:30:00-05:00,188.05999755859375,188.17999267578125,187.67999267578125,187.7100067138672
2024-01-29 13:30:00-05:00,187.70010375976562,187.87010192871094,187.61000061035156,187.75
2024-01-29 14:30:00-05:00,187.74000549316406,188.52000427246094,187.69000244140625,188.31500244140625
2024-01-29 15:30:00-05:00,188.31500244140625,188.3800048828125,188.16000366210938,188.3300018310547
2024-01-30 09:30:00-05:00,189.6999969482422,189.8300018310547,187.97500610351562,188.24000549316406
2024-01-30 10:30:00-05:00,188.24000549316406,188.38999938964844,188.07000732421875,188.30999755859375
2024-01-30 11:30:00-05:00,188.32000732421875,188.6300048828125,188.2873992919922,188.53500366210938
2024-01-30 12:30:00-05:00,188.49000549316406,188.52999877929688,188.24000549316406,188.2949981689453
2024-01-30 13:30:00-05:00,188.30999755859375,188.60499572753906,188.19000244140625,188.5749969482422
2024-01-30 14:30:00-05:00,188.5749969482422,188.7012939453125,188.55999755859375,188.6699981689453
2024-01-30 15:30:00-05:00,188.6699981689453,188.67999267578125,188.57000732421875,188.60000610351562
2024-01-31 09:30:00-05:00,189.44000244140625,190.4600067138672,189.36000061035156,190.12399291992188
2024-01-31 10:30:00-05:00,190.1300048828125,190.3000030517578,189.6750030517578,189.97000122070312
2024-01-31 11:30:00-05:00,189.97000122070312,190.0399932861328,189.69000244140625,189.88999938964844
2024-01-31 12:30:00-05:00,189.8800048828125,189.9499969482422,189.7050018310547,189.83999633789062
2024-01-31 13:30:00-05:00,189.82000732421875,189.8800048828125,188.91000366210938,189.2100067138672
2024-01-31 14:30:00-05:00,189.22000122070312,189.99000549316406,188.15069580078125,188.3699951171875
2024-01-31 15:30:00-05:00,188.3699951171875,188.5800018310547,188.1300048828125,188.4499969482422
2024-02-01 09:30:00-05:00,189.77000427246094,189.99000549316406,188.99000549316406,189.7899932861328
2024-02-01 10:30:00-05:00,189.8000030517578,190.97500610351562,189.74000549316406,190.80999755859375
2024-02-01 11:30:00-05:00,190.810302734375,191.36000061035156,190.75399780273438,190.85499572753906
2024-02-01 12:30:00-05:00,190.85499572753906,191.0500030517578,190.02999877929688,190.30999755859375
2024-02-01 13:30:00-05:00,190.3000030517578,190.72000122070312,190.2899932861328,190.49850463867188
2024-02-01 14:30:00-05:00,190.5,190.5500030517578,190.22500610351562,190.3699951171875
2024-02-01 15:30:00-05:00,190.3699951171875,190.44000244140625,190.3350067138672,190.4199981689453
2024-02-02 09:30:00-05:00,188.1699981689453,188.6300048828125,187.85000610351562,188.13999938964844
2024-02-02 10:30:00-05:00,188.1199951171875,188.69000244140625,187.9499969482422,188.47999572753906
2024-02-02 11:30:00-05:00,188.47999572753906,188.74729919433594,188.3300018310547,188.55999755859375
2024-02-02 12:30:00-05:00,188.57000732421875,188.79989624023438,188.4499969482422,188.63999938964844
2024-02-02 13:30:00-05:00,188.63999938964844,188.8699951171875,188.61000061035156,188.70010375976562
2024-02-02 14:30:00-05:00,188.7050018310547,188.85000610351562,188.66000366210938,188.77999877929688
2024-02-02 15:30:00-05:00,188.77000427246094,188.7899932861328,188.60000610351562,188.61000061035156
2024-02-05 09:30:00-05:00,186.875,187.49000549316406,186.8300018310547,187.0449981689453
2024-02-05 10:30:00-05:00,187.02999877929688,187.16000366210938,186.7100067138672,187.16000366210938
2024-02-05 11:30:00-05:00,187.16000366210938,187.44000244140625,187.16000366210938,187.4149932861328
2024-02-05 12:30:00-05:00,187.4199981689453,187.7698974609375,187.39999389648438,187.72999572753906
2024-02-05 13:30:00-05:00,187.74000549316406,187.82000732421875,187.60000610351562,187.722900390625
2024-02-05 14:30:00-05:00,187.72000122070312,187.77000427246094,187.47999572753906,187.60000610351562
2024-02-05 15:30:00-05:00,187.60499572753906,187.69000244140625,187.52999877929688,187.57000732421875
2024-02-06 09:30:00-05:00,187.94000244140625,188.77000427246094,187.74200439453125,188.5500030517578
2024-02-06 10:30:00-05:00,188.55999755859375,188.8000030517578,188.5,188.66000366210938
2024-02-06 11:30:00-05:00,188.6699981689453,188.85400390625,188.23500061035156,188.4499969482422
2024-02-06 12:30:00-05:00,188.4600067138672,188.80499267578125,188.38999938964844,188.50999450683594
2024-02-06 13:30:00-05:00,188.5050048828125,188.66859436035156,188.4949951171875,188.60499572753906
2024-02-06 14:30:00-05:00,188.61000061035156,188.68499755859375,188.5500030517578,188.55990600585938
2024-02-06 15:30:00-05:00,188.55979919433594,188.60000610351562,188.52200317382812,188.56500244140625
2024-02-07 09:30:00-05:00,188.4499969482422,189.38999938964844,188.27999877929688,188.8531036376953
2024-02-07 10:30:00-05:00,188.86000061035156,189.07000732421875,188.7100067138672,188.90499877929688
2024-02-07 11:30:00-05:00,188.93499755859375,188.94850158691406,188.4499969482422,188.4499969482422
2024-02-07 12:30:00-05:00,188.44000244140625,188.7100067138672,188.41000366210938,188.52999877929688
2024-02-07 13:30:00-05:00,188.53500366210938,188.6199951171875,188.39999389648438,188.5500030517578
2024-02-07 14:30:00-05:00,188.55999755859375,188.5749969482422,188.44000244140625,188.51499938964844
2024-02-07 15:30:00-05:00,188.51499938964844,188.5500030517578,188.4499969482422,188.47500610351562
2024-02-08 09:30:00-05:00,187.91000366210938,188.42999267578125,187.8199005126953,188.0294952392578
2024-02-08 10:30:00-05:00,188.0399932861328,188.33009338378906,187.9600067138672,187.99000549316406
2024-02-08 11:30:00-05:00,187.99000549316406,188.22999572753906,187.83079528808594,188.18789672851562
2024-02-08 12:30:00-05:00,188.19000244140625,188.52980041503906,188.13999938964844,188.30499267578125
2024-02-08 13:30:00-05:00,188.30999755859375,188.36000061035156,188.14999389648438,188.2899932861328
2024-02-08 14:30:00-05:00,188.27000427246094,188.36990356445312,188.17010498046875,188.32000732421875
2024-02-08 15:30:00-05:00,188.32200622558594,188.3800048828125,188.2899932861328,188.3000030517578
2024-02-09 09:30:00-05:00,187.55999755859375,187.77000427246094,187.3300018310547,187.42999267578125
2024-02-09 10:30:00-05:00,187.42999267578125,187.5749969482422,187.13999938964844,187.30999755859375
2024-02-09 11:30:00-05:00,187.30999755859375,187.44000244140625,187.16000366210938,187.3000030517578
2024-02-09 12:30:00-05:00,187.3000030517578,187.69000244140625,187.3000030517578,187.50999450683594
2024-02-09 13:30:00-05:00,187.52000427246094,187.6699981689453,187.3699951171875,187.5749969482422
2024-02-09 14:30:00-05:00,187.57000732421875,187.69000244140625,187.4801025390625,187.6699981689453
2024-02-09 15:30:00-05:00,187.6699981689453,187.6750030517578,187.52999877929688,187.5800018310547
2024-02-12 09:30:00-05:00,186.60000610351562,186.97999572753906,186.4600067138672,186.63999938964844
2024-02-12 10:30:00-05:00,186.6199951171875,186.67999267578125,186.36000061035156,186.64999389648438
2024-02-12 11:30:00-05:00,186.64500427246094,186.9149932861328,186.6199951171875,186.88499450683594
2024-02-12 12:30:00-05:00,186.88999938964844,187.14500427246094,186.83999633789062,187.06500244140625
2024-02-12 13:30:00-05:00,187.05999755859375,187.27000427246094,186.97999572753906,187.02000427246094
2024-02-12 14:30:00-05:00,187.01010131835938,187.12030029296875,186.97999572753906,187.0500030517578
2024-02-12 15:30:00-05:00,187.0449981689453,187.16220092773438,187.0301055908203,187.11000061035156
2024-02-13 09:30:00-05:00,185.24000549316406,185.2899932861328,184.3300018310547,184.6699981689453
2024-02-13 10:30:00-05:00,184.64999389648438,184.8800048828125,184.39999389648438,184.6999969482422
2024-02-13 11:30:00-05:00,184.6999969482422,185.0500030517578,184.58999633789062,184.58999633789062
2024-02-13 12:30:00-05:00,184.58999633789062,184.85009765625,184.58999633789062,184.72000122070312
2024-02-13 13:30:00-05:00,184.73500061035156,184.8300018310547,184.47999572753906,184.4801025390625
2024-02-13 14:30:00-05:00,184.47999572753906,184.60499572753906,184.42999267578125,184.5449981689453
2024-02-13 15:30:00-05:00,184.5449981689453,184.65989685058594,184.52999877929688,184.5500030517578
2024-02-14 09:30:00-05:00,184.27000427246094,184.52999877929688,183.77999877929688,184.08990478515625
2024-02-14 10:30:00-05:00,184.07000732421875,184.44000244140625,183.91000366210938,184.4250030517578
2024-02-14 11:30:00-05:00,184.5260009765625,184.64999389648438,184.32000732421875,184.47000122070312
2024-02-14 12:30:00-05:00,184.4600067138672,184.8800048828125,184.39999389648438,184.47000122070312
2024-02-14 13:30:00-05:00,184.47999572753906,184.5800018310547,184.33999633789062,184.3699951171875
2024-02-14 14:30:00-05:00,184.3699951171875,184.5,184.2949981689453,184.3350067138672
2024-02-14 15:30:00-05:00,184.3350067138672,184.44000244140625,184.27999877929688,184.41000366210938
2024-02-15 09:30:00-05:00,185.60000610351562,186.02000427246094,185.42999267578125,185.83999633789062
2024-02-15 10:30:00-05:00,185.86000061035156,185.8800048828125,185.13999938964844,185.1699981689453
2024-02-15 11:30:00-05:00,185.17999267578125,185.4674072265625,185.09500122070312,185.4199981689453
2024-02-15 12:30:00-05:00,185.4199981689453,185.68499755859375,185.4199981689453,185.52999877929688
2024-02-15 13:30:00-05:00,185.5500030517578,185.85000610351562,185.5050048828125,185.60499572753906
2024-02-15 14:30:00-05:00,185.60499572753906,185.7449951171875,185.55999755859375,185.60000610351562
2024-02-15 15:30:00-05:00,185.60000610351562,185.69000244140625,185.60000610351562,185.64999389648438
2024-02-16 09:30:00-05:00,184.99000549316406,185.8800048828125,184.8350067138672,185.85000610351562
2024-02-16 10:30:00-05:00,185.83999633789062,186.3000030517578,185.7100067138672,186.04400634765625
2024-02-16 11:30:00-05:00,186.0500030517578,186.27999877929688,185.92999267578125,186.22999572753906
2024-02-16 12:30:00-05:00,186.22500610351562,186.66000366210938,186.19000244140625,186.39999389648438
2024-02-16 13:30:00-05:00,186.40499877929688,186.6699981689453,186.3800048828125,186.63999938964844
2024-02-16 14:30:00-05:00,186.63999938964844,186.63999938964844,186.3000030517578,186.4199981689453
2024-02-16 15:30:00-05:00,186.40899658203125,186.48500061035156,186.36000061035156,186.36000061035156
2024-02-20 09:30:00-05:00,187.875,188.0,187.5800018310547,187.93499755859375
2024-02-20 10:30:00-05:00,187.9149932861328,188.02999877929688,187.6300048828125,187.8000030517578
2024-02-20 11:30:00-05:00,187.8000030517578,187.86000061035156,187.60000610351562,187.67999267578125
2024-02-20 12:30:00-05:00,187.67999267578125,187.90989685058594,187.6699981689453,187.8800048828125
2024-02-20 13:30:00-05:00,187.8699951171875,187.875,187.69000244140625,187.76499938964844
2024-02-20 14:30:00-05:00,187.7698974609375,187.77999877929688,187.39999389648438,187.5050048828125
2024-02-20 15:30:00-05:00,187.5050048828125,187.5198974609375,187.39999389648438,187.47999572753906
2024-02-21 09:30:00-05:00,187.83999633789062,188.0399932861328,187.7050018310547,187.92100524902344
2024-02-21 10:30:00-05:00,187.92999267578125,187.93499755859375,187.3699951171875,187.49000549316406
2024-02-21 11:30:00-05:00,187.49000549316406,187.625,187.22900390625,187.32000732421875
2024-02-21 12:30:00-05:00,187.33999633789062,187.52000427246094,187.21029663085938,187.3800048828125
2024-02-21 13:30:00-05:00,187.3800048828125,187.64999389648438,187.10000610351562,187.5449981689453
2024-02-21 14:30:00-05:00,187.5399932861328,187.74000549316406,187.47000122070312,187.58999633789062
2024-02-21 15:30:00-05:00,187.5998992919922,187.6551055908203,187.47000122070312,187.47000122070312
2024-02-22 09:30:00-05:00,187.46499633789062,187.63999938964844,187.10000610351562,187.1699981689453
2024-02-22 10:30:00-05:00,187.1699981689453,187.5,187.14999389648438,187.30999755859375
2024-02-22 11:30:00-05:00,187.30499267578125,187.42999267578125,187.0500030517578,187.41000366210938
2024-02-22 12:30:00-05:00,187.4199981689453,187.50999450683594,187.0500030517578,187.1699981689453
2024-02-22 13:30:00-05:00,187.17999267578125,187.39999389648438,187.1199951171875,187.3699951171875
2024-02-22 14:30:00-05:00,187.3699951171875,187.4199981689453,187.30999755859375,187.3800048828125
2024-02-22 15:30:00-05:00,187.3800048828125,187.5399932861328,187.35400390625,187.5399932861328
2024-02-23 09:30:00-05:00,187.55999755859375,187.89999389648438,187.4600067138672,187.75
2024-02-23 10:30:00-05:00,187.75,188.4199981689453,187.74000549316406,188.3173065185547
2024-02-23 11:30:00-05:00,188.32000732421875,188.93499755859375,188.32000732421875,188.61500549316406
2024-02-23 12:30:00-05:00,188.6300048828125,188.8800048828125,188.625,188.86000061035156
2024-02-23 13:30:00-05:00,188.83999633789062,189.17999267578125,188.72000122070312,188.80189514160156
2024-02-23 14:30:00-05:00,188.8000030517578,188.8350067138672,188.55999755859375,188.61500549316406
2024-02-23 15:30:00-05:00,188.61500549316406,188.6300048828125,188.52499389648438,188.61000061035156
2024-02-26 09:30:00-05:00,187.67999267578125,187.91000366210938,187.5800018310547,187.7100067138672
2024-02-26 10:30:00-05:00,187.72000122070312,188.0050048828125,187.52999877929688,187.77000427246094
2024-02-26 11:30:00-05:00,187.77999877929688,187.8498992919922,187.67010498046875,187.8300018310547
2024-02-26 12:30:00-05:00,187.80999755859375,188.01600646972656,187.7133026123047,187.99000549316406
2024-02-26 13:30:00-05:00,187.99000549316406,188.02499389648438,187.875,187.89999389648438
2024-02-26 14:30:00-05:00,187.89500427246094,188.31500244140625,187.8699951171875,188.29200744628906
2024-02-26 15:30:00-05:00,188.29989624023438,188.36000061035156,188.17999267578125,188.22000122070312
2024-02-27 09:30:00-05:00,188.55999755859375,188.72000122070312,188.33999633789062,188.4199981689453
2024-02-27 10:30:00-05:00,188.3939971923828,188.5299072265625,188.1649932861328,188.36500549316406
2024-02-27 11:30:00-05:00,188.3699951171875,188.38999938964844,188.00010681152344,188.02000427246094
2024-02-27 12:30:00-05:00,188.00999450683594,188.55499267578125,187.985107421875,188.41000366210938
2024-02-27 13:30:00-05:00,188.39999389648438,188.39999389648438,187.99989318847656,188.07000732421875
2024-02-27 14:30:00-05:00,188.07000732421875,188.10000610351562,187.8800048828125,187.9149932861328
2024-02-27 15:30:00-05:00,187.9199981689453,188.07000732421875,187.9199981689453,188.00999450683594
2024-02-28 09:30:00-05:00,188.33999633789062,188.3699951171875,188.0301055908203,188.27999877929688
2024-02-28 10:30:00-05:00,188.27000427246094,188.3699951171875,188.14999389648438,188.3300018310547
2024-02-28 11:30:00-05:00,188.3300018310547,188.52000427246094,188.17999267578125,188.32789611816406
2024-02-28 12:30:00-05:00,188.32000732421875,188.44500732421875,188.2050018310547,188.30999755859375
2024-02-28 13:30:00-05:00,188.3000030517578,188.34500122070312,188.06500244140625,188.1649932861328
2024-02-28 14:30:00-05:00,188.16000366210938,188.3800048828125,188.09280395507812,188.3798065185547
2024-02-28 15:30:00-05:00,188.3699951171875,188.3800048828125,188.30999755859375,188.33999633789062
2024-02-29 09:30:00-05:00,189.63999938964844,189.91799926757812,189.46690368652344,189.72520446777344
2024-02-29 10:30:00-05:00,189.7449951171875,189.83009338378906,189.3350067138672,189.36500549316406
2024-02-29 11:30:00-05:00,189.36000061035156,189.50999450683594,189.26010131835938,189.3300018310547
2024-02-29 12:30:00-05:00,189.3300018310547,189.55599975585938,189.22999572753906,189.4600067138672
2024-02-29 13:30:00-05:00,189.4550018310547,189.5399932861328,189.38499450683594,189.5050048828125
2024-02-29 14:30:00-05:00,189.5,189.54989624023438,189.2949981689453,189.3350067138672
2024-02-29 15:30:00-05:00,189.3300018310547,189.33999633789062,189.25,189.2899932861328
2024-03-01 09:30:00-05:00,190.27000427246094,191.10000610351562,189.44000244140625,191.10000610351562
2024-03-01 10:30:00-05:00,191.11000061035156,192.3000030517578,190.94500732421875,192.0850067138672
2024-03-01 11:30:00-05:00,192.08999633789062,193.14999389648438,192.0500030517578,192.99000549316406
2024-03-01 12:30:00-05:00,193.0,193.3000030517578,192.83999633789062,193.2100067138672
2024-03-01 13:30:00-05:00,193.22000122070312,193.39999389648438,193.07989501953125,193.125
2024-03-01 14:30:00-05:00,193.1300048828125,193.25999450683594,192.9600067138672,193.07009887695312
2024-03-01 15:30:00-05:00,193.07000732421875,193.07220458984375,192.89999389648438,192.94000244140625
2024-03-04 09:30:00-05:00,194.14999389648438,194.75,193.8800048828125,194.58999633789062
2024-03-04 10:30:00-05:00,194.5800018310547,195.97999572753906,194.57000732421875,195.74839782714844
2024-03-04 11:30:00-05:00,195.72999572753906,196.32989501953125,195.72999572753906,195.9550018310547
2024-03-04 12:30:00-05:00,195.9499969482422,196.22999572753906,195.94000244140625,196.09500122070312
2024-03-04 13:30:00-05:00,196.08999633789062,196.10499572753906,195.72000122070312,195.97999572753906
2024-03-04 14:30:00-05:00,196.0,196.08999633789062,195.91000366210938,196.0800018310547
2024-03-04 15:30:00-05:00,196.0800018310547,196.19500732421875,195.97999572753906,196.00999450683594
2024-03-05 09:30:00-05:00,197.44000244140625,198.13999938964844,196.7899932861328,197.35499572753906
2024-03-05 10:30:00-05:00,197.3699951171875,197.7100067138672,196.67999267578125,196.89120483398438
2024-03-05 11:30:00-05:00,196.91000366210938,197.24220275878906,196.64999389648438,197.21949768066406
2024-03-05 12:30:00-05:00,197.2100067138672,197.57000732421875,197.05999755859375,197.57000732421875
2024-03-05 13:30:00-05:00,197.55499267578125,197.7100067138672,197.24000549316406,197.59010314941406
2024-03-05 14:30:00-05:00,197.60000610351562,197.61000061035156,197.13999938964844,197.2949981689453
2024-03-05 15:30:00-05:00,197.2949981689453,197.3300018310547,197.10000610351562,197.2050018310547
2024-03-06 09:30:00-05:00,198.0800018310547,199.02000427246094,197.44000244140625,198.26400756835938
2024-03-06 10:30:00-05:00,198.24000549316406,198.88999938964844,198.01400756835938,198.75999450683594
2024-03-06 11:30:00-05:00,198.77000427246094,199.10000610351562,198.38499450683594,198.5399932861328
2024-03-06 12:30:00-05:00,198.5500030517578,199.1999969482422,198.34500122070312,199.16000366210938
2024-03-06 13:30:00-05:00,199.2050018310547,199.3000030517578,198.24000549316406,198.27000427246094
2024-03-06 14:30:00-05:00,198.27999877929688,198.64500427246094,198.11000061035156,198.63999938964844
2024-03-06 15:30:00-05:00,198.63999938964844,198.86000061035156,198.63499450683594,198.8000030517578
2024-03-07 09:30:00-05:00,199.5399932861328,199.8000030517578,198.91000366210938,199.36000061035156
2024-03-07 10:30:00-05:00,199.33999633789062,199.88499450683594,199.02999877929688,199.83999633789062
2024-03-07 11:30:00-05:00,199.74000549316406,199.9149932861328,199.58999633789062,199.75
2024-03-07 12:30:00-05:00,199.75999450683594,199.9600067138672,199.59030151367188,199.8300018310547
2024-03-07 13:30:00-05:00,199.8300018310547,199.93499755859375,199.66000366210938,199.9300994873047
2024-03-07 14:30:00-05:00,199.93499755859375,200.11000061035156,199.8350067138672,200.0500030517578
2024-03-07 15:30:00-05:00,200.0493927001953,200.05999755859375,199.8300018310547,199.9199981689453
2024-03-08 09:30:00-05:00,200.94000244140625,201.2899932861328,200.44590759277344,200.9499969482422
2024-03-08 10:30:00-05:00,200.9600067138672,201.6540069580078,200.92999267578125,201.3699951171875
2024-03-08 11:30:00-05:00,201.3800048828125,203.3000030517578,201.37770080566406,203.07000732421875
2024-03-08 12:30:00-05:00,203.0800018310547,203.27499389648438,201.50999450683594,201.75
2024-03-08 13:30:00-05:00,201.75999450683594,201.875,200.78500366210938,201.41000366210938
2024-03-08 14:30:00-05:00,201.42999267578125,201.67999267578125,201.42999267578125,201.5800018310547
2024-03-08 15:30:00-05:00,201.58999633789062,201.72000122070312,201.52999877929688,201.6199951171875
2024-03-11 09:30:00-04:00,201.7100067138672,202.3300018310547,201.4600067138672,201.97999572753906
2024-03-11 10:30:00-04:00,202.0,202.30999755859375,201.85000610351562,202.19000244140625
2024-03-11 11:30:00-04:00,202.17999267578125,202.41000366210938,201.9499969482422,202.0
2024-03-11 12:30:00-04:00,201.9949951171875,202.25,201.72999572753906,202.05470275878906
2024-03-11 13:30:00-04:00,202.0399932861328,202.0399932861328,201.6199951171875,201.63999938964844
2024-03-11 14:30:00-04:00,201.64999389648438,202.2550048828125,201.60000610351562,202.17999267578125
2024-03-11 15:30:00-04:00,202.1699981689453,202.22500610351562,201.9600067138672,202.0
2024-03-12 09:30:00-04:00,200.33999633789062,200.4600067138672,199.33999633789062,200.14999389648438
2024-03-12 10:30:00-04:00,200.13999938964844,200.6199951171875,199.80499267578125,200.0399932861328
2024-03-12 11:30:00-04:00,200.0399932861328,200.47000122070312,200.02000427246094,200.2550048828125
2024-03-12 12:30:00-04:00,200.24000549316406,200.62770080566406,200.00999450683594,200.09979248046875
2024-03-12 13:30:00-04:00,200.08999633789062,200.1199951171875,199.38999938964844,199.57000732421875
2024-03-12 14:30:00-04:00,199.61000061035156,199.6999969482422,199.16000366210938,199.55999755859375
2024-03-12 15:30:00-04:00,199.56500244140625,199.7899932861328,199.52279663085938,199.7899932861328
2024-03-13 09:30:00-04:00,200.44000244140625,201.07000732421875,200.35000610351562,200.68150329589844
2024-03-13 10:30:00-04:00,200.6699981689453,201.3699951171875,200.58599853515625,201.32000732421875
2024-03-13 11:30:00-04:00,201.30999755859375,201.32000732421875,200.91000366210938,201.27000427246094
2024-03-13 12:30:00-04:00,201.25999450683594,201.86000061035156,201.02000427246094,201.44000244140625
2024-03-13 13:30:00-04:00,201.44500732421875,201.6300048828125,201.33999633789062,201.47000122070312
2024-03-13 14:30:00-04:00,201.47999572753906,201.5500030517578,201.24110412597656,201.3699951171875
2024-03-13 15:30:00-04:00,201.36000061035156,201.36000061035156,201.10000610351562,201.17999267578125
2024-03-14 09:30:00-04:00,200.3699951171875,200.4600067138672,199.7949981689453,200.19000244140625
2024-03-14 10:30:00-04:00,200.1999969482422,200.3300018310547,199.74000549316406,199.77000427246094
2024-03-14 11:30:00-04:00,199.77000427246094,200.03509521484375,199.33999633789062,199.9600067138672
2024-03-14 12:30:00-04:00,199.9499969482422,200.47000122070312,199.80990600585938,200.3000030517578
2024-03-14 13:30:00-04:00,200.3000030517578,200.33999633789062,200.00990295410156,200.19000244140625
2024-03-14 14:30:00-04:00,200.1750030517578,200.24000549316406,200.0800018310547,200.21249389648438
2024-03-14 15:30:00-04:00,200.2100067138672,200.35000610351562,200.2050018310547,200.33999633789062
2024-03-15 09:30:00-04:00,199.94000244140625,200.4199981689453,199.6999969482422,200.125
2024-03-15 10:30:00-04:00,200.0800018310547,200.63400268554688,200.00999450683594,200.08999633789062
2024-03-15 11:30:00-04:00,200.0850067138672,200.3249969482422,199.83999633789062,200.3000030517578
2024-03-15 12:30:00-04:00,200.2899932861328,200.3300018310547,199.75999450683594,199.80999755859375
2024-03-15 13:30:00-04:00,199.72000122070312,199.8800048828125,199.57000732421875,199.8000030517578
2024-03-15 14:30:00-04:00,199.7902069091797,200.02999877929688,199.7899932861328,199.8300018310547
2024-03-15 15:30:00-04:00,199.8350067138672,199.8350067138672,199.6699981689453,199.72000122070312
2024-03-18 09:30:00-04:00,199.64700317382812,200.07510375976562,199.61000061035156,200.0050048828125
2024-03-18 10:30:00-04:00,199.9949951171875,200.14500427246094,199.75,200.09500122070312
2024-03-18 11:30:00-04:00,200.1199951171875,200.1199951171875,199.50999450683594,199.83999633789062
2024-03-18 12:30:00-04:00,199.85000610351562,200.08999633789062,199.77999877929688,200.08999633789062
2024-03-18 13:30:00-04:00,200.0800018310547,200.11000061035156,199.83970642089844,199.94009399414062
2024-03-18 14:30:00-04:00,199.9501953125,200.11000061035156,199.9501953125,200.0850067138672
2024-03-18 15:30:00-04:00,200.0800018310547,200.11000061035156,199.9600067138672,200.02000427246094
2024-03-19 09:30:00-04:00,199.6199951171875,199.6300048828125,198.93499755859375,199.3350067138672
2024-03-19 10:30:00-04:00,199.33999633789062,199.58999633789062,199.1396026611328,199.39500427246094
2024-03-19 11:30:00-04:00,199.39999389648438,199.63499450683594,199.25,199.58999633789062
2024-03-19 12:30:00-04:00,199.56500244140625,199.7100067138672,199.360107421875,199.6699981689453
2024-03-19 13:30:00-04:00,199.6699981689453,199.75,199.5850067138672,199.66000366210938
2024-03-19 14:30:00-04:00,199.66000366210938,199.8000030517578,199.6300048828125,199.76010131835938
2024-03-19 15:30:00-04:00,199.75,199.80999755859375,199.64999389648438,199.8000030517578
2024-03-20 09:30:00-04:00,199.16000366210938,200.4600067138672,199.1199951171875,200.10000610351562
2024-03-20 10:30:00-04:00,200.0800018310547,200.0800018310547,199.61000061035156,199.67999267578125
2024-03-20 11:30:00-04:00,199.6300048828125,199.85000610351562,199.50999450683594,199.74000549316406
2024-03-20 12:30:00-04:00,199.73500061035156,199.8699951171875,199.67999267578125,199.81500244140625
2024-03-20 13:30:00-04:00,199.82000732421875,201.41000366210938,199.72999572753906,200.8300018310547
2024-03-20 14:30:00-04:00,200.83999633789062,202.66000366210938,200.2100067138672,202.58999633789062
2024-03-20 15:30:00-04:00,202.5800018310547,202.59249877929688,201.92999267578125,202.125
2024-03-21 09:30:00-04:00,203.8800048828125,203.9199981689453,201.5399932861328,201.55999755859375
2024-03-21 10:30:00-04:00,201.5500030517578,201.99000549316406,200.60000610351562,200.7050018310547
2024-03-21 11:30:00-04:00,200.6999969482422,201.72000122070312,200.6699981689453,201.6199951171875
2024-03-21 12:30:00-04:00,201.6199951171875,202.19000244140625,201.5,202.1199951171875
2024-03-21 13:30:00-04:00,202.0800018310547,202.15499877929688,201.7899932861328,201.97000122070312
2024-03-21 14:30:00-04:00,201.97000122070312,202.2100067138672,201.92999267578125,202.0399932861328
2024-03-21 15:30:00-04:00,202.04010009765625,202.05999755859375,201.86000061035156,201.98500061035156
2024-03-22 09:30:00-04:00,201.32000732421875,201.86000061035156,201.16000366210938,201.37130737304688
2024-03-22 10:30:00-04:00,201.34829711914062,201.47000122070312,200.6300048828125,200.85000610351562
2024-03-22 11:30:00-04:00,200.8300018310547,200.8350067138672,200.4600067138672,200.5
2024-03-22 12:30:00-04:00,200.49000549316406,200.52000427246094,199.71499633789062,199.8300018310547
2024-03-22 13:30:00-04:00,199.8300018310547,200.41990661621094,199.77999877929688,200.33999633789062
2024-03-22 14:30:00-04:00,200.35000610351562,200.35499572753906,200.16000366210938,200.27999877929688
2024-03-22 15:30:00-04:00,200.27999877929688,200.47000122070312,200.24000549316406,200.33999633789062
2024-03-25 09:30:00-04:00,201.19000244140625,201.9499969482422,201.19000244140625,201.60499572753906
2024-03-25 10:30:00-04:00,201.59500122070312,201.75999450683594,201.3699951171875,201.4199981689453
2024-03-25 11:30:00-04:00,201.41000366210938,201.6300048828125,201.36000061035156,201.58999633789062
2024-03-25 12:30:00-04:00,201.5800018310547,201.61000061035156,201.31500244140625,201.4199981689453
2024-03-25 13:30:00-04:00,201.4199981689453,201.50999450683594,201.19000244140625,201.2899932861328
2024-03-25 14:30:00-04:00,201.2740020751953,201.3000030517578,200.97000122070312,201.1324005126953
2024-03-25 15:30:00-04:00,201.1300048828125,201.19000244140625,200.96499633789062,200.99000549316406
2024-03-26 09:30:00-04:00,202.64999389648438,202.75999450683594,201.6699981689453,202.0500030517578
2024-03-26 10:30:00-04:00,202.0399932861328,202.1699981689453,201.3300018310547,201.6300048828125
2024-03-26 11:30:00-04:00,201.64500427246094,201.64500427246094,201.07000732421875,201.5399932861328
2024-03-26 12:30:00-04:00,201.5399932861328,201.69000244140625,201.47000122070312,201.55499267578125
2024-03-26 13:30:00-04:00,201.5438995361328,201.77000427246094,201.47000122070312,201.56399536132812
2024-03-26 14:30:00-04:00,201.57000732421875,201.70989990234375,201.52000427246094,201.52999877929688
2024-03-26 15:30:00-04:00,201.5399932861328,201.6750030517578,201.5399932861328,201.63999938964844
2024-03-27 09:30:00-04:00,202.32000732421875,203.11000061035156,202.32000732421875,202.94000244140625
2024-03-27 10:30:00-04:00,202.9499969482422,203.22000122070312,202.6999969482422,202.7006072998047
2024-03-27 11:30:00-04:00,202.6999969482422,202.92999267578125,202.55999755859375,202.8699951171875
2024-03-27 12:30:00-04:00,202.89999389648438,203.11000061035156,202.83999633789062,202.9149932861328
2024-03-27 13:30:00-04:00,202.92999267578125,202.9499969482422,202.66000366210938,202.75999450683594
2024-03-27 14:30:00-04:00,202.7550048828125,202.96600341796875,202.7550048828125,202.86529541015625
2024-03-27 15:30:00-04:00,202.86500549316406,203.14999389648438,202.8000030517578,203.0500030517578
2024-03-28 09:30:00-04:00,204.5399932861328,204.65570068359375,203.8699951171875,204.26499938964844
2024-03-28 10:30:00-04:00,204.2899932861328,205.24000549316406,204.2899932861328,205.0749969482422
2024-03-28 11:30:00-04:00,205.0800018310547,205.4600067138672,204.89999389648438,205.44000244140625
2024-03-28 12:30:00-04:00,205.44000244140625,206.0500030517578,205.22999572753906,205.32000732421875
2024-03-28 13:30:00-04:00,205.32000732421875,205.75999450683594,205.32000732421875,205.66000366210938
2024-03-28 14:30:00-04:00,205.6649932861328,205.67999267578125,205.36000061035156,205.48500061035156
2024-03-28 15:30:00-04:00,205.47500610351562,205.75,205.4199981689453,205.72000122070312
2024-04-01 09:30:00-04:00,208.67999267578125,208.72999572753906,206.52000427246094,206.72999572753906
2024-04-01 10:30:00-04:00,206.7100067138672,207.35499572753906,206.2899932861328,207.3000030517578
2024-04-01 11:30:00-04:00,207.3000030517578,207.66000366210938,207.11000061035156,207.5500030517578
2024-04-01 12:30:00-04:00,207.5399932861328,207.72000122070312,206.87399291992188,207.05499267578125
2024-04-01 13:30:00-04:00,207.07000732421875,207.49000549316406,207.04010009765625,207.41000366210938
2024-04-01 14:30:00-04:00,207.39999389648438,207.53500366210938,207.27000427246094,207.47500610351562
2024-04-01 15:30:00-04:00,207.47500610351562,207.8300018310547,207.3699951171875,207.8249969482422
2024-04-02 09:30:00-04:00,209.07000732421875,210.7989959716797,209.02999877929688,210.63499450683594
2024-04-02 10:30:00-04:00,210.66000366210938,210.77000427246094,208.64999389648438,208.8000030517578
2024-04-02 11:30:00-04:00,208.7899932861328,209.24000549316406,208.36000061035156,209.02000427246094
2024-04-02 12:30:00-04:00,209.02000427246094,209.4499969482422,209.02000427246094,209.33999633789062
2024-04-02 13:30:00-04:00,209.3350067138672,210.40499877929688,209.2899932861328,210.27000427246094
2024-04-02 14:30:00-04:00,210.27499389648438,210.6300048828125,210.00999450683594,210.47999572753906
2024-04-02 15:30:00-04:00,210.49000549316406,211.02999877929688,210.4149932861328,210.86000061035156
2024-04-03 09:30:00-04:00,210.57000732421875,211.55999755859375,210.3000030517578,210.69000244140625
2024-04-03 10:30:00-04:00,210.6999969482422,211.7449951171875,210.52999877929688,211.7100067138672
2024-04-03 11:30:00-04:00,211.72000122070312,212.27000427246094,211.16000366210938,212.15989685058594
2024-04-03 12:30:00-04:00,212.14999389648438,212.49000549316406,211.91000366210938,212.44000244140625
2024-04-03 13:30:00-04:00,212.4199981689453,212.52000427246094,212.14999389648438,212.41690063476562
2024-04-03 14:30:00-04:00,212.42999267578125,212.8300018310547,212.42999267578125,212.53509521484375
2024-04-03 15:30:00-04:00,212.53500366210938,212.7449951171875,212.4499969482422,212.7100067138672
2024-04-04 09:30:00-04:00,212.0,212.74000549316406,211.49000549316406,212.6999969482422
2024-04-04 10:30:00-04:00,212.72000122070312,212.8699951171875,212.18499755859375,212.3300018310547
2024-04-04 11:30:00-04:00,212.27999877929688,212.37449645996094,211.94500732421875,212.11000061035156
2024-04-04 12:30:00-04:00,212.1199951171875,212.1699981689453,211.6699981689453,211.92999267578125
2024-04-04 13:30:00-04:00,211.94000244140625,213.1699981689453,211.92999267578125,212.87989807128906
2024-04-04 14:30:00-04:00,212.86500549316406,213.4499969482422,212.07000732421875,212.4499969482422
2024-04-04 15:30:00-04:00,212.4499969482422,212.52999877929688,211.02000427246094,211.52999877929688
2024-04-05 09:30:00-04:00,212.49000549316406,214.0,212.22000122070312,213.97000122070312
2024-04-05 10:30:00-04:00,213.99000549316406,215.4600067138672,213.89999389648438,215.1999969482422
2024-04-05 11:30:00-04:00,215.22000122070312,215.64999389648438,214.91000366210938,215.24000549316406
2024-04-05 12:30:00-04:00,215.26499938964844,215.74000549316406,215.17999267578125,215.27999877929688
2024-04-05 13:30:00-04:00,215.27999877929688,215.55499267578125,215.11000061035156,215.34010314941406
2024-04-05 14:30:00-04:00,215.35000610351562,215.46499633789062,214.8300018310547,215.05999755859375
2024-04-05 15:30:00-04:00,215.05499267578125,215.13999938964844,214.94000244140625,215.11000061035156
2024-04-08 09:30:00-04:00,215.8800048828125,216.22000122070312,214.61000061035156,215.3249969482422
2024-04-08 10:30:00-04:00,215.25,215.8300018310547,215.17999267578125,215.75
2024-04-08 11:30:00-04:00,215.75999450683594,215.83999633789062,215.30999755859375,215.58999633789062
2024-04-08 12:30:00-04:00,215.6199951171875,215.89999389648438,215.3300018310547,215.8800048828125
2024-04-08 13:30:00-04:00,215.88999938964844,216.8000030517578,215.88499450683594,216.77000427246094
2024-04-08 14:30:00-04:00,216.77000427246094,216.80999755859375,216.39500427246094,216.55999755859375
2024-04-08 15:30:00-04:00,216.55499267578125,216.6699981689453,216.35000610351562,216.47500610351562
2024-04-09 09:30:00-04:00,217.80999755859375,218.77999877929688,217.77999877929688,218.57000732421875
2024-04-09 10:30:00-04:00,218.60000610351562,218.86000061035156,216.97000122070312,217.16000366210938
2024-04-09 11:30:00-04:00,217.16000366210938,217.3800048828125,216.4499969482422,217.23500061035156
2024-04-09 12:30:00-04:00,217.23699951171875,217.25,216.7628936767578,216.98500061035156
2024-04-09 13:30:00-04:00,216.97999572753906,217.50999450683594,216.9600067138672,217.44000244140625
2024-04-09 14:30:00-04:00,217.4600067138672,217.5399932861328,217.11000061035156,217.27999877929688
2024-04-09 15:30:00-04:00,217.27000427246094,217.7100067138672,217.22000122070312,217.66360473632812
2024-04-10 09:30:00-04:00,215.3699951171875,217.77999877929688,214.80999755859375,217.1999969482422
2024-04-10 10:30:00-04:00,217.19000244140625,217.75999450683594,215.75999450683594,216.36000061035156
2024-04-10 11:30:00-04:00,216.3699951171875,216.79010009765625,216.16000366210938,216.30999755859375
2024-04-10 12:30:00-04:00,216.32000732421875,216.6300048828125,215.3000030517578,215.64500427246094
2024-04-10 13:30:00-04:00,215.63999938964844,217.1199951171875,215.63999938964844,216.25999450683594
2024-04-10 14:30:00-04:00,216.2100067138672,216.27999877929688,215.33999633789062,215.61000061035156
2024-04-10 15:30:00-04:00,215.58999633789062,215.77000427246094,215.58999633789062,215.6199951171875
2024-04-11 09:30:00-04:00,216.85000610351562,217.2899932861328,216.13999938964844,216.33999633789062
2024-04-11 10:30:00-04:00,216.3800048828125,216.7949981689453,215.88999938964844,216.46499633789062
2024-04-11 11:30:00-04:00,216.47000122070312,217.22999572753906,216.4001007080078,216.96499633789062
2024-04-11 12:30:00-04:00,216.92999267578125,218.2100067138672,216.9199981689453,218.0050048828125
2024-04-11 13:30:00-04:00,218.0050048828125,218.7899932861328,217.8800048828125,218.64500427246094
2024-04-11 14:30:00-04:00,218.64999389648438,218.97000122070312,218.61000061035156,218.88999938964844
2024-04-11 15:30:00-04:00,218.8800048828125,219.83999633789062,218.64295959472656,219.69000244140625
2024-04-12 09:30:00-04:00,221.8699951171875,224.0780029296875,221.5500030517578,223.47360229492188
2024-04-12 10:30:00-04:00,223.47999572753906,225.08999633789062,221.5800018310547,221.6999969482422
2024-04-12 11:30:00-04:00,221.72000122070312,222.14999389648438,219.66000366210938,219.77999877929688
2024-04-12 12:30:00-04:00,219.8000030517578,220.0,217.6999969482422,218.1800994873047
2024-04-12 13:30:00-04:00,218.22000122070312,218.3300018310547,217.02999877929688,217.14999389648438
2024-04-12 14:30:00-04:00,217.13999938964844,217.32000732421875,216.02000427246094,216.77000427246094
2024-04-12 15:30:00-04:00,216.7899932861328,217.10499572753906,216.39999389648438,216.88999938964844
2024-04-15 09:30:00-04:00,217.94000244140625,218.0500030517578,215.16000366210938,215.94000244140625
2024-04-15 10:30:00-04:00,216.0,217.77000427246094,215.99000549316406,217.65890502929688
2024-04-15 11:30:00-04:00,217.66000366210938,217.8000030517578,217.0500030517578,217.40499877929688
2024-04-15 12:30:00-04:00,217.3990020751953,219.16000366210938,217.1999969482422,219.1300048828125
2024-04-15 13:30:00-04:00,219.1199951171875,219.44000244140625,218.67999267578125,219.14999389648438
2024-04-15 14:30:00-04:00,219.1300048828125,221.02999877929688,219.1199951171875,220.72000122070312
2024-04-15 15:30:00-04:00,220.7133026123047,221.0,220.45199584960938,220.92999267578125
2024-04-16 09:30:00-04:00,220.17999267578125,220.19000244140625,218.77999877929688,219.0500030517578
2024-04-16 10:30:00-04:00,219.07000732421875,221.53619384765625,219.0399932861328,220.32000732421875
2024-04-16 11:30:00-04:00,220.2899932861328,221.39999389648438,220.1699981689453,221.13999938964844
2024-04-16 12:30:00-04:00,221.14999389648438,221.99000549316406,220.8800048828125,221.2100067138672
2024-04-16 13:30:00-04:00,221.2100067138672,221.8300018310547,220.2899932861328,221.16000366210938
2024-04-16 14:30:00-04:00,221.19000244140625,221.72999572753906,220.97500610351562,221.66009521484375
2024-04-16 15:30:00-04:00,221.69000244140625,221.69500732421875,221.14999389648438,221.22000122070312
2024-04-17 09:30:00-04:00,221.0500030517578,221.72000122070312,220.85000610351562,221.4250030517578
2024-04-17 10:30:00-04:00,221.4199981689453,221.75999450683594,220.61099243164062,220.75999450683594
2024-04-17 11:30:00-04:00,220.77000427246094,221.0399932861328,220.19000244140625,220.27000427246094
2024-04-17 12:30:00-04:00,220.28990173339844,220.28990173339844,218.52000427246094,219.57000732421875
2024-04-17 13:30:00-04:00,219.5800018310547,220.2100067138672,219.40499877929688,219.9199981689453
2024-04-17 14:30:00-04:00,219.94000244140625,220.1750030517578,219.16000366210938,219.40969848632812
2024-04-17 15:30:00-04:00,219.5,219.6999969482422,219.38999938964844,219.61000061035156
2024-04-18 09:30:00-04:00,221.30999755859375,221.45989990234375,219.88999938964844,220.00999450683594
2024-04-18 10:30:00-04:00,220.02999877929688,220.72000122070312,219.31199645996094,220.67999267578125
2024-04-18 11:30:00-04:00,220.69000244140625,220.82000732421875,220.16000366210938,220.74000549316406
2024-04-18 12:30:00-04:00,220.74000549316406,221.17999267578125,220.52000427246094,220.5800018310547
2024-04-18 13:30:00-04:00,220.5749969482422,220.8000030517578,220.25999450683594,220.47000122070312
2024-04-18 14:30:00-04:00,220.49000549316406,220.7899932861328,220.1199951171875,220.17999267578125
2024-04-18 15:30:00-04:00,220.1699981689453,220.4600067138672,220.16000366210938,220.30999755859375
2024-04-19 09:30:00-04:00,220.49000549316406,221.3699951171875,220.14500427246094,221.0800018310547
2024-04-19 10:30:00-04:00,221.0850067138672,221.8000030517578,220.83999633789062,221.52499389648438
2024-04-19 11:30:00-04:00,221.50999450683594,221.72999572753906,221.1750030517578,221.32000732421875
2024-04-19 12:30:00-04:00,221.33999633789062,222.36000061035156,221.33999633789062,221.99000549316406
2024-04-19 13:30:00-04:00,221.97999572753906,222.16000366210938,221.4550018310547,221.6999969482422
2024-04-19 14:30:00-04:00,221.67999267578125,221.9949951171875,221.5200958251953,221.5399932861328
2024-04-19 15:30:00-04:00,221.5399932861328,221.63999938964844,220.91000366210938,221.0
2024-04-22 09:30:00-04:00,216.35000610351562,216.6300048828125,215.63999938964844,216.61000061035156
2024-04-22 10:30:00-04:00,216.625,216.95779418945312,215.9199981689453,216.0399932861328
2024-04-22 11:30:00-04:00,216.05499267578125,216.39999389648438,215.6199951171875,215.8000030517578
2024-04-22 12:30:00-04:00,215.80999755859375,216.11500549316406,215.55999755859375,215.89999389648438
2024-04-22 13:30:00-04:00,215.91000366210938,216.0,215.13999938964844,215.22999572753906
2024-04-22 14:30:00-04:00,215.43499755859375,215.80999755859375,215.22999572753906,215.60009765625
2024-04-22 15:30:00-04:00,215.60499572753906,215.7550048828125,215.5399932861328,215.5800018310547
2024-04-23 09:30:00-04:00,213.9600067138672,215.86000061035156,213.8699951171875,214.94500732421875
2024-04-23 10:30:00-04:00,214.97999572753906,215.14999389648438,214.25,215.00999450683594
2024-04-23 11:30:00-04:00,215.02999877929688,215.4199981689453,214.66000366210938,215.360107421875
2024-04-23 12:30:00-04:00,215.3800048828125,215.7949981689453,215.24000549316406,215.52999877929688
2024-04-23 13:30:00-04:00,215.52000427246094,215.625,215.1999969482422,215.39999389648438
2024-04-23 14:30:00-04:00,215.38999938964844,215.40989685058594,214.9600067138672,215.0800018310547
2024-04-23 15:30:00-04:00,215.06500244140625,215.09500122070312,214.85000610351562,214.9600067138672
2024-04-24 09:30:00-04:00,214.75999450683594,215.3000030517578,214.36000061035156,214.92999267578125
2024-04-24 10:30:00-04:00,214.9499969482422,216.35000610351562,214.86990356445312,215.77999877929688
2024-04-24 11:30:00-04:00,215.7899932861328,215.8000030517578,214.88999938964844,215.0500030517578
2024-04-24 12:30:00-04:00,215.0500030517578,215.72000122070312,214.98269653320312,215.14990234375
2024-04-24 13:30:00-04:00,215.14999389648438,215.27000427246094,214.8699951171875,214.91000366210938
2024-04-24 14:30:00-04:00,214.88999938964844,214.97000122070312,214.6199951171875,214.9199981689453
2024-04-24 15:30:00-04:00,214.9199981689453,214.9600067138672,214.5500030517578,214.64999389648438
2024-04-25 09:30:00-04:00,214.47000122070312,215.3300018310547,214.335693359375,215.1999969482422
2024-04-25 10:30:00-04:00,215.22000122070312,217.0500030517578,215.17999267578125,215.92999267578125
2024-04-25 11:30:00-04:00,215.92999267578125,216.1199951171875,215.0399932861328,215.44500732421875
2024-04-25 12:30:00-04:00,215.43499755859375,215.75999450683594,215.3000030517578,215.6999969482422
2024-04-25 13:30:00-04:00,215.61000061035156,216.1300048828125,215.55999755859375,215.77999877929688
2024-04-25 14:30:00-04:00,215.7899932861328,216.22000122070312,215.75,216.16000366210938
2024-04-25 15:30:00-04:00,216.13999938964844,216.27000427246094,215.80999755859375,215.92999267578125
2024-04-26 09:30:00-04:00,216.77000427246094,217.06759643554688,216.27999877929688,216.61000061035156
2024-04-26 10:30:00-04:00,216.52999877929688,216.61000061035156,215.52999877929688,215.9801025390625
2024-04-26 11:30:00-04:00,215.97000122070312,216.47999572753906,215.81500244140625,216.2100067138672
2024-04-26 12:30:00-04:00,216.2100067138672,216.40499877929688,215.91000366210938,216.19000244140625
2024-04-26 13:30:00-04:00,216.18499755859375,216.67999267578125,216.08999633789062,216.67999267578125
2024-04-26 14:30:00-04:00,216.67999267578125,216.7198944091797,216.24000549316406,216.44000244140625
2024-04-26 15:30:00-04:00,216.44000244140625,216.6300048828125,216.3249969482422,216.58999633789062
2024-04-29 09:30:00-04:00,216.08599853515625,216.50999450683594,215.25,216.47000122070312
2024-04-29 10:30:00-04:00,216.4499969482422,216.53900146484375,215.89999389648438,216.36000061035156
2024-04-29 11:30:00-04:00,216.3699951171875,217.21499633789062,216.22999572753906,216.92999267578125
2024-04-29 12:30:00-04:00,217.00999450683594,217.1999969482422,216.75999450683594,217.1300048828125
2024-04-29 13:30:00-04:00,217.1300048828125,217.16000366210938,216.39999389648438,216.44000244140625
2024-04-29 14:30:00-04:00,216.43499755859375,216.6999969482422,215.93600463867188,216.17999267578125
2024-04-29 15:30:00-04:00,216.18499755859375,216.22000122070312,215.9250030517578,216.1699981689453
2024-04-30 09:30:00-04:00,213.3800048828125,214.12710571289062,212.75,212.99000549316406
2024-04-30 10:30:00-04:00,213.00999450683594,213.0800018310547,212.17999267578125,212.77999877929688
2024-04-30 11:30:00-04:00,212.77999877929688,212.80499267578125,212.33999633789062,212.73739624023438
2024-04-30 12:30:00-04:00,212.74000549316406,212.77000427246094,212.08999633789062,212.16000366210938
2024-04-30 13:30:00-04:00,212.17999267578125,212.63999938964844,212.1300048828125,212.4199981689453
2024-04-30 14:30:00-04:00,212.38999938964844,212.56500244140625,211.90499877929688,212.19000244140625
2024-04-30 15:30:00-04:00,212.19000244140625,212.38999938964844,211.8000030517578,211.97000122070312
2024-05-01 09:30:00-04:00,212.9600067138672,213.83999633789062,212.8300018310547,213.41000366210938
2024-05-01 10:30:00-04:00,213.35000610351562,213.7100067138672,212.6199951171875,213.67770385742188
2024-05-01 11:30:00-04:00,213.7100067138672,213.80999755859375,213.0500030517578,213.41000366210938
2024-05-01 12:30:00-04:00,213.39999389648438,213.5,212.83999633789062,212.8800048828125
2024-05-01 13:30:00-04:00,212.88999938964844,214.14999389648438,212.41000366210938,214.11000061035156
2024-05-01 14:30:00-04:00,214.11000061035156,215.5,213.55999755859375,214.86000061035156
2024-05-01 15:30:00-04:00,214.86500549316406,214.97999572753906,213.77000427246094,213.77999877929688
2024-05-02 09:30:00-04:00,211.89999389648438,212.77499389648438,211.49000549316406,212.49000549316406
2024-05-02 10:30:00-04:00,212.5,213.47999572753906,212.4199981689453,213.19000244140625
2024-05-02 11:30:00-04:00,213.20989990234375,213.32000732421875,212.55999755859375,212.92999267578125
2024-05-02 12:30:00-04:00,212.94000244140625,213.17999267578125,212.74000549316406,212.84500122070312
2024-05-02 13:30:00-04:00,212.85499572753906,213.7050018310547,212.85499572753906,213.51499938964844
2024-05-02 14:30:00-04:00,213.52000427246094,213.6300048828125,213.2100067138672,213.2100067138672
2024-05-02 15:30:00-04:00,213.1999969482422,213.27999877929688,212.97000122070312,213.10000610351562
2024-05-03 09:30:00-04:00,213.1199951171875,213.19000244140625,210.7100067138672,211.57000732421875
2024-05-03 10:30:00-04:00,211.60000610351562,212.50999450683594,211.28990173339844,212.11000061035156
2024-05-03 11:30:00-04:00,212.11000061035156,212.75,212.11000061035156,212.58999633789062
2024-05-03 12:30:00-04:00,212.58999633789062,212.86000061035156,212.50999450683594,212.8350067138672
2024-05-03 13:30:00-04:00,212.8300018310547,213.1374969482422,212.6699981689453,212.67999267578125
2024-05-03 14:30:00-04:00,212.69000244140625,212.86000061035156,212.4600067138672,212.72000122070312
2024-05-03 15:30:00-04:00,212.72999572753906,213.00999450683594,212.63999938964844,212.97999572753906
2024-05-06 09:30:00-04:00,215.0,215.91000366210938,214.94000244140625,215.16000366210938
2024-05-06 10:30:00-04:00,215.14999389648438,215.3300018310547,214.6300048828125,215.00999450683594
2024-05-06 11:30:00-04:00,215.0399932861328,215.39999389648438,214.90499877929688,215.13999938964844
2024-05-06 12:30:00-04:00,215.13999938964844,215.27999877929688,214.47000122070312,214.94000244140625
2024-05-06 13:30:00-04:00,214.91990661621094,215.29989624023438,214.8800048828125,215.27999877929688
2024-05-06 14:30:00-04:00,215.22000122070312,215.41000366210938,215.1300048828125,215.24000549316406
2024-05-06 15:30:00-04:00,215.25,215.2698974609375,215.0500030517578,215.1699981689453
2024-05-07 09:30:00-04:00,214.52000427246094,214.92999267578125,214.42999267578125,214.6999969482422
2024-05-07 10:30:00-04:00,214.67999267578125,214.82000732421875,214.0,214.22999572753906
2024-05-07 11:30:00-04:00,214.22999572753906,214.3300018310547,214.00999450683594,214.3000030517578
2024-05-07 12:30:00-04:00,214.3000030517578,214.35000610351562,213.8800048828125,214.32000732421875
2024-05-07 13:30:00-04:00,214.3300018310547,214.468994140625,214.08999633789062,214.25
2024-05-07 14:30:00-04:00,214.2415008544922,214.27999877929688,213.9499969482422,214.02999877929688
2024-05-07 15:30:00-04:00,214.0399932861328,214.22999572753906,213.94000244140625,214.21499633789062
2024-05-08 09:30:00-04:00,213.6199951171875,214.44000244140625,213.5,214.28970336914062
2024-05-08 10:30:00-04:00,214.27999877929688,214.5800018310547,214.02999877929688,214.4698028564453
2024-05-08 11:30:00-04:00,214.46499633789062,214.8000030517578,214.39999389648438,214.60000610351562
2024-05-08 12:30:00-04:00,214.55999755859375,214.60000610351562,214.11000061035156,214.1999969482422
2024-05-08 13:30:00-04:00,214.22999572753906,214.2899932861328,213.91000366210938,213.9550018310547
2024-05-08 14:30:00-04:00,213.94500732421875,214.0800018310547,213.75,213.75
2024-05-08 15:30:00-04:00,213.72000122070312,213.8300018310547,213.55999755859375,213.58999633789062
2024-05-09 09:30:00-04:00,214.47999572753906,216.44000244140625,214.44000244140625,216.0850067138672
2024-05-09 10:30:00-04:00,216.0800018310547,216.3300018310547,215.47000122070312,215.97000122070312
2024-05-09 11:30:00-04:00,215.91009521484375,216.02000427246094,215.4600067138672,215.968994140625
2024-05-09 12:30:00-04:00,215.97000122070312,216.03509521484375,215.55999755859375,215.9600067138672
2024-05-09 13:30:00-04:00,215.97000122070312,216.1699981689453,215.83999633789062,216.05499267578125
2024-05-09 14:30:00-04:00,216.05990600585938,216.375,216.02499389648438,216.33999633789062
2024-05-09 15:30:00-04:00,216.33999633789062,216.9499969482422,216.30999755859375,216.94000244140625
2024-05-10 09:30:00-04:00,219.22000122070312,219.60000610351562,218.44500732421875,218.4600067138672
2024-05-10 10:30:00-04:00,218.4499969482422,218.97450256347656,218.0800018310547,218.77999877929688
2024-05-10 11:30:00-04:00,218.69000244140625,219.02000427246094,218.57000732421875,218.77000427246094
2024-05-10 12:30:00-04:00,218.77499389648438,219.32000732421875,218.67999267578125,219.13999938964844
2024-05-10 13:30:00-04:00,219.1199951171875,219.4199981689453,219.10000610351562,219.25999450683594
2024-05-10 14:30:00-04:00,219.25999450683594,219.2899932861328,218.64999389648438,218.74000549316406
2024-05-10 15:30:00-04:00,218.75990295410156,218.7899932861328,218.61000061035156,218.7100067138672
2024-05-13 09:30:00-04:00,217.05999755859375,217.30999755859375,216.58999633789062,217.02999877929688
2024-05-13 10:30:00-04:00,217.02999877929688,217.10000610351562,215.9600067138672,216.11000061035156
2024-05-13 11:30:00-04:00,215.97000122070312,216.3300018310547,215.8000030517578,216.14999389648438
2024-05-13 12:30:00-04:00,216.14999389648438,216.33999633789062,216.0399932861328,216.27000427246094
2024-05-13 13:30:00-04:00,216.27499389648438,216.3800048828125,216.13999938964844,216.19000244140625
2024-05-13 14:30:00-04:00,216.19090270996094,216.3553924560547,216.16000366210938,216.30999755859375
2024-05-13 15:30:00-04:00,216.3000030517578,216.41000366210938,216.22500610351562,216.27999877929688
2024-05-14 09:30:00-04:00,217.30999755859375,218.08999633789062,216.97999572753906,217.63999938964844
2024-05-14 10:30:00-04:00,217.64999389648438,217.98699951171875,217.44000244140625,217.52999877929688
2024-05-14 11:30:00-04:00,217.5500030517578,217.8300018310547,217.1199951171875,217.36000061035156
2024-05-14 12:30:00-04:00,217.3800048828125,217.99000549316406,217.27999877929688,217.85000610351562
2024-05-14 13:30:00-04:00,217.83999633789062,218.35000610351562,217.8350067138672,218.26109313964844
2024-05-14 14:30:00-04:00,218.27000427246094,218.37950134277344,217.9499969482422,218.0500030517578
2024-05-14 15:30:00-04:00,218.0500030517578,218.1699981689453,217.97000122070312,218.10000610351562
2024-05-15 09:30:00-04:00,219.05999755859375,219.36000061035156,217.64999389648438,219.01499938964844
2024-05-15 10:30:00-04:00,219.0,220.8000030517578,219.0,220.6199951171875
2024-05-15 11:30:00-04:00,220.63999938964844,220.8000946044922,219.97999572753906,220.72999572753906
2024-05-15 12:30:00-04:00,220.72540283203125,221.1165008544922,220.4600067138672,221.10000610351562
2024-05-15 13:30:00-04:00,221.0500030517578,221.19000244140625,220.7899932861328,220.94000244140625
2024-05-15 14:30:00-04:00,220.9499969482422,220.99000549316406,220.60000610351562,220.83999633789062
2024-05-15 15:30:00-04:00,220.8300018310547,220.9600067138672,220.62249755859375,220.86000061035156
2024-05-16 09:30:00-04:00,220.13999938964844,220.1699981689453,219.47000122070312,219.64999389648438
2024-05-16 10:30:00-04:00,219.66000366210938,220.3699951171875,219.41000366210938,220.25999450683594
2024-05-16 11:30:00-04:00,220.27000427246094,220.4600067138672,220.15829467773438,220.2899932861328
2024-05-16 12:30:00-04:00,220.2899932861328,220.5850067138672,220.19000244140625,220.32000732421875
2024-05-16 13:30:00-04:00,220.3300018310547,220.41160583496094,220.09129333496094,220.1199951171875
2024-05-16 14:30:00-04:00,220.1300048828125,220.41000366210938,220.08999633789062,220.14500427246094
2024-05-16 15:30:00-04:00,220.14999389648438,220.2100067138672,220.00999450683594,220.05999755859375
2024-05-17 09:30:00-04:00,222.17999267578125,222.82000732421875,221.6699981689453,222.6300048828125
2024-05-17 10:30:00-04:00,222.67999267578125,223.85000610351562,222.3800048828125,222.72000122070312
2024-05-17 11:30:00-04:00,222.69500732421875,223.38999938964844,222.47999572753906,222.99000549316406
2024-05-17 12:30:00-04:00,222.99000549316406,223.35000610351562,222.61000061035156,223.24000549316406
2024-05-17 13:30:00-04:00,223.25,223.6199951171875,223.11000061035156,223.61000061035156
2024-05-17 14:30:00-04:00,223.6199951171875,223.85009765625,223.16000366210938,223.71499633789062
2024-05-17 15:30:00-04:00,223.6999969482422,223.6999969482422,223.45989990234375,223.6199951171875
2024-05-20 09:30:00-04:00,223.625,224.08999633789062,223.02000427246094,223.625
2024-05-20 10:30:00-04:00,223.66000366210938,224.47999572753906,223.61199951171875,224.3699951171875
2024-05-20 11:30:00-04:00,224.36000061035156,224.57000732421875,223.8699951171875,224.5
2024-05-20 12:30:00-04:00,224.49000549316406,225.3000030517578,224.33180236816406,225.27000427246094
2024-05-20 13:30:00-04:00,225.25999450683594,225.66000366210938,225.02000427246094,225.375
2024-05-20 14:30:00-04:00,225.36000061035156,225.52000427246094,224.72000122070312,224.78500366210938
2024-05-20 15:30:00-04:00,224.79930114746094,225.05999755859375,224.5,224.5500030517578
2024-05-21 09:30:00-04:00,224.77000427246094,224.94000244140625,224.36000061035156,224.6300048828125
2024-05-21 10:30:00-04:00,224.64999389648438,225.2100067138672,224.52999877929688,224.74009704589844
2024-05-21 11:30:00-04:00,224.77999877929688,224.8632049560547,223.74000549316406,223.860107421875
2024-05-21 12:30:00-04:00,223.8800048828125,224.28500366210938,223.8300018310547,224.10499572753906
2024-05-21 13:30:00-04:00,224.1199951171875,224.1999969482422,223.6999969482422,223.80999755859375
2024-05-21 14:30:00-04:00,223.85000610351562,224.39999389648438,223.78500366210938,224.3300018310547
2024-05-21 15:30:00-04:00,224.32000732421875,224.3699951171875,224.17999267578125,224.22000122070312
2024-05-22 09:30:00-04:00,223.08999633789062,223.24000549316406,220.60000610351562,220.8000030517578
2024-05-22 10:30:00-04:00,220.8000030517578,221.64500427246094,220.44000244140625,221.13999938964844
2024-05-22 11:30:00-04:00,221.16000366210938,221.55999755859375,220.83999633789062,221.3000030517578
2024-05-22 12:30:00-04:00,221.2899932861328,221.61740112304688,221.03500366210938,221.10000610351562
2024-05-22 13:30:00-04:00,221.1300048828125,221.1999969482422,220.0800018310547,220.1300048828125
2024-05-22 14:30:00-04:00,220.1820068359375,220.30999755859375,219.74070739746094,220.15750122070312
2024-05-22 15:30:00-04:00,220.15249633789062,220.2100067138672,219.9199981689453,220.1199951171875
2024-05-23 09:30:00-04:00,218.77999877929688,219.22999572753906,217.1199951171875,217.4149932861328
2024-05-23 10:30:00-04:00,217.4149932861328,217.52000427246094,216.50999450683594,216.66000366210938
2024-05-23 11:30:00-04:00,216.80999755859375,217.4499969482422,216.67999267578125,216.8699951171875
2024-05-23 12:30:00-04:00,216.8800048828125,216.99000549316406,215.9600067138672,216.16000366210938
2024-05-23 13:30:00-04:00,216.25999450683594,216.4250030517578,215.74000549316406,216.0749969482422
2024-05-23 14:30:00-04:00,216.07000732421875,216.16000366210938,215.8300018310547,215.8800048828125
2024-05-23 15:30:00-04:00,215.88999938964844,215.968994140625,215.66000366210938,215.7100067138672
2024-05-24 09:30:00-04:00,216.9600067138672,217.2100067138672,216.08999633789062,216.19000244140625
2024-05-24 10:30:00-04:00,216.1999969482422,216.5399932861328,215.92999267578125,216.02490234375
2024-05-24 11:30:00-04:00,216.0399932861328,216.22999572753906,215.80999755859375,216.11000061035156
2024-05-24 12:30:00-04:00,216.0800018310547,216.1699981689453,215.87649536132812,215.89999389648438
2024-05-24 13:30:00-04:00,215.89999389648438,216.17999267578125,215.77000427246094,216.0749969482422
2024-05-24 14:30:00-04:00,216.0749969482422,216.21499633789062,215.75999450683594,215.83999633789062
2024-05-24 15:30:00-04:00,215.85499572753906,215.9600067138672,215.74000549316406,215.91000366210938
2024-05-28 09:30:00-04:00,218.42999267578125,218.58999633789062,217.2100067138672,217.69000244140625
2024-05-28 10:30:00-04:00,217.67999267578125,218.30999755859375,217.5800018310547,218.22000122070312
2024-05-28 11:30:00-04:00,218.22999572753906,218.52999877929688,218.07000732421875,218.10000610351562
2024-05-28 12:30:00-04:00,218.0800018310547,218.22999572753906,217.7100067138672,217.9600067138672
2024-05-28 13:30:00-04:00,217.96499633789062,218.3397979736328,217.74000549316406,217.78500366210938
2024-05-28 14:30:00-04:00,217.77099609375,218.1699981689453,217.66000366210938,218.11500549316406
2024-05-28 15:30:00-04:00,218.13999938964844,218.35000610351562,218.1199951171875,218.1699981689453
2024-05-29 09:30:00-04:00,216.9199981689453,217.16000366210938,216.4600067138672,216.8699951171875
2024-05-29 10:30:00-04:00,216.8800048828125,217.06900024414062,216.39999389648438,216.4600067138672
2024-05-29 11:30:00-04:00,216.4799041748047,216.61000061035156,216.1199951171875,216.35000610351562
2024-05-29 12:30:00-04:00,216.36000061035156,216.6999053955078,216.25999450683594,216.6199951171875
2024-05-29 13:30:00-04:00,216.61000061035156,216.88999938964844,216.5800018310547,216.66000366210938
2024-05-29 14:30:00-04:00,216.64999389648438,216.65899658203125,216.25,216.27499389648438
2024-05-29 15:30:00-04:00,216.27000427246094,216.3249969482422,216.13999938964844,216.1649932861328
2024-05-30 09:30:00-04:00,216.69000244140625,217.50999450683594,216.63999938964844,217.22999572753906
2024-05-30 10:30:00-04:00,217.1999969482422,217.30999755859375,216.61000061035156,216.6750030517578
2024-05-30 11:30:00-04:00,216.6699981689453,216.89999389648438,216.5050048828125,216.77000427246094
2024-05-30 12:30:00-04:00,216.78500366210938,217.24000549316406,216.77000427246094,216.8699951171875
2024-05-30 13:30:00-04:00,216.86000061035156,216.9199981689453,216.58380126953125,216.61500549316406
2024-05-30 14:30:00-04:00,216.6300048828125,216.72000122070312,216.49000549316406,216.51499938964844
2024-05-30 15:30:00-04:00,216.50999450683594,216.6699981689453,216.41000366210938,216.5500030517578
2024-05-31 09:30:00-04:00,217.77000427246094,217.9600067138672,216.25,216.6302947998047
2024-05-31 10:30:00-04:00,216.5050048828125,216.58999633789062,215.32000732421875,215.6199951171875
2024-05-31 11:30:00-04:00,215.64999389648438,216.0449981689453,215.3300018310547,215.8699951171875
2024-05-31 12:30:00-04:00,215.8800048828125,216.14999389648438,214.98500061035156,215.08999633789062
2024-05-31 13:30:00-04:00,215.08999633789062,215.3000030517578,214.99000549316406,215.1750030517578
2024-05-31 14:30:00-04:00,215.19000244140625,215.23500061035156,214.64999389648438,214.75010681152344
2024-05-31 15:30:00-04:00,214.75999450683594,215.39999389648438,214.7449951171875,215.32000732421875
2024-06-03 09:30:00-04:00,215.9199981689453,216.75999450683594,215.5399932861328,216.39999389648438
2024-06-03 10:30:00-04:00,216.41000366210938,216.99000549316406,216.05999755859375,216.7100067138672
2024-06-03 11:30:00-04:00,216.72999572753906,216.86000061035156,216.55999755859375,216.8000030517578
2024-06-03 12:30:00-04:00,216.8300018310547,217.82000732421875,216.77999877929688,217.27999877929688
2024-06-03 13:30:00-04:00,217.27999877929688,217.44000244140625,217.0500030517578,217.3000030517578
2024-06-03 14:30:00-04:00,217.3000030517578,217.30999755859375,217.0,217.0050048828125
2024-06-03 15:30:00-04:00,217.00999450683594,217.22999572753906,216.91000366210938,217.19000244140625
2024-06-04 09:30:00-04:00,216.24000549316406,216.24000549316406,214.1999969482422,214.6699981689453
2024-06-04 10:30:00-04:00,214.6649932861328,215.3699951171875,214.27999877929688,215.2100067138672
2024-06-04 11:30:00-04:00,215.1999969482422,215.5,214.89999389648438,214.96499633789062
2024-06-04 12:30:00-04:00,214.97000122070312,215.33999633789062,214.85499572753906,215.30999755859375
2024-06-04 13:30:00-04:00,215.3300018310547,215.57000732421875,215.3000030517578,215.32000732421875
2024-06-04 14:30:00-04:00,215.2899932861328,215.39999389648438,215.17999267578125,215.30349731445312
2024-06-04 15:30:00-04:00,215.30149841308594,215.36500549316406,215.1999969482422,215.2899932861328
2024-06-05 09:30:00-04:00,216.69000244140625,217.08999633789062,215.92999267578125,217.02000427246094
2024-06-05 10:30:00-04:00,217.0500030517578,217.77999877929688,216.9550018310547,217.5399932861328
2024-06-05 11:30:00-04:00,217.5500030517578,218.07949829101562,217.44900512695312,217.60000610351562
2024-06-05 12:30:00-04:00,217.58999633789062,217.9199981689453,217.52499389648438,217.90499877929688
2024-06-05 13:30:00-04:00,217.89999389648438,217.95989990234375,217.58999633789062,217.92999267578125
2024-06-05 14:30:00-04:00,217.9250030517578,218.0500030517578,217.80999755859375,217.85499572753906
2024-06-05 15:30:00-04:00,217.85000610351562,217.88999938964844,217.64999389648438,217.7899932861328
2024-06-06 09:30:00-04:00,218.36000061035156,218.89999389648438,218.10000610351562,218.59890747070312
2024-06-06 10:30:00-04:00,218.57870483398438,219.63999938964844,218.48989868164062,219.63999938964844
2024-06-06 11:30:00-04:00,219.6699981689453,219.97000122070312,219.2301025390625,219.5800018310547
2024-06-06 12:30:00-04:00,219.6199951171875,219.72000122070312,219.25,219.31500244140625
2024-06-06 13:30:00-04:00,219.3000030517578,219.5500030517578,219.07000732421875,219.3000030517578
2024-06-06 14:30:00-04:00,219.25,219.6699981689453,219.25,219.5500030517578
2024-06-06 15:30:00-04:00,219.5399932861328,219.5500030517578,219.32000732421875,219.4199981689453
2024-06-07 09:30:00-04:00,215.07000732421875,215.19000244140625,213.2100067138672,214.42999267578125
2024-06-07 10:30:00-04:00,214.49000549316406,214.6999969482422,213.5500030517578,213.5500030517578
2024-06-07 11:30:00-04:00,213.5500030517578,213.83999633789062,213.0,213.77499389648438
2024-06-07 12:30:00-04:00,213.78500366210938,214.07000732421875,213.27000427246094,213.42999267578125
2024-06-07 13:30:00-04:00,213.4600067138672,213.50999450683594,213.08999633789062,213.19000244140625
2024-06-07 14:30:00-04:00,213.19000244140625,213.1999969482422,212.16000366210938,212.3000030517578
2024-06-07 15:30:00-04:00,212.30999755859375,212.3300018310547,211.5399932861328,211.63999938964844
2024-06-10 09:30:00-04:00,213.1300048828125,213.35000610351562,212.75999450683594,213.1199951171875
2024-06-10 10:30:00-04:00,213.1199951171875,213.4199981689453,212.86000061035156,213.1649932861328
2024-06-10 11:30:00-04:00,213.1699981689453,213.94000244140625,213.10000610351562,213.9290008544922
2024-06-10 12:30:00-04:00,213.92999267578125,214.02000427246094,213.60000610351562,213.6199951171875
2024-06-10 13:30:00-04:00,213.6300048828125,213.9989013671875,213.60000610351562,213.76499938964844
2024-06-10 14:30:00-04:00,213.75,213.8800048828125,213.6699981689453,213.7899932861328
2024-06-10 15:30:00-04:00,213.77999877929688,213.83999633789062,213.53500366210938,213.5500030517578
2024-06-11 09:30:00-04:00,213.9499969482422,214.30999755859375,213.57000732421875,214.05999755859375
2024-06-11 10:30:00-04:00,214.07000732421875,214.3800048828125,213.77000427246094,213.86500549316406
2024-06-11 11:30:00-04:00,213.86000061035156,214.0500030517578,213.36000061035156,213.39999389648438
2024-06-11 12:30:00-04:00,213.39999389648438,213.8000030517578,213.24000549316406,213.60000610351562
2024-06-11 13:30:00-04:00,213.62179565429688,214.19000244140625,213.60000610351562,214.11740112304688
2024-06-11 14:30:00-04:00,214.11000061035156,214.17999267578125,213.94000244140625,214.0
2024-06-11 15:30:00-04:00,213.92999267578125,214.17999267578125,213.89999389648438,214.13999938964844
2024-06-12 09:30:00-04:00,216.47000122070312,216.5500030517578,214.61000061035156,215.13999938964844
2024-06-12 10:30:00-04:00,215.10000610351562,215.51499938964844,214.72999572753906,215.5
2024-06-12 11:30:00-04:00,215.50999450683594,216.19000244140625,215.4199981689453,215.99000549316406
2024-06-12 12:30:00-04:00,215.98919677734375,216.3800048828125,215.98919677734375,216.19000244140625
2024-06-12 13:30:00-04:00,216.19000244140625,216.24000549316406,215.0,215.5800018310547
2024-06-12 14:30:00-04:00,215.60000610351562,215.77000427246094,214.22999572753906,214.2899932861328
2024-06-12 15:30:00-04:00,214.2899932861328,214.7299041748047,214.1999969482422,214.6999969482422
2024-06-13 09:30:00-04:00,214.44000244140625,214.9600067138672,213.19000244140625,213.5500030517578
2024-06-13 10:30:00-04:00,213.57000732421875,214.24000549316406,213.08999633789062,213.47999572753906
2024-06-13 11:30:00-04:00,213.47500610351562,213.5,212.25999450683594,212.5299072265625
2024-06-13 12:30:00-04:00,212.55999755859375,213.08999633789062,212.44000244140625,212.8800048828125
2024-06-13 13:30:00-04:00,212.89999389648438,212.97000122070312,212.6699981689453,212.86000061035156
2024-06-13 14:30:00-04:00,212.86000061035156,213.05499267578125,212.82200622558594,213.0
2024-06-13 15:30:00-04:00,212.99000549316406,213.11500549316406,212.9600067138672,212.97000122070312
2024-06-14 09:30:00-04:00,215.33999633789062,216.0399932861328,214.97999572753906,215.7698974609375
2024-06-14 10:30:00-04:00,215.77499389648438,215.8249969482422,215.1999969482422,215.2899932861328
2024-06-14 11:30:00-04:00,215.2899932861328,215.6300048828125,214.99000549316406,215.47000122070312
2024-06-14 12:30:00-04:00,215.4499969482422,215.8699951171875,215.35000610351562,215.8300018310547
2024-06-14 13:30:00-04:00,215.8300018310547,216.0399932861328,215.72999572753906,215.88999938964844
2024-06-14 14:30:00-04:00,215.88800048828125,216.0,215.75999450683594,215.85499572753906
2024-06-14 15:30:00-04:00,215.8699951171875,216.0399932861328,215.69000244140625,215.74000549316406
2024-06-17 09:30:00-04:00,214.89999389648438,215.13999938964844,214.4149932861328,215.1199951171875
2024-06-17 10:30:00-04:00,215.13800048828125,215.24000549316406,214.50999450683594,214.50999450683594
2024-06-17 11:30:00-04:00,214.5050048828125,214.5050048828125,213.60000610351562,214.04969787597656
2024-06-17 12:30:00-04:00,214.05999755859375,214.38999938964844,214.0,214.01499938964844
2024-06-17 13:30:00-04:00,214.05499267578125,214.41000366210938,213.92999267578125,214.2949981689453
2024-06-17 14:30:00-04:00,214.2899932861328,214.55499267578125,214.2100067138672,214.4149932861328
2024-06-17 15:30:00-04:00,214.4149932861328,214.6199951171875,214.4149932861328,214.55999755859375
2024-06-18 09:30:00-04:00,214.58999633789062,215.32000732421875,214.0399932861328,215.11000061035156
2024-06-18 10:30:00-04:00,215.14999389648438,215.27999877929688,214.5,215.0850067138672
2024-06-18 11:30:00-04:00,215.10000610351562,215.52999877929688,214.97999572753906,215.4499969482422
2024-06-18 12:30:00-04:00,215.44000244140625,215.80999755859375,215.1999969482422,215.71499633789062
2024-06-18 13:30:00-04:00,215.71499633789062,215.8300018310547,215.30999755859375,215.55999755859375
2024-06-18 14:30:00-04:00,215.5399932861328,215.69000244140625,215.40499877929688,215.49000549316406
2024-06-18 15:30:00-04:00,215.48500061035156,215.6199951171875,215.4499969482422,215.47000122070312
2024-06-20 09:30:00-04:00,216.32000732421875,218.1300048828125,216.14999389648438,217.8300018310547
2024-06-20 10:30:00-04:00,217.8300018310547,218.74130249023438,217.4499969482422,217.47000122070312
2024-06-20 11:30:00-04:00,217.44000244140625,217.9600067138672,217.4250030517578,217.80499267578125
2024-06-20 12:30:00-04:00,217.80499267578125,218.00999450683594,217.63999938964844,217.82000732421875
2024-06-20 13:30:00-04:00,217.80999755859375,218.33999633789062,217.74000549316406,218.32000732421875
2024-06-20 14:30:00-04:00,218.30999755859375,218.30999755859375,218.02999877929688,218.1199951171875
2024-06-20 15:30:00-04:00,218.1300048828125,218.22000122070312,218.07000732421875,218.1300048828125
2024-06-21 09:30:00-04:00,217.8300018310547,217.89999389648438,215.33999633789062,215.9499969482422
2024-06-21 10:30:00-04:00,215.9600067138672,216.27999877929688,214.8699951171875,215.17999267578125
2024-06-21 11:30:00-04:00,215.16000366210938,215.5500030517578,214.89999389648438,215.14500427246094
2024-06-21 12:30:00-04:00,215.13999938964844,215.2100067138672,214.3300018310547,214.33999633789062
2024-06-21 13:30:00-04:00,214.35000610351562,214.75999450683594,214.2550048828125,214.75
2024-06-21 14:30:00-04:00,214.74000549316406,214.88999938964844,214.6199951171875,214.77000427246094
2024-06-21 15:30:00-04:00,214.77000427246094,214.86000061035156,214.6699981689453,214.75999450683594
2024-06-24 09:30:00-04:00,215.5500030517578,215.85000610351562,215.1999969482422,215.4499969482422
2024-06-24 10:30:00-04:00,215.44000244140625,215.8350067138672,215.44000244140625,215.55999755859375
2024-06-24 11:30:00-04:00,215.55999755859375,215.6300048828125,215.22000122070312,215.39930725097656
2024-06-24 12:30:00-04:00,215.3800048828125,215.69000244140625,215.3800048828125,215.65499877929688
2024-06-24 13:30:00-04:00,215.66000366210938,215.8699951171875,215.60000610351562,215.83999633789062
2024-06-24 14:30:00-04:00,215.83999633789062,215.94000244140625,215.5850067138672,215.68499755859375
2024-06-24 15:30:00-04:00,215.68499755859375,215.80999755859375,215.60000610351562,215.63999938964844
2024-06-25 09:30:00-04:00,214.9600067138672,215.30999755859375,214.50999450683594,214.97000122070312
2024-06-25 10:30:00-04:00,214.9499969482422,215.27000427246094,214.58990478515625,214.66000366210938
2024-06-25 11:30:00-04:00,214.65499877929688,215.02999877929688,214.1699981689453,214.4499969482422
2024-06-25 12:30:00-04:00,214.44000244140625,214.5449981689453,214.1199951171875,214.4600067138672
2024-06-25 13:30:00-04:00,214.4600067138672,214.56500244140625,214.3000030517578,214.42999267578125
2024-06-25 14:30:00-04:00,214.44000244140625,214.59779357910156,214.41000366210938,214.55999755859375
2024-06-25 15:30:00-04:00,214.55999755859375,214.5800018310547,214.48109436035156,214.5500030517578
2024-06-26 09:30:00-04:00,212.38999938964844,212.86000061035156,212.1204071044922,212.5
2024-06-26 10:30:00-04:00,212.47999572753906,213.11000061035156,212.2899932861328,212.80999755859375
2024-06-26 11:30:00-04:00,212.82009887695312,212.97999572753906,212.5540008544922,212.83999633789062
2024-06-26 12:30:00-04:00,212.83999633789062,212.99000549316406,212.5800018310547,212.9199981689453
2024-06-26 13:30:00-04:00,212.91000366210938,212.97500610351562,212.70010375976562,212.75999450683594
2024-06-26 14:30:00-04:00,212.77000427246094,212.82000732421875,212.44000244140625,212.55999755859375
2024-06-26 15:30:00-04:00,212.55059814453125,212.69500732421875,212.4801025390625,212.61500549316406
2024-06-27 09:30:00-04:00,214.7100067138672,215.5,214.4499969482422,214.9199981689453
2024-06-27 10:30:00-04:00,214.8925018310547,215.5,214.83999633789062,215.1300048828125
2024-06-27 11:30:00-04:00,215.13999938964844,215.25999450683594,214.94000244140625,214.9550018310547
2024-06-27 12:30:00-04:00,214.9600067138672,215.22000122070312,214.85000610351562,214.97999572753906
2024-06-27 13:30:00-04:00,214.98150634765625,215.110107421875,214.8000030517578,214.85629272460938
2024-06-27 14:30:00-04:00,214.85000610351562,215.19000244140625,214.7239990234375,215.16000366210938
2024-06-27 15:30:00-04:00,215.15499877929688,215.15499877929688,215.02000427246094,215.0500030517578
2024-06-28 09:30:00-04:00,215.63999938964844,215.81480407714844,215.13999938964844,215.41000366210938
2024-06-28 10:30:00-04:00,215.42999267578125,215.4499969482422,214.83999633789062,215.3000030517578
2024-06-28 11:30:00-04:00,215.3300018310547,215.7100067138672,215.2100067138672,215.58309936523438
2024-06-28 12:30:00-04:00,215.5800018310547,215.75,215.27999877929688,215.41000366210938
2024-06-28 13:30:00-04:00,215.41000366210938,215.44200134277344,215.14999389648438,215.19000244140625
2024-06-28 14:30:00-04:00,215.18499755859375,215.20750427246094,214.88999938964844,214.9550018310547
2024-06-28 15:30:00-04:00,214.92999267578125,215.1300048828125,214.82400512695312,215.02000427246094
2024-07-01 09:30:00-04:00,215.25,216.0,214.58999633789062,214.89999389648438
2024-07-01 10:30:00-04:00,214.94000244140625,215.38999938964844,214.48500061035156,215.17999267578125
2024-07-01 11:30:00-04:00,215.17999267578125,215.63999938964844,215.00010681152344,215.5500030517578
2024-07-01 12:30:00-04:00,215.5399932861328,215.55999755859375,215.14999389648438,215.39999389648438
2024-07-01 13:30:00-04:00,215.3800048828125,215.4801025390625,215.2100067138672,215.24000549316406
2024-07-01 14:30:00-04:00,215.23019409179688,215.58999633789062,215.22999572753906,215.5749969482422
2024-07-01 15:30:00-04:00,215.5800018310547,215.6199951171875,215.42999267578125,215.57000732421875
2024-07-02 09:30:00-04:00,215.3300018310547,216.0800018310547,214.8699951171875,215.1300048828125
2024-07-02 10:30:00-04:00,215.1403045654297,215.49000549316406,214.82000732421875,215.27499389648438
2024-07-02 11:30:00-04:00,215.27000427246094,215.3300018310547,214.6204071044922,214.89500427246094
2024-07-02 12:30:00-04:00,214.90499877929688,215.00999450683594,214.7100067138672,214.97950744628906
2024-07-02 13:30:00-04:00,214.92999267578125,215.22999572753906,214.8249969482422,215.16000366210938
2024-07-02 14:30:00-04:00,215.16000366210938,215.47000122070312,215.0800018310547,215.4199981689453
2024-07-02 15:30:00-04:00,215.41000366210938,215.60000610351562,215.3300018310547,215.5399932861328
2024-07-03 09:30:00-04:00,217.33999633789062,218.67999267578125,217.3300018310547,218.13999938964844
2024-07-03 10:30:00-04:00,218.13999938964844,218.7397003173828,218.13999938964844,218.52999877929688
2024-07-03 11:30:00-04:00,218.52000427246094,218.65499877929688,218.1199951171875,218.15089416503906
2024-07-05 09:30:00-04:00,219.5800018310547,220.57000732421875,219.5800018310547,219.9499969482422
2024-07-05 10:30:00-04:00,219.94000244140625,220.6699981689453,219.94000244140625,220.53030395507812
2024-07-05 11:30:00-04:00,220.5399932861328,220.88999938964844,220.35000610351562,220.63999938964844
2024-07-05 12:30:00-04:00,220.6331024169922,221.0,220.5749969482422,220.97500610351562
2024-07-05 13:30:00-04:00,220.97500610351562,221.1300048828125,220.52000427246094,221.02999877929688
2024-07-05 14:30:00-04:00,221.02000427246094,221.27999877929688,220.89999389648438,221.10000610351562
2024-07-05 15:30:00-04:00,221.10000610351562,221.11000061035156,220.82000732421875,220.89999389648438
2024-07-08 09:30:00-04:00,219.63999938964844,220.0399932861328,219.2100067138672,219.77999877929688
2024-07-08 10:30:00-04:00,219.7899932861328,219.88999938964844,219.08999633789062,219.1199951171875
2024-07-08 11:30:00-04:00,219.10009765625,219.11000061035156,217.41000366210938,217.69000244140625
2024-07-08 12:30:00-04:00,217.67999267578125,218.1999969482422,217.67999267578125,217.8800048828125
2024-07-08 13:30:00-04:00,217.8800048828125,218.1999969482422,217.8300018310547,217.87969970703125
2024-07-08 14:30:00-04:00,217.8800048828125,218.02999877929688,217.75999450683594,217.99000549316406
2024-07-08 15:30:00-04:00,217.99000549316406,218.21499633789062,217.94500732421875,218.1699981689453
2024-07-09 09:30:00-04:00,218.57000732421875,219.2899932861328,217.92999267578125,218.4373016357422
2024-07-09 10:30:00-04:00,218.42999267578125,218.70469665527344,217.26499938964844,217.59010314941406
2024-07-09 11:30:00-04:00,217.6300048828125,218.52000427246094,217.57000732421875,218.27000427246094
2024-07-09 12:30:00-04:00,218.27999877929688,218.4199981689453,217.9199981689453,218.38999938964844
2024-07-09 13:30:00-04:00,218.3656005859375,218.69000244140625,218.27569580078125,218.61500549316406
2024-07-09 14:30:00-04:00,218.61000061035156,218.75999450683594,218.57000732421875,218.57679748535156
2024-07-09 15:30:00-04:00,218.5749969482422,218.63499450683594,218.50999450683594,218.57000732421875
2024-07-10 09:30:00-04:00,220.13999938964844,220.7100067138672,219.8800048828125,220.0
2024-07-10 10:30:00-04:00,220.02000427246094,220.0399932861328,219.52000427246094,220.02499389648438
2024-07-10 11:30:00-04:00,220.02000427246094,220.2100067138672,219.88499450683594,219.9696044921875
2024-07-10 12:30:00-04:00,219.9600067138672,219.99000549316406,219.30999755859375,219.4550018310547
2024-07-10 13:30:00-04:00,219.4499969482422,219.53500366210938,219.16000366210938,219.22000122070312
2024-07-10 14:30:00-04:00,219.1999969482422,219.4499969482422,219.1699981689453,219.24009704589844
2024-07-10 15:30:00-04:00,219.26010131835938,219.3699951171875,219.1999969482422,219.3300018310547
2024-07-11 09:30:00-04:00,222.64999389648438,222.970703125,221.47999572753906,222.55999755859375
2024-07-11 10:30:00-04:00,222.55999755859375,224.0800018310547,222.27059936523438,223.7899932861328
2024-07-11 11:30:00-04:00,223.77000427246094,224.14889526367188,223.07000732421875,223.10000610351562
2024-07-11 12:30:00-04:00,223.07000732421875,223.39999389648438,222.77999877929688,223.35000610351562
2024-07-11 13:30:00-04:00,223.35000610351562,223.38999938964844,222.99000549316406,223.17999267578125
2024-07-11 14:30:00-04:00,223.1719970703125,223.61000061035156,223.1699981689453,223.46499633789062
2024-07-11 15:30:00-04:00,223.4600067138672,223.50999450683594,223.16000366210938,223.19000244140625
2024-07-12 09:30:00-04:00,222.02999877929688,222.9199981689453,221.86000061035156,222.66990661621094
2024-07-12 10:30:00-04:00,222.64500427246094,223.1999969482422,222.57000732421875,222.9199981689453
2024-07-12 11:30:00-04:00,222.92999267578125,223.33999633789062,222.8000030517578,223.32000732421875
2024-07-12 12:30:00-04:00,223.33999633789062,223.52000427246094,223.2698974609375,223.33999633789062
2024-07-12 13:30:00-04:00,223.36000061035156,223.6199951171875,223.3000030517578,223.35000610351562
2024-07-12 14:30:00-04:00,223.34039306640625,223.36500549316406,223.13999938964844,223.19500732421875
2024-07-12 15:30:00-04:00,223.19000244140625,223.22000122070312,223.05999755859375,223.11000061035156
2024-07-15 09:30:00-04:00,223.38999938964844,224.1199951171875,223.02000427246094,224.0800018310547
2024-07-15 10:30:00-04:00,224.10000610351562,225.38999938964844,223.91000366210938,225.2899932861328
2024-07-15 11:30:00-04:00,225.24819946289062,225.24819946289062,224.77520751953125,224.9499969482422
2024-07-15 12:30:00-04:00,224.9600067138672,225.58999633789062,224.02000427246094,224.17999267578125
2024-07-15 13:30:00-04:00,224.16000366210938,224.16000366210938,223.74000549316406,224.0399932861328
2024-07-15 14:30:00-04:00,224.02499389648438,224.20899963378906,223.8000030517578,223.92999267578125
2024-07-15 15:30:00-04:00,223.9261932373047,224.0500030517578,223.8000030517578,223.85000610351562
2024-07-16 09:30:00-04:00,225.4499969482422,226.33999633789062,225.3000030517578,226.28990173339844
2024-07-16 10:30:00-04:00,226.2888946533203,227.6999969482422,226.16050720214844,227.47000122070312
2024-07-16 11:30:00-04:00,227.47999572753906,227.97999572753906,227.28500366210938,227.74000549316406
2024-07-16 12:30:00-04:00,227.72000122070312,227.82000732421875,227.30599975585938,227.72999572753906
2024-07-16 13:30:00-04:00,227.6999969482422,228.09500122070312,227.6699981689453,227.77499389648438
2024-07-16 14:30:00-04:00,227.77499389648438,228.05499267578125,227.72000122070312,227.97999572753906
2024-07-16 15:30:00-04:00,227.97999572753906,228.2899932861328,227.92999267578125,228.27999877929688
2024-07-17 09:30:00-04:00,228.7899932861328,229.64999389648438,227.82029724121094,228.35000610351562
2024-07-17 10:30:00-04:00,228.35000610351562,228.6300048828125,227.25,227.89999389648438
2024-07-17 11:30:00-04:00,227.88999938964844,228.00999450683594,226.7899932861328,226.82000732421875
2024-07-17 12:30:00-04:00,226.82000732421875,227.38999938964844,226.81500244140625,227.0399932861328
2024-07-17 13:30:00-04:00,227.05999755859375,227.15989685058594,226.6699981689453,227.125
2024-07-17 14:30:00-04:00,227.10000610351562,227.5,227.0924072265625,227.25
2024-07-17 15:30:00-04:00,227.21499633789062,227.4199981689453,227.1699981689453,227.27000427246094
2024-07-18 09:30:00-04:00,227.7100067138672,228.0,227.16000366210938,227.6959991455078
2024-07-18 10:30:00-04:00,227.72000122070312,228.32000732421875,227.41400146484375,227.9080047607422
2024-07-18 11:30:00-04:00,227.8800048828125,228.0399932861328,227.05999755859375,227.52499389648438
2024-07-18 12:30:00-04:00,227.52000427246094,227.52000427246094,226.6300048828125,226.8094024658203
2024-07-18 13:30:00-04:00,226.83999633789062,227.1699981689453,226.63999938964844,226.6999969482422
2024-07-18 14:30:00-04:00,226.69000244140625,226.72500610351562,225.6199951171875,225.7899932861328
2024-07-18 15:30:00-04:00,225.77999877929688,225.94020080566406,225.57000732421875,225.80999755859375
2024-07-19 09:30:00-04:00,221.52000427246094,222.5399932861328,221.41000366210938,222.02000427246094
2024-07-19 10:30:00-04:00,222.0449981689453,222.67999267578125,221.50999450683594,222.2949981689453
2024-07-19 11:30:00-04:00,222.2949981689453,222.5019989013672,222.0301055908203,222.11380004882812
2024-07-19 12:30:00-04:00,222.1300048828125,222.24000549316406,221.62989807128906,221.66009521484375
2024-07-19 13:30:00-04:00,221.6750030517578,221.97999572753906,221.5,221.8000030517578
2024-07-19 14:30:00-04:00,221.7899932861328,221.86000061035156,221.6649932861328,221.75999450683594
2024-07-19 15:30:00-04:00,221.77000427246094,221.92999267578125,221.64999389648438,221.77000427246094
2024-07-22 09:30:00-04:00,221.5800018310547,221.7899932861328,220.63999938964844,220.63999938964844
2024-07-22 10:30:00-04:00,220.6649932861328,221.00999450683594,220.39999389648438,220.58999633789062
2024-07-22 11:30:00-04:00,220.60000610351562,220.92999267578125,220.47000122070312,220.80999755859375
2024-07-22 12:30:00-04:00,220.8000030517578,221.5749969482422,220.7899932861328,221.27999877929688
2024-07-22 13:30:00-04:00,221.27499389648438,221.4600067138672,221.2100067138672,221.4499969482422
2024-07-22 14:30:00-04:00,221.44000244140625,221.69000244140625,221.36000061035156,221.64500427246094
2024-07-22 15:30:00-04:00,221.63999938964844,221.9199981689453,221.60000610351562,221.80999755859375
2024-07-23 09:30:00-04:00,222.33999633789062,222.4199981689453,221.86000061035156,222.3000030517578
2024-07-23 10:30:00-04:00,222.27999877929688,222.60000610351562,222.10000610351562,222.39999389648438
2024-07-23 11:30:00-04:00,222.41000366210938,222.55239868164062,222.17999267578125,222.3000030517578
2024-07-23 12:30:00-04:00,222.30999755859375,222.66000366210938,222.22999572753906,222.47999572753906
2024-07-23 13:30:00-04:00,222.47000122070312,222.47999572753906,222.14999389648438,222.30999755859375
2024-07-23 14:30:00-04:00,222.31019592285156,222.75,222.25999450683594,222.6199951171875
2024-07-23 15:30:00-04:00,222.625,222.72999572753906,222.57000732421875,222.60000610351562
2024-07-24 09:30:00-04:00,223.47000122070312,224.52999877929688,223.4600067138672,224.3300018310547
2024-07-24 10:30:00-04:00,224.30999755859375,224.8800048828125,224.1199951171875,224.42999267578125
2024-07-24 11:30:00-04:00,224.4499969482422,224.69000244140625,223.69500732421875,223.8699951171875
2024-07-24 12:30:00-04:00,223.83999633789062,223.91000366210938,223.2100067138672,223.32009887695312
2024-07-24 13:30:00-04:00,223.3000030517578,223.41000366210938,222.41799926757812,222.66000366210938
2024-07-24 14:30:00-04:00,222.66000366210938,222.77000427246094,222.42999267578125,222.46490478515625
2024-07-24 15:30:00-04:00,222.4550018310547,222.5449981689453,221.74000549316406,221.7550048828125
2024-07-25 09:30:00-04:00,219.02000427246094,219.2606964111328,217.94839477539062,218.71499633789062
2024-07-25 10:30:00-04:00,218.6999969482422,218.92999267578125,218.25,218.58999633789062
2024-07-25 11:30:00-04:00,218.60000610351562,218.79989624023438,217.91000366210938,218.35000610351562
2024-07-25 12:30:00-04:00,218.36000061035156,218.6300048828125,217.52000427246094,217.66000366210938
2024-07-25 13:30:00-04:00,217.65499877929688,218.05999755859375,217.5200958251953,217.97999572753906
2024-07-25 14:30:00-04:00,217.97999572753906,218.39999389648438,217.7899932861328,218.3800048828125
2024-07-25 15:30:00-04:00,218.3800048828125,218.4958953857422,218.32000732421875,218.36000061035156
2024-07-26 09:30:00-04:00,219.9600067138672,221.0399932861328,219.6999969482422,220.50999450683594
2024-07-26 10:30:00-04:00,220.5,220.72999572753906,220.03500366210938,220.4499969482422
2024-07-26 11:30:00-04:00,220.4499969482422,220.8699951171875,220.3800048828125,220.75999450683594
2024-07-26 12:30:00-04:00,220.83999633789062,220.99000549316406,220.1750030517578,220.2050018310547
2024-07-26 13:30:00-04:00,220.2100067138672,220.58999633789062,220.1199951171875,220.5399932861328
2024-07-26 14:30:00-04:00,220.5399932861328,220.6300048828125,220.3000030517578,220.56500244140625
2024-07-26 15:30:00-04:00,220.5699005126953,220.67999267578125,220.4199981689453,220.61000061035156
2024-07-29 09:30:00-04:00,221.25999450683594,221.5500030517578,220.8000030517578,220.99000549316406
2024-07-29 10:30:00-04:00,220.97000122070312,221.02000427246094,219.0449981689453,219.55999755859375
2024-07-29 11:30:00-04:00,219.5,220.0,219.38999938964844,219.75999450683594
2024-07-29 12:30:00-04:00,219.75999450683594,220.32000732421875,219.7050018310547,220.0399932861328
2024-07-29 13:30:00-04:00,220.0399932861328,220.3699951171875,219.76280212402344,219.97999572753906
2024-07-29 14:30:00-04:00,219.97999572753906,220.4199981689453,219.860107421875,220.38999938964844
2024-07-29 15:30:00-04:00,220.38999938964844,220.5500030517578,220.2899932861328,220.32000732421875
2024-07-30 09:30:00-04:00,221.2899932861328,221.67999267578125,220.74000549316406,221.2899932861328
2024-07-30 10:30:00-04:00,221.27999877929688,221.5,220.38999938964844,220.60000610351562
2024-07-30 11:30:00-04:00,220.57000732421875,221.0989990234375,220.35499572753906,221.00999450683594
2024-07-30 12:30:00-04:00,221.0,222.9199981689453,220.94500732421875,222.52560424804688
2024-07-30 13:30:00-04:00,222.5500030517578,222.6999969482422,222.12010192871094,222.38999938964844
2024-07-30 14:30:00-04:00,222.389892578125,222.60989379882812,222.22999572753906,222.60989379882812
2024-07-30 15:30:00-04:00,222.52000427246094,222.67999267578125,222.37750244140625,222.5399932861328
2024-07-31 09:30:00-04:00,223.7899932861328,224.58999633789062,223.7100067138672,224.02999877929688
2024-07-31 10:30:00-04:00,224.02000427246094,224.19500732421875,223.63999938964844,223.77000427246094
2024-07-31 11:30:00-04:00,223.8000030517578,224.39999389648438,223.77000427246094,224.38299560546875
2024-07-31 12:30:00-04:00,224.39999389648438,224.57000732421875,224.22999572753906,224.47000122070312
2024-07-31 13:30:00-04:00,224.4600067138672,224.50999450683594,223.8699951171875,224.17999267578125
2024-07-31 14:30:00-04:00,224.1999969482422,226.0,224.16000366210938,225.7899932861328
2024-07-31 15:30:00-04:00,225.75999450683594,226.59500122070312,225.75999450683594,226.50999450683594
2024-08-01 09:30:00-04:00,226.74000549316406,227.57000732421875,225.82000732421875,225.97500610351562
2024-08-01 10:30:00-04:00,225.97999572753906,226.70989990234375,225.83999633789062,226.1699981689453
2024-08-01 11:30:00-04:00,226.16000366210938,226.41000366210938,225.72999572753906,226.0998992919922
2024-08-01 12:30:00-04:00,226.11509704589844,226.3249969482422,225.19000244140625,225.24000549316406
2024-08-01 13:30:00-04:00,225.21969604492188,225.58999633789062,225.0500030517578,225.13999938964844
2024-08-01 14:30:00-04:00,225.14999389648438,225.80999755859375,225.0500030517578,225.80999755859375
2024-08-01 15:30:00-04:00,225.82000732421875,225.88499450683594,225.6999969482422,225.80999755859375
2024-08-02 09:30:00-04:00,227.9499969482422,228.75999450683594,227.67999267578125,227.82000732421875
2024-08-02 10:30:00-04:00,227.83999633789062,227.9199981689453,222.86500549316406,224.29010009765625
2024-08-02 11:30:00-04:00,224.27999877929688,225.52000427246094,223.67999267578125,225.22000122070312
2024-08-02 12:30:00-04:00,225.22000122070312,225.22000122070312,224.00999450683594,224.35000610351562
2024-08-02 13:30:00-04:00,224.39999389648438,224.97000122070312,224.3300018310547,224.88999938964844
2024-08-02 14:30:00-04:00,224.88999938964844,224.92999267578125,224.25369262695312,224.85000610351562
2024-08-02 15:30:00-04:00,224.85000610351562,225.44000244140625,224.83999633789062,225.36000061035156
2024-08-05 09:30:00-04:00,220.55999755859375,221.6300048828125,220.24099731445312,220.72000122070312
2024-08-05 10:30:00-04:00,220.72999572753906,223.00999450683594,220.6699981689453,222.44000244140625
2024-08-05 11:30:00-04:00,222.44000244140625,222.75,221.7899932861328,222.50999450683594
2024-08-05 12:30:00-04:00,222.50999450683594,222.67759704589844,221.8800048828125,222.22000122070312
2024-08-05 13:30:00-04:00,222.19000244140625,222.7100067138672,221.95030212402344,222.42999267578125
2024-08-05 14:30:00-04:00,222.41000366210938,222.72999572753906,222.22999572753906,222.67999267578125
2024-08-05 15:30:00-04:00,222.67990112304688,223.10000610351562,222.5500030517578,222.5749969482422
2024-08-06 09:30:00-04:00,221.5,222.1300048828125,220.9199981689453,220.9499969482422
2024-08-06 10:30:00-04:00,220.94000244140625,221.24000549316406,220.11000061035156,220.57000732421875
2024-08-06 11:30:00-04:00,220.5800018310547,220.9199981689453,220.16000366210938,220.66000366210938
2024-08-06 12:30:00-04:00,220.67999267578125,221.07000732421875,220.52999877929688,221.0
2024-08-06 13:30:00-04:00,221.0,221.38999938964844,220.94630432128906,221.3000030517578
2024-08-06 14:30:00-04:00,221.3000030517578,221.47000122070312,220.83999633789062,220.93499755859375
2024-08-06 15:30:00-04:00,220.94000244140625,220.99000549316406,220.60000610351562,220.7100067138672
2024-08-07 09:30:00-04:00,221.94000244140625,222.30999755859375,221.55999755859375,222.0399932861328
2024-08-07 10:30:00-04:00,222.02000427246094,222.1636962890625,221.58999633789062,221.6699981689453
2024-08-07 11:30:00-04:00,221.39999389648438,221.5500030517578,221.11000061035156,221.33999633789062
2024-08-07 12:30:00-04:00,221.32000732421875,221.82789611816406,221.00999450683594,221.10000610351562
2024-08-07 13:30:00-04:00,221.08999633789062,221.31500244140625,220.67999267578125,220.8300018310547
2024-08-07 14:30:00-04:00,220.86000061035156,220.99000549316406,220.35000610351562,220.88009643554688
2024-08-07 15:30:00-04:00,220.89999389648438,220.97999572753906,220.5,220.52999877929688
2024-08-08 09:30:00-04:00,222.72999572753906,224.02999877929688,222.51499938964844,224.0
2024-08-08 10:30:00-04:00,224.00999450683594,224.0399932861328,222.89999389648438,223.19000244140625
2024-08-08 11:30:00-04:00,223.22999572753906,224.02000427246094,223.12469482421875,223.9550018310547
2024-08-08 12:30:00-04:00,223.97000122070312,224.05999755859375,223.25999450683594,223.97999572753906
2024-08-08 13:30:00-04:00,224.0,224.25,223.75,224.13999938964844
2024-08-08 14:30:00-04:00,224.17999267578125,224.2073974609375,223.8699951171875,224.08770751953125
2024-08-08 15:30:00-04:00,224.09500122070312,224.09500122070312,223.81959533691406,224.0
2024-08-09 09:30:00-04:00,224.82000732421875,224.92080688476562,223.82000732421875,224.83999633789062
2024-08-09 10:30:00-04:00,225.0800018310547,225.1699981689453,224.28500366210938,224.57760620117188
2024-08-09 11:30:00-04:00,224.58999633789062,224.92999267578125,224.3800048828125,224.7100067138672
2024-08-09 12:30:00-04:00,224.6999969482422,225.27999877929688,224.66000366210938,224.97000122070312
2024-08-09 13:30:00-04:00,225.0,225.07989501953125,224.3699951171875,224.49000549316406
2024-08-09 14:30:00-04:00,224.47999572753906,224.64999389648438,224.38999938964844,224.48500061035156
2024-08-09 15:30:00-04:00,224.49000549316406,224.5749969482422,224.3800048828125,224.5500030517578
2024-08-12 09:30:00-04:00,226.13999938964844,227.19000244140625,225.96499633789062,226.36000061035156
2024-08-12 10:30:00-04:00,226.36000061035156,227.47000122070312,226.3000030517578,227.1199951171875
2024-08-12 11:30:00-04:00,227.15089416503906,227.97999572753906,226.9199981689453,227.75
2024-08-12 12:30:00-04:00,227.75999450683594,227.8804931640625,227.5601043701172,227.8000030517578
2024-08-12 13:30:00-04:00,227.7949981689453,228.36000061035156,227.7899932861328,228.30999755859375
2024-08-12 14:30:00-04:00,228.3000030517578,228.4600067138672,228.22000122070312,228.3300018310547
2024-08-12 15:30:00-04:00,228.3300018310547,228.53500366210938,228.3300018310547,228.3800048828125
2024-08-13 09:30:00-04:00,228.07000732421875,228.8699951171875,228.0399932861328,228.1300048828125
2024-08-13 10:30:00-04:00,228.1300048828125,228.5800018310547,227.75,228.11000061035156
2024-08-13 11:30:00-04:00,228.11000061035156,228.41000366210938,227.89999389648438,227.97999572753906
2024-08-13 12:30:00-04:00,228.02000427246094,228.31500244140625,227.97000122070312,228.1199951171875
2024-08-13 13:30:00-04:00,228.10000610351562,228.1999969482422,227.9250030517578,228.0800018310547
2024-08-13 14:30:00-04:00,228.0800018310547,228.19000244140625,227.8699951171875,227.9250030517578
2024-08-13 15:30:00-04:00,227.9250030517578,228.08999633789062,227.58999633789062,228.02999877929688
2024-08-14 09:30:00-04:00,226.5500030517578,227.47999572753906,226.39999389648438,227.10000610351562
2024-08-14 10:30:00-04:00,227.0800018310547,227.125,226.1699981689453,226.42999267578125
2024-08-14 11:30:00-04:00,226.42999267578125,226.44000244140625,225.42999267578125,225.6199951171875
2024-08-14 12:30:00-04:00,225.63999938964844,226.02000427246094,225.35000610351562,225.6999969482422
2024-08-14 13:30:00-04:00,225.69000244140625,225.9199981689453,225.60499572753906,225.91000366210938
2024-08-14 14:30:00-04:00,225.89999389648438,226.33999633789062,225.89999389648438,226.0
2024-08-14 15:30:00-04:00,226.0,226.22999572753906,225.98550415039062,226.2100067138672
2024-08-15 09:30:00-04:00,226.30999755859375,226.72999572753906,225.1199951171875,226.6300048828125
2024-08-15 10:30:00-04:00,226.6199951171875,227.2100067138672,226.47999572753906,226.99000549316406
2024-08-15 11:30:00-04:00,227.0500030517578,227.35000610351562,226.85000610351562,227.19000244140625
2024-08-15 12:30:00-04:00,227.22999572753906,227.22999572753906,226.72999572753906,226.83999633789062
2024-08-15 13:30:00-04:00,226.8603057861328,227.10000610351562,226.77999877929688,227.08999633789062
2024-08-15 14:30:00-04:00,227.10000610351562,227.5,227.02999877929688,227.38999938964844
2024-08-15 15:30:00-04:00,227.3800048828125,227.38999938964844,226.78500366210938,226.9199981689453
2024-08-16 09:30:00-04:00,229.99000549316406,231.10000610351562,229.0050048828125,229.36000061035156
2024-08-16 10:30:00-04:00,229.3699951171875,230.22889709472656,229.14999389648438,229.91000366210938
2024-08-16 11:30:00-04:00,229.91000366210938,230.77999877929688,229.76919555664062,230.6750030517578
2024-08-16 12:30:00-04:00,230.6699981689453,231.0699005126953,230.4600067138672,231.0399932861328
2024-08-16 13:30:00-04:00,231.0399932861328,231.1699981689453,230.72000122070312,231.0399932861328
2024-08-16 14:30:00-04:00,231.0500030517578,231.6999969482422,231.0399932861328,231.60000610351562
2024-08-16 15:30:00-04:00,231.58999633789062,232.02000427246094,231.44000244140625,231.89999389648438
2024-08-19 09:30:00-04:00,230.14999389648438,231.0399932861328,229.74000549316406,231.0
2024-08-19 10:30:00-04:00,231.0,231.63999938964844,230.91969299316406,231.49989318847656
2024-08-19 11:30:00-04:00,231.49000549316406,231.63999938964844,231.0937957763672,231.43499755859375
2024-08-19 12:30:00-04:00,231.44000244140625,231.77999877929688,231.3000030517578,231.32000732421875
2024-08-19 13:30:00-04:00,231.3249969482422,231.4949951171875,231.15260314941406,231.36000061035156
2024-08-19 14:30:00-04:00,231.3699951171875,231.5800018310547,231.3699951171875,231.52999877929688
2024-08-19 15:30:00-04:00,231.5200958251953,231.64999389648438,231.42999267578125,231.60000610351562
2024-08-20 09:30:00-04:00,233.7100067138672,234.00999450683594,232.9199981689453,233.22999572753906
2024-08-20 10:30:00-04:00,233.13999938964844,233.72999572753906,231.5800018310547,231.92999267578125
2024-08-20 11:30:00-04:00,231.94000244140625,232.39999389648438,231.1300048828125,231.5749969482422
2024-08-20 12:30:00-04:00,231.5500030517578,232.25,231.39990234375,232.24000549316406
2024-08-20 13:30:00-04:00,232.1999969482422,232.4199981689453,231.9324951171875,232.3802947998047
2024-08-20 14:30:00-04:00,232.39999389648438,232.50999450683594,232.0800018310547,232.2698974609375
2024-08-20 15:30:00-04:00,232.27000427246094,232.50999450683594,232.2698974609375,232.47000122070312
2024-08-21 09:30:00-04:00,231.69000244140625,231.77499389648438,230.47999572753906,231.0399932861328
2024-08-21 10:30:00-04:00,231.05999755859375,231.88999938964844,230.56500244140625,231.74000549316406
2024-08-21 11:30:00-04:00,231.77000427246094,232.10000610351562,231.3699951171875,231.7449951171875
2024-08-21 12:30:00-04:00,231.72999572753906,232.07000732421875,231.58999633789062,231.97000122070312
2024-08-21 13:30:00-04:00,231.97999572753906,232.8699951171875,231.91000366210938,232.80999755859375
2024-08-21 14:30:00-04:00,232.7899932861328,232.8300018310547,232.0800018310547,232.25
2024-08-21 15:30:00-04:00,232.24989318847656,232.5299072265625,232.1199951171875,232.13999938964844
2024-08-22 09:30:00-04:00,230.35000610351562,230.3800048828125,228.25999450683594,228.88999938964844
2024-08-22 10:30:00-04:00,228.91000366210938,229.5399932861328,228.3699951171875,228.88999938964844
2024-08-22 11:30:00-04:00,228.92999267578125,229.67999267578125,228.66000366210938,229.5
2024-08-22 12:30:00-04:00,229.49000549316406,229.69500732421875,229.11000061035156,229.19500732421875
2024-08-22 13:30:00-04:00,229.22500610351562,229.5800018310547,229.22500610351562,229.50999450683594
2024-08-22 14:30:00-04:00,229.5,229.52000427246094,228.97999572753906,228.97999572753906
2024-08-22 15:30:00-04:00,228.99000549316406,229.4550018310547,228.98500061035156,229.39999389648438
2024-08-23 09:30:00-04:00,231.0399932861328,232.69000244140625,230.5198974609375,232.30999755859375
2024-08-23 10:30:00-04:00,232.33999633789062,232.72999572753906,231.3000030517578,232.58999633789062
2024-08-23 11:30:00-04:00,232.5800018310547,232.69000244140625,231.52749633789062,231.71499633789062
2024-08-23 12:30:00-04:00,231.72000122070312,232.14999389648438,231.1699981689453,231.99000549316406
2024-08-23 13:30:00-04:00,231.98500061035156,232.22999572753906,231.85000610351562,232.07000732421875
2024-08-23 14:30:00-04:00,232.05990600585938,232.2050018310547,231.75999450683594,232.08999633789062
2024-08-23 15:30:00-04:00,232.10000610351562,232.11000061035156,231.91000366210938,232.02000427246094
2024-08-26 09:30:00-04:00,233.4499969482422,233.5,232.05999755859375,232.66000366210938
2024-08-26 10:30:00-04:00,232.66000366210938,232.8300018310547,232.10409545898438,232.2100067138672
2024-08-26 11:30:00-04:00,232.16000366210938,232.66000366210938,232.1300048828125,232.42820739746094
2024-08-26 12:30:00-04:00,232.4398956298828,233.2100067138672,232.41000366210938,232.80999755859375
2024-08-26 13:30:00-04:00,232.8300018310547,232.86000061035156,232.55999755859375,232.55999755859375
2024-08-26 14:30:00-04:00,232.55999755859375,232.97999572753906,232.44000244140625,232.875
2024-08-26 15:30:00-04:00,232.85000610351562,233.00999450683594,232.69000244140625,232.74000549316406
2024-08-27 09:30:00-04:00,231.69000244140625,232.72999572753906,231.57009887695312,232.5500030517578
2024-08-27 10:30:00-04:00,232.58999633789062,233.0,232.31509399414062,232.55999755859375
2024-08-27 11:30:00-04:00,232.5500030517578,232.589599609375,231.9600067138672,232.22999572753906
2024-08-27 12:30:00-04:00,232.24000549316406,232.75,232.17999267578125,232.6999969482422
2024-08-27 13:30:00-04:00,232.69749450683594,233.3800048828125,232.69749450683594,233.3000030517578
2024-08-27 14:30:00-04:00,233.28919982910156,233.47000122070312,233.1699981689453,233.27499389648438
2024-08-27 15:30:00-04:00,233.27499389648438,233.4600067138672,233.25,233.3800048828125
2024-08-28 09:30:00-04:00,232.0,232.02000427246094,230.97000122070312,231.58999633789062
2024-08-28 10:30:00-04:00,231.6199951171875,231.88999938964844,231.49000549316406,231.73500061035156
2024-08-28 11:30:00-04:00,231.75999450683594,232.01170349121094,230.72999572753906,230.97999572753906
2024-08-28 12:30:00-04:00,230.97000122070312,231.4199981689453,230.92999267578125,231.39999389648438
2024-08-28 13:30:00-04:00,231.39999389648438,231.66000366210938,231.3800048828125,231.4600067138672
2024-08-28 14:30:00-04:00,231.47999572753906,231.96499633789062,231.4199981689453,231.89500427246094
2024-08-28 15:30:00-04:00,231.89500427246094,231.91000366210938,231.6999969482422,231.75
2024-08-29 09:30:00-04:00,231.9499969482422,232.94000244140625,231.9199981689453,232.50999450683594
2024-08-29 10:30:00-04:00,232.39500427246094,233.33999633789062,232.35499572753906,232.73989868164062
2024-08-29 11:30:00-04:00,232.7100067138672,233.19000244140625,232.57000732421875,233.1699981689453
2024-08-29 12:30:00-04:00,233.1199951171875,233.61000061035156,233.02000427246094,233.4499969482422
2024-08-29 13:30:00-04:00,233.4499969482422,233.53500366210938,233.13999938964844,233.2899932861328
2024-08-29 14:30:00-04:00,233.27000427246094,233.39999389648438,232.89999389648438,233.09500122070312
2024-08-29 15:30:00-04:00,233.0800018310547,233.17599487304688,232.91000366210938,232.9199981689453
2024-08-30 09:30:00-04:00,232.52999877929688,232.86000061035156,231.9499969482422,232.0
2024-08-30 10:30:00-04:00,231.9600067138672,232.4199981689453,231.36000061035156,231.52999877929688
2024-08-30 11:30:00-04:00,231.57000732421875,231.67030334472656,231.10000610351562,231.25
2024-08-30 12:30:00-04:00,231.25999450683594,231.41000366210938,230.5500946044922,230.63999938964844
2024-08-30 13:30:00-04:00,230.67999267578125,231.49000549316406,230.58999633789062,231.42999267578125
2024-08-30 14:30:00-04:00,231.42999267578125,231.5399932861328,230.94500732421875,231.25
2024-08-30 15:30:00-04:00,231.2550048828125,231.47999572753906,231.10499572753906,231.3000030517578
2024-09-03 09:30:00-04:00,230.3800048828125,230.47999572753906,228.52000427246094,228.96499633789062
2024-09-03 10:30:00-04:00,228.97000122070312,229.4600067138672,228.9199981689453,229.3800048828125
2024-09-03 11:30:00-04:00,229.38099670410156,230.0749969482422,229.375,229.8000030517578
2024-09-03 12:30:00-04:00,229.83900451660156,230.3000030517578,229.5699005126953,230.22000122070312
2024-09-03 13:30:00-04:00,230.24000549316406,230.30499267578125,229.8800048828125,230.0399932861328
2024-09-03 14:30:00-04:00,230.0426025390625,230.5,229.83399963378906,230.4949951171875
2024-09-03 15:30:00-04:00,230.49000549316406,230.5399932861328,230.22999572753906,230.2899932861328
2024-09-04 09:30:00-04:00,229.7899932861328,231.0,229.375,230.32000732421875
2024-09-04 10:30:00-04:00,230.3300018310547,231.05999755859375,230.3300018310547,230.61599731445312
2024-09-04 11:30:00-04:00,230.5897979736328,230.75,230.3800048828125,230.69000244140625
2024-09-04 12:30:00-04:00,230.66000366210938,230.83990478515625,230.52999877929688,230.5800018310547
2024-09-04 13:30:00-04:00,230.57000732421875,230.58099365234375,230.32000732421875,230.42689514160156
2024-09-04 14:30:00-04:00,230.47000122070312,230.6300048828125,230.360107421875,230.47500610351562
2024-09-04 15:30:00-04:00,230.47500610351562,230.47500610351562,230.25999450683594,230.4499969482422
2024-09-05 09:30:00-04:00,232.72000122070312,232.88999938964844,231.67999267578125,232.52999877929688
2024-09-05 10:30:00-04:00,232.6199951171875,232.72000122070312,231.3300018310547,231.54989624023438
2024-09-05 11:30:00-04:00,231.6999969482422,231.98500061035156,231.5449981689453,231.94000244140625
2024-09-05 12:30:00-04:00,231.91110229492188,232.25990295410156,231.77000427246094,232.16000366210938
2024-09-05 13:30:00-04:00,232.16000366210938,232.50999450683594,232.07000732421875,232.44500732421875
2024-09-05 14:30:00-04:00,232.44000244140625,232.55999755859375,232.3300018310547,232.35000610351562
2024-09-05 15:30:00-04:00,232.35499572753906,232.46499633789062,232.22999572753906,232.3699951171875
2024-09-06 09:30:00-04:00,231.8300018310547,232.1300048828125,231.2100067138672,231.5200958251953
2024-09-06 10:30:00-04:00,231.5,232.75999450683594,231.10000610351562,232.4499969482422
2024-09-06 11:30:00-04:00,232.47000122070312,232.47000122070312,230.07000732421875,230.50999450683594
2024-09-06 12:30:00-04:00,230.5,230.67999267578125,229.6199951171875,230.5800018310547
2024-09-06 13:30:00-04:00,230.5749969482422,230.74000549316406,230.22999572753906,230.63999938964844
2024-09-06 14:30:00-04:00,230.66000366210938,230.67999267578125,230.16000366210938,230.50999450683594
2024-09-06 15:30:00-04:00,230.50999450683594,230.72999572753906,230.41000366210938,230.6300048828125
2024-09-09 09:30:00-04:00,231.25999450683594,231.36000061035156,230.63499450683594,230.99000549316406
2024-09-09 10:30:00-04:00,230.99000549316406,230.99000549316406,230.38999938964844,230.5500030517578
2024-09-09 11:30:00-04:00,230.55999755859375,231.30999755859375,230.55999755859375,231.19000244140625
2024-09-09 12:30:00-04:00,231.17999267578125,231.50999450683594,231.14999389648438,231.30999755859375
2024-09-09 13:30:00-04:00,231.31500244140625,231.6199951171875,230.9499969482422,231.1699981689453
2024-09-09 14:30:00-04:00,231.16000366210938,231.50999450683594,231.1300048828125,231.3896942138672
2024-09-09 15:30:00-04:00,231.38999938964844,231.61000061035156,231.3000946044922,231.60000610351562
2024-09-10 09:30:00-04:00,232.25,232.42950439453125,231.16000366210938,231.16119384765625
2024-09-10 10:30:00-04:00,231.1699981689453,232.30999755859375,231.1199951171875,232.22999572753906
2024-09-10 11:30:00-04:00,232.22999572753906,232.74000549316406,232.00999450683594,232.2899932861328
2024-09-10 12:30:00-04:00,232.2899932861328,232.47999572753906,232.24000549316406,232.32000732421875
2024-09-10 13:30:00-04:00,232.32000732421875,232.41000366210938,232.14999389648438,232.3300018310547
2024-09-10 14:30:00-04:00,232.3699951171875,232.6199951171875,232.35000610351562,232.4499969482422
2024-09-10 15:30:00-04:00,232.44009399414062,232.66000366210938,232.33999633789062,232.6199951171875
2024-09-11 09:30:00-04:00,231.63999938964844,232.00999450683594,231.08999633789062,231.63999938964844
2024-09-11 10:30:00-04:00,231.66990661621094,232.41000366210938,231.3699951171875,232.24000549316406
2024-09-11 11:30:00-04:00,232.22970581054688,232.54989624023438,232.11000061035156,232.5
2024-09-11 12:30:00-04:00,232.47999572753906,232.8699951171875,232.21499633789062,232.33099365234375
2024-09-11 13:30:00-04:00,232.33999633789062,232.5399932861328,232.152099609375,232.17999267578125
2024-09-11 14:30:00-04:00,232.16000366210938,232.2550048828125,231.92010498046875,232.11000061035156
2024-09-11 15:30:00-04:00,232.11000061035156,232.27000427246094,231.94000244140625,232.22999572753906
2024-09-12 09:30:00-04:00,234.6300048828125,235.74029541015625,234.4199981689453,235.05999755859375
2024-09-12 10:30:00-04:00,235.05999755859375,236.07000732421875,235.02999877929688,235.92999267578125
2024-09-12 11:30:00-04:00,235.9499969482422,236.02999877929688,235.1300048828125,235.19000244140625
2024-09-12 12:30:00-04:00,235.2100067138672,236.0399932861328,235.1699981689453,235.7550048828125
2024-09-12 13:30:00-04:00,235.77000427246094,236.07000732421875,235.72000122070312,236.03990173339844
2024-09-12 14:30:00-04:00,236.02999877929688,236.4199981689453,235.97999572753906,236.0413055419922
2024-09-12 15:30:00-04:00,236.0449981689453,236.4499969482422,236.02499389648438,236.32000732421875
2024-09-13 09:30:00-04:00,238.1300048828125,238.7100067138672,237.75750732421875,238.19180297851562
2024-09-13 10:30:00-04:00,238.22999572753906,238.4199981689453,237.8000030517578,238.15170288085938
2024-09-13 11:30:00-04:00,238.14999389648438,238.88009643554688,238.14999389648438,238.64999389648438
2024-09-13 12:30:00-04:00,238.6699981689453,238.97999572753906,238.4199981689453,238.6199951171875
2024-09-13 13:30:00-04:00,238.6300048828125,238.77000427246094,238.49000549316406,238.74000549316406
2024-09-13 14:30:00-04:00,238.74000549316406,238.77000427246094,238.30999755859375,238.5800018310547
2024-09-13 15:30:00-04:00,238.5800018310547,238.7100067138672,238.50999450683594,238.64999389648438
2024-09-16 09:30:00-04:00,238.72999572753906,239.2779998779297,238.1999969482422,238.30999755859375
2024-09-16 10:30:00-04:00,238.33050537109375,238.597900390625,238.0500030517578,238.47999572753906
2024-09-16 11:30:00-04:00,238.49000549316406,238.6199951171875,238.2799072265625,238.60000610351562
2024-09-16 12:30:00-04:00,238.60000610351562,238.77999877929688,238.49000549316406,238.52000427246094
2024-09-16 13:30:00-04:00,238.52000427246094,238.64999389648438,238.38999938964844,238.5500030517578
2024-09-16 14:30:00-04:00,238.55999755859375,238.57000732421875,238.37030029296875,238.53900146484375
2024-09-16 15:30:00-04:00,238.52999877929688,238.72000122070312,238.5,238.6300048828125
2024-09-17 09:30:00-04:00,238.0800018310547,238.60000610351562,237.77999877929688,238.25
2024-09-17 10:30:00-04:00,238.27000427246094,238.27000427246094,237.22999572753906,237.24000549316406
2024-09-17 11:30:00-04:00,237.25,237.3699951171875,236.72000122070312,237.00999450683594
2024-09-17 12:30:00-04:00,236.9691925048828,237.13999938964844,236.61000061035156,237.05999755859375
2024-09-17 13:30:00-04:00,237.07000732421875,237.5800018310547,236.88999938964844,237.41000366210938
2024-09-17 14:30:00-04:00,237.375,237.63999938964844,237.21499633789062,237.27000427246094
2024-09-17 15:30:00-04:00,237.25999450683594,237.42999267578125,237.2050018310547,237.36000061035156
2024-09-18 09:30:00-04:00,238.19000244140625,238.25999450683594,237.2899932861328,237.3800048828125
2024-09-18 10:30:00-04:00,237.4499969482422,237.8699951171875,237.33981323242188,237.7100067138672
2024-09-18 11:30:00-04:00,237.7050018310547,237.7899932861328,237.32000732421875,237.64990234375
2024-09-18 12:30:00-04:00,237.6300048828125,237.95599365234375,237.5290985107422,237.63499450683594
2024-09-18 13:30:00-04:00,237.64500427246094,240.0800018310547,237.20010375976562,239.8000030517578
2024-09-18 14:30:00-04:00,239.7899932861328,240.2895965576172,235.94000244140625,237.0500030517578
2024-09-18 15:30:00-04:00,237.08999633789062,237.12989807128906,235.3000030517578,235.52999877929688
2024-09-19 09:30:00-04:00,238.24000549316406,238.4499969482422,237.38999938964844,238.35000610351562
2024-09-19 10:30:00-04:00,238.35000610351562,238.8000030517578,238.35000610351562,238.77999877929688
2024-09-19 11:30:00-04:00,238.7899932861328,239.38499450683594,238.63999938964844,239.16009521484375
2024-09-19 12:30:00-04:00,239.22000122070312,239.51499938964844,239.08999633789062,239.16000366210938
2024-09-19 13:30:00-04:00,239.16000366210938,239.36000061035156,238.96499633789062,239.1199951171875
2024-09-19 14:30:00-04:00,239.1199951171875,239.27999877929688,238.94000244140625,239.0399932861328
2024-09-19 15:30:00-04:00,239.02999877929688,239.22999572753906,238.91000366210938,239.13499450683594
2024-09-20 09:30:00-04:00,241.11000061035156,241.52000427246094,240.47000122070312,241.50999450683594
2024-09-20 10:30:00-04:00,241.5,241.99000549316406,241.3000030517578,241.35000610351562
2024-09-20 11:30:00-04:00,241.35000610351562,242.5800018310547,241.32000732421875,242.41000366210938
2024-09-20 12:30:00-04:00,242.39999389648438,242.61000061035156,242.0399932861328,242.14999389648438
2024-09-20 13:30:00-04:00,242.16000366210938,242.25999450683594,241.8800048828125,242.0500030517578
2024-09-20 14:30:00-04:00,242.05999755859375,242.41000366210938,241.97999572753906,242.41000366210938
2024-09-20 15:30:00-04:00,242.41000366210938,242.42999267578125,242.19000244140625,242.2100067138672
2024-09-23 09:30:00-04:00,242.97000122070312,243.4600067138672,242.63999938964844,243.44400024414062
2024-09-23 10:30:00-04:00,243.44000244140625,243.4600067138672,242.61000061035156,243.1199951171875
2024-09-23 11:30:00-04:00,243.11000061035156,243.13999938964844,242.7100067138672,242.88999938964844
2024-09-23 12:30:00-04:00,242.8800048828125,242.91000366210938,242.7050018310547,242.7550048828125
2024-09-23 13:30:00-04:00,242.77000427246094,242.91000366210938,242.6300048828125,242.83999633789062
2024-09-23 14:30:00-04:00,242.83999633789062,242.86000061035156,242.68499755859375,242.74000549316406
2024-09-23 15:30:00-04:00,242.72999572753906,242.76829528808594,242.5850067138672,242.66000366210938
2024-09-24 09:30:00-04:00,243.38999938964844,243.89999389648438,243.14999389648438,243.8300018310547
2024-09-24 10:30:00-04:00,243.8300018310547,244.72999572753906,243.6300048828125,244.49000549316406
2024-09-24 11:30:00-04:00,244.5,244.9199981689453,243.9199981689453,244.60400390625
2024-09-24 12:30:00-04:00,244.6342010498047,245.33999633789062,244.5500030517578,244.99000549316406
2024-09-24 13:30:00-04:00,244.97000122070312,245.52000427246094,244.84500122070312,245.4199981689453
2024-09-24 14:30:00-04:00,245.4290008544922,245.91000366210938,245.39999389648438,245.8300018310547
2024-09-24 15:30:00-04:00,245.82000732421875,246.19000244140625,245.64999389648438,246.0399932861328
2024-09-25 09:30:00-04:00,246.19000244140625,246.4499969482422,245.77999877929688,246.3300018310547
2024-09-25 10:30:00-04:00,246.35000610351562,246.47000122070312,245.42999267578125,245.5
2024-09-25 11:30:00-04:00,245.51010131835938,245.74920654296875,245.05999755859375,245.27999877929688
2024-09-25 12:30:00-04:00,245.26499938964844,245.82000732421875,244.7899932861328,245.80999755859375
2024-09-25 13:30:00-04:00,245.7899932861328,246.02999877929688,245.7100067138672,245.89500427246094
2024-09-25 14:30:00-04:00,245.9149932861328,245.94000244140625,245.6999969482422,245.8350067138672
2024-09-25 15:30:00-04:00,245.8300018310547,245.8300018310547,245.72999572753906,245.72999572753906
2024-09-26 09:30:00-04:00,246.44000244140625,246.5800018310547,245.19000244140625,246.10000610351562
2024-09-26 10:30:00-04:00,246.14999389648438,246.63999938964844,245.94000244140625,246.58999633789062
2024-09-26 11:30:00-04:00,246.61000061035156,246.88999938964844,245.98500061035156,246.3800048828125
2024-09-26 12:30:00-04:00,246.39999389648438,246.82000732421875,246.3300018310547,246.77499389648438
2024-09-26 13:30:00-04:00,246.75,247.14999389648438,246.60000610351562,247.05999755859375
2024-09-26 14:30:00-04:00,247.0500030517578,247.3699951171875,246.94000244140625,247.0749969482422
2024-09-26 15:30:00-04:00,247.04820251464844,247.10000610351562,246.85000610351562,246.97000122070312
2024-09-27 09:30:00-04:00,246.30999755859375,246.75,245.5500030517578,245.86000061035156
2024-09-27 10:30:00-04:00,245.89500427246094,246.0500030517578,244.3300018310547,245.1999969482422
2024-09-27 11:30:00-04:00,245.17999267578125,245.25,244.38999938964844,245.11000061035156
2024-09-27 12:30:00-04:00,245.1199951171875,245.39999389648438,244.3699951171875,244.49000549316406
2024-09-27 13:30:00-04:00,244.49000549316406,244.60000610351562,244.19000244140625,244.3699951171875
2024-09-27 14:30:00-04:00,244.3800048828125,244.8300018310547,244.2100067138672,244.8249969482422
2024-09-27 15:30:00-04:00,244.8000030517578,245.08999633789062,244.77999877929688,245.02000427246094
2024-09-30 09:30:00-04:00,243.9199981689453,243.97000122070312,242.86000061035156,243.1699981689453
2024-09-30 10:30:00-04:00,243.1699981689453,243.56500244140625,243.02999877929688,243.2899932861328
2024-09-30 11:30:00-04:00,243.32000732421875,243.72000122070312,243.24000549316406,243.6479949951172
2024-09-30 12:30:00-04:00,243.625,244.0800018310547,243.5699005126953,243.7100067138672
2024-09-30 13:30:00-04:00,243.72000122070312,243.9199981689453,242.5,242.7100067138672
2024-09-30 14:30:00-04:00,242.6999969482422,243.27000427246094,242.6699981689453,242.74000549316406
2024-09-30 15:30:00-04:00,242.72999572753906,243.14500427246094,242.66000366210938,243.08999633789062
2024-10-01 09:30:00-04:00,245.1999969482422,246.83999633789062,245.05999755859375,246.25999450683594
2024-10-01 10:30:00-04:00,246.2949981689453,246.34959411621094,245.17999267578125,246.24000549316406
2024-10-01 11:30:00-04:00,246.22000122070312,246.47999572753906,245.6999969482422,246.2449951171875
2024-10-01 12:30:00-04:00,246.22000122070312,246.97999572753906,246.11000061035156,246.5500030517578
2024-10-01 13:30:00-04:00,246.5500030517578,246.60000610351562,245.5399932861328,245.94000244140625
2024-10-01 14:30:00-04:00,245.9499969482422,246.25,245.80999755859375,246.1199951171875
2024-10-01 15:30:00-04:00,246.10499572753906,246.10499572753906,245.58999633789062,245.6199951171875
2024-10-02 09:30:00-04:00,245.61000061035156,246.07000732421875,245.14999389648438,245.24600219726562
2024-10-02 10:30:00-04:00,245.27000427246094,245.44200134277344,243.99000549316406,244.5800018310547
2024-10-02 11:30:00-04:00,244.57000732421875,245.0399932861328,244.50999450683594,244.77000427246094
2024-10-02 12:30:00-04:00,244.73500061035156,244.97999572753906,244.55999755859375,244.69000244140625
2024-10-02 13:30:00-04:00,244.6699981689453,245.1300048828125,244.6699981689453,245.09500122070312
2024-10-02 14:30:00-04:00,245.09249877929688,245.58999633789062,245.0572052001953,245.5800018310547
2024-10-02 15:30:00-04:00,245.5749969482422,245.67999267578125,245.44500732421875,245.63999938964844
2024-10-03 09:30:00-04:00,244.72000122070312,245.2100067138672,243.69000244140625,244.67990112304688
2024-10-03 10:30:00-04:00,244.69000244140625,245.08999633789062,244.4199981689453,244.89999389648438
2024-10-03 11:30:00-04:00,244.91000366210938,245.17999267578125,244.60000610351562,245.060302734375
2024-10-03 12:30:00-04:00,245.0612030029297,245.91000366210938,245.0041961669922,245.60000610351562
2024-10-03 13:30:00-04:00,245.61000061035156,245.74000549316406,245.2628936767578,245.58999633789062
2024-10-03 14:30:00-04:00,245.60000610351562,245.67999267578125,245.44000244140625,245.61000061035156
2024-10-03 15:30:00-04:00,245.60009765625,245.6199951171875,245.4499969482422,245.52000427246094
2024-10-04 09:30:00-04:00,245.0,245.3000030517578,244.49000549316406,244.86000061035156
2024-10-04 10:30:00-04:00,244.82000732421875,246.69000244140625,244.69000244140625,245.5800018310547
2024-10-04 11:30:00-04:00,245.5399932861328,245.5800018310547,244.61000061035156,244.67999267578125
2024-10-04 12:30:00-04:00,244.6999969482422,244.75819396972656,244.0449981689453,244.6300048828125
2024-10-04 13:30:00-04:00,244.64950561523438,244.91000366210938,244.2899932861328,244.5
2024-10-04 14:30:00-04:00,244.5,244.67999267578125,244.1699981689453,244.625
2024-10-04 15:30:00-04:00,244.6199951171875,245.0399932861328,244.61000061035156,244.99000549316406
2024-10-07 09:30:00-04:00,244.5800018310547,244.7100067138672,243.94000244140625,244.1699981689453
2024-10-07 10:30:00-04:00,244.1613006591797,244.60000610351562,243.80999755859375,244.41250610351562
2024-10-07 11:30:00-04:00,244.46060180664062,244.82000732421875,244.14999389648438,244.2100067138672
2024-10-07 12:30:00-04:00,244.22332763671875,244.5399932861328,244.19000244140625,244.47999572753906
2024-10-07 13:30:00-04:00,244.49000549316406,244.72000122070312,244.3697967529297,244.3699951171875
2024-10-07 14:30:00-04:00,244.36500549316406,244.53900146484375,243.86000061035156,244.25
2024-10-07 15:30:00-04:00,244.2449951171875,244.3300018310547,244.13009643554688,244.19000244140625
2024-10-08 09:30:00-04:00,243.7899932861328,244.0399932861328,242.60000610351562,242.74749755859375
2024-10-08 10:30:00-04:00,242.6999969482422,242.8000030517578,241.0500030517578,241.0500030517578
2024-10-08 11:30:00-04:00,241.04049682617188,241.69000244140625,240.6300048828125,241.44000244140625
2024-10-08 12:30:00-04:00,241.4600067138672,241.85000610351562,240.6999969482422,241.72999572753906
2024-10-08 13:30:00-04:00,241.7100067138672,241.7899932861328,241.47999572753906,241.6699981689453
2024-10-08 14:30:00-04:00,241.64999389648438,241.85000610351562,241.5500030517578,241.6300048828125
2024-10-08 15:30:00-04:00,241.6300048828125,242.41000366210938,241.6300048828125,242.33999633789062
2024-10-09 09:30:00-04:00,241.16000366210938,241.41000366210938,240.83999633789062,240.89999389648438
2024-10-09 10:30:00-04:00,240.9199981689453,241.83999633789062,240.63999938964844,241.3699951171875
2024-10-09 11:30:00-04:00,241.3800048828125,241.66000366210938,241.19000244140625,241.2050018310547
2024-10-09 12:30:00-04:00,241.17999267578125,241.19000244140625,240.77999877929688,240.8699951171875
2024-10-09 13:30:00-04:00,240.88499450683594,241.1999969482422,240.64999389648438,240.9199981689453
2024-10-09 14:30:00-04:00,240.91189575195312,241.0500030517578,240.75999450683594,240.9199981689453
2024-10-09 15:30:00-04:00,240.9149932861328,241.1300048828125,240.88999938964844,241.0399932861328
2024-10-10 09:30:00-04:00,241.77000427246094,242.8699951171875,241.51010131835938,242.36000061035156
2024-10-10 10:30:00-04:00,242.35000610351562,242.52999877929688,242.07000732421875,242.36000061035156
2024-10-10 11:30:00-04:00,242.35000610351562,242.80999755859375,241.85000610351562,242.6300048828125
2024-10-10 12:30:00-04:00,242.6300048828125,242.73919677734375,241.62010192871094,242.1699981689453
2024-10-10 13:30:00-04:00,242.1699981689453,242.5399932861328,242.1699981689453,242.44630432128906
2024-10-10 14:30:00-04:00,242.4499969482422,243.00999450683594,242.42999267578125,242.94500732421875
2024-10-10 15:30:00-04:00,242.9499969482422,243.02000427246094,242.72999572753906,242.80999755859375
2024-10-11 09:30:00-04:00,244.5,245.14999389648438,244.47000122070312,245.1199951171875
2024-10-11 10:30:00-04:00,245.0800018310547,245.6999969482422,244.9499053955078,245.63999938964844
2024-10-11 11:30:00-04:00,245.64999389648438,245.9199981689453,245.4600067138672,245.86000061035156
2024-10-11 12:30:00-04:00,245.8699951171875,245.8800048828125,245.49000549316406,245.6898956298828
2024-10-11 13:30:00-04:00,245.6649932861328,245.8000030517578,245.4250030517578,245.50999450683594
2024-10-11 14:30:00-04:00,245.50750732421875,245.67999267578125,245.41000366210938,245.52999877929688
2024-10-11 15:30:00-04:00,245.52999877929688,245.52999877929688,245.34500122070312,245.41000366210938
2024-10-14 09:30:00-04:00,245.16000366210938,245.86000061035156,244.47000122070312,244.77999877929688
2024-10-14 10:30:00-04:00,244.77000427246094,244.91000366210938,244.3249969482422,244.44000244140625
2024-10-14 11:30:00-04:00,244.4250030517578,244.72000122070312,244.25999450683594,244.50509643554688
2024-10-14 12:30:00-04:00,244.52000427246094,244.77499389648438,244.5,244.67999267578125
2024-10-14 13:30:00-04:00,244.64999389648438,244.8300018310547,244.55999755859375,244.82000732421875
2024-10-14 14:30:00-04:00,244.82000732421875,244.9564971923828,244.5399932861328,244.84080505371094
2024-10-14 15:30:00-04:00,244.83999633789062,245.07000732421875,244.7899932861328,245.0449981689453
2024-10-15 09:30:00-04:00,244.99000549316406,245.90499877929688,244.52999877929688,245.6699981689453
2024-10-15 10:30:00-04:00,245.63999938964844,246.15499877929688,245.4600067138672,246.0200958251953
2024-10-15 11:30:00-04:00,246.0596923828125,246.5500030517578,245.8558349609375,246.25999450683594
2024-10-15 12:30:00-04:00,246.27999877929688,246.4149932861328,245.63999938964844,245.92999267578125
2024-10-15 13:30:00-04:00,245.93499755859375,246.22999572753906,245.88999938964844,246.2100067138672
2024-10-15 14:30:00-04:00,246.2100067138672,246.33250427246094,245.9801025390625,246.3000030517578
2024-10-15 15:30:00-04:00,246.3000030517578,246.3000030517578,245.69000244140625,245.8800048828125
2024-10-16 09:30:00-04:00,247.6199951171875,248.08999633789062,246.88999938964844,247.4199981689453
2024-10-16 10:30:00-04:00,247.4199981689453,247.5500030517578,246.43389892578125,247.1199951171875
2024-10-16 11:30:00-04:00,247.0800018310547,247.1199951171875,246.36000061035156,246.47500610351562
2024-10-16 12:30:00-04:00,246.47000122070312,247.1699981689453,246.4199981689453,247.11000061035156
2024-10-16 13:30:00-04:00,247.11000061035156,247.27999877929688,247.02999877929688,247.13499450683594
2024-10-16 14:30:00-04:00,247.1300048828125,247.1999969482422,246.91000366210938,247.0749969482422
2024-10-16 15:30:00-04:00,247.0800018310547,247.13999938964844,246.94000244140625,247.11000061035156
2024-10-17 09:30:00-04:00,247.75,248.58999633789062,247.6199951171875,248.4149932861328
2024-10-17 10:30:00-04:00,248.3699951171875,249.05999755859375,248.22120666503906,248.73500061035156
2024-10-17 11:30:00-04:00,248.74000549316406,248.99000549316406,248.19000244140625,248.1999969482422
2024-10-17 12:30:00-04:00,248.1300048828125,248.7899932861328,247.889892578125,248.66000366210938
2024-10-17 13:30:00-04:00,248.66000366210938,248.82000732421875,248.4149932861328,248.57000732421875
2024-10-17 14:30:00-04:00,248.57000732421875,248.69000244140625,248.33999633789062,248.67999267578125
2024-10-17 15:30:00-04:00,248.67010498046875,248.67999267578125,248.55999755859375,248.6199951171875
2024-10-18 09:30:00-04:00,250.0,251.16000366210938,249.89999389648438,250.99000549316406
2024-10-18 10:30:00-04:00,250.9709930419922,251.27000427246094,250.72000122070312,251.02999877929688
2024-10-18 11:30:00-04:00,251.02999877929688,251.14999389648438,250.67999267578125,251.00999450683594
2024-10-18 12:30:00-04:00,251.0399932861328,251.26499938964844,250.67999267578125,250.80999755859375
2024-10-18 13:30:00-04:00,250.8000030517578,251.13499450683594,250.72999572753906,251.0500030517578
2024-10-18 14:30:00-04:00,251.05499267578125,251.3699951171875,251.03550720214844,251.27000427246094
2024-10-18 15:30:00-04:00,251.25999450683594,251.30999755859375,251.10000610351562,251.25
2024-10-21 09:30:00-04:00,252.74000549316406,253.13999938964844,252.4499969482422,252.5
2024-10-21 10:30:00-04:00,252.52999877929688,252.5500030517578,250.97000122070312,251.42999267578125
2024-10-21 11:30:00-04:00,251.4199981689453,251.63999938964844,251.0800018310547,251.24000549316406
2024-10-21 12:30:00-04:00,251.25999450683594,251.7899932861328,251.25,251.64999389648438
2024-10-21 13:30:00-04:00,251.66000366210938,251.67999267578125,251.16000366210938,251.28500366210938
2024-10-21 14:30:00-04:00,251.27999877929688,251.30999755859375,250.72999572753906,251.26499938964844
2024-10-21 15:30:00-04:00,251.25999450683594,251.36000061035156,251.11000061035156,251.24000549316406
2024-10-22 09:30:00-04:00,253.05999755859375,253.3000030517578,252.52000427246094,252.9801025390625
2024-10-22 10:30:00-04:00,253.0,253.49989318847656,252.8699951171875,253.24000549316406
2024-10-22 11:30:00-04:00,253.22999572753906,253.35000610351562,252.82000732421875,253.11000061035156
2024-10-22 12:30:00-04:00,253.11000061035156,253.80499267578125,253.0800018310547,253.61000061035156
2024-10-22 13:30:00-04:00,253.61000061035156,253.8699951171875,253.44000244140625,253.67999267578125
2024-10-22 14:30:00-04:00,253.64999389648438,253.86000061035156,253.44000244140625,253.7698974609375
2024-10-22 15:30:00-04:00,253.6699981689453,253.94000244140625,253.61000061035156,253.88999938964844
2024-10-23 09:30:00-04:00,253.0800018310547,253.17999267578125,251.58999633789062,251.69000244140625
2024-10-23 10:30:00-04:00,251.72000122070312,252.02999877929688,250.1999969482422,250.55999755859375
2024-10-23 11:30:00-04:00,250.56500244140625,251.47999572753906,250.5124969482422,251.22500610351562
2024-10-23 12:30:00-04:00,251.22999572753906,251.5500030517578,250.8300018310547,250.85000610351562
2024-10-23 13:30:00-04:00,250.86000061035156,251.01010131835938,250.50999450683594,250.6999969482422
2024-10-23 14:30:00-04:00,250.7050018310547,250.91000366210938,250.56500244140625,250.77999877929688
2024-10-23 15:30:00-04:00,250.77499389648438,251.0800018310547,250.77000427246094,250.8699951171875
2024-10-24 09:30:00-04:00,253.27000427246094,253.32000732421875,251.6300048828125,251.72000122070312
2024-10-24 10:30:00-04:00,251.69000244140625,252.5,251.39999389648438,252.3455047607422
2024-10-24 11:30:00-04:00,252.30999755859375,252.38999938964844,251.7100067138672,251.92999267578125
2024-10-24 12:30:00-04:00,251.8800048828125,252.7100067138672,251.8699951171875,252.6300048828125
2024-10-24 13:30:00-04:00,252.6300048828125,252.81500244140625,252.50999450683594,252.80499267578125
2024-10-24 14:30:00-04:00,252.7899932861328,252.7899932861328,252.4199981689453,252.5399932861328
2024-10-24 15:30:00-04:00,252.52000427246094,252.7899932861328,252.44000244140625,252.7899932861328
2024-10-25 09:30:00-04:00,252.0,253.0,251.77000427246094,252.6199951171875
2024-10-25 10:30:00-04:00,252.6300048828125,253.25999450683594,252.59500122070312,253.22999572753906
2024-10-25 11:30:00-04:00,253.25999450683594,253.25999450683594,252.52000427246094,252.7899932861328
2024-10-25 12:30:00-04:00,252.75,253.3000030517578,252.72000122070312,253.23500061035156
2024-10-25 13:30:00-04:00,253.24000549316406,253.54989624023438,253.1925048828125,253.50999450683594
2024-10-25 14:30:00-04:00,253.52000427246094,253.52999877929688,253.10000610351562,253.22999572753906
2024-10-25 15:30:00-04:00,253.22000122070312,253.49000549316406,253.1649932861328,253.3300018310547
2024-10-28 09:30:00-04:00,253.00999450683594,253.47999572753906,252.9499969482422,253.24989318847656
2024-10-28 10:30:00-04:00,253.24000549316406,253.6300048828125,253.13999938964844,253.32000732421875
2024-10-28 11:30:00-04:00,253.3300018310547,253.47000122070312,253.05999755859375,253.4499969482422
2024-10-28 12:30:00-04:00,253.4600067138672,253.55999755859375,253.1199951171875,253.4163055419922
2024-10-28 13:30:00-04:00,253.4199981689453,253.5500030517578,253.11000061035156,253.1199951171875
2024-10-28 14:30:00-04:00,253.1300048828125,253.39500427246094,253.11000061035156,253.30499267578125
2024-10-28 15:30:00-04:00,253.30499267578125,253.36000061035156,253.25999450683594,253.32000732421875
2024-10-29 09:30:00-04:00,254.49000549316406,256.0299987792969,254.22999572753906,255.7100067138672
2024-10-29 10:30:00-04:00,255.7100067138672,255.9199981689453,255.0,255.02000427246094
2024-10-29 11:30:00-04:00,255.0,255.91000366210938,254.99000549316406,255.74000549316406
2024-10-29 12:30:00-04:00,255.72999572753906,256.1000061035156,255.343994140625,255.7397003173828
2024-10-29 13:30:00-04:00,255.75,256.1199951171875,255.63999938964844,256.05999755859375
2024-10-29 14:30:00-04:00,256.07000732421875,256.2900085449219,256.0249938964844,256.07000732421875
2024-10-29 15:30:00-04:00,256.06500244140625,256.1400146484375,255.9499969482422,256.05499267578125
2024-10-30 09:30:00-04:00,256.760009765625,256.82000732421875,255.91009521484375,256.5000915527344
2024-10-30 10:30:00-04:00,256.5199890136719,256.9200134277344,256.0199890136719,256.80999755859375
2024-10-30 11:30:00-04:00,256.79998779296875,257.3900146484375,256.7900085449219,257.2699890136719
2024-10-30 12:30:00-04:00,257.25,257.6600036621094,257.1499938964844,257.6199951171875
2024-10-30 13:30:00-04:00,257.6199951171875,257.7099914550781,257.4700012207031,257.5400085449219
2024-10-30 14:30:00-04:00,257.54010009765625,257.6300048828125,257.2799987792969,257.3500061035156
2024-10-30 15:30:00-04:00,257.3500061035156,257.5199890136719,257.20001220703125,257.4800109863281
2024-10-31 09:30:00-04:00,255.52000427246094,255.60000610351562,253.74000549316406,253.90499877929688
2024-10-31 10:30:00-04:00,253.89999389648438,254.13999938964844,252.1999969482422,252.9199981689453
2024-10-31 11:30:00-04:00,252.92999267578125,253.32000732421875,252.57009887695312,253.25999450683594
2024-10-31 12:30:00-04:00,253.27000427246094,253.36500549316406,252.86000061035156,252.93499755859375
2024-10-31 13:30:00-04:00,252.92999267578125,253.20989990234375,252.83999633789062,253.11000061035156
2024-10-31 14:30:00-04:00,253.11000061035156,253.90499877929688,253.07040405273438,253.77999877929688
2024-10-31 15:30:00-04:00,253.77999877929688,253.86000061035156,253.5301055908203,253.61000061035156
2024-11-01 09:30:00-04:00,254.3300018310547,254.86000061035156,253.79049682617188,254.13999938964844
2024-11-01 10:30:00-04:00,254.14999389648438,254.21640014648438,253.0200958251953,254.00999450683594
2024-11-01 11:30:00-04:00,254.0,254.0,253.30999755859375,253.4051055908203
2024-11-01 12:30:00-04:00,253.4300994873047,253.55979919433594,253.00180053710938,253.0500030517578
2024-11-01 13:30:00-04:00,253.05999755859375,253.05999755859375,252.46499633789062,252.82000732421875
2024-11-01 14:30:00-04:00,252.82000732421875,252.8800048828125,252.43499755859375,252.47000122070312
2024-11-01 15:30:00-04:00,252.47000122070312,252.67999267578125,252.4499969482422,252.49000549316406
2024-11-04 09:30:00-05:00,253.32000732421875,253.5800018310547,252.83999633789062,253.197998046875
2024-11-04 10:30:00-05:00,253.22000122070312,253.30999755859375,252.5836944580078,252.8699951171875
2024-11-04 11:30:00-05:00,252.85000610351562,252.9499969482422,252.27000427246094,252.85000610351562
2024-11-04 12:30:00-05:00,252.8697967529297,252.91749572753906,252.61000061035156,252.77000427246094
2024-11-04 13:30:00-05:00,252.77000427246094,252.99000549316406,252.75,252.8300018310547
2024-11-04 14:30:00-05:00,252.82000732421875,253.01499938964844,252.7239990234375,252.91000366210938
2024-11-04 15:30:00-05:00,252.91000366210938,252.94000244140625,252.74000549316406,252.8300018310547
2024-11-05 09:30:00-05:00,253.77999877929688,253.9893035888672,252.4499969482422,252.50950622558594
2024-11-05 10:30:00-05:00,252.47999572753906,253.4499969482422,252.41000366210938,252.83999633789062
2024-11-05 11:30:00-05:00,252.86000061035156,253.389892578125,252.71499633789062,253.3397979736328
2024-11-05 12:30:00-05:00,253.32960510253906,253.39999389648438,253.00999450683594,253.10000610351562
2024-11-05 13:30:00-05:00,253.10000610351562,253.24000549316406,252.97999572753906,253.08999633789062
2024-11-05 14:30:00-05:00,253.09500122070312,253.24000549316406,253.00999450683594,253.22000122070312
2024-11-05 15:30:00-05:00,253.2100067138672,253.39999389648438,253.08999633789062,253.33999633789062
2024-11-06 09:30:00-05:00,245.63499450683594,246.42999267578125,244.9506072998047,246.4199981689453
2024-11-06 10:30:00-05:00,246.39999389648438,247.35000610351562,245.9199981689453,246.40499877929688
2024-11-06 11:30:00-05:00,246.42999267578125,246.6199951171875,246.05999755859375,246.3000030517578
2024-11-06 12:30:00-05:00,246.2821044921875,246.5279998779297,245.80050659179688,246.41000366210938
2024-11-06 13:30:00-05:00,246.41000366210938,246.4199981689453,246.02999877929688,246.35000610351562
2024-11-06 14:30:00-05:00,246.3300018310547,246.40130615234375,245.86000061035156,245.8800048828125
2024-11-06 15:30:00-05:00,245.8800048828125,245.9199981689453,245.5800018310547,245.72000122070312
2024-11-07 09:30:00-05:00,248.2899932861328,249.27000427246094,248.13999938964844,249.17999267578125
2024-11-07 10:30:00-05:00,249.22000122070312,249.2899932861328,248.38999938964844,248.50999450683594
2024-11-07 11:30:00-05:00,248.50999450683594,249.2100067138672,248.50999450683594,249.19000244140625
2024-11-07 12:30:00-05:00,249.19000244140625,249.3000030517578,248.8800048828125,249.10499572753906
2024-11-07 13:30:00-05:00,249.1199951171875,249.2100067138672,248.1999969482422,248.3800048828125
2024-11-07 14:30:00-05:00,248.42999267578125,250.24000549316406,248.1199951171875,249.94500732421875
2024-11-07 15:30:00-05:00,249.9499969482422,250.0749969482422,249.4600067138672,249.64999389648438
2024-11-08 09:30:00-05:00,249.07000732421875,249.27999877929688,247.83990478515625,248.4600067138672
2024-11-08 10:30:00-05:00,248.42999267578125,248.70989990234375,247.94000244140625,248.1638946533203
2024-11-08 11:30:00-05:00,248.17999267578125,248.3699951171875,247.77999877929688,248.11500549316406
2024-11-08 12:30:00-05:00,248.11500549316406,248.32000732421875,248.02000427246094,248.1300048828125
2024-11-08 13:30:00-05:00,248.1300048828125,248.16009521484375,247.8000030517578,247.8800048828125
2024-11-08 14:30:00-05:00,247.8896026611328,248.3000030517578,247.8699951171875,248.27000427246094
2024-11-08 15:30:00-05:00,248.27999877929688,248.2899932861328,247.97000122070312,247.99000549316406
2024-11-11 09:30:00-05:00,242.72999572753906,242.72999572753906,241.72000122070312,241.92999267578125
2024-11-11 10:30:00-05:00,241.91990661621094,241.94000244140625,241.25,241.49989318847656
2024-11-11 11:30:00-05:00,241.5,241.7509002685547,241.1300048828125,241.19000244140625
2024-11-11 12:30:00-05:00,241.17999267578125,241.5399932861328,241.05999755859375,241.13499450683594
2024-11-11 13:30:00-05:00,241.14999389648438,242.02000427246094,241.1199951171875,241.860107421875
2024-11-11 14:30:00-05:00,241.8699951171875,242.23109436035156,241.77999877929688,242.16000366210938
2024-11-11 15:30:00-05:00,242.23500061035156,242.52000427246094,242.11000061035156,242.11000061035156
2024-11-12 09:30:00-05:00,241.2899932861328,241.61000061035156,240.3699951171875,240.4149932861328
2024-11-12 10:30:00-05:00,240.38999938964844,240.49989318847656,239.84500122070312,240.00999450683594
2024-11-12 11:30:00-05:00,240.00999450683594,240.25,239.38999938964844,239.52000427246094
2024-11-12 12:30:00-05:00,239.52999877929688,240.2899932861328,239.47000122070312,240.07000732421875
2024-11-12 13:30:00-05:00,240.07000732421875,240.20249938964844,239.77000427246094,240.11000061035156
2024-11-12 14:30:00-05:00,240.10499572753906,240.1699981689453,239.6699981689453,239.95550537109375
2024-11-12 15:30:00-05:00,239.9499969482422,240.22149658203125,239.8800048828125,240.05999755859375
2024-11-13 09:30:00-05:00,241.30999755859375,241.47000122070312,239.49070739746094,239.83999633789062
2024-11-13 10:30:00-05:00,239.8300018310547,240.7100067138672,239.69000244140625,239.69000244140625
2024-11-13 11:30:00-05:00,239.69000244140625,239.75010681152344,238.02000427246094,238.10000610351562
2024-11-13 12:30:00-05:00,238.1300048828125,238.72999572753906,238.1300048828125,238.27999877929688
2024-11-13 13:30:00-05:00,238.27999877929688,238.68040466308594,238.1999969482422,238.6300048828125
2024-11-13 14:30:00-05:00,238.60809326171875,238.66000366210938,237.75,237.85009765625
2024-11-13 15:30:00-05:00,237.7200927734375,237.9499969482422,237.58999633789062,237.63999938964844
2024-11-14 09:30:00-05:00,236.57000732421875,237.5500030517578,236.13259887695312,237.3300018310547
2024-11-14 10:30:00-05:00,237.32000732421875,237.89999389648438,236.8800048828125,237.81170654296875
2024-11-14 11:30:00-05:00,237.83999633789062,237.9886016845703,237.13999938964844,237.1699981689453
2024-11-14 12:30:00-05:00,237.16000366210938,237.59500122070312,237.00120544433594,237.0800018310547
2024-11-14 13:30:00-05:00,237.07000732421875,237.82000732421875,237.05499267578125,237.6999969482422
2024-11-14 14:30:00-05:00,237.6999969482422,237.90499877929688,236.7050018310547,237.50999450683594
2024-11-14 15:30:00-05:00,237.52999877929688,237.66000366210938,236.82000732421875,237.02000427246094
2024-11-15 09:30:00-05:00,237.63999938964844,237.8800048828125,237.07000732421875,237.27999877929688
2024-11-15 10:30:00-05:00,237.30999755859375,237.61000061035156,236.83999633789062,236.99000549316406
2024-11-15 11:30:00-05:00,236.97000122070312,237.0399932861328,236.3800048828125,236.74000549316406
2024-11-15 12:30:00-05:00,236.7073974609375,236.99009704589844,236.3300018310547,236.92999267578125
2024-11-15 13:30:00-05:00,236.9199981689453,237.14999389648438,236.75999450683594,236.87879943847656
2024-11-15 14:30:00-05:00,236.88999938964844,236.90499877929688,236.36000061035156,236.4499969482422
2024-11-15 15:30:00-05:00,236.4600067138672,236.77999877929688,236.3800048828125,236.61000061035156
2024-11-18 09:30:00-05:00,240.4600067138672,241.1999969482422,240.4499969482422,241.16000366210938
2024-11-18 10:30:00-05:00,241.1699981689453,241.4949951171875,240.9600067138672,241.1999969482422
2024-11-18 11:30:00-05:00,241.19009399414062,241.25,240.80999755859375,240.8699951171875
2024-11-18 12:30:00-05:00,240.8699951171875,241.14500427246094,240.75999450683594,241.02999877929688
2024-11-18 13:30:00-05:00,241.02999877929688,241.25990295410156,240.80999755859375,240.96499633789062
2024-11-18 14:30:00-05:00,240.9600067138672,241.17999267578125,240.8800048828125,241.05499267578125
2024-11-18 15:30:00-05:00,241.0500030517578,241.1300048828125,240.860107421875,241.0500030517578
2024-11-19 09:30:00-05:00,242.75,242.96499633789062,242.14999389648438,242.66000366210938
2024-11-19 10:30:00-05:00,242.64999389648438,242.72999572753906,242.02999877929688,242.3699951171875
2024-11-19 11:30:00-05:00,242.3300018310547,243.16000366210938,242.14999389648438,243.1199951171875
2024-11-19 12:30:00-05:00,243.1199951171875,243.1199951171875,242.52000427246094,242.60000610351562
2024-11-19 13:30:00-05:00,242.61000061035156,243.02000427246094,242.5500030517578,242.88999938964844
2024-11-19 14:30:00-05:00,242.8800048828125,243.10499572753906,242.82000732421875,243.05999755859375
2024-11-19 15:30:00-05:00,243.05999755859375,243.30999755859375,242.9600067138672,243.22000122070312
2024-11-20 09:30:00-05:00,243.74000549316406,244.61000061035156,243.50999450683594,244.3000030517578
2024-11-20 10:30:00-05:00,244.33999633789062,244.7104949951172,244.09010314941406,244.70840454101562
2024-11-20 11:30:00-05:00,244.6999969482422,245.2100067138672,244.50999450683594,244.72500610351562
2024-11-20 12:30:00-05:00,244.74000549316406,244.94000244140625,244.2904052734375,244.55999755859375
2024-11-20 13:30:00-05:00,244.5749969482422,244.8300018310547,244.39999389648438,244.74000549316406
2024-11-20 14:30:00-05:00,244.72000122070312,245.0050048828125,244.52999877929688,244.58999633789062
2024-11-20 15:30:00-05:00,244.5800018310547,244.67999267578125,244.44000244140625,244.60000610351562
2024-11-21 09:30:00-05:00,246.22999572753906,246.5800018310547,245.69000244140625,246.17999267578125
2024-11-21 10:30:00-05:00,246.16000366210938,246.55999755859375,246.00999450683594,246.3300018310547
2024-11-21 11:30:00-05:00,246.33009338378906,246.35000610351562,245.69000244140625,246.11000061035156
2024-11-21 12:30:00-05:00,246.11000061035156,246.77999877929688,246.07000732421875,246.69000244140625
2024-11-21 13:30:00-05:00,246.67999267578125,246.8000030517578,246.38999938964844,246.6096954345703
2024-11-21 14:30:00-05:00,246.57000732421875,246.63999938964844,246.3000030517578,246.47999572753906
2024-11-21 15:30:00-05:00,246.48500061035156,246.67999267578125,246.44000244140625,246.6300048828125
2024-11-22 09:30:00-05:00,248.1999969482422,249.31979370117188,247.92999267578125,249.27699279785156
2024-11-22 10:30:00-05:00,249.27000427246094,249.94000244140625,249.110107421875,249.5865936279297
2024-11-22 11:30:00-05:00,249.58999633789062,249.9600067138672,249.4600067138672,249.8197021484375
2024-11-22 12:30:00-05:00,249.8249969482422,250.35000610351562,249.6699981689453,250.22999572753906
2024-11-22 13:30:00-05:00,250.24000549316406,250.38999938964844,250.1199951171875,250.2790069580078
2024-11-22 14:30:00-05:00,250.27999877929688,250.36000061035156,249.75999450683594,250.0303955078125
2024-11-22 15:30:00-05:00,250.02999877929688,250.07000732421875,249.80999755859375,249.85000610351562
2024-11-25 09:30:00-05:00,244.27000427246094,244.39990234375,242.80999755859375,243.4499969482422
2024-11-25 10:30:00-05:00,243.47000122070312,243.60000610351562,242.4709930419922,243.0196990966797
2024-11-25 11:30:00-05:00,243.00999450683594,243.72000122070312,242.32000732421875,242.35009765625
2024-11-25 12:30:00-05:00,242.36000061035156,242.72999572753906,241.47999572753906,241.6999969482422
2024-11-25 13:30:00-05:00,241.7100067138672,242.24000549316406,241.6531982421875,242.1999969482422
2024-11-25 14:30:00-05:00,242.1999969482422,242.73890686035156,242.17999267578125,242.5
2024-11-25 15:30:00-05:00,242.48500061035156,242.66000366210938,242.42999267578125,242.49000549316406
2024-11-26 09:30:00-05:00,242.7100067138672,242.75999450683594,241.5800018310547,242.48500061035156
2024-11-26 10:30:00-05:00,242.42999267578125,243.08990478515625,242.3699951171875,242.58999633789062
2024-11-26 11:30:00-05:00,242.61000061035156,242.9499969482422,242.36000061035156,242.5500030517578
2024-11-26 12:30:00-05:00,242.5399932861328,242.61000061035156,241.9199981689453,242.0
2024-11-26 13:30:00-05:00,242.00999450683594,242.58999633789062,241.8300018310547,242.4199981689453
2024-11-26 14:30:00-05:00,242.42469787597656,242.8300018310547,242.36000061035156,242.64990234375
2024-11-26 15:30:00-05:00,242.67999267578125,243.08999633789062,242.6699981689453,242.9499969482422
2024-11-27 09:30:00-05:00,244.85000610351562,245.18350219726562,243.33999633789062,244.0
2024-11-27 10:30:00-05:00,243.96099853515625,244.25,243.61000061035156,243.82000732421875
2024-11-27 11:30:00-05:00,243.77000427246094,244.1300048828125,243.3300018310547,243.77999877929688
2024-11-27 12:30:00-05:00,243.7899932861328,243.84939575195312,243.4600067138672,243.72999572753906
2024-11-27 13:30:00-05:00,243.72999572753906,243.74000549316406,243.38999938964844,243.4199981689453
2024-11-27 14:30:00-05:00,243.44000244140625,243.65499877929688,243.1999969482422,243.63999938964844
2024-11-27 15:30:00-05:00,243.6300048828125,243.6999969482422,243.47000122070312,243.49000549316406
2024-11-29 09:30:00-05:00,245.25,245.52999877929688,244.72999572753906,244.97999572753906
2024-11-29 10:30:00-05:00,244.86500549316406,245.80999755859375,244.81500244140625,245.72000122070312
2024-11-29 11:30:00-05:00,245.6999969482422,245.80999755859375,245.38999938964844,245.42999267578125
2024-12-02 09:30:00-05:00,244.2357940673828,244.58050537109375,243.86000061035156,244.25
2024-12-02 10:30:00-05:00,244.02000427246094,244.25999450683594,243.58999633789062,244.02000427246094
2024-12-02 11:30:00-05:00,244.00999450683594,244.02000427246094,243.5800018310547,243.7100067138672
2024-12-02 12:30:00-05:00,243.7050018310547,243.81480407714844,243.13999938964844,243.32000732421875
2024-12-02 13:30:00-05:00,243.33999633789062,243.75999450683594,243.30999755859375,243.60000610351562
2024-12-02 14:30:00-05:00,243.58999633789062,243.99000549316406,243.30999755859375,243.97999572753906
2024-12-02 15:30:00-05:00,243.9499969482422,244.1300048828125,243.4199981689453,243.4600067138672
2024-12-03 09:30:00-05:00,244.9600067138672,245.17999267578125,243.3000030517578,243.72000122070312
2024-12-03 10:30:00-05:00,243.66000366210938,244.1999969482422,243.39010620117188,244.1199951171875
2024-12-03 11:30:00-05:00,244.1199951171875,244.55990600585938,243.94000244140625,244.25999450683594
2024-12-03 12:30:00-05:00,244.27999877929688,244.58999633789062,244.07000732421875,244.23500061035156
2024-12-03 13:30:00-05:00,244.2248992919922,244.3300018310547,243.83009338378906,243.83009338378906
2024-12-03 14:30:00-05:00,243.87989807128906,244.1300048828125,243.77000427246094,244.02000427246094
2024-12-03 15:30:00-05:00,244.00999450683594,244.06959533691406,243.89999389648438,243.94000244140625
2024-12-04 09:30:00-05:00,244.92999267578125,245.25,244.5500030517578,245.0399932861328
2024-12-04 10:30:00-05:00,245.13999938964844,245.33999633789062,244.77999877929688,245.0800018310547
2024-12-04 11:30:00-05:00,245.1199951171875,245.16000366210938,244.39999389648438,244.74000549316406
2024-12-04 12:30:00-05:00,244.72999572753906,244.92999267578125,244.6199951171875,244.83999633789062
2024-12-04 13:30:00-05:00,244.82000732421875,245.16009521484375,244.36500549316406,244.77000427246094
2024-12-04 14:30:00-05:00,244.7899932861328,244.95989990234375,244.47000122070312,244.55999755859375
2024-12-04 15:30:00-05:00,244.57000732421875,244.72000122070312,244.47999572753906,244.6699981689453
2024-12-05 09:30:00-05:00,244.17999267578125,244.3800048828125,243.02000427246094,243.11000061035156
2024-12-05 10:30:00-05:00,243.0749969482422,243.97000122070312,242.8800048828125,243.4149932861328
2024-12-05 11:30:00-05:00,243.42999267578125,243.6300048828125,242.2100067138672,242.33999633789062
2024-12-05 12:30:00-05:00,242.4199981689453,242.63999938964844,242.14999389648438,242.3000030517578
2024-12-05 13:30:00-05:00,242.27999877929688,242.86000061035156,242.2790069580078,242.7100067138672
2024-12-05 14:30:00-05:00,242.7100067138672,242.89999389648438,242.61000061035156,242.625
2024-12-05 15:30:00-05:00,242.6199951171875,242.89999389648438,242.55999755859375,242.8800048828125
2024-12-06 09:30:00-05:00,242.7899932861328,243.75999450683594,242.43499755859375,243.5500030517578
2024-12-06 10:30:00-05:00,243.60000610351562,243.77999877929688,243.1300048828125,243.64999389648438
2024-12-06 11:30:00-05:00,243.7100067138672,243.86000061035156,243.32000732421875,243.48500061035156
2024-12-06 12:30:00-05:00,243.47999572753906,243.6300048828125,243.17999267578125,243.52000427246094
2024-12-06 13:30:00-05:00,243.46499633789062,243.48089599609375,243.1199951171875,243.14999389648438
2024-12-06 14:30:00-05:00,243.14999389648438,243.38999938964844,243.07000732421875,243.31089782714844
2024-12-06 15:30:00-05:00,243.30999755859375,243.33999633789062,242.9199981689453,242.9600067138672
2024-12-09 09:30:00-05:00,246.27999877929688,247.11000061035156,246.1699981689453,246.7100067138672
2024-12-09 10:30:00-05:00,246.6999969482422,246.80499267578125,246.17999267578125,246.3699951171875
2024-12-09 11:30:00-05:00,246.360107421875,246.4691925048828,246.08999633789062,246.22000122070312
2024-12-09 12:30:00-05:00,246.2100067138672,246.25999450683594,245.74000549316406,245.80099487304688
2024-12-09 13:30:00-05:00,245.82000732421875,245.97000122070312,245.5500030517578,245.67840576171875
2024-12-09 14:30:00-05:00,245.66000366210938,245.7093048095703,245.25950622558594,245.35499572753906
2024-12-09 15:30:00-05:00,245.35000610351562,245.4600067138672,245.2899932861328,245.36000061035156
2024-12-10 09:30:00-05:00,247.86000061035156,248.50999450683594,247.83999633789062,248.14999389648438
2024-12-10 10:30:00-05:00,248.19000244140625,248.52000427246094,247.8300018310547,248.10000610351562
2024-12-10 11:30:00-05:00,248.1199951171875,248.72000122070312,247.99000549316406,248.4499969482422
2024-12-10 12:30:00-05:00,248.44500732421875,248.86000061035156,248.41000366210938,248.5800018310547
2024-12-10 13:30:00-05:00,248.5749969482422,248.75999450683594,248.47000122070312,248.55999755859375
2024-12-10 14:30:00-05:00,248.55999755859375,248.61000061035156,248.42999267578125,248.49000549316406
2024-12-10 15:30:00-05:00,248.47999572753906,248.64999389648438,248.46499633789062,248.52000427246094
2024-12-11 09:30:00-05:00,249.35000610351562,250.55990600585938,248.97000122070312,250.36000061035156
2024-12-11 10:30:00-05:00,250.33999633789062,250.8489990234375,250.30499267578125,250.7899932861328
2024-12-11 11:30:00-05:00,250.8000030517578,251.1300048828125,250.43060302734375,250.86000061035156
2024-12-11 12:30:00-05:00,250.86000061035156,251.25999450683594,250.57000732421875,251.0749969482422
2024-12-11 13:30:00-05:00,251.08999633789062,251.16000366210938,250.4949951171875,250.8000030517578
2024-12-11 14:30:00-05:00,250.77999877929688,251.14999389648438,250.74000549316406,251.00999450683594
2024-12-11 15:30:00-05:00,251.02000427246094,251.02999877929688,250.74000549316406,250.86500549316406
2024-12-12 09:30:00-05:00,247.80999755859375,248.24000549316406,247.41000366210938,247.86000061035156
2024-12-12 10:30:00-05:00,247.7949981689453,247.8800048828125,246.8699951171875,247.22999572753906
2024-12-12 11:30:00-05:00,247.22999572753906,247.80479431152344,247.22999572753906,247.67999267578125
2024-12-12 12:30:00-05:00,247.67999267578125,248.0,247.61180114746094,247.8000030517578
2024-12-12 13:30:00-05:00,247.8000030517578,247.9600067138672,247.7100067138672,247.77999877929688
2024-12-12 14:30:00-05:00,247.77000427246094,247.8000030517578,247.4499969482422,247.47999572753906
2024-12-12 15:30:00-05:00,247.4949951171875,247.63999938964844,247.1199951171875,247.27999877929688
2024-12-13 09:30:00-05:00,245.6699981689453,245.7899932861328,245.0,245.0399932861328
2024-12-13 10:30:00-05:00,245.05999755859375,245.88999938964844,245.0,245.57000732421875
2024-12-13 11:30:00-05:00,245.57000732421875,245.94000244140625,245.3699951171875,245.39999389648438
2024-12-13 12:30:00-05:00,245.41000366210938,245.4600067138672,245.0126953125,245.14999389648438
2024-12-13 13:30:00-05:00,245.16000366210938,245.23500061035156,244.80999755859375,244.8699951171875
2024-12-13 14:30:00-05:00,244.8699951171875,245.02000427246094,244.5800018310547,244.8000030517578
2024-12-13 15:30:00-05:00,244.7899932861328,244.80999755859375,244.27000427246094,244.39999389648438
2024-12-16 09:30:00-05:00,245.41000366210938,245.5399932861328,244.72000122070312,245.11000061035156
2024-12-16 10:30:00-05:00,245.11000061035156,245.27000427246094,244.59410095214844,244.6199951171875
2024-12-16 11:30:00-05:00,244.6300048828125,245.11000061035156,244.50999450683594,245.039794921875
2024-12-16 12:30:00-05:00,245.0,245.0500030517578,244.75,244.91000366210938
2024-12-16 13:30:00-05:00,244.97000122070312,245.1699981689453,244.8800048828125,244.9727020263672
2024-12-16 14:30:00-05:00,244.9600067138672,245.0998992919922,244.82009887695312,244.91000366210938
2024-12-16 15:30:00-05:00,244.91000366210938,244.9600067138672,244.83999633789062,244.875
2024-12-17 09:30:00-05:00,243.8000030517578,243.97999572753906,243.22999572753906,243.77999877929688
2024-12-17 10:30:00-05:00,243.77000427246094,243.97000122070312,243.4199981689453,243.56610107421875
2024-12-17 11:30:00-05:00,243.55999755859375,243.9499969482422,243.41000366210938,243.8800048828125
2024-12-17 12:30:00-05:00,243.8699951171875,244.41000366210938,243.85000610351562,244.27099609375
2024-12-17 13:30:00-05:00,244.2899932861328,244.5500030517578,244.25990295410156,244.41990661621094
2024-12-17 14:30:00-05:00,244.40499877929688,244.4199981689453,244.14999389648438,244.3000030517578
2024-12-17 15:30:00-05:00,244.3125,244.33799743652344,243.9600067138672,244.00999450683594
2024-12-18 09:30:00-05:00,243.5449981689453,243.70950317382812,243.1199951171875,243.35000610351562
2024-12-18 10:30:00-05:00,243.36000061035156,243.6300048828125,243.3000030517578,243.47999572753906
2024-12-18 11:30:00-05:00,243.49000549316406,243.6999969482422,243.04269409179688,243.67010498046875
2024-12-18 12:30:00-05:00,243.67999267578125,243.67999267578125,243.2899932861328,243.49000549316406
2024-12-18 13:30:00-05:00,243.49000549316406,243.57809448242188,241.4199981689453,241.83999633789062
2024-12-18 14:30:00-05:00,241.8300018310547,242.27000427246094,239.63499450683594,239.63999938964844
2024-12-18 15:30:00-05:00,239.63999938964844,239.72000122070312,238.82000732421875,239.3000030517578
2024-12-19 09:30:00-05:00,239.6699981689453,240.04989624023438,239.0,239.0200958251953
2024-12-19 10:30:00-05:00,239.02999877929688,239.30999755859375,238.72999572753906,239.24000549316406
2024-12-19 11:30:00-05:00,239.22000122070312,239.6199951171875,239.10000610351562,239.3000030517578
2024-12-19 12:30:00-05:00,239.27349853515625,239.5,239.07000732421875,239.30999755859375
2024-12-19 13:30:00-05:00,239.3300018310547,240.0399932861328,239.25,239.72999572753906
2024-12-19 14:30:00-05:00,239.72999572753906,240.0500030517578,239.63999938964844,239.77999877929688
2024-12-19 15:30:00-05:00,239.7899932861328,239.96499633789062,239.58999633789062,239.6199951171875
2024-12-20 09:30:00-05:00,241.41000366210938,242.42999267578125,241.1699981689453,242.27000427246094
2024-12-20 10:30:00-05:00,242.27000427246094,242.9550018310547,242.1300048828125,242.14999389648438
2024-12-20 11:30:00-05:00,242.13999938964844,242.5399932861328,242.0800018310547,242.35000610351562
2024-12-20 12:30:00-05:00,242.33999633789062,242.47999572753906,242.0399932861328,242.3199005126953
2024-12-20 13:30:00-05:00,242.30999755859375,242.6199951171875,242.14999389648438,242.5
2024-12-20 14:30:00-05:00,242.49000549316406,242.67999267578125,242.35299682617188,242.47999572753906
2024-12-20 15:30:00-05:00,242.39999389648438,242.4600067138672,242.0500030517578,242.10000610351562
2024-12-23 09:30:00-05:00,241.6300048828125,241.6699981689453,240.8300018310547,240.91000366210938
2024-12-23 10:30:00-05:00,240.9199981689453,241.22000122070312,240.64999389648438,241.02000427246094
2024-12-23 11:30:00-05:00,241.02999877929688,241.44500732421875,240.97000122070312,241.2100067138672
2024-12-23 12:30:00-05:00,241.2100067138672,241.22999572753906,240.8800048828125,240.97000122070312
2024-12-23 13:30:00-05:00,240.97999572753906,241.08999633789062,240.82000732421875,240.8800048828125
2024-12-23 14:30:00-05:00,240.8800048828125,241.08999633789062,240.82000732421875,240.95179748535156
2024-12-23 15:30:00-05:00,240.9499969482422,241.0,240.75999450683594,240.9499969482422
2024-12-24 09:30:00-05:00,241.49000549316406,241.49000549316406,240.82000732421875,241.01260375976562
2024-12-24 10:30:00-05:00,241.02999877929688,241.38999938964844,240.82000732421875,241.32000732421875
2024-12-24 11:30:00-05:00,241.35000610351562,241.66000366210938,241.2899932861328,241.64999389648438
2024-12-26 09:30:00-05:00,242.38999938964844,243.27000427246094,242.19500732421875,243.22000122070312
2024-12-26 10:30:00-05:00,243.19009399414062,243.55999755859375,242.97999572753906,243.0
2024-12-26 11:30:00-05:00,243.0,243.02000427246094,242.5500030517578,242.57000732421875
2024-12-26 12:30:00-05:00,242.57000732421875,243.2100067138672,242.4949951171875,243.19000244140625
2024-12-26 13:30:00-05:00,243.19000244140625,243.25990295410156,242.9600067138672,243.09249877929688
2024-12-26 14:30:00-05:00,243.0850067138672,243.25999450683594,243.0500030517578,243.1999969482422
2024-12-26 15:30:00-05:00,243.1999969482422,243.22999572753906,243.02999877929688,243.08999633789062
2024-12-27 09:30:00-05:00,241.1999969482422,241.6699981689453,241.0500030517578,241.35000610351562
2024-12-27 10:30:00-05:00,241.31410217285156,241.77999877929688,241.1999969482422,241.72999572753906
2024-12-27 11:30:00-05:00,241.72000122070312,241.7899932861328,241.33999633789062,241.42999267578125
2024-12-27 12:30:00-05:00,241.45599365234375,241.63999938964844,241.2899932861328,241.5500030517578
2024-12-27 13:30:00-05:00,241.64999389648438,241.8300018310547,241.5500030517578,241.67999267578125
2024-12-27 14:30:00-05:00,241.69000244140625,241.9499969482422,241.19000244140625,241.1903076171875
2024-12-27 15:30:00-05:00,241.17999267578125,241.57000732421875,241.16000366210938,241.41000366210938
2024-12-30 09:30:00-05:00,241.0800018310547,241.0800018310547,240.00999450683594,240.22500610351562
2024-12-30 10:30:00-05:00,240.1999969482422,240.35499572753906,239.5800018310547,239.6300048828125
2024-12-30 11:30:00-05:00,239.63999938964844,240.3000030517578,239.6300048828125,240.1999053955078
2024-12-30 12:30:00-05:00,240.25,240.52999877929688,240.07000732421875,240.4199981689453
2024-12-30 13:30:00-05:00,240.42999267578125,240.5749969482422,240.2803955078125,240.3470001220703
2024-12-30 14:30:00-05:00,240.35000610351562,240.84500122070312,240.35000610351562,240.7100067138672
2024-12-30 15:30:00-05:00,240.72000122070312,240.80999755859375,240.6199951171875,240.64999389648438
2024-12-31 09:30:00-05:00,241.0500030517578,241.77499389648438,241.0500030517578,241.63999938964844
2024-12-31 10:30:00-05:00,241.64999389648438,242.42990112304688,241.61000061035156,242.16000366210938
2024-12-31 11:30:00-05:00,242.16000366210938,242.52000427246094,242.11000061035156,242.32150268554688
2024-12-31 12:30:00-05:00,242.30999755859375,242.47000122070312,242.05999755859375,242.3800048828125
2024-12-31 13:30:00-05:00,242.3800048828125,242.49989318847656,242.25230407714844,242.25999450683594
2024-12-31 14:30:00-05:00,242.26499938964844,242.3000030517578,242.0800018310547,242.1199951171875
2024-12-31 15:30:00-05:00,242.125,242.22000122070312,242.02999877929688,242.11500549316406
2025-01-02 09:30:00-05:00,244.22000122070312,244.63999938964844,244.0800018310547,244.4250030517578
2025-01-02 10:30:00-05:00,244.41000366210938,245.3000030517578,244.38470458984375,245.16000366210938
2025-01-02 11:30:00-05:00,245.1699981689453,245.52000427246094,244.99000549316406,245.11000061035156
2025-01-02 12:30:00-05:00,245.11000061035156,245.3300018310547,244.75999450683594,245.0
2025-01-02 13:30:00-05:00,244.99000549316406,245.09800720214844,244.8800048828125,245.0697021484375
2025-01-02 14:30:00-05:00,245.0,245.52999877929688,244.92999267578125,245.47999572753906
2025-01-02 15:30:00-05:00,245.47000122070312,245.52999877929688,245.36000061035156,245.4499969482422
2025-01-03 09:30:00-05:00,244.55999755859375,244.82000732421875,243.72999572753906,243.86000061035156
2025-01-03 10:30:00-05:00,243.8800048828125,244.32000732421875,243.6999969482422,243.75999450683594
2025-01-03 11:30:00-05:00,243.7550048828125,243.9799041748047,243.5749969482422,243.80499267578125
2025-01-03 12:30:00-05:00,243.80999755859375,243.8800048828125,243.55999755859375,243.77000427246094
2025-01-03 13:30:00-05:00,243.77000427246094,243.9250030517578,243.69000244140625,243.75999450683594
2025-01-03 14:30:00-05:00,243.75999450683594,243.83999633789062,243.52000427246094,243.58999633789062
2025-01-03 15:30:00-05:00,243.5850067138672,243.6300048828125,243.36000061035156,243.47999572753906
2025-01-06 09:30:00-05:00,242.3300018310547,243.6300048828125,242.0500030517578,243.5800018310547
2025-01-06 10:30:00-05:00,243.58999633789062,243.6199951171875,242.94000244140625,243.51499938964844
2025-01-06 11:30:00-05:00,243.54989624023438,243.7899932861328,243.36000061035156,243.38999938964844
2025-01-06 12:30:00-05:00,243.38999938964844,243.50999450683594,243.08999633789062,243.3300018310547
2025-01-06 13:30:00-05:00,243.32000732421875,243.389892578125,242.97999572753906,243.12030029296875
2025-01-06 14:30:00-05:00,243.11000061035156,243.2342987060547,243.02000427246094,243.11000061035156
2025-01-06 15:30:00-05:00,243.11000061035156,243.1999969482422,243.0399932861328,243.1750030517578
2025-01-07 09:30:00-05:00,245.52000427246094,245.77000427246094,243.80999755859375,244.7100067138672
2025-01-07 10:30:00-05:00,244.74000549316406,244.91000366210938,244.14999389648438,244.64999389648438
2025-01-07 11:30:00-05:00,244.4949951171875,245.08999633789062,244.4949951171875,245.02000427246094
2025-01-07 12:30:00-05:00,245.02999877929688,245.1199951171875,244.52999877929688,244.64999389648438
2025-01-07 13:30:00-05:00,244.62989807128906,244.62989807128906,244.25999450683594,244.3249969482422
2025-01-07 14:30:00-05:00,244.32000732421875,244.57000732421875,244.3000030517578,244.38999938964844
2025-01-07 15:30:00-05:00,244.41000366210938,244.69000244140625,244.3000030517578,244.60000610351562
2025-01-08 09:30:00-05:00,245.72000122070312,246.19979858398438,245.47999572753906,245.92999267578125
2025-01-08 10:30:00-05:00,245.92999267578125,246.22999572753906,245.74000549316406,246.10000610351562
2025-01-08 11:30:00-05:00,246.05999755859375,246.4499969482422,245.75999450683594,245.78900146484375
2025-01-08 12:30:00-05:00,245.75,245.77499389648438,244.50999450683594,245.1699981689453
2025-01-08 13:30:00-05:00,245.16000366210938,245.5800018310547,244.72500610351562,245.5299072265625
2025-01-08 14:30:00-05:00,245.50999450683594,245.5800018310547,245.1699981689453,245.5
2025-01-08 15:30:00-05:00,245.5,245.88999938964844,245.42999267578125,245.8300018310547
2025-01-10 09:30:00-05:00,248.00999450683594,248.80999755859375,247.5500030517578,248.72000122070312
2025-01-10 10:30:00-05:00,248.74000549316406,249.0399932861328,248.02000427246094,248.1300048828125
2025-01-10 11:30:00-05:00,248.1199951171875,248.94000244140625,247.99989318847656,248.7100067138672
2025-01-10 12:30:00-05:00,248.7100067138672,249.02609252929688,248.02999877929688,248.11000061035156
2025-01-10 13:30:00-05:00,248.1199951171875,248.14999389648438,247.75,247.97000122070312
2025-01-10 14:30:00-05:00,247.9604949951172,248.2899932861328,247.72999572753906,248.24000549316406
2025-01-10 15:30:00-05:00,248.24380493164062,248.38999938964844,248.1199951171875,248.3000030517578
2025-01-13 09:30:00-05:00,246.33999633789062,246.7899932861328,245.83999633789062,245.89999389648438
2025-01-13 10:30:00-05:00,245.9149932861328,246.20010375976562,245.52000427246094,246.10000610351562
2025-01-13 11:30:00-05:00,246.10000610351562,246.1929931640625,245.44000244140625,245.54629516601562
2025-01-13 12:30:00-05:00,245.5449981689453,245.69000244140625,245.24000549316406,245.4499969482422
2025-01-13 13:30:00-05:00,245.4499969482422,245.63999938964844,245.1510009765625,245.33009338378906
2025-01-13 14:30:00-05:00,245.33560180664062,245.5299072265625,245.27999877929688,245.4499969482422
2025-01-13 15:30:00-05:00,245.44500732421875,245.75,245.4149932861328,245.69000244140625
2025-01-14 09:30:00-05:00,245.6199951171875,246.6699981689453,245.52000427246094,246.50030517578125
2025-01-14 10:30:00-05:00,246.52000427246094,246.77000427246094,246.25,246.58999633789062
2025-01-14 11:30:00-05:00,246.58999633789062,246.7899932861328,246.2100067138672,246.44500732421875
2025-01-14 12:30:00-05:00,246.4499969482422,246.5800018310547,246.11000061035156,246.33810424804688
2025-01-14 13:30:00-05:00,246.35000610351562,246.7899932861328,246.35000610351562,246.72000122070312
2025-01-14 14:30:00-05:00,246.6999969482422,246.99000549316406,246.57009887695312,246.80279541015625
2025-01-14 15:30:00-05:00,246.80999755859375,247.0399932861328,246.69000244140625,247.02000427246094
2025-01-15 09:30:00-05:00,248.2100067138672,248.32000732421875,247.01019287109375,247.47999572753906
2025-01-15 10:30:00-05:00,247.3699951171875,247.7899932861328,247.05999755859375,247.5919952392578
2025-01-15 11:30:00-05:00,247.6199951171875,248.52000427246094,247.49000549316406,248.3300018310547
2025-01-15 12:30:00-05:00,248.33999633789062,248.72000122070312,248.2899932861328,248.63999938964844
2025-01-15 13:30:00-05:00,248.61000061035156,248.72999572753906,248.3699951171875,248.6199951171875
2025-01-15 14:30:00-05:00,248.6199951171875,248.8000030517578,248.52999877929688,248.75999450683594
2025-01-15 15:30:00-05:00,248.75999450683594,248.89999389648438,248.66000366210938,248.86000061035156
2025-01-16 09:30:00-05:00,250.55999755859375,250.92999267578125,250.27000427246094,250.77000427246094
2025-01-16 10:30:00-05:00,250.77000427246094,250.9600067138672,250.27000427246094,250.7899932861328
2025-01-16 11:30:00-05:00,250.8000030517578,251.25,250.72000122070312,251.1300048828125
2025-01-16 12:30:00-05:00,251.13999938964844,251.38999938964844,250.67999267578125,250.72250366210938
2025-01-16 13:30:00-05:00,250.77000427246094,250.80499267578125,250.44000244140625,250.52999877929688
2025-01-16 14:30:00-05:00,250.54989624023438,250.64500427246094,250.44000244140625,250.55499267578125
2025-01-16 15:30:00-05:00,250.5500030517578,250.69000244140625,250.49000549316406,250.55999755859375
2025-01-17 09:30:00-05:00,249.6999969482422,250.58859252929688,249.4600067138672,250.3699951171875
2025-01-17 10:30:00-05:00,250.3800048828125,250.75999450683594,250.23590087890625,250.5500030517578
2025-01-17 11:30:00-05:00,250.5850067138672,250.80999755859375,250.16000366210938,250.25
2025-01-17 12:30:00-05:00,250.2550048828125,250.4499969482422,249.94000244140625,249.9499969482422
2025-01-17 13:30:00-05:00,249.9499969482422,250.02999877929688,249.57000732421875,249.8000030517578
2025-01-17 14:30:00-05:00,249.7899932861328,249.7949981689453,249.14999389648438,249.41000366210938
2025-01-17 15:30:00-05:00,249.39999389648438,249.55999755859375,249.17999267578125,249.24000549316406
2025-01-21 09:30:00-05:00,251.9499969482422,252.75,251.8300018310547,252.39999389648438
2025-01-21 10:30:00-05:00,252.39999389648438,253.25999450683594,252.27499389648438,252.8784942626953
2025-01-21 11:30:00-05:00,252.86000061035156,253.33999633789062,252.75100708007812,253.22999572753906
2025-01-21 12:30:00-05:00,253.1999969482422,253.22000122070312,252.80999755859375,253.1750030517578
2025-01-21 13:30:00-05:00,253.17999267578125,253.35980224609375,252.89999389648438,253.0500030517578
2025-01-21 14:30:00-05:00,253.0500030517578,253.1199951171875,252.8249969482422,252.92999267578125
2025-01-21 15:30:00-05:00,252.9403076171875,253.16000366210938,252.8800048828125,253.07000732421875
2025-01-22 09:30:00-05:00,254.2899932861328,254.46499633789062,253.7801055908203,254.13999938964844
2025-01-22 10:30:00-05:00,254.1300048828125,254.67999267578125,253.99000549316406,254.44000244140625
2025-01-22 11:30:00-05:00,254.4600067138672,254.6699981689453,254.30999755859375,254.4199981689453
2025-01-22 12:30:00-05:00,254.4199981689453,254.60000610351562,254.19000244140625,254.5500030517578
2025-01-22 13:30:00-05:00,254.55999755859375,254.58999633789062,254.2301025390625,254.25
2025-01-22 14:30:00-05:00,254.25509643554688,254.3300018310547,254.17999267578125,254.2899932861328
2025-01-22 15:30:00-05:00,254.3000030517578,254.44000244140625,254.18499755859375,254.38999938964844
2025-01-23 09:30:00-05:00,253.19000244140625,253.5,252.82000732421875,253.04989624023438
2025-01-23 10:30:00-05:00,253.02999877929688,253.84010314941406,253.00999450683594,253.7751007080078
2025-01-23 11:30:00-05:00,253.7899932861328,254.3800048828125,253.7899932861328,254.14999389648438
2025-01-23 12:30:00-05:00,254.1999969482422,254.5399932861328,254.17999267578125,254.3350067138672
2025-01-23 13:30:00-05:00,254.3300018310547,254.42999267578125,254.14500427246094,254.2949981689453
2025-01-23 14:30:00-05:00,254.27000427246094,254.36000061035156,253.77000427246094,254.02000427246094
2025-01-23 15:30:00-05:00,254.02999877929688,254.08999633789062,253.8699951171875,254.07000732421875
2025-01-24 09:30:00-05:00,255.9600067138672,257.07000732421875,255.9199981689453,257.0
2025-01-24 10:30:00-05:00,257.0199890136719,257.07000732421875,255.9199981689453,256.1300048828125
2025-01-24 11:30:00-05:00,256.1099853515625,256.2900085449219,255.61000061035156,256.1099853515625
2025-01-24 12:30:00-05:00,256.1000061035156,256.1600036621094,255.7449951171875,255.85000610351562
2025-01-24 13:30:00-05:00,255.86000061035156,255.99000549316406,255.72999572753906,255.78500366210938
2025-01-24 14:30:00-05:00,255.78500366210938,256.0899963378906,255.78500366210938,255.90499877929688
2025-01-24 15:30:00-05:00,255.91000366210938,255.92999267578125,255.6199951171875,255.69000244140625
2025-01-27 09:30:00-05:00,253.86000061035156,254.25999450683594,252.9499969482422,253.08999633789062
2025-01-27 10:30:00-05:00,253.0800018310547,253.2100067138672,252.64999389648438,252.91000366210938
2025-01-27 11:30:00-05:00,252.9199981689453,253.08999633789062,251.9199981689453,252.40499877929688
2025-01-27 12:30:00-05:00,252.42999267578125,252.52999877929688,252.14010620117188,252.49000549316406
2025-01-27 13:30:00-05:00,252.5,252.89999389648438,252.35000610351562,252.75
2025-01-27 14:30:00-05:00,252.76499938964844,252.8699951171875,252.58999633789062,252.83009338378906
2025-01-27 15:30:00-05:00,252.8300018310547,253.1300048828125,252.7899932861328,253.02000427246094
2025-01-28 09:30:00-05:00,254.22500610351562,254.4499969482422,253.89100646972656,254.40899658203125
2025-01-28 10:30:00-05:00,254.38999938964844,254.61990356445312,254.27000427246094,254.5399932861328
2025-01-28 11:30:00-05:00,254.52999877929688,254.7100067138672,254.3300018310547,254.55999755859375
2025-01-28 12:30:00-05:00,254.57000732421875,254.85000610351562,254.5399932861328,254.75
2025-01-28 13:30:00-05:00,254.75,255.13999938964844,254.75,255.13999938964844
2025-01-28 14:30:00-05:00,255.13999938964844,255.22999572753906,254.9700927734375,255.02999877929688
2025-01-28 15:30:00-05:00,255.0399932861328,255.25,255.0399932861328,255.1199951171875
2025-01-29 09:30:00-05:00,254.5500030517578,254.82000732421875,253.7899932861328,253.8300018310547
2025-01-29 10:30:00-05:00,253.8249053955078,254.33999633789062,253.66000366210938,254.0500030517578
2025-01-29 11:30:00-05:00,254.0399932861328,254.17999267578125,253.63999938964844,253.97999572753906
2025-01-29 12:30:00-05:00,253.99000549316406,254.2100067138672,253.6699981689453,254.16000366210938
2025-01-29 13:30:00-05:00,254.13999938964844,254.16000366210938,253.3000030517578,253.36000061035156
2025-01-29 14:30:00-05:00,253.3699951171875,254.62820434570312,253.3000030517578,254.4300994873047
2025-01-29 15:30:00-05:00,254.44000244140625,254.5,254.1699981689453,254.25
2025-01-30 09:30:00-05:00,257.20001220703125,257.6099853515625,256.45001220703125,257.4750061035156
2025-01-30 10:30:00-05:00,257.4800109863281,258.2900085449219,257.25,257.6199951171875
2025-01-30 11:30:00-05:00,257.6400146484375,257.9299011230469,257.3699951171875,257.5899963378906
2025-01-30 12:30:00-05:00,257.5899963378906,258.1401062011719,257.5899963378906,257.92999267578125
2025-01-30 13:30:00-05:00,257.92999267578125,258.0398864746094,257.5899963378906,257.6000061035156
2025-01-30 14:30:00-05:00,257.5950012207031,257.9800109863281,257.5199890136719,257.9299011230469
2025-01-30 15:30:00-05:00,257.919189453125,258.2900085449219,257.760009765625,257.9700927734375
2025-01-31 09:30:00-05:00,259.0799865722656,259.989990234375,258.8100891113281,259.32330322265625
2025-01-31 10:30:00-05:00,259.3268127441406,259.5762023925781,258.8500061035156,259.0
2025-01-31 11:30:00-05:00,259.0,259.510009765625,258.6427917480469,259.1099853515625
2025-01-31 12:30:00-05:00,259.1050109863281,259.8500061035156,258.20001220703125,258.327392578125
2025-01-31 13:30:00-05:00,258.32989501953125,258.65179443359375,257.92999267578125,258.5101013183594
2025-01-31 14:30:00-05:00,258.5400085449219,258.6499938964844,257.8599853515625,258.17498779296875
2025-01-31 15:30:00-05:00,258.1499938964844,258.67999267578125,258.1000061035156,258.54998779296875
2025-02-03 09:30:00-05:00,259.75,261.38970947265625,259.6300048828125,260.30999755859375
2025-02-03 10:30:00-05:00,260.32000732421875,260.7099914550781,259.5899963378906,260.2699890136719
2025-02-03 11:30:00-05:00,260.15008544921875,260.5,259.5235900878906,260.1000061035156
2025-02-03 12:30:00-05:00,260.1294860839844,260.4200134277344,259.7900085449219,260.04998779296875
2025-02-03 13:30:00-05:00,260.0400085449219,260.510009765625,259.9800109863281,260.3399963378906
2025-02-03 14:30:00-05:00,260.34649658203125,260.34649658203125,259.8599853515625,259.8800048828125
2025-02-03 15:30:00-05:00,259.889892578125,259.989990234375,259.7850036621094,259.8699951171875
2025-02-04 09:30:00-05:00,261.8299865722656,262.42999267578125,261.6600036621094,262.39990234375
2025-02-04 10:30:00-05:00,262.3900146484375,262.5199890136719,261.3500061035156,262.19000244140625
2025-02-04 11:30:00-05:00,262.2099914550781,262.3500061035156,261.9599914550781,262.30999755859375
2025-02-04 12:30:00-05:00,262.32501220703125,262.5199890136719,262.19000244140625,262.4200134277344
2025-02-04 13:30:00-05:00,262.4100036621094,262.5199890136719,262.2099914550781,262.2699890136719
2025-02-04 14:30:00-05:00,262.2799987792969,262.42999267578125,262.1300048828125,262.22259521484375
2025-02-04 15:30:00-05:00,262.20001220703125,262.5400085449219,262.1600036621094,262.5
2025-02-05 09:30:00-05:00,264.45001220703125,265.559814453125,264.2174987792969,265.44000244140625
2025-02-05 10:30:00-05:00,265.42999267578125,265.989990234375,264.2200012207031,264.80999755859375
2025-02-05 11:30:00-05:00,264.8299865722656,265.42999267578125,264.5150146484375,265.0899963378906
2025-02-05 12:30:00-05:00,265.05999755859375,265.19000244140625,264.4200134277344,264.82501220703125
2025-02-05 13:30:00-05:00,264.8299865722656,264.9049072265625,264.1400146484375,264.5350036621094
2025-02-05 14:30:00-05:00,264.5150146484375,264.69000244140625,264.0899963378906,264.3699035644531
2025-02-05 15:30:00-05:00,264.3699951171875,264.4800109863281,263.8900146484375,264.1400146484375
2025-02-06 09:30:00-05:00,263.6600036621094,263.7200012207031,261.489990234375,262.4147033691406
2025-02-06 10:30:00-05:00,262.4200134277344,263.364990234375,262.3399963378906,262.9849853515625
2025-02-06 11:30:00-05:00,263.0,263.2850036621094,262.75,262.989990234375
2025-02-06 12:30:00-05:00,262.92999267578125,263.135009765625,262.7699890136719,263.05999755859375
2025-02-06 13:30:00-05:00,263.04998779296875,263.2254943847656,262.8800048828125,263.0150146484375
2025-02-06 14:30:00-05:00,263.010009765625,263.54998779296875,262.94000244140625,263.2699890136719
2025-02-06 15:30:00-05:00,263.2900085449219,263.5,263.2300109863281,263.4599914550781
2025-02-07 09:30:00-05:00,265.2200012207031,266.0299987792969,264.9599914550781,266.0
2025-02-07 10:30:00-05:00,266.0,266.3450012207031,264.3999938964844,264.7300109863281
2025-02-07 11:30:00-05:00,264.7300109863281,264.7300109863281,263.5,263.7300109863281
2025-02-07 12:30:00-05:00,263.67999267578125,264.3699951171875,263.260009765625,264.1600036621094
2025-02-07 13:30:00-05:00,264.1600036621094,264.3500061035156,263.92999267578125,264.010009765625
2025-02-07 14:30:00-05:00,263.9800109863281,264.25,263.80999755859375,263.8999938964844
2025-02-07 15:30:00-05:00,263.9100036621094,264.04998779296875,263.8500061035156,263.94000244140625
2025-02-10 09:30:00-05:00,268.0,268.6000061035156,267.7099914550781,268.3500061035156
2025-02-10 10:30:00-05:00,268.34521484375,268.6600036621094,267.9700012207031,268.1199951171875
2025-02-10 11:30:00-05:00,268.1300048828125,268.2099914550781,267.3599853515625,267.4700012207031
2025-02-10 12:30:00-05:00,267.4599914550781,268.2200012207031,267.239990234375,268.1700134277344
2025-02-10 13:30:00-05:00,268.1600036621094,268.239990234375,267.8800048828125,267.92999267578125
2025-02-10 14:30:00-05:00,267.9200134277344,268.1000061035156,267.7699890136719,267.8299865722656
2025-02-10 15:30:00-05:00,267.8500061035156,268.42999267578125,267.80999755859375,268.3399963378906
2025-02-11 09:30:00-05:00,267.70001220703125,267.9700012207031,266.71099853515625,267.3699951171875
2025-02-11 10:30:00-05:00,267.3699951171875,268.3599853515625,267.2300109863281,268.1919860839844
2025-02-11 11:30:00-05:00,268.1700134277344,268.20001220703125,267.510009765625,268.04998779296875
2025-02-11 12:30:00-05:00,268.0400085449219,268.2300109863281,267.8500061035156,267.95001220703125
2025-02-11 13:30:00-05:00,267.9700012207031,268.1700134277344,267.6000061035156,267.69000244140625
2025-02-11 14:30:00-05:00,267.69000244140625,267.8500061035156,267.010009765625,267.1299133300781
2025-02-11 15:30:00-05:00,267.1199951171875,267.4200134277344,266.9800109863281,267.3399963378906
2025-02-12 09:30:00-05:00,267.1099853515625,267.3699951171875,266.3450927734375,266.8500061035156
2025-02-12 10:30:00-05:00,266.8399963378906,267.2405090332031,266.8299865722656,266.9800109863281
2025-02-12 11:30:00-05:00,266.9849853515625,268.42999267578125,266.9200134277344,268.0513000488281
2025-02-12 12:30:00-05:00,268.07000732421875,268.17999267578125,267.6449890136719,267.739990234375
2025-02-12 13:30:00-05:00,267.739990234375,267.8900146484375,266.95001220703125,267.1000061035156
2025-02-12 14:30:00-05:00,267.1000061035156,267.6199951171875,267.04998779296875,267.5400085449219
2025-02-12 15:30:00-05:00,267.5400085449219,267.760009765625,267.5400085449219,267.69000244140625
2025-02-13 09:30:00-05:00,268.3999938964844,269.3699951171875,268.2200012207031,269.010009765625
2025-02-13 10:30:00-05:00,269.0188903808594,269.4700012207031,268.9599914550781,269.1600036621094
2025-02-13 11:30:00-05:00,269.1700134277344,269.20001220703125,268.69000244140625,268.9800109863281
2025-02-13 12:30:00-05:00,268.9700012207031,269.2699890136719,268.8500061035156,269.1300048828125
2025-02-13 13:30:00-05:00,269.125,270.07000732421875,268.85528564453125,269.9599914550781
2025-02-13 14:30:00-05:00,269.9800109863281,270.2200012207031,269.8500061035156,269.94000244140625
2025-02-13 15:30:00-05:00,269.94000244140625,270.3900146484375,269.8900146484375,270.260009765625
2025-02-14 09:30:00-05:00,270.07000732421875,270.2099914550781,267.29998779296875,267.5899963378906
2025-02-14 10:30:00-05:00,267.5899963378906,268.2200012207031,266.8999938964844,266.94000244140625
2025-02-14 11:30:00-05:00,266.9200134277344,267.32000732421875,266.5299987792969,266.9599914550781
2025-02-14 12:30:00-05:00,266.9700012207031,267.02239990234375,266.0400085449219,266.260009765625
2025-02-14 13:30:00-05:00,266.2900085449219,266.30999755859375,265.8949890136719,265.989990234375
2025-02-14 14:30:00-05:00,265.989990234375,266.0,265.5899963378906,265.9313049316406
2025-02-14 15:30:00-05:00,265.92999267578125,266.3599853515625,265.45001220703125,266.239990234375
2025-02-18 09:30:00-05:00,269.67999267578125,270.2850036621094,269.6000061035156,269.9800109863281
2025-02-18 10:30:00-05:00,269.9700012207031,270.2650146484375,269.70001220703125,270.1700134277344
2025-02-18 11:30:00-05:00,270.1600036621094,270.69000244140625,270.1199951171875,270.5299987792969
2025-02-18 12:30:00-05:00,270.5199890136719,270.6000061035156,270.19000244140625,270.3399963378906
2025-02-18 13:30:00-05:00,270.3599853515625,270.7200012207031,270.3550109863281,270.65350341796875
2025-02-18 14:30:00-05:00,270.65509033203125,271.0098876953125,270.6300048828125,270.7699890136719
2025-02-18 15:30:00-05:00,270.7799987792969,270.8399963378906,270.5400085449219,270.6600036621094
2025-02-19 09:30:00-05:00,270.67999267578125,271.3299865722656,270.4700012207031,270.81988525390625
2025-02-19 10:30:00-05:00,270.8500061035156,271.1700134277344,269.6700134277344,270.0299987792969
2025-02-19 11:30:00-05:00,270.0350036621094,270.29998779296875,269.70001220703125,270.0585021972656
2025-02-19 12:30:00-05:00,270.0400085449219,270.04998779296875,269.239990234375,269.3550109863281
2025-02-19 13:30:00-05:00,269.3671875,270.3299865722656,269.2900085449219,270.2200012207031
2025-02-19 14:30:00-05:00,270.2200012207031,270.7699890136719,270.1700134277344,270.7489929199219
2025-02-19 15:30:00-05:00,270.75,270.94000244140625,270.5199890136719,270.8699951171875
2025-02-20 09:30:00-05:00,270.2300109863281,271.19000244140625,270.1700134277344,270.8659973144531
2025-02-20 10:30:00-05:00,270.75,271.7099914550781,270.5299987792969,271.4599914550781
2025-02-20 11:30:00-05:00,271.42999267578125,271.7049865722656,271.2300109863281,271.3439025878906
2025-02-20 12:30:00-05:00,271.3699951171875,271.8399963378906,270.8888854980469,271.2298889160156
2025-02-20 13:30:00-05:00,271.260009765625,271.4100036621094,270.70001220703125,270.9400939941406
2025-02-20 14:30:00-05:00,270.9898986816406,271.2620849609375,270.5899963378906,270.8500061035156
2025-02-20 15:30:00-05:00,270.8450927734375,271.0899963378906,270.7828063964844,270.9800109863281
2025-02-21 09:30:00-05:00,270.7950134277344,271.1400146484375,269.510009765625,269.8999938964844
2025-02-21 10:30:00-05:00,269.87078857421875,270.7699890136719,269.79998779296875,270.69000244140625
2025-02-21 11:30:00-05:00,270.69500732421875,271.2149963378906,270.69000244140625,271.05999755859375
2025-02-21 12:30:00-05:00,271.0400085449219,271.3800048828125,271.0,271.19000244140625
2025-02-21 13:30:00-05:00,271.2099914550781,271.510009765625,271.1400146484375,271.1597900390625
2025-02-21 14:30:00-05:00,271.1524963378906,271.25,270.5299987792969,270.6900939941406
2025-02-21 15:30:00-05:00,270.8299865722656,270.9100036621094,270.6199951171875,270.7799987792969
2025-02-24 09:30:00-05:00,271.45001220703125,271.6600036621094,270.375,270.82000732421875
2025-02-24 10:30:00-05:00,270.8550109863281,271.55999755859375,270.57501220703125,271.30999755859375
2025-02-24 11:30:00-05:00,271.30999755859375,271.65008544921875,271.2300109863281,271.5199890136719
2025-02-24 12:30:00-05:00,271.5,271.92999267578125,271.44000244140625,271.8900146484375
2025-02-24 13:30:00-05:00,271.8999938964844,272.1300048828125,271.7803039550781,271.8599853515625
2025-02-24 14:30:00-05:00,271.8599853515625,272.1499938964844,271.8500061035156,271.9150085449219
2025-02-24 15:30:00-05:00,271.9549865722656,272.32000732421875,271.9100036621094,272.20001220703125
2025-02-25 09:30:00-05:00,271.4599914550781,271.6795959472656,268.4100036621094,268.4599914550781
2025-02-25 10:30:00-05:00,268.1099853515625,268.5299987792969,266.45001220703125,267.0299987792969
2025-02-25 11:30:00-05:00,267.0014953613281,267.593505859375,266.5899963378906,267.5199890136719
2025-02-25 12:30:00-05:00,267.55999755859375,268.6700134277344,267.5050048828125,268.05999755859375
2025-02-25 13:30:00-05:00,268.0799865722656,268.5899963378906,268.0400085449219,268.1809997558594
2025-02-25 14:30:00-05:00,268.17999267578125,268.79998779296875,268.17999267578125,268.6650085449219
2025-02-25 15:30:00-05:00,268.6700134277344,268.75,268.54998779296875,268.6600036621094
2025-02-26 09:30:00-05:00,267.0799865722656,268.6199951171875,266.66119384765625,268.5199890136719
2025-02-26 10:30:00-05:00,268.5199890136719,269.0799865722656,268.1099853515625,268.5400085449219
2025-02-26 11:30:00-05:00,268.54998779296875,269.0,268.4800109863281,268.8299865722656
2025-02-26 12:30:00-05:00,268.8699951171875,269.0299987792969,268.6659851074219,268.8999938964844
2025-02-26 13:30:00-05:00,268.8999938964844,269.0299987792969,268.6099853515625,268.9849853515625
2025-02-26 14:30:00-05:00,268.9849853515625,269.0150146484375,268.6050109863281,268.94500732421875
2025-02-26 15:30:00-05:00,268.95001220703125,269.0799865722656,268.864990234375,269.04998779296875
2025-02-27 09:30:00-05:00,266.51019287109375,266.6700134277344,264.447509765625,265.20001220703125
2025-02-27 10:30:00-05:00,265.17999267578125,265.3900146484375,264.8009948730469,265.05499267578125
2025-02-27 11:30:00-05:00,265.05999755859375,265.7099914550781,264.8800048828125,265.6838073730469
2025-02-27 12:30:00-05:00,265.69000244140625,266.2300109863281,265.3900146484375,265.94000244140625
2025-02-27 13:30:00-05:00,265.94000244140625,266.302490234375,265.8399963378906,265.8699951171875
2025-02-27 14:30:00-05:00,265.8699951171875,265.8699951171875,264.95001220703125,264.989990234375
2025-02-27 15:30:00-05:00,265.0,265.32000732421875,264.8699951171875,264.9800109863281
2025-02-28 09:30:00-05:00,262.55499267578125,262.6400146484375,261.260986328125,262.1549987792969
2025-02-28 10:30:00-05:00,262.1499938964844,263.2384033203125,261.8900146484375,262.7200012207031
2025-02-28 11:30:00-05:00,262.7300109863281,263.03009033203125,262.5,262.5799865722656
2025-02-28 12:30:00-05:00,262.5849914550781,262.639892578125,261.7799987792969,261.8800048828125
2025-02-28 13:30:00-05:00,261.8900146484375,262.7099914550781,261.8800048828125,262.4700012207031
2025-02-28 14:30:00-05:00,262.4599914550781,263.2690124511719,262.4100036621094,262.9100036621094
2025-02-28 15:30:00-05:00,262.9200134277344,263.3999938964844,262.6700134277344,263.3299865722656
2025-03-03 09:30:00-05:00,265.07000732421875,266.57000732421875,265.07000732421875,266.5199890136719
2025-03-03 10:30:00-05:00,266.5596008300781,266.6300048828125,266.0299987792969,266.4599914550781
2025-03-03 11:30:00-05:00,266.489990234375,266.8800048828125,266.29998779296875,266.5050048828125
2025-03-03 12:30:00-05:00,266.5,266.81500244140625,266.3900146484375,266.6099853515625
2025-03-03 13:30:00-05:00,266.6300048828125,266.75,266.25,266.4299011230469
2025-03-03 14:30:00-05:00,266.4200134277344,266.5799865722656,265.510009765625,265.9549865722656
2025-03-03 15:30:00-05:00,265.9700012207031,266.75,265.9700012207031,266.6700134277344
2025-03-04 09:30:00-05:00,269.010009765625,269.2998962402344,267.5199890136719,268.1578063964844
2025-03-04 10:30:00-05:00,268.1499938964844,268.4999084472656,267.8699951171875,268.2799987792969
2025-03-04 11:30:00-05:00,268.29998779296875,269.0400085449219,268.2250061035156,268.8299865722656
2025-03-04 12:30:00-05:00,268.8399963378906,268.9172058105469,268.3699951171875,268.4150085449219
2025-03-04 13:30:00-05:00,268.3900146484375,268.9100036621094,268.260009765625,268.6600036621094
2025-03-04 14:30:00-05:00,268.69000244140625,269.3999938964844,268.67999267578125,269.23980712890625
2025-03-04 15:30:00-05:00,269.2349853515625,269.2349853515625,268.82501220703125,269.0799865722656
2025-03-05 09:30:00-05:00,267.9700012207031,269.489990234375,267.9599914550781,269.1600036621094
2025-03-05 10:30:00-05:00,269.1600036621094,270.260009765625,268.8630065917969,270.1199951171875
2025-03-05 11:30:00-05:00,270.1199951171875,270.25,269.0910949707031,269.19000244140625
2025-03-05 12:30:00-05:00,269.1600036621094,269.4100036621094,268.54998779296875,269.0299987792969
2025-03-05 13:30:00-05:00,269.0000915527344,269.2699890136719,268.7409973144531,269.2099914550781
2025-03-05 14:30:00-05:00,269.239990234375,269.5986022949219,269.1600036621094,269.55999755859375
2025-03-05 15:30:00-05:00,269.55999755859375,269.70001220703125,269.4700012207031,269.54998779296875
2025-03-06 09:30:00-05:00,268.25,269.510009765625,268.21209716796875,268.6199951171875
2025-03-06 10:30:00-05:00,268.6300048828125,269.1099853515625,268.260009765625,268.9800109863281
2025-03-06 11:30:00-05:00,269.0,269.31988525390625,268.79998779296875,269.30999755859375
2025-03-06 12:30:00-05:00,269.2900085449219,269.4200134277344,268.75,269.1300048828125
2025-03-06 13:30:00-05:00,269.1400146484375,269.239990234375,268.57000732421875,268.69000244140625
2025-03-06 14:30:00-05:00,268.6499938964844,269.0400085449219,268.6000061035156,268.79998779296875
2025-03-06 15:30:00-05:00,268.7900085449219,268.79998779296875,268.1600036621094,268.2200012207031
2025-03-07 09:30:00-05:00,269.0899963378906,270.3399963378906,269.0400085449219,269.7799987792969
2025-03-07 10:30:00-05:00,269.7850036621094,269.8800048828125,268.2900085449219,269.0199890136719
2025-03-07 11:30:00-05:00,269.0299987792969,269.2049865722656,267.9302062988281,268.2749938964844
2025-03-07 12:30:00-05:00,268.260009765625,268.409912109375,267.6400146484375,268.0199890136719
2025-03-07 13:30:00-05:00,268.010009765625,268.3299865722656,267.8699951171875,268.0050048828125
2025-03-07 14:30:00-05:00,268.010009765625,268.2698974609375,267.8599853515625,268.125
2025-03-07 15:30:00-05:00,268.1400146484375,268.5,268.1099853515625,268.3800048828125
2025-03-10 09:30:00-04:00,267.6199951171875,268.2900085449219,267.2300109863281,267.8399963378906
2025-03-10 10:30:00-04:00,267.8299865722656,268.44000244140625,267.5,268.19000244140625
2025-03-10 11:30:00-04:00,268.2049865722656,268.2200012207031,267.6499938964844,267.739990234375
2025-03-10 12:30:00-04:00,267.75,267.7799987792969,266.5799865722656,266.9599914550781
2025-03-10 13:30:00-04:00,266.989990234375,266.989990234375,265.6528015136719,265.9150085449219
2025-03-10 14:30:00-04:00,265.9200134277344,266.6600036621094,265.6400146484375,266.385009765625
2025-03-10 15:30:00-04:00,266.3900146484375,266.6300048828125,265.9800109863281,266.1099853515625
2025-03-11 09:30:00-04:00,268.4700012207031,269.7300109863281,268.4400939941406,268.95001220703125
2025-03-11 10:30:00-04:00,269.00048828125,269.3299865722656,268.55859375,268.875
2025-03-11 11:30:00-04:00,268.8999938964844,269.30999755859375,268.80999755859375,269.010009765625
2025-03-11 12:30:00-04:00,269.010009765625,269.3900146484375,268.75,268.95001220703125
2025-03-11 13:30:00-04:00,268.92010498046875,269.260009765625,268.8800048828125,269.0400085449219
2025-03-11 14:30:00-04:00,269.0400085449219,269.44000244140625,268.9700012207031,269.3550109863281
2025-03-11 15:30:00-04:00,269.3599853515625,269.47900390625,269.1499938964844,269.17999267578125
2025-03-12 09:30:00-04:00,268.4700012207031,269.1600036621094,268.3599853515625,268.9800109863281
2025-03-12 10:30:00-04:00,269.0199890136719,270.0899963378906,269.0199890136719,269.69000244140625
2025-03-12 11:30:00-04:00,269.70001220703125,270.989990234375,269.6600036621094,270.95001220703125
2025-03-12 12:30:00-04:00,270.9800109863281,271.1499938964844,270.6199951171875,270.9703063964844
2025-03-12 13:30:00-04:00,270.9700012207031,271.2300109863281,270.5799865722656,270.7449951171875
2025-03-12 14:30:00-04:00,270.7402038574219,270.92999267578125,270.4555969238281,270.6600036621094
2025-03-12 15:30:00-04:00,270.6600036621094,270.67999267578125,270.30999755859375,270.3399963378906
2025-03-13 09:30:00-04:00,271.57000732421875,272.42999267578125,271.54998779296875,272.3783874511719
2025-03-13 10:30:00-04:00,272.3699951171875,274.32000732421875,272.260009765625,274.0299987792969
2025-03-13 11:30:00-04:00,274.010009765625,274.80999755859375,273.79998779296875,274.7200927734375
2025-03-13 12:30:00-04:00,274.7149963378906,275.2799987792969,274.4599914550781,274.7699890136719
2025-03-13 13:30:00-04:00,274.7702941894531,275.2699890136719,274.7099914550781,274.9549865722656
2025-03-13 14:30:00-04:00,274.93890380859375,275.2300109863281,274.8299865722656,275.1299133300781
2025-03-13 15:30:00-04:00,275.1289978027344,275.3450012207031,274.8699951171875,275.1000061035156
2025-03-14 09:30:00-04:00,276.2699890136719,276.29998779296875,274.94000244140625,275.0799865722656
2025-03-14 10:30:00-04:00,275.1000061035156,275.4736022949219,274.6600036621094,274.8900146484375
2025-03-14 11:30:00-04:00,274.92010498046875,275.7200012207031,274.7900085449219,275.5
2025-03-14 12:30:00-04:00,275.5,275.8299865722656,275.44000244140625,275.7799987792969
2025-03-14 13:30:00-04:00,275.7213134765625,275.80999755859375,275.239990234375,275.27130126953125
2025-03-14 14:30:00-04:00,275.2900085449219,275.4100036621094,275.1000061035156,275.2699890136719
2025-03-14 15:30:00-04:00,275.2550048828125,275.2550048828125,275.04998779296875,275.2099914550781
2025-03-17 09:30:00-04:00,275.5400085449219,276.4914855957031,275.3900146484375,276.48089599609375
2025-03-17 10:30:00-04:00,276.489990234375,276.7466125488281,276.0400085449219,276.3399963378906
2025-03-17 11:30:00-04:00,276.32000732421875,276.55999755859375,276.1885986328125,276.3699951171875
2025-03-17 12:30:00-04:00,276.36279296875,276.57000732421875,276.0408935546875,276.5400085449219
2025-03-17 13:30:00-04:00,276.5249938964844,276.7300109863281,276.3800048828125,276.6700134277344
2025-03-17 14:30:00-04:00,276.6600036621094,276.739990234375,276.5299987792969,276.6098937988281
2025-03-17 15:30:00-04:00,276.6099853515625,276.7900085449219,276.44000244140625,276.7200012207031
2025-03-18 09:30:00-04:00,279.8999938964844,280.2149963378906,278.9700012207031,279.3999938964844
2025-03-18 10:30:00-04:00,279.3699951171875,279.70001220703125,278.9800109863281,279.58990478515625
2025-03-18 11:30:00-04:00,279.5899963378906,279.9800109863281,279.4200134277344,279.9798889160156
2025-03-18 12:30:00-04:00,279.9700012207031,280.1000061035156,279.510986328125,279.69000244140625
2025-03-18 13:30:00-04:00,279.67999267578125,279.79998779296875,279.3999938964844,279.7799987792969
2025-03-18 14:30:00-04:00,279.78009033203125,280.2099914550781,279.7799987792969,280.125
2025-03-18 15:30:00-04:00,280.1199951171875,280.19000244140625,279.8999938964844,279.9599914550781
2025-03-19 09:30:00-04:00,279.8500061035156,279.9197082519531,279.05999755859375,279.44000244140625
2025-03-19 10:30:00-04:00,279.4599914550781,279.7099914550781,279.1400146484375,279.6393127441406
2025-03-19 11:30:00-04:00,279.6299133300781,280.2099914550781,279.3800964355469,280.0398864746094
2025-03-19 12:30:00-04:00,280.0199890136719,280.0799865722656,279.510009765625,279.70001220703125
2025-03-19 13:30:00-04:00,279.69000244140625,280.4800109863281,279.3599853515625,280.1299133300781
2025-03-19 14:30:00-04:00,280.1400146484375,281.47900390625,280.1400146484375,280.5498962402344
2025-03-19 15:30:00-04:00,280.5400085449219,281.1700134277344,280.5199890136719,281.1099853515625
2025-03-20 09:30:00-04:00,279.489990234375,280.0799865722656,279.42999267578125,279.5931091308594
2025-03-20 10:30:00-04:00,279.6047058105469,280.4800109863281,279.5802917480469,280.32000732421875
2025-03-20 11:30:00-04:00,280.3550109863281,280.59991455078125,280.0799865722656,280.17999267578125
2025-03-20 12:30:00-04:00,280.190185546875,280.29998779296875,279.75,279.8900146484375
2025-03-20 13:30:00-04:00,279.9100036621094,280.79998779296875,279.8800048828125,280.7300109863281
2025-03-20 14:30:00-04:00,280.67999267578125,280.8699951171875,280.3999938964844,280.81500244140625
2025-03-20 15:30:00-04:00,280.80999755859375,280.8999938964844,280.7099914550781,280.739990234375
2025-03-21 09:30:00-04:00,279.4599914550781,279.4599914550781,276.5899963378906,277.3800964355469
2025-03-21 10:30:00-04:00,277.364990234375,278.29998779296875,277.1300048828125,277.9700927734375
2025-03-21 11:30:00-04:00,277.92498779296875,278.1400146484375,277.6000061035156,278.0299987792969
2025-03-21 12:30:00-04:00,278.0199890136719,278.3299865722656,277.8598937988281,278.0899963378906
2025-03-21 13:30:00-04:00,278.05999755859375,278.4569091796875,277.8678894042969,278.4200134277344
2025-03-21 14:30:00-04:00,278.44000244140625,278.7300109863281,278.1099853515625,278.5898132324219
2025-03-21 15:30:00-04:00,278.5899963378906,278.6600036621094,278.44000244140625,278.489990234375
2025-03-24 09:30:00-04:00,278.9100036621094,279.0889892578125,278.0899963378906,278.1650085449219
2025-03-24 10:30:00-04:00,278.1700134277344,278.19000244140625,277.0799865722656,277.53509521484375
2025-03-24 11:30:00-04:00,277.56500244140625,278.0899963378906,277.5450134277344,277.70001220703125
2025-03-24 12:30:00-04:00,277.7049865722656,277.739990234375,277.2850036621094,277.5299987792969
2025-03-24 13:30:00-04:00,277.510009765625,277.510009765625,276.8599853515625,277.0350036621094
2025-03-24 14:30:00-04:00,277.0199890136719,277.3900146484375,277.0,277.1600036621094
2025-03-24 15:30:00-04:00,277.1549987792969,277.2900085449219,277.0899963378906,277.2300109863281
2025-03-25 09:30:00-04:00,278.7799987792969,279.9599914550781,278.7799987792969,279.2598876953125
2025-03-25 10:30:00-04:00,279.239990234375,279.510009765625,278.5400085449219,278.739990234375
2025-03-25 11:30:00-04:00,278.7699890136719,278.9518127441406,278.30999755859375,278.7099914550781
2025-03-25 12:30:00-04:00,278.70001220703125,279.0,278.45989990234375,278.6400146484375
2025-03-25 13:30:00-04:00,278.6300048828125,278.75,278.3399963378906,278.3702087402344
2025-03-25 14:30:00-04:00,278.4100036621094,278.4800109863281,278.2699890136719,278.3800048828125
2025-03-25 15:30:00-04:00,278.3800048828125,278.5799865722656,278.3599853515625,278.4700012207031
2025-03-26 09:30:00-04:00,278.92999267578125,279.0199890136719,278.010009765625,278.1087951660156
2025-03-26 10:30:00-04:00,278.0400085449219,278.659912109375,277.7799987792969,278.1499938964844
2025-03-26 11:30:00-04:00,278.1700134277344,278.5050048828125,278.010009765625,278.4198913574219
2025-03-26 12:30:00-04:00,278.42498779296875,278.4700012207031,278.0400085449219,278.20098876953125
2025-03-26 13:30:00-04:00,278.19000244140625,278.5899963378906,278.1000061035156,278.55010986328125
2025-03-26 14:30:00-04:00,278.57000732421875,278.5799865722656,278.125,278.239990234375
2025-03-26 15:30:00-04:00,278.2349853515625,278.3299865722656,278.135009765625,278.2300109863281
2025-03-27 09:30:00-04:00,280.54998779296875,281.30120849609375,279.5867919921875,281.2550048828125
2025-03-27 10:30:00-04:00,281.23309326171875,282.06500244140625,281.17999267578125,281.6300048828125
2025-03-27 11:30:00-04:00,281.6000061035156,282.0299987792969,281.2200012207031,281.44500732421875
2025-03-27 12:30:00-04:00,281.4549865722656,281.4700012207031,281.0,281.0704040527344
2025-03-27 13:30:00-04:00,281.0299987792969,281.760009765625,280.9599914550781,281.6499938964844
2025-03-27 14:30:00-04:00,281.6549987792969,281.94000244140625,281.6518859863281,281.860595703125
2025-03-27 15:30:00-04:00,281.8599853515625,281.9800109863281,281.80999755859375,281.94000244140625
2025-03-28 09:30:00-04:00,283.82000732421875,284.6400146484375,283.20001220703125,283.6798095703125
2025-03-28 10:30:00-04:00,283.6700134277344,284.139892578125,282.8599853515625,283.989990234375
2025-03-28 11:30:00-04:00,284.0,284.6300048828125,283.9100036621094,284.1499938964844
2025-03-28 12:30:00-04:00,284.1601867675781,284.5820007324219,284.0799865722656,284.1099853515625
2025-03-28 13:30:00-04:00,284.1099853515625,284.2799987792969,283.67999267578125,283.92999267578125
2025-03-28 14:30:00-04:00,283.93499755859375,284.19000244140625,283.42999267578125,284.0899963378906
2025-03-28 15:30:00-04:00,284.1000061035156,284.20001220703125,284.0400085449219,284.0799865722656
2025-03-31 09:30:00-04:00,287.5299987792969,287.6650085449219,285.8500061035156,287.0199890136719
2025-03-31 10:30:00-04:00,287.0101013183594,288.3900146484375,286.9100036621094,287.7900085449219
2025-03-31 11:30:00-04:00,287.7900085449219,287.80999755859375,286.760009765625,287.1700134277344
2025-03-31 12:30:00-04:00,287.1650085449219,287.75,287.1000061035156,287.5199890136719
2025-03-31 13:30:00-04:00,287.5199890136719,288.0199890136719,287.3500061035156,287.92999267578125
2025-03-31 14:30:00-04:00,287.9049987792969,288.1050109863281,287.75,287.8999938964844
2025-03-31 15:30:00-04:00,287.8999938964844,288.17999267578125,287.7799987792969,288.1700134277344
2025-04-01 09:30:00-04:00,288.5400085449219,289.1300048828125,288.0199890136719,288.32501220703125
2025-04-01 10:30:00-04:00,288.29998779296875,288.8800048828125,288.0899963378906,288.287109375
2025-04-01 11:30:00-04:00,288.2882080078125,288.3599853515625,285.9100036621094,286.57000732421875
2025-04-01 12:30:00-04:00,286.5799865722656,287.1499938964844,286.29998779296875,287.1199951171875
2025-04-01 13:30:00-04:00,287.1099853515625,287.4504089355469,286.9599914550781,287.3800048828125
2025-04-01 14:30:00-04:00,287.3800048828125,287.5799865722656,287.05999755859375,287.4100036621094
2025-04-01 15:30:00-04:00,287.4100036621094,287.6300048828125,287.3717956542969,287.5799865722656
2025-04-02 09:30:00-04:00,288.2799987792969,288.8800048828125,287.3800048828125,288.29998779296875
2025-04-02 10:30:00-04:00,288.3299865722656,288.5799865722656,287.760009765625,288.114990234375
2025-04-02 11:30:00-04:00,288.1000061035156,289.0299987792969,288.05999755859375,288.8200988769531
2025-04-02 12:30:00-04:00,288.92999267578125,288.96990966796875,288.010009765625,288.0950012207031
2025-04-02 13:30:00-04:00,288.0899963378906,288.2699890136719,287.57080078125,287.6000061035156
2025-04-02 14:30:00-04:00,287.6000061035156,288.2825012207031,287.5799865722656,288.2164001464844
2025-04-02 15:30:00-04:00,288.2200012207031,288.3800048828125,288.0799865722656,288.1099853515625
2025-04-03 09:30:00-04:00,282.7799987792969,288.260009765625,282.45001220703125,288.1449890136719
2025-04-03 10:30:00-04:00,288.1600036621094,289.0899963378906,286.17999267578125,286.3999938964844
2025-04-03 11:30:00-04:00,286.4100036621094,287.12530517578125,285.95001220703125,286.5799865722656
2025-04-03 12:30:00-04:00,286.6000061035156,286.80999755859375,285.84149169921875,285.8800048828125
2025-04-03 13:30:00-04:00,285.8999938964844,286.760009765625,285.7900085449219,286.260009765625
2025-04-03 14:30:00-04:00,286.260009765625,287.05999755859375,285.9800109863281,286.4599914550781
2025-04-03 15:30:00-04:00,286.45001220703125,286.57000732421875,285.9200134277344,286.489990234375
2025-04-04 09:30:00-04:00,283.6400146484375,284.0249938964844,280.4700012207031,281.0
2025-04-04 10:30:00-04:00,281.0038146972656,281.34991455078125,278.6852111816406,279.0299987792969
2025-04-04 11:30:00-04:00,279.04998779296875,279.88958740234375,278.17999267578125,279.41009521484375
2025-04-04 12:30:00-04:00,279.42999267578125,279.989990234375,278.1300048828125,278.2799987792969
2025-04-04 13:30:00-04:00,278.2699890136719,279.2099914550781,278.0199890136719,278.875
2025-04-04 14:30:00-04:00,278.8800048828125,279.8500061035156,278.2200012207031,279.2699890136719
2025-04-04 15:30:00-04:00,279.260009765625,280.3900146484375,279.18499755859375,279.9100036621094
2025-04-07 09:30:00-04:00,278.8550109863281,280.1400146484375,276.7699890136719,277.3800048828125
2025-04-07 10:30:00-04:00,277.3800048828125,277.8800048828125,275.1000061035156,275.3999938964844
2025-04-07 11:30:00-04:00,275.4200134277344,275.55999755859375,274.3193054199219,274.5899963378906
2025-04-07 12:30:00-04:00,274.54998779296875,275.19000244140625,272.8399963378906,272.8399963378906
2025-04-07 13:30:00-04:00,272.7799987792969,274.2300109863281,272.5799865722656,273.8399963378906
2025-04-07 14:30:00-04:00,273.86151123046875,274.489990234375,273.2699890136719,274.20001220703125
2025-04-07 15:30:00-04:00,274.2900085449219,274.9700012207031,273.4100036621094,273.8900146484375
2025-04-08 09:30:00-04:00,277.8664855957031,278.2900085449219,276.9599914550781,277.7749938964844
2025-04-08 10:30:00-04:00,277.7799987792969,278.32000732421875,276.8699951171875,277.3500061035156
2025-04-08 11:30:00-04:00,277.3399963378906,277.75,275.93011474609375,276.07000732421875
2025-04-08 12:30:00-04:00,276.19000244140625,276.2099914550781,274.30999755859375,274.42999267578125
2025-04-08 13:30:00-04:00,274.42999267578125,275.42999267578125,274.239990234375,275.2900085449219
2025-04-08 14:30:00-04:00,275.2900085449219,275.9100036621094,274.6199951171875,274.90301513671875
2025-04-08 15:30:00-04:00,274.8999938964844,275.510009765625,274.4800109863281,275.2300109863281
2025-04-09 09:30:00-04:00,282.2200012207031,284.42999267578125,282.1499938964844,284.3389892578125
2025-04-09 10:30:00-04:00,284.3399963378906,284.7284851074219,282.6700134277344,284.42999267578125
2025-04-09 11:30:00-04:00,284.4700012207031,285.0400085449219,283.8999938964844,284.57000732421875
2025-04-09 12:30:00-04:00,284.5625305175781,285.7500915527344,281.9599914550781,282.1300048828125
2025-04-09 13:30:00-04:00,282.2799987792969,283.5899963378906,281.0400085449219,282.5299987792969
2025-04-09 14:30:00-04:00,282.55999755859375,285.5,282.42999267578125,285.05999755859375
2025-04-09 15:30:00-04:00,285.0400085449219,285.8699951171875,284.44000244140625,285.260009765625
2025-04-10 09:30:00-04:00,288.80499267578125,290.3500061035156,287.2309875488281,289.90509033203125
2025-04-10 10:30:00-04:00,289.885009765625,292.30999755859375,289.8799133300781,292.29998779296875
2025-04-10 11:30:00-04:00,292.29998779296875,292.7200012207031,290.75,291.5299987792969
2025-04-10 12:30:00-04:00,291.57000732421875,292.0199890136719,290.5299987792969,291.30999755859375
2025-04-10 13:30:00-04:00,291.32000732421875,291.92999267578125,291.1300048828125,291.7900085449219
2025-04-10 14:30:00-04:00,291.7799987792969,292.8500061035156,291.7300109863281,292.3800048828125
2025-04-10 15:30:00-04:00,292.3699951171875,292.8599853515625,292.2300109863281,292.30999755859375
2025-04-11 09:30:00-04:00,297.9599914550781,299.16949462890625,296.8299865722656,297.6099853515625
2025-04-11 10:30:00-04:00,297.6383056640625,298.80999755859375,297.12359619140625,298.7099914550781
2025-04-11 11:30:00-04:00,298.70001220703125,299.2749938964844,298.1000061035156,298.2349853515625
2025-04-11 12:30:00-04:00,298.2488098144531,298.44000244140625,296.80999755859375,297.57000732421875
2025-04-11 13:30:00-04:00,297.6099853515625,298.510009765625,297.5899963378906,298.42999267578125
2025-04-11 14:30:00-04:00,298.42999267578125,298.6199951171875,297.5799865722656,297.94000244140625
2025-04-11 15:30:00-04:00,297.94000244140625,298.04998779296875,297.6099853515625,297.9299011230469
2025-04-14 09:30:00-04:00,295.5400085449219,295.9599914550781,294.5299987792969,295.4200134277344
2025-04-14 10:30:00-04:00,295.4599914550781,296.4700012207031,295.45001220703125,295.54998779296875
2025-04-14 11:30:00-04:00,295.5400085449219,295.70001220703125,294.6700134277344,295.4914855957031
2025-04-14 12:30:00-04:00,295.4750061035156,296.1098937988281,295.44000244140625,296.0299987792969
2025-04-14 13:30:00-04:00,296.0,296.5799865722656,295.8599853515625,295.9800109863281
2025-04-14 14:30:00-04:00,295.9700012207031,296.19000244140625,295.1499938964844,296.1000061035156
2025-04-14 15:30:00-04:00,296.0799865722656,296.260009765625,295.8399963378906,296.2300109863281
2025-04-15 09:30:00-04:00,296.92999267578125,297.489990234375,296.0899963378906,297.29998779296875
2025-04-15 10:30:00-04:00,297.2799987792969,297.4100036621094,296.5801086425781,297.010009765625
2025-04-15 11:30:00-04:00,297.0199890136719,297.2699890136719,296.7099914550781,297.0090026855469
2025-04-15 12:30:00-04:00,297.010009765625,297.2250061035156,296.82000732421875,297.2099914550781
2025-04-15 13:30:00-04:00,297.20001220703125,297.8900146484375,297.17999267578125,297.69000244140625
2025-04-15 14:30:00-04:00,297.69000244140625,298.0199890136719,297.4700012207031,297.5199890136719
2025-04-15 15:30:00-04:00,297.5163879394531,297.80999755859375,297.45001220703125,297.7820129394531
2025-04-16 09:30:00-04:00,304.6499938964844,305.8900146484375,303.79998779296875,305.3056945800781
2025-04-16 10:30:00-04:00,305.29998779296875,305.45001220703125,304.5199890136719,305.3699951171875
2025-04-16 11:30:00-04:00,305.3800048828125,307.20001220703125,305.3599853515625,307.0849914550781
2025-04-16 12:30:00-04:00,307.0799865722656,307.1000061035156,306.07000732421875,306.8999938964844
2025-04-16 13:30:00-04:00,306.8800048828125,307.7099914550781,306.3200988769531,307.6600036621094
2025-04-16 14:30:00-04:00,307.5260009765625,308.0599060058594,307.4700012207031,307.77508544921875
2025-04-16 15:30:00-04:00,307.7900085449219,307.8500061035156,307.3999938964844,307.4800109863281
2025-04-17 09:30:00-04:00,306.30999755859375,307.1300048828125,304.32000732421875,304.5199890136719
2025-04-17 10:30:00-04:00,304.5299987792969,304.6400146484375,302.7300109863281,304.05999755859375
2025-04-17 11:30:00-04:00,303.9800109863281,305.1600036621094,303.5799865722656,305.1600036621094
2025-04-17 12:30:00-04:00,305.1700134277344,306.2699890136719,304.9800109863281,305.55999755859375
2025-04-17 13:30:00-04:00,305.57000732421875,306.260009765625,305.5,305.9800109863281
2025-04-17 14:30:00-04:00,305.95001220703125,305.95001220703125,305.20001220703125,305.3699951171875
2025-04-17 15:30:00-04:00,305.3800048828125,306.25,305.3399963378906,306.0899963378906
2025-04-21 09:30:00-04:00,315.1000061035156,316.4100036621094,313.94500732421875,315.9031982421875
2025-04-21 10:30:00-04:00,315.8800048828125,316.08990478515625,314.3399963378906,315.3900146484375
2025-04-21 11:30:00-04:00,315.4100036621094,315.8800048828125,314.7200012207031,314.82000732421875
2025-04-21 12:30:00-04:00,314.79998779296875,314.9700012207031,313.9800109863281,314.80999755859375
2025-04-21 13:30:00-04:00,314.8299865722656,315.80999755859375,314.80999755859375,315.7983093261719
2025-04-21 14:30:00-04:00,315.7987976074219,316.30999755859375,315.5,315.5400085449219
2025-04-21 15:30:00-04:00,315.5400085449219,315.7300109863281,315.05010986328125,315.6000061035156
2025-04-22 09:30:00-04:00,317.489990234375,317.6300048828125,314.1499938964844,316.3699951171875
2025-04-22 10:30:00-04:00,316.3900146484375,317.010009765625,314.5199890136719,314.57000732421875
2025-04-22 11:30:00-04:00,314.57000732421875,316.2300109863281,312.0299987792969,312.20001220703125
2025-04-22 12:30:00-04:00,312.2200012207031,314.375,310.79998779296875,314.0899963378906
2025-04-22 13:30:00-04:00,314.0799865722656,314.17999267578125,312.1499938964844,312.3599853515625
2025-04-22 14:30:00-04:00,312.3500061035156,312.65069580078125,310.9599914550781,311.1408996582031
2025-04-22 15:30:00-04:00,311.1300048828125,311.3599853515625,310.3599853515625,311.1050109863281
2025-04-23 09:30:00-04:00,304.17999267578125,304.6600036621094,300.5899963378906,301.92999267578125
2025-04-23 10:30:00-04:00,301.94000244140625,303.8999938964844,301.3699951171875,302.04998779296875
2025-04-23 11:30:00-04:00,302.16448974609375,303.80999755859375,301.4100036621094,303.489990234375
2025-04-23 12:30:00-04:00,303.5089111328125,304.739990234375,302.5299987792969,302.54998779296875
2025-04-23 13:30:00-04:00,302.57000732421875,303.0,302.1400146484375,302.40008544921875
2025-04-23 14:30:00-04:00,302.4100036621094,303.95001220703125,302.1499938964844,303.8800048828125
2025-04-23 15:30:00-04:00,303.8500061035156,303.989990234375,303.3699951171875,303.69000244140625
2025-04-24 09:30:00-04:00,306.7900085449219,307.01251220703125,304.7099914550781,305.8399963378906
2025-04-24 10:30:00-04:00,305.8299865722656,306.92999267578125,305.69000244140625,306.3900146484375
2025-04-24 11:30:00-04:00,306.3999938964844,307.3996887207031,306.04998779296875,306.739990234375
2025-04-24 12:30:00-04:00,306.7650146484375,307.6000061035156,306.18011474609375,307.5199890136719
2025-04-24 13:30:00-04:00,307.69000244140625,307.8399963378906,307.1400146484375,307.6300048828125
2025-04-24 14:30:00-04:00,307.6300048828125,307.659912109375,307.2099914550781,307.5400085449219
2025-04-24 15:30:00-04:00,307.55999755859375,308.4949951171875,307.55999755859375,308.07000732421875
2025-04-25 09:30:00-04:00,301.7799987792969,303.0,301.010009765625,302.8900146484375
2025-04-25 10:30:00-04:00,302.9100036621094,302.94000244140625,301.422607421875,301.6400146484375
2025-04-25 11:30:00-04:00,301.6499938964844,302.8699951171875,301.6199951171875,302.67999267578125
2025-04-25 12:30:00-04:00,302.67999267578125,303.3900146484375,302.3699951171875,303.0
2025-04-25 13:30:00-04:00,303.0299987792969,303.9200134277344,302.8900146484375,303.6000061035156
2025-04-25 14:30:00-04:00,303.5799865722656,303.7699890136719,303.0799865722656,303.70001220703125
2025-04-25 15:30:00-04:00,303.7200012207031,305.3699951171875,303.7200012207031,304.6700134277344
2025-04-28 09:30:00-04:00,304.1499938964844,305.6520080566406,302.9700012207031,305.20001220703125
2025-04-28 10:30:00-04:00,305.2300109863281,307.510009765625,305.17999267578125,306.8699951171875
2025-04-28 11:30:00-04:00,306.82000732421875,307.7200012207031,305.9599914550781,307.3747863769531
2025-04-28 12:30:00-04:00,307.4563903808594,307.8500061035156,307.1560974121094,307.659912109375
2025-04-28 13:30:00-04:00,307.7300109863281,308.80731201171875,307.3399963378906,308.66558837890625
2025-04-28 14:30:00-04:00,308.69000244140625,309.0299987792969,308.41009521484375,308.82000732421875
2025-04-28 15:30:00-04:00,308.82000732421875,309.1099853515625,308.5299072265625,309.0199890136719
2025-04-29 09:30:00-04:00,305.80999755859375,306.1600036621094,304.1700134277344,305.5799865722656
2025-04-29 10:30:00-04:00,305.57000732421875,305.8299865722656,304.9700012207031,305.3349914550781
2025-04-29 11:30:00-04:00,305.3500061035156,306.0400085449219,304.6700134277344,305.9800109863281
2025-04-29 12:30:00-04:00,305.97760009765625,306.95001220703125,305.864990234375,306.3299865722656
2025-04-29 13:30:00-04:00,306.3500061035156,306.5199890136719,305.42999267578125,305.9390869140625
2025-04-29 14:30:00-04:00,305.93499755859375,306.510009765625,305.7699890136719,306.2900085449219
2025-04-29 15:30:00-04:00,306.2698059082031,306.4100036621094,305.8699951171875,306.0899963378906
2025-04-30 09:30:00-04:00,304.6050109863281,306.06500244140625,304.07000732421875,304.6142883300781
2025-04-30 10:30:00-04:00,304.3999938964844,305.57000732421875,303.5216979980469,304.8301086425781
2025-04-30 11:30:00-04:00,304.7900085449219,305.3999938964844,304.1099853515625,305.0050048828125
2025-04-30 12:30:00-04:00,304.989990234375,305.5,304.6300964355469,305.0299987792969
2025-04-30 13:30:00-04:00,305.0400085449219,305.2200012207031,304.2650146484375,304.2799987792969
2025-04-30 14:30:00-04:00,304.30999755859375,304.7200012207031,304.0,304.0899963378906
2025-04-30 15:30:00-04:00,304.1199951171875,304.2900085449219,303.44000244140625,303.8399963378906
2025-05-01 09:30:00-04:00,297.4100036621094,297.94000244140625,296.2300109863281,297.0
2025-05-01 10:30:00-04:00,297.0,297.80999755859375,296.1405029296875,296.29998779296875
2025-05-01 11:30:00-04:00,296.3299865722656,296.54998779296875,295.32000732421875,295.7300109863281
2025-05-01 12:30:00-04:00,295.760009765625,296.79998779296875,295.739990234375,296.3500061035156
2025-05-01 13:30:00-04:00,296.3699951171875,296.65008544921875,295.80999755859375,296.43389892578125
2025-05-01 14:30:00-04:00,296.42999267578125,297.3999938964844,296.3789978027344,297.25
2025-05-01 15:30:00-04:00,297.260009765625,297.6199951171875,297.17999267578125,297.4800109863281
2025-05-02 09:30:00-04:00,300.1700134277344,300.44000244140625,298.79998779296875,299.82000732421875
2025-05-02 10:30:00-04:00,299.82000732421875,300.8500061035156,299.3800048828125,299.67999267578125
2025-05-02 11:30:00-04:00,299.65020751953125,299.67498779296875,297.1510925292969,298.0400085449219
2025-05-02 12:30:00-04:00,298.0400085449219,298.5743103027344,297.0299987792969,298.1400146484375
2025-05-02 13:30:00-04:00,298.1400146484375,298.2251892089844,297.32000732421875,297.5799865722656
2025-05-02 14:30:00-04:00,297.5899963378906,297.9599914550781,297.17999267578125,297.510009765625
2025-05-02 15:30:00-04:00,297.5199890136719,298.1099853515625,297.44500732421875,298.0
2025-05-05 09:30:00-04:00,305.9200134277344,306.8500061035156,305.04998779296875,305.8800048828125
2025-05-05 10:30:00-04:00,305.8597106933594,305.8800048828125,305.0199890136719,305.1600036621094
2025-05-05 11:30:00-04:00,305.19000244140625,305.8298034667969,304.67498779296875,304.8599853515625
2025-05-05 12:30:00-04:00,304.8634948730469,305.6199951171875,304.8599853515625,305.3800048828125
2025-05-05 13:30:00-04:00,305.3900146484375,306.0799865722656,305.2699890136719,305.989990234375
2025-05-05 14:30:00-04:00,306.00030517578125,307.5299987792969,305.80999755859375,307.5299987792969
2025-05-05 15:30:00-04:00,307.5199890136719,307.6499938964844,306.6600036621094,306.8500061035156
2025-05-06 09:30:00-04:00,313.1199951171875,313.25,311.8940124511719,311.94000244140625
2025-05-06 10:30:00-04:00,311.9100036621094,313.25,311.3999938964844,313.1000061035156
2025-05-06 11:30:00-04:00,313.0950012207031,313.8500061035156,312.7615051269531,313.7699890136719
2025-05-06 12:30:00-04:00,313.760009765625,315.05999755859375,313.6000061035156,314.760009765625
2025-05-06 13:30:00-04:00,314.9100036621094,315.0299987792969,314.3599853515625,314.9200134277344
2025-05-06 14:30:00-04:00,314.95001220703125,314.989990234375,314.54998779296875,314.7900085449219
2025-05-06 15:30:00-04:00,314.7900085449219,315.6199951171875,314.7300109863281,315.5199890136719
2025-05-07 09:30:00-04:00,312.1000061035156,313.25,311.17999267578125,311.8599853515625
2025-05-07 10:30:00-04:00,311.8500061035156,312.3999938964844,311.52301025390625,311.95001220703125
2025-05-07 11:30:00-04:00,311.9700012207031,312.25,311.42999267578125,311.7699890136719
2025-05-07 12:30:00-04:00,311.79998779296875,312.4800109863281,311.7301025390625,311.9700012207031
2025-05-07 13:30:00-04:00,311.9599914550781,313.260009765625,311.9200134277344,312.2200012207031
2025-05-07 14:30:00-04:00,312.2799987792969,312.5199890136719,310.0799865722656,310.95001220703125
2025-05-07 15:30:00-04:00,310.95001220703125,311.2488098144531,310.3949890136719,310.80999755859375
2025-05-08 09:30:00-04:00,309.760009765625,310.4800109863281,308.7701110839844,309.07000732421875
2025-05-08 10:30:00-04:00,309.0899963378906,309.8388977050781,307.8800048828125,308.3999938964844
2025-05-08 11:30:00-04:00,308.3699951171875,308.9750061035156,304.4700012207031,305.09100341796875
2025-05-08 12:30:00-04:00,305.1499938964844,305.510009765625,303.94000244140625,304.2950134277344
2025-05-08 13:30:00-04:00,304.2900085449219,305.1000061035156,303.92010498046875,304.8500061035156
2025-05-08 14:30:00-04:00,304.8399963378906,304.9800109863281,303.04998779296875,303.375
2025-05-08 15:30:00-04:00,303.3599853515625,305.0199890136719,303.3500061035156,304.6499938964844
2025-05-09 09:30:00-04:00,307.75,307.7950134277344,306.0101013183594,307.6650085449219
2025-05-09 10:30:00-04:00,307.67999267578125,308.14801025390625,307.2699890136719,307.82000732421875
2025-05-09 11:30:00-04:00,307.79998779296875,308.57000732421875,307.7401123046875,307.8299865722656
2025-05-09 12:30:00-04:00,307.8399963378906,308.0690002441406,307.5,307.7300109863281
2025-05-09 13:30:00-04:00,307.760009765625,308.1000061035156,307.5,307.78570556640625
2025-05-09 14:30:00-04:00,307.81500244140625,307.8399963378906,306.9100036621094,306.92999267578125
2025-05-09 15:30:00-04:00,306.9200134277344,306.94000244140625,306.5,306.8399963378906
2025-05-12 09:30:00-04:00,298.3299865722656,299.44000244140625,297.8599853515625,298.8900146484375
2025-05-12 10:30:00-04:00,298.95001220703125,299.3299865722656,297.9599914550781,298.5744934082031
2025-05-12 11:30:00-04:00,298.55999755859375,299.0198974609375,297.29998779296875,297.4778137207031
2025-05-12 12:30:00-04:00,297.4971923828125,297.739990234375,296.8699951171875,297.1600036621094
2025-05-12 13:30:00-04:00,297.1700134277344,297.4598083496094,296.82000732421875,297.1499938964844
2025-05-12 14:30:00-04:00,297.1400146484375,298.5199890136719,296.8699951171875,298.44000244140625
2025-05-12 15:30:00-04:00,298.44000244140625,298.5,298.07000732421875,298.1600036621094
2025-05-13 09:30:00-04:00,298.9800109863281,299.1087951660156,297.2900085449219,298.6549987792969
2025-05-13 10:30:00-04:00,298.6300048828125,299.42120361328125,298.5299987792969,299.3257141113281
2025-05-13 11:30:00-04:00,299.3399963378906,300.29998779296875,299.1199951171875,299.8999938964844
2025-05-13 12:30:00-04:00,299.9100036621094,300.07000732421875,298.82000732421875,298.95001220703125
2025-05-13 13:30:00-04:00,298.9599914550781,299.510009765625,298.79400634765625,299.29998779296875
2025-05-13 14:30:00-04:00,299.30999755859375,299.6098937988281,299.20001220703125,299.460205078125
2025-05-13 15:30:00-04:00,299.4599914550781,299.6600036621094,299.32000732421875,299.489990234375
2025-05-14 09:30:00-04:00,293.6700134277344,294.79998779296875,293.010009765625,293.5703125
2025-05-14 10:30:00-04:00,293.57000732421875,294.17999267578125,292.9599914550781,293.5950012207031
2025-05-14 11:30:00-04:00,293.6000061035156,293.69000244140625,292.9800109863281,293.3999938964844
2025-05-14 12:30:00-04:00,293.3500061035156,294.0907897949219,292.4800109863281,293.4541931152344
2025-05-14 13:30:00-04:00,293.4800109863281,293.5400085449219,292.67999267578125,292.8236083984375
2025-05-14 14:30:00-04:00,292.8299865722656,292.9700012207031,291.9599914550781,292.5199890136719
2025-05-14 15:30:00-04:00,292.510009765625,293.2699890136719,292.42999267578125,293.1700134277344
2025-05-15 09:30:00-04:00,294.1000061035156,295.57000732421875,293.75,295.4100036621094
2025-05-15 10:30:00-04:00,295.4200134277344,296.42999267578125,294.6701965332031,296.3695983886719
2025-05-15 11:30:00-04:00,296.17999267578125,296.8399963378906,296.0,296.6300048828125
2025-05-15 12:30:00-04:00,296.6206970214844,297.54998779296875,296.5899963378906,297.0299987792969
2025-05-15 13:30:00-04:00,297.0224914550781,297.29998779296875,296.3699951171875,297.1099853515625
2025-05-15 14:30:00-04:00,297.0950012207031,297.6400146484375,296.8900146484375,297.6300048828125
2025-05-15 15:30:00-04:00,297.6300048828125,297.8999938964844,297.3800048828125,297.8299865722656
2025-05-16 09:30:00-04:00,292.6199951171875,293.9599914550781,292.15008544921875,292.6600036621094
2025-05-16 10:30:00-04:00,292.67999267578125,293.1499938964844,291.7799987792969,292.9200134277344
2025-05-16 11:30:00-04:00,292.8999938964844,293.739990234375,292.8699951171875,293.3999938964844
2025-05-16 12:30:00-04:00,293.3999938964844,294.2200012207031,293.260009765625,293.510009765625
2025-05-16 13:30:00-04:00,293.5199890136719,294.1499938964844,293.4100036621094,294.0199890136719
2025-05-16 14:30:00-04:00,294.0199890136719,294.5299987792969,293.5400085449219,294.3500061035156
2025-05-16 15:30:00-04:00,294.3599853515625,294.57501220703125,294.125,294.260009765625
2025-05-19 09:30:00-04:00,297.8450012207031,298.0899963378906,296.48199462890625,297.7799987792969
2025-05-19 10:30:00-04:00,297.7799987792969,298.25,297.45001220703125,298.0899963378906
2025-05-19 11:30:00-04:00,298.010009765625,298.5799865722656,297.5,297.6000061035156
2025-05-19 12:30:00-04:00,297.6050109863281,298.1000061035156,297.45001220703125,297.739990234375
2025-05-19 13:30:00-04:00,297.79998779296875,298.0799865722656,297.2650146484375,298.0799865722656
2025-05-19 14:30:00-04:00,298.0799865722656,298.25,297.92999267578125,298.0899963378906
2025-05-19 15:30:00-04:00,298.0899963378906,298.0899963378906,297.8399963378906,297.989990234375
2025-05-20 09:30:00-04:00,298.3500061035156,302.80999755859375,298.29998779296875,302.2698974609375
2025-05-20 10:30:00-04:00,302.2688903808594,302.760009765625,301.69000244140625,302.1099853515625
2025-05-20 11:30:00-04:00,302.1199951171875,302.510009765625,301.94000244140625,302.1400146484375
2025-05-20 12:30:00-04:00,302.1400146484375,302.760009765625,301.8599853515625,302.4800109863281
2025-05-20 13:30:00-04:00,302.4800109863281,303.1600036621094,302.4700012207031,303.0299987792969
2025-05-20 14:30:00-04:00,303.0400085449219,303.2900085449219,302.8500061035156,303.1650085449219
2025-05-20 15:30:00-04:00,303.1700134277344,303.6824951171875,303.1199951171875,303.5899963378906
2025-05-21 09:30:00-04:00,304.54998779296875,305.0400085449219,303.6700134277344,304.70001220703125
2025-05-21 10:30:00-04:00,304.6700134277344,305.50201416015625,304.2699890136719,305.2001037597656
2025-05-21 11:30:00-04:00,305.2200012207031,305.4649963378906,304.9501037597656,305.0199890136719
2025-05-21 12:30:00-04:00,305.0199890136719,305.55999755859375,304.3599853515625,305.1400146484375
2025-05-21 13:30:00-04:00,305.1400146484375,305.6499938964844,304.75,305.4097900390625
2025-05-21 14:30:00-04:00,305.4200134277344,306.4599914550781,305.260009765625,306.43499755859375
2025-05-21 15:30:00-04:00,306.42999267578125,306.44500732421875,305.67999267578125,305.8399963378906
2025-05-22 09:30:00-04:00,305.0899963378906,305.2799987792969,302.1000061035156,303.7900085449219
2025-05-22 10:30:00-04:00,303.8399963378906,304.45001220703125,302.3312072753906,303.5199890136719
2025-05-22 11:30:00-04:00,303.5799865722656,304.0299987792969,302.9700012207031,304.0299987792969
2025-05-22 12:30:00-04:00,304.0199890136719,304.4800109863281,303.3999938964844,303.6199951171875
2025-05-22 13:30:00-04:00,303.6440124511719,304.0,303.1400146484375,303.5299987792969
2025-05-22 14:30:00-04:00,303.5299987792969,303.7795104980469,302.989990234375,303.1099853515625
2025-05-22 15:30:00-04:00,303.1099853515625,303.4849853515625,303.0400085449219,303.0799865722656
2025-05-23 09:30:00-04:00,308.8599853515625,309.1199951171875,307.4700012207031,308.8800048828125
2025-05-23 10:30:00-04:00,308.8699951171875,309.6600036621094,308.59381103515625,309.4552001953125
2025-05-23 11:30:00-04:00,309.4599914550781,309.8900146484375,309.239990234375,309.7200012207031
2025-05-23 12:30:00-04:00,309.70001220703125,310.19000244140625,309.3102111816406,310.17999267578125
2025-05-23 13:30:00-04:00,310.17999267578125,310.20001220703125,309.7699890136719,310.1700134277344
2025-05-23 14:30:00-04:00,310.1492919921875,310.25,309.7099914550781,310.0400085449219
2025-05-23 15:30:00-04:00,310.0567932128906,310.0567932128906,309.5,309.739990234375
2025-05-27 09:30:00-04:00,303.80999755859375,304.6000061035156,302.739990234375,303.7699890136719
2025-05-27 10:30:00-04:00,303.75,304.42999267578125,303.6099853515625,303.7799987792969
2025-05-27 11:30:00-04:00,303.760009765625,304.0097961425781,303.1199951171875,303.9100036621094
2025-05-27 12:30:00-04:00,303.9200134277344,304.3900146484375,303.6499938964844,304.29998779296875
2025-05-27 13:30:00-04:00,304.1499938964844,304.5400085449219,304.04400634765625,304.2300109863281
2025-05-27 14:30:00-04:00,304.239990234375,304.6199951171875,304.2300109863281,304.5830078125
2025-05-27 15:30:00-04:00,304.5799865722656,304.875,304.5,304.5199890136719
2025-05-28 09:30:00-04:00,304.6400146484375,304.989990234375,304.0199890136719,304.8399963378906
2025-05-28 10:30:00-04:00,304.8299865722656,304.8800048828125,303.6400146484375,303.6600036621094
2025-05-28 11:30:00-04:00,303.6199951171875,304.0400085449219,303.45001220703125,303.8599853515625
2025-05-28 12:30:00-04:00,303.8599853515625,304.0177001953125,303.05999755859375,303.7900085449219
2025-05-28 13:30:00-04:00,303.82000732421875,304.3699951171875,303.6199951171875,304.239990234375
2025-05-28 14:30:00-04:00,304.25,304.4200134277344,303.57000732421875,303.57000732421875
2025-05-28 15:30:00-04:00,303.5799865722656,303.95989990234375,303.54998779296875,303.82000732421875
2025-05-29 09:30:00-04:00,305.739990234375,306.0799865722656,304.9436950683594,305.0299987792969
2025-05-29 10:30:00-04:00,305.04998779296875,305.6700134277344,304.4599914550781,305.5268859863281
2025-05-29 11:30:00-04:00,305.510009765625,306.8900146484375,305.3900146484375,306.42999267578125
2025-05-29 12:30:00-04:00,306.4599914550781,306.54998779296875,305.760009765625,305.760009765625
2025-05-29 13:30:00-04:00,305.7900085449219,306.3900146484375,305.6600036621094,305.7799987792969
2025-05-29 14:30:00-04:00,305.7900085449219,306.0400085449219,305.6199951171875,305.79998779296875
2025-05-29 15:30:00-04:00,305.82000732421875,305.8299865722656,305.4800109863281,305.5899963378906
2025-05-30 09:30:00-04:00,303.6400146484375,304.0199890136719,301.5,302.5899963378906
2025-05-30 10:30:00-04:00,302.6099853515625,303.072998046875,301.6400146484375,302.9100036621094
2025-05-30 11:30:00-04:00,302.8949890136719,303.42999267578125,302.8599853515625,303.1099853515625
2025-05-30 12:30:00-04:00,303.1099853515625,303.7200012207031,302.6099853515625,303.3299865722656
2025-05-30 13:30:00-04:00,303.30999755859375,303.6600036621094,303.2300109863281,303.6099853515625
2025-05-30 14:30:00-04:00,303.6000061035156,303.67999267578125,303.4305114746094,303.4989929199219
2025-05-30 15:30:00-04:00,303.510009765625,303.6499938964844,303.3500061035156,303.6099853515625
2025-06-02 09:30:00-04:00,308.9049987792969,311.32000732421875,308.7200012207031,310.8299865722656
2025-06-02 10:30:00-04:00,310.8699951171875,311.3900146484375,310.4800109863281,310.8500061035156
2025-06-02 11:30:00-04:00,310.8599853515625,311.3999938964844,310.55999755859375,310.8399963378906
2025-06-02 12:30:00-04:00,310.8464050292969,311.05999755859375,310.4700012207031,310.760009765625
2025-06-02 13:30:00-04:00,310.75,311.1099853515625,310.6199951171875,310.7300109863281
2025-06-02 14:30:00-04:00,310.7300109863281,311.510009765625,310.6700134277344,311.39898681640625
2025-06-02 15:30:00-04:00,311.3900146484375,311.7200012207031,311.3450012207031,311.6199951171875
2025-06-03 09:30:00-04:00,309.1099853515625,309.55999755859375,307.1499938964844,308.3800048828125
2025-06-03 10:30:00-04:00,308.3815002441406,308.75,308.1199951171875,308.69000244140625
2025-06-03 11:30:00-04:00,308.68499755859375,309.0400085449219,308.4200134277344,308.6300048828125
2025-06-03 12:30:00-04:00,308.6099853515625,309.0350036621094,308.17999267578125,309.0350036621094
2025-06-03 13:30:00-04:00,309.010009765625,309.1199951171875,308.7200012207031,308.9200134277344
2025-06-03 14:30:00-04:00,308.9100036621094,309.2099914550781,308.7950134277344,308.9849853515625
2025-06-03 15:30:00-04:00,308.9801025390625,309.2149963378906,308.79998779296875,308.9200134277344
2025-06-04 09:30:00-04:00,309.42999267578125,310.5299987792969,308.739990234375,310.5278015136719
2025-06-04 10:30:00-04:00,310.5,311.8800048828125,310.46881103515625,310.94000244140625
2025-06-04 11:30:00-04:00,310.94000244140625,311.0,310.489990234375,310.82000732421875
2025-06-04 12:30:00-04:00,310.8299865722656,311.1549987792969,310.79998779296875,311.0199890136719
2025-06-04 13:30:00-04:00,311.0199890136719,311.67999267578125,311.0199890136719,311.489990234375
2025-06-04 14:30:00-04:00,311.5,311.54998779296875,310.7099914550781,310.8550109863281
2025-06-04 15:30:00-04:00,310.8599853515625,310.95001220703125,310.7349853515625,310.8900146484375
2025-06-05 09:30:00-04:00,311.239990234375,312.20001220703125,310.239990234375,310.9700012207031
2025-06-05 10:30:00-04:00,310.989990234375,311.6700134277344,309.5899963378906,309.7699890136719
2025-06-05 11:30:00-04:00,309.75,309.82000732421875,307.65008544921875,308.4549865722656
2025-06-05 12:30:00-04:00,308.45001220703125,309.2300109863281,308.3800048828125,308.8900146484375
2025-06-05 13:30:00-04:00,308.864990234375,309.1300048828125,308.6300048828125,309.1300048828125
2025-06-05 14:30:00-04:00,309.1099853515625,309.69000244140625,308.8900146484375,309.30999755859375
2025-06-05 15:30:00-04:00,309.32000732421875,309.4700012207031,308.8500061035156,309.20001220703125
2025-06-06 09:30:00-04:00,309.04998779296875,309.20001220703125,305.67498779296875,306.32000732421875
2025-06-06 10:30:00-04:00,306.2699890136719,307.239990234375,306.17999267578125,306.9100036621094
2025-06-06 11:30:00-04:00,306.94000244140625,307.4599914550781,306.2799987792969,306.2900085449219
2025-06-06 12:30:00-04:00,306.30010986328125,306.5400085449219,306.010009765625,306.2998962402344
2025-06-06 13:30:00-04:00,306.2900085449219,306.3299865722656,305.3500061035156,305.5199890136719
2025-06-06 14:30:00-04:00,305.510009765625,305.91680908203125,305.32000732421875,305.44000244140625
2025-06-06 15:30:00-04:00,305.4800109863281,305.55999755859375,305.1000061035156,305.2200012207031
2025-06-09 09:30:00-04:00,305.3900146484375,306.5400085449219,305.05999755859375,306.1000061035156
2025-06-09 10:30:00-04:00,306.1000061035156,306.9198913574219,305.55999755859375,306.8999938964844
2025-06-09 11:30:00-04:00,306.92999267578125,307.3699951171875,306.6199951171875,307.13128662109375
2025-06-09 12:30:00-04:00,307.1000061035156,307.6099853515625,307.0139465332031,307.2200012207031
2025-06-09 13:30:00-04:00,307.2300109863281,307.489990234375,307.1400146484375,307.43499755859375
2025-06-09 14:30:00-04:00,307.43499755859375,307.5,306.9599914550781,306.9599914550781
2025-06-09 15:30:00-04:00,306.9700012207031,307.0050048828125,306.44000244140625,306.5799865722656
2025-06-10 09:30:00-04:00,308.30999755859375,308.6000061035156,306.94000244140625,307.17999267578125
2025-06-10 10:30:00-04:00,307.1600036621094,307.1700134277344,306.2300109863281,306.5
2025-06-10 11:30:00-04:00,306.510009765625,306.7699890136719,305.989990234375,306.1700134277344
2025-06-10 12:30:00-04:00,306.19000244140625,306.3399963378906,305.9100036621094,306.0950012207031
2025-06-10 13:30:00-04:00,306.17999267578125,306.4649963378906,306.0506896972656,306.239990234375
2025-06-10 14:30:00-04:00,306.239990234375,307.0199890136719,305.8699951171875,306.9800109863281
2025-06-10 15:30:00-04:00,306.989990234375,307.2699890136719,306.6199951171875,306.7099914550781
2025-06-11 09:30:00-04:00,307.5,307.7099914550781,306.55999755859375,307.1200866699219
2025-06-11 10:30:00-04:00,307.1400146484375,308.0199890136719,307.05999755859375,307.75
2025-06-11 11:30:00-04:00,307.7449951171875,307.82000732421875,306.7449951171875,306.989990234375
2025-06-11 12:30:00-04:00,307.0,307.07000732421875,306.05999755859375,306.2799987792969
2025-06-11 13:30:00-04:00,306.2650146484375,308.2793884277344,305.8500061035156,308.2793884277344
2025-06-11 14:30:00-04:00,308.29998779296875,308.44000244140625,307.6300048828125,308.2149963378906
2025-06-11 15:30:00-04:00,308.2200012207031,308.614990234375,308.17999267578125,308.3800048828125
2025-06-12 09:30:00-04:00,311.6449890136719,313.1000061035156,311.4100036621094,312.1700134277344
2025-06-12 10:30:00-04:00,312.17999267578125,312.3299865722656,311.1499938964844,312.1099853515625
2025-06-12 11:30:00-04:00,312.1099853515625,312.30999755859375,311.760009765625,312.2099914550781
2025-06-12 12:30:00-04:00,312.2099914550781,312.3949890136719,311.20001220703125,311.489990234375
2025-06-12 13:30:00-04:00,311.5098876953125,311.8500061035156,311.260009765625,311.6499938964844
2025-06-12 14:30:00-04:00,311.6499938964844,312.0299987792969,311.635009765625,312.010009765625
2025-06-12 15:30:00-04:00,312.0,312.3399963378906,311.94000244140625,312.1099853515625
2025-06-13 09:30:00-04:00,317.260009765625,317.6000061035156,315.5,316.5799865722656
2025-06-13 10:30:00-04:00,316.519287109375,316.95001220703125,315.25,315.6700134277344
2025-06-13 11:30:00-04:00,315.6700134277344,315.8599853515625,315.0375061035156,315.7799987792969
2025-06-13 12:30:00-04:00,315.7950134277344,316.3800048828125,315.7298889160156,316.239990234375
2025-06-13 13:30:00-04:00,316.25,316.5799865722656,315.79998779296875,316.2900085449219
2025-06-13 14:30:00-04:00,316.2998962402344,316.9299011230469,316.2300109863281,316.5150146484375
2025-06-13 15:30:00-04:00,316.5199890136719,316.54998779296875,316.2099914550781,316.2699890136719
2025-06-16 09:30:00-04:00,314.79998779296875,314.8699951171875,311.6600036621094,312.5199890136719
2025-06-16 10:30:00-04:00,312.6199951171875,313.74700927734375,312.3299865722656,313.67999267578125
2025-06-16 11:30:00-04:00,313.69000244140625,313.8500061035156,313.0400085449219,313.2699890136719
2025-06-16 12:30:00-04:00,313.2699890136719,313.3399963378906,312.9700012207031,313.1000061035156
2025-06-16 13:30:00-04:00,313.0950012207031,313.1099853515625,312.1650085449219,312.3599853515625
2025-06-16 14:30:00-04:00,312.35009765625,312.42999267578125,311.6600036621094,311.8699951171875
2025-06-16 15:30:00-04:00,311.8599853515625,312.239990234375,311.7300109863281,311.7900085449219
2025-06-17 09:30:00-04:00,312.6300048828125,313.0,311.4200134277344,311.739990234375
2025-06-17 10:30:00-04:00,311.70001220703125,312.1400146484375,310.1199951171875,311.4700012207031
2025-06-17 11:30:00-04:00,311.5199890136719,311.633056640625,310.6600036621094,311.5400085449219
2025-06-17 12:30:00-04:00,311.57000732421875,312.3900146484375,311.3999938964844,312.1564025878906
2025-06-17 13:30:00-04:00,312.2200012207031,312.5050048828125,312.1400146484375,312.2300109863281
2025-06-17 14:30:00-04:00,312.2300109863281,312.44000244140625,311.5899963378906,311.79998779296875
2025-06-17 15:30:00-04:00,311.80999755859375,311.989990234375,311.6700134277344,311.9100036621094
2025-06-18 09:30:00-04:00,312.8900146484375,312.9710998535156,310.88250732421875,311.6799011230469
2025-06-18 10:30:00-04:00,311.69000244140625,312.3800048828125,311.57000732421875,312.1629943847656
2025-06-18 11:30:00-04:00,312.20989990234375,312.7900085449219,312.0600891113281,312.6000061035156
2025-06-18 12:30:00-04:00,312.6000061035156,312.6700134277344,312.2300109863281,312.3299865722656
2025-06-18 13:30:00-04:00,312.3500061035156,312.9100036621094,311.8800048828125,312.4800109863281
2025-06-18 14:30:00-04:00,312.5,312.5799865722656,310.1199951171875,310.1199951171875
2025-06-18 15:30:00-04:00,310.1300048828125,310.9800109863281,309.8599853515625,310.2300109863281
2025-06-20 09:30:00-04:00,309.3299865722656,310.8900146484375,309.25,310.30999755859375
2025-06-20 10:30:00-04:00,310.32000732421875,310.6300048828125,310.07000732421875,310.3807067871094
2025-06-20 11:30:00-04:00,310.29998779296875,310.6600036621094,310.1600036621094,310.44000244140625
2025-06-20 12:30:00-04:00,310.42999267578125,310.80999755859375,310.3949890136719,310.4599914550781
2025-06-20 13:30:00-04:00,310.4800109863281,310.5,310.010009765625,310.1199951171875
2025-06-20 14:30:00-04:00,310.1112976074219,310.55010986328125,309.989990234375,310.4200134277344
2025-06-20 15:30:00-04:00,310.4200134277344,310.44000244140625,310.0,310.0799865722656
2025-06-23 09:30:00-04:00,310.3399963378906,312.1099853515625,310.30999755859375,311.29998779296875
2025-06-23 10:30:00-04:00,311.2900085449219,312.2099914550781,311.17999267578125,312.1050109863281
2025-06-23 11:30:00-04:00,312.1650085449219,312.6700134277344,311.9599914550781,312.4599914550781
2025-06-23 12:30:00-04:00,312.4599914550781,312.57000732421875,311.00421142578125,311.3500061035156
2025-06-23 13:30:00-04:00,311.3399963378906,312.1600036621094,311.260009765625,311.85919189453125
2025-06-23 14:30:00-04:00,311.8500061035156,311.8500061035156,311.1199951171875,311.44000244140625
2025-06-23 15:30:00-04:00,311.42999267578125,311.6099853515625,310.989990234375,311.0799865722656
2025-06-24 09:30:00-04:00,305.07000732421875,305.17999267578125,303.5400085449219,304.4469909667969
2025-06-24 10:30:00-04:00,304.45001220703125,305.25,303.9800109863281,305.1199951171875
2025-06-24 11:30:00-04:00,305.1499938964844,305.5799865722656,305.05010986328125,305.1099853515625
2025-06-24 12:30:00-04:00,305.1700134277344,305.95001220703125,305.1099853515625,305.92999267578125
2025-06-24 13:30:00-04:00,305.94000244140625,305.9800109863281,305.3999938964844,305.54998779296875
2025-06-24 14:30:00-04:00,305.5249938964844,305.760009765625,305.4599914550781,305.760009765625
2025-06-24 15:30:00-04:00,305.7777099609375,306.3399963378906,305.7699890136719,306.19000244140625
2025-06-25 09:30:00-04:00,305.30999755859375,306.1199951171875,305.1199951171875,306.010009765625
2025-06-25 10:30:00-04:00,306.0201110839844,306.4200134277344,305.8900146484375,306.1199951171875
2025-06-25 11:30:00-04:00,306.1099853515625,306.7200012207031,306.0799865722656,306.70001220703125
2025-06-25 12:30:00-04:00,306.70001220703125,307.260009765625,306.659912109375,306.6700134277344
2025-06-25 13:30:00-04:00,306.69000244140625,306.802490234375,306.2900085449219,306.7449951171875
2025-06-25 14:30:00-04:00,306.7300109863281,307.1650085449219,306.7099914550781,307.1300048828125
2025-06-25 15:30:00-04:00,307.1400146484375,307.3599853515625,306.9700927734375,307.1000061035156
2025-06-26 09:30:00-04:00,305.7699890136719,306.5794982910156,304.8550109863281,305.20001220703125
2025-06-26 10:30:00-04:00,305.2099914550781,306.1199951171875,305.0199890136719,305.9549865722656
2025-06-26 11:30:00-04:00,306.010009765625,306.7749938964844,305.8500061035156,306.6549987792969
2025-06-26 12:30:00-04:00,306.67999267578125,307.2101135253906,306.6400146484375,307.1199951171875
2025-06-26 13:30:00-04:00,307.1199951171875,307.2799987792969,306.7799987792969,306.93499755859375
2025-06-26 14:30:00-04:00,306.95001220703125,307.1499938964844,306.5199890136719,306.7650146484375
2025-06-26 15:30:00-04:00,306.7799987792969,306.8247985839844,306.6000061035156,306.7900085449219
2025-06-27 09:30:00-04:00,300.0299987792969,301.8900146484375,299.8900146484375,301.6499938964844
2025-06-27 10:30:00-04:00,301.6700134277344,301.95001220703125,300.6400146484375,301.4049987792969
2025-06-27 11:30:00-04:00,301.4012145996094,301.95001220703125,301.2900085449219,301.9100036621094
2025-06-27 12:30:00-04:00,301.9100036621094,301.9700012207031,301.489990234375,301.7449951171875
2025-06-27 13:30:00-04:00,301.7449951171875,302.3599853515625,301.42999267578125,301.5799865722656
2025-06-27 14:30:00-04:00,301.57000732421875,301.7950134277344,301.0199890136719,301.3299865722656
2025-06-27 15:30:00-04:00,301.3399963378906,301.385009765625,301.1199951171875,301.2300109863281
2025-06-30 09:30:00-04:00,302.385009765625,302.8999938964844,301.95001220703125,302.54998779296875
2025-06-30 10:30:00-04:00,302.5299987792969,302.9800109863281,302.3399963378906,302.625
2025-06-30 11:30:00-04:00,302.635009765625,303.28338623046875,302.5299987792969,303.1300048828125
2025-06-30 12:30:00-04:00,303.1300048828125,303.7049865722656,303.1300048828125,303.42999267578125
2025-06-30 13:30:00-04:00,303.44000244140625,303.8399963378906,303.04998779296875,303.8399963378906
2025-06-30 14:30:00-04:00,303.8399963378906,304.56500244140625,303.7149963378906,304.45001220703125
2025-06-30 15:30:00-04:00,304.45001220703125,304.9200134277344,304.4200134277344,304.79998779296875
2025-07-01 09:30:00-04:00,308.55499267578125,309.0,308.07000732421875,308.739990234375
2025-07-01 10:30:00-04:00,308.739990234375,308.82000732421875,307.5400085449219,307.70001220703125
2025-07-01 11:30:00-04:00,307.70001220703125,307.9100036621094,307.3599853515625,307.5299987792969
2025-07-01 12:30:00-04:00,307.5199890136719,307.9800109863281,307.3699951171875,307.44000244140625
2025-07-01 13:30:00-04:00,307.45001220703125,307.7300109863281,307.4100036621094,307.4649963378906
2025-07-01 14:30:00-04:00,307.4700012207031,307.67498779296875,307.364990234375,307.510009765625
2025-07-01 15:30:00-04:00,307.5400085449219,307.5899963378906,307.4100036621094,307.510009765625
2025-07-02 09:30:00-04:00,308.0350036621094,308.05999755859375,306.9599914550781,307.3599853515625
2025-07-02 10:30:00-04:00,307.3599853515625,307.8699951171875,307.2900085449219,307.7300109863281
2025-07-02 11:30:00-04:00,307.7300109863281,308.2900085449219,307.5350036621094,308.0799865722656
2025-07-02 12:30:00-04:00,308.0799865722656,308.5199890136719,307.92498779296875,308.3599853515625
2025-07-02 13:30:00-04:00,308.3599853515625,308.7300109863281,308.2200012207031,308.6700134277344
2025-07-02 14:30:00-04:00,308.66009521484375,309.1499938964844,308.6000061035156,309.0400085449219
2025-07-02 15:30:00-04:00,309.0400085449219,309.3949890136719,308.989990234375,309.239990234375
2025-07-03 09:30:00-04:00,307.04998779296875,307.55999755859375,306.17999267578125,306.55999755859375
2025-07-03 10:30:00-04:00,306.57000732421875,306.9200134277344,306.1499938964844,306.7099914550781
2025-07-03 11:30:00-04:00,306.7200012207031,306.79998779296875,306.3999938964844,306.6556091308594
2025-07-07 09:30:00-04:00,305.07000732421875,305.75,304.57000732421875,305.3299865722656
2025-07-07 10:30:00-04:00,305.32000732421875,305.94500732421875,305.32000732421875,305.7149963378906
2025-07-07 11:30:00-04:00,305.7200012207031,306.4800109863281,305.7200012207031,306.25
2025-07-07 12:30:00-04:00,306.2300109863281,307.1000061035156,306.1449890136719,306.9750061035156
2025-07-07 13:30:00-04:00,306.9800109863281,307.2799987792969,306.6199951171875,306.7699890136719
2025-07-07 14:30:00-04:00,306.7950134277344,307.5799865722656,306.7550048828125,307.5299987792969
2025-07-07 15:30:00-04:00,307.5248107910156,307.7049865722656,307.3299865722656,307.3900146484375
2025-07-08 09:30:00-04:00,306.29998779296875,306.44500732421875,304.0199890136719,304.3999938964844
2025-07-08 10:30:00-04:00,304.3900146484375,304.3900146484375,302.7699890136719,303.6300048828125
2025-07-08 11:30:00-04:00,303.6499938964844,304.0906982421875,303.4700012207031,303.9700012207031
2025-07-08 12:30:00-04:00,303.8999938964844,304.9200134277344,303.6000061035156,304.697509765625
2025-07-08 13:30:00-04:00,304.7200012207031,304.7900085449219,304.0249938964844,304.1199951171875
2025-07-08 14:30:00-04:00,304.125,304.5899963378906,304.0299987792969,304.2650146484375
2025-07-08 15:30:00-04:00,304.2650146484375,304.5,304.1499938964844,304.20098876953125
2025-07-09 09:30:00-04:00,303.5799865722656,304.7900085449219,303.2300109863281,304.6700134277344
2025-07-09 10:30:00-04:00,304.6300048828125,305.1700134277344,304.6000061035156,304.760009765625
2025-07-09 11:30:00-04:00,304.739990234375,305.0799865722656,304.54998779296875,305.0299987792969
2025-07-09 12:30:00-04:00,305.0799865722656,305.3399963378906,304.8699951171875,305.1300048828125
2025-07-09 13:30:00-04:00,305.1300048828125,305.260009765625,304.7099914550781,305.05499267578125
2025-07-09 14:30:00-04:00,305.05999755859375,305.5400085449219,304.9237976074219,305.30999755859375
2025-07-09 15:30:00-04:00,305.29998779296875,305.5199890136719,305.239990234375,305.45001220703125
2025-07-10 09:30:00-04:00,306.1099853515625,306.510009765625,304.82000732421875,305.1499938964844
2025-07-10 10:30:00-04:00,305.1400146484375,305.889892578125,305.0799865722656,305.7974853515625
2025-07-10 11:30:00-04:00,305.79998779296875,305.8399963378906,305.385009765625,305.385009765625
2025-07-10 12:30:00-04:00,305.3699951171875,305.6000061035156,305.0,305.42999267578125
2025-07-10 13:30:00-04:00,305.44000244140625,305.6449890136719,305.3974914550781,305.5541076660156
2025-07-10 14:30:00-04:00,305.55499267578125,306.2900085449219,305.4200134277344,306.1400146484375
2025-07-10 15:30:00-04:00,306.1300048828125,306.2650146484375,306.0141906738281,306.2099914550781
2025-07-11 09:30:00-04:00,308.8550109863281,309.42999267578125,308.5700988769531,309.0400085449219
2025-07-11 10:30:00-04:00,309.0400085449219,310.2799987792969,309.03009033203125,310.0400085449219
2025-07-11 11:30:00-04:00,310.0513916015625,310.07000732421875,308.8800048828125,309.07501220703125
2025-07-11 12:30:00-04:00,309.05999755859375,309.1709899902344,308.5199890136719,308.55999755859375
2025-07-11 13:30:00-04:00,308.55999755859375,309.30999755859375,308.5152893066406,309.1099853515625
2025-07-11 14:30:00-04:00,309.1199951171875,309.46038818359375,309.0799865722656,309.3800048828125
2025-07-11 15:30:00-04:00,309.3599853515625,309.4849853515625,309.1099853515625,309.1549987792969
2025-07-14 09:30:00-04:00,309.07000732421875,309.3800048828125,308.0899963378906,308.7300109863281
2025-07-14 10:30:00-04:00,308.75,308.75,307.739990234375,308.2950134277344
2025-07-14 11:30:00-04:00,308.29998779296875,308.5199890136719,307.92498779296875,308.4200134277344
2025-07-14 12:30:00-04:00,308.4200134277344,308.67999267578125,308.2300109863281,308.6199951171875
2025-07-14 13:30:00-04:00,308.6199951171875,308.7349853515625,308.375,308.4800109863281
2025-07-14 14:30:00-04:00,308.4800109863281,308.6549987792969,308.3699951171875,308.3900146484375
2025-07-14 15:30:00-04:00,308.3900146484375,308.4150085449219,307.92999267578125,308.010009765625
2025-07-15 09:30:00-04:00,307.7300109863281,308.4700927734375,307.1199951171875,308.2799987792969
2025-07-15 10:30:00-04:00,308.260009765625,308.739990234375,306.92999267578125,307.1099853515625
2025-07-15 11:30:00-04:00,307.07000732421875,307.0799865722656,305.7900085449219,306.30999755859375
2025-07-15 12:30:00-04:00,306.29998779296875,306.8399963378906,306.1700134277344,306.6499938964844
2025-07-15 13:30:00-04:00,306.6499938964844,306.760009765625,306.3399963378906,306.3900146484375
2025-07-15 14:30:00-04:00,306.4100036621094,306.9100036621094,306.3999938964844,306.43499755859375
2025-07-15 15:30:00-04:00,306.44000244140625,306.8550109863281,306.42999267578125,306.7699890136719
2025-07-16 09:30:00-04:00,307.1099853515625,307.114990234375,305.94000244140625,306.26348876953125
2025-07-16 10:30:00-04:00,306.2699890136719,310.55999755859375,305.7300109863281,309.7850036621094
2025-07-16 11:30:00-04:00,309.80999755859375,311.0899963378906,307.2699890136719,308.75
2025-07-16 12:30:00-04:00,308.760009765625,309.010009765625,308.4100036621094,308.7200012207031
2025-07-16 13:30:00-04:00,308.7200012207031,309.260009765625,308.6000061035156,308.8800048828125
2025-07-16 14:30:00-04:00,308.8900146484375,308.9700012207031,308.2200012207031,308.32000732421875
2025-07-16 15:30:00-04:00,308.3299865722656,308.3900146484375,308.1700134277344,308.260009765625
2025-07-17 09:30:00-04:00,305.5,306.6549987792969,305.1199951171875,306.635009765625
2025-07-17 10:30:00-04:00,306.6700134277344,307.3900146484375,306.6000061035156,307.2900085449219
2025-07-17 11:30:00-04:00,307.260009765625,307.4800109863281,307.1400146484375,307.4700012207031
2025-07-17 12:30:00-04:00,307.4601135253906,307.6650085449219,307.239990234375,307.55999755859375
2025-07-17 13:30:00-04:00,307.6199951171875,307.6499938964844,307.1700134277344,307.2900085449219
2025-07-17 14:30:00-04:00,307.2799987792969,307.59991455078125,307.2799987792969,307.53009033203125
2025-07-17 15:30:00-04:00,307.5491027832031,307.6499938964844,307.4175109863281,307.57000732421875
2025-07-18 09:30:00-04:00,309.239990234375,309.3699951171875,308.6400146484375,308.9100036621094
2025-07-18 10:30:00-04:00,308.8999938964844,309.17999267578125,308.75,308.875
2025-07-18 11:30:00-04:00,308.8699951171875,309.1000061035156,308.6199951171875,308.8550109863281
2025-07-18 12:30:00-04:00,308.8399963378906,309.21990966796875,308.5799865722656,308.69000244140625
2025-07-18 13:30:00-04:00,308.70001220703125,308.8299865722656,308.5400085449219,308.70001220703125
2025-07-18 14:30:00-04:00,308.69000244140625,308.79998779296875,308.5899963378906,308.6099853515625
2025-07-18 15:30:00-04:00,308.6099853515625,308.6099853515625,308.32000732421875,308.3900146484375
2025-07-21 09:30:00-04:00,311.8800048828125,312.9800109863281,311.6099853515625,312.9100036621094
2025-07-21 10:30:00-04:00,312.92999267578125,313.30999755859375,312.71148681640625,313.1499938964844
2025-07-21 11:30:00-04:00,313.1600036621094,313.2130126953125,312.79998779296875,312.885009765625
2025-07-21 12:30:00-04:00,312.8869934082031,313.04998779296875,312.3500061035156,312.440185546875
2025-07-21 13:30:00-04:00,312.4306945800781,312.7200012207031,312.3900146484375,312.6600036621094
2025-07-21 14:30:00-04:00,312.65069580078125,313.0899963378906,312.510009765625,313.0098876953125
2025-07-21 15:30:00-04:00,313.0,313.1400146484375,312.8811950683594,313.07000732421875
2025-07-22 09:30:00-04:00,314.4800109863281,315.29998779296875,313.6199951171875,315.1600036621094
2025-07-22 10:30:00-04:00,315.1499938964844,315.9700012207031,315.1400146484375,315.489990234375
2025-07-22 11:30:00-04:00,315.4800109863281,315.9599914550781,315.32000732421875,315.6499938964844
2025-07-22 12:30:00-04:00,315.6600036621094,316.239990234375,315.6000061035156,315.79998779296875
2025-07-22 13:30:00-04:00,315.79010009765625,316.0050048828125,315.6449890136719,315.8900146484375
2025-07-22 14:30:00-04:00,315.8900146484375,316.1000061035156,315.7699890136719,316.07000732421875
2025-07-22 15:30:00-04:00,316.0799865722656,316.1700134277344,316.0,316.05499267578125
2025-07-23 09:30:00-04:00,313.9700012207031,314.9599914550781,313.6600036621094,314.239990234375
2025-07-23 10:30:00-04:00,314.239990234375,314.6650085449219,314.07000732421875,314.25
2025-07-23 11:30:00-04:00,314.2799987792969,314.3599853515625,311.42999267578125,311.6199951171875
2025-07-23 12:30:00-04:00,311.6199951171875,312.2699890136719,311.4200134277344,312.07000732421875
2025-07-23 13:30:00-04:00,312.0899963378906,312.760009765625,311.80999755859375,312.5849914550781
2025-07-23 14:30:00-04:00,312.57501220703125,312.7699890136719,312.28009033203125,312.3389892578125
2025-07-23 15:30:00-04:00,312.30999755859375,312.3999938964844,312.07000732421875,312.2099914550781
2025-07-24 09:30:00-04:00,309.2900085449219,310.715087890625,309.05999755859375,310.5899963378906
2025-07-24 10:30:00-04:00,310.6000061035156,310.989990234375,310.3450012207031,310.739990234375
2025-07-24 11:30:00-04:00,310.75,310.80999755859375,310.2799987792969,310.32000732421875
2025-07-24 12:30:00-04:00,310.30999755859375,310.4700012207031,309.9599914550781,310.45001220703125
2025-07-24 13:30:00-04:00,310.42999267578125,310.4599914550781,310.0799865722656,310.260009765625
2025-07-24 14:30:00-04:00,310.260009765625,310.6099853515625,310.2550048828125,310.4949951171875
2025-07-24 15:30:00-04:00,310.5,310.5400085449219,310.2799987792969,310.30999755859375
2025-07-25 09:30:00-04:00,307.9750061035156,308.30999755859375,307.0400085449219,307.3999938964844
2025-07-25 10:30:00-04:00,307.3999938964844,307.4700012207031,306.5,306.69500732421875
2025-07-25 11:30:00-04:00,306.69000244140625,306.8800048828125,306.20001220703125,306.57501220703125
2025-07-25 12:30:00-04:00,306.5799865722656,307.1300048828125,306.32501220703125,307.05999755859375
2025-07-25 13:30:00-04:00,307.07000732421875,307.5299987792969,307.0050048828125,307.45001220703125
2025-07-25 14:30:00-04:00,307.45001220703125,307.6199951171875,307.4100036621094,307.5588073730469
2025-07-25 15:30:00-04:00,307.55999755859375,307.6000061035156,307.32501220703125,307.3999938964844
2025-07-28 09:30:00-04:00,306.44000244140625,306.5799865722656,304.04998779296875,304.9801940917969
2025-07-28 10:30:00-04:00,304.9800109863281,305.2900085449219,304.4490051269531,305.1600036621094
2025-07-28 11:30:00-04:00,305.1875,305.4949951171875,304.9700012207031,305.17999267578125
2025-07-28 12:30:00-04:00,305.17999267578125,305.2900085449219,304.7167053222656,304.8599853515625
2025-07-28 13:30:00-04:00,304.8900146484375,305.1700134277344,304.7799987792969,305.1700134277344
2025-07-28 14:30:00-04:00,305.1600036621094,305.42498779296875,305.110107421875,305.2300109863281
2025-07-28 15:30:00-04:00,305.2200012207031,305.6549987792969,305.2200012207031,305.4700012207031
2025-07-29 09:30:00-04:00,305.79998779296875,306.19000244140625,304.9849853515625,306.1665954589844
2025-07-29 10:30:00-04:00,306.1300048828125,307.0299987792969,306.010009765625,306.239990234375
2025-07-29 11:30:00-04:00,306.2699890136719,306.3599853515625,305.6499938964844,305.94000244140625
2025-07-29 12:30:00-04:00,305.9599914550781,306.4849853515625,305.80999755859375,306.3299865722656
2025-07-29 13:30:00-04:00,306.3399963378906,306.739990234375,306.2318115234375,306.65960693359375
2025-07-29 14:30:00-04:00,306.6549987792969,306.7349853515625,306.2149963378906,306.4200134277344
2025-07-29 15:30:00-04:00,306.4049987792969,306.4100036621094,305.9599914550781,306.19500732421875
2025-07-30 09:30:00-04:00,304.4200134277344,304.6499938964844,303.739990234375,304.05999755859375
2025-07-30 10:30:00-04:00,304.07000732421875,304.4750061035156,303.0199890136719,303.2200012207031
2025-07-30 11:30:00-04:00,303.2200012207031,303.67999267578125,302.8299865722656,303.4700012207031
2025-07-30 12:30:00-04:00,303.4599914550781,303.9200134277344,303.3299865722656,303.7900085449219
2025-07-30 13:30:00-04:00,303.8251037597656,304.3494873046875,303.6199951171875,303.69000244140625
2025-07-30 14:30:00-04:00,303.7099914550781,303.8299865722656,301.30999755859375,301.4100036621094
2025-07-30 15:30:00-04:00,301.4100036621094,301.6700134277344,300.9549865722656,301.0299987792969
2025-07-31 09:30:00-04:00,304.5899963378906,304.6099853515625,303.4100036621094,303.4849853515625
2025-07-31 10:30:00-04:00,303.489990234375,303.739990234375,303.010009765625,303.4100036621094
2025-07-31 11:30:00-04:00,303.3999938964844,303.6400146484375,302.8599853515625,303.1199951171875
2025-07-31 12:30:00-04:00,303.1400146484375,303.6600036621094,303.0299987792969,303.4700012207031
2025-07-31 13:30:00-04:00,303.4599914550781,303.54998779296875,303.1499938964844,303.5
2025-07-31 14:30:00-04:00,303.5,303.510009765625,302.94500732421875,303.010009765625
2025-07-31 15:30:00-04:00,303.0,303.32501220703125,302.9100036621094,302.9599914550781
2025-08-01 09:30:00-04:00,308.6099853515625,308.95001220703125,307.45001220703125,308.1199951171875
2025-08-01 10:30:00-04:00,308.114990234375,308.5899963378906,307.69000244140625,308.4599914550781
2025-08-01 11:30:00-04:00,308.4599914550781,308.625,307.6199951171875,307.6824951171875
2025-08-01 12:30:00-04:00,307.70001220703125,308.4599914550781,307.6199951171875,308.260009765625
2025-08-01 13:30:00-04:00,308.2792053222656,308.5,308.1199951171875,308.45001220703125
2025-08-01 14:30:00-04:00,308.45001220703125,308.6400146484375,308.2799987792969,308.6199951171875
2025-08-01 15:30:00-04:00,308.6099853515625,309.54998779296875,308.6000061035156,309.1700134277344
2025-08-04 09:30:00-04:00,310.79998779296875,311.739990234375,310.6099853515625,311.0199890136719
2025-08-04 10:30:00-04:00,311.0199890136719,311.239990234375,310.44000244140625,310.5400085449219
2025-08-04 11:30:00-04:00,310.5,311.07000732421875,310.3699951171875,310.67999267578125
2025-08-04 12:30:00-04:00,310.6700134277344,310.6700134277344,310.3699951171875,310.55999755859375
2025-08-04 13:30:00-04:00,310.55999755859375,310.95001220703125,310.489990234375,310.8800048828125
2025-08-04 14:30:00-04:00,310.8800048828125,310.9700012207031,310.7900085449219,310.92010498046875
2025-08-04 15:30:00-04:00,310.92999267578125,310.9849853515625,310.7200012207031,310.889892578125
2025-08-05 09:30:00-04:00,310.3699951171875,311.4700012207031,310.2200012207031,311.260009765625
2025-08-05 10:30:00-04:00,311.260009765625,312.0199890136719,311.1400146484375,311.69830322265625
2025-08-05 11:30:00-04:00,311.70001220703125,312.239990234375,311.3999938964844,311.4800109863281
2025-08-05 12:30:00-04:00,311.489990234375,311.5299987792969,310.9599914550781,311.239990234375
2025-08-05 13:30:00-04:00,311.260009765625,311.510009765625,311.1199951171875,311.23724365234375
2025-08-05 14:30:00-04:00,311.2300109863281,311.3800048828125,311.0950012207031,311.2300109863281
2025-08-05 15:30:00-04:00,311.2300109863281,311.3599853515625,311.1199951171875,311.1400146484375
2025-08-06 09:30:00-04:00,310.32000732421875,310.9100036621094,309.8399963378906,310.8699951171875
2025-08-06 10:30:00-04:00,310.8699951171875,311.239990234375,310.7300109863281,310.8999938964844
2025-08-06 11:30:00-04:00,310.92999267578125,311.1700134277344,310.32000732421875,310.739990234375
2025-08-06 12:30:00-04:00,310.7394104003906,311.0,310.3999938964844,310.54998779296875
2025-08-06 13:30:00-04:00,310.55499267578125,310.9200134277344,310.2200012207031,310.2900085449219
2025-08-06 14:30:00-04:00,310.2799987792969,310.7149963378906,310.2799987792969,310.4800109863281
2025-08-06 15:30:00-04:00,310.4700012207031,310.5899963378906,310.36090087890625,310.5
2025-08-07 09:30:00-04:00,311.7200012207031,312.489990234375,310.70001220703125,311.4049987792969
2025-08-07 10:30:00-04:00,311.3999938964844,312.1499938964844,311.2950134277344,311.739990234375
2025-08-07 11:30:00-04:00,311.7784118652344,312.3349914550781,311.6700134277344,312.07501220703125
2025-08-07 12:30:00-04:00,312.090087890625,312.125,311.54998779296875,312.0
2025-08-07 13:30:00-04:00,312.0,312.489990234375,311.92999267578125,312.0400085449219
2025-08-07 14:30:00-04:00,312.0400085449219,312.2099914550781,311.8699951171875,312.0950012207031
2025-08-07 15:30:00-04:00,312.1000061035156,313.135009765625,312.1000061035156,313.05499267578125
2025-08-08 09:30:00-04:00,312.3500061035156,313.260009765625,311.5,311.5199890136719
2025-08-08 10:30:00-04:00,311.5,312.6199951171875,311.3500061035156,312.4599914550781
2025-08-08 11:30:00-04:00,312.4599914550781,312.9750061035156,312.2300109863281,312.9100036621094
2025-08-08 12:30:00-04:00,312.9200134277344,313.1700134277344,312.6499938964844,312.9549865722656
2025-08-08 13:30:00-04:00,312.9700012207031,313.5299987792969,311.0,312.5199890136719
2025-08-08 14:30:00-04:00,312.54998779296875,313.1700134277344,312.25,312.55999755859375
2025-08-08 15:30:00-04:00,312.54998779296875,313.0799865722656,312.3500061035156,313.0
2025-08-11 09:30:00-04:00,308.6199951171875,309.6600036621094,308.45001220703125,308.6499938964844
2025-08-11 10:30:00-04:00,308.6400146484375,308.70001220703125,307.67999267578125,308.4599914550781
2025-08-11 11:30:00-04:00,308.4700012207031,308.70001220703125,308.0299987792969,308.1592102050781
2025-08-11 12:30:00-04:00,308.1700134277344,308.2099914550781,307.7300109863281,308.0299987792969
2025-08-11 13:30:00-04:00,308.04998779296875,309.30999755859375,307.6300048828125,308.9800109863281
2025-08-11 14:30:00-04:00,308.989990234375,309.1361999511719,308.6449890136719,308.739990234375
2025-08-11 15:30:00-04:00,308.7300109863281,308.8800048828125,308.489990234375,308.5950012207031
2025-08-12 09:30:00-04:00,308.2200012207031,309.1000061035156,306.7099914550781,307.1000061035156
2025-08-12 10:30:00-04:00,307.0899963378906,309.30499267578125,306.82989501953125,308.8900146484375
2025-08-12 11:30:00-04:00,308.92999267578125,309.2200012207031,308.07501220703125,308.3699951171875
2025-08-12 12:30:00-04:00,308.4049987792969,308.57989501953125,308.19000244140625,308.2799987792969
2025-08-12 13:30:00-04:00,308.2699890136719,308.5299987792969,308.1199951171875,308.3699951171875
2025-08-12 14:30:00-04:00,308.36920166015625,308.45001220703125,308.05999755859375,308.2950134277344
2025-08-12 15:30:00-04:00,308.2900085449219,308.3900146484375,308.1499938964844,308.239990234375
2025-08-13 09:30:00-04:00,309.1000061035156,310.3900146484375,309.04998779296875,309.8399963378906
2025-08-13 10:30:00-04:00,309.8323974609375,309.9599914550781,308.9800109863281,308.9849853515625
2025-08-13 11:30:00-04:00,308.9700012207031,309.42498779296875,308.8612060546875,309.3399963378906
2025-08-13 12:30:00-04:00,309.33489990234375,309.45001220703125,309.1000061035156,309.1700134277344
2025-08-13 13:30:00-04:00,309.1600036621094,309.2099914550781,308.45001220703125,308.5400085449219
2025-08-13 14:30:00-04:00,308.5400085449219,309.0899963378906,308.5400085449219,308.9800109863281
2025-08-13 15:30:00-04:00,308.9800109863281,309.2900085449219,308.8800048828125,309.1700134277344
2025-08-14 09:30:00-04:00,307.8999938964844,308.3399963378906,306.94000244140625,307.8800048828125
2025-08-14 10:30:00-04:00,307.9200134277344,308.0450134277344,307.0299987792969,307.3999938964844
2025-08-14 11:30:00-04:00,307.4200134277344,307.7099914550781,306.5199890136719,306.7650146484375
2025-08-14 12:30:00-04:00,306.70001220703125,307.30999755859375,306.5899963378906,307.1499938964844
2025-08-14 13:30:00-04:00,307.1499938964844,307.32000732421875,307.0400085449219,307.1499938964844
2025-08-14 14:30:00-04:00,307.1499938964844,307.55999755859375,307.1199951171875,307.489990234375
2025-08-14 15:30:00-04:00,307.5,307.5400085449219,307.239990234375,307.239990234375
2025-08-15 09:30:00-04:00,307.4800109863281,307.7799987792969,306.8699951171875,307.369384765625
2025-08-15 10:30:00-04:00,307.3800048828125,307.9599914550781,307.3699951171875,307.8346862792969
2025-08-15 11:30:00-04:00,307.8500061035156,308.0,307.2699890136719,307.4049987792969
2025-08-15 12:30:00-04:00,307.4198913574219,307.4798889160156,307.0950012207031,307.19000244140625
2025-08-15 13:30:00-04:00,307.2099914550781,307.3699035644531,307.0299987792969,307.2550048828125
2025-08-15 14:30:00-04:00,307.260009765625,307.32000732421875,307.0199890136719,307.2900085449219
2025-08-15 15:30:00-04:00,307.29998779296875,307.5150146484375,307.2200012207031,307.4599914550781
2025-08-18 09:30:00-04:00,307.7900085449219,307.889892578125,306.79998779296875,307.1099853515625
2025-08-18 10:30:00-04:00,307.1000061035156,307.3900146484375,306.79998779296875,307.04998779296875
2025-08-18 11:30:00-04:00,307.0386962890625,307.2200012207031,306.75,306.82000732421875
2025-08-18 12:30:00-04:00,306.8399963378906,307.0299987792969,306.75,306.82000732421875
2025-08-18 13:30:00-04:00,306.82000732421875,307.05499267578125,306.7799987792969,306.8399963378906
2025-08-18 14:30:00-04:00,306.8599853515625,306.8999938964844,306.625,306.760009765625
2025-08-18 15:30:00-04:00,306.7650146484375,307.0,306.7149963378906,306.9200134277344
2025-08-19 09:30:00-04:00,306.760009765625,307.4787902832031,306.7200012207031,307.1000061035156
2025-08-19 10:30:00-04:00,307.1099853515625,307.19000244140625,305.7449951171875,306.0899963378906
2025-08-19 11:30:00-04:00,306.07000732421875,306.25,305.54998779296875,305.5987854003906
2025-08-19 12:30:00-04:00,305.6029968261719,305.7300109863281,305.19000244140625,305.25
2025-08-19 13:30:00-04:00,305.25,305.6700134277344,305.2349853515625,305.56500244140625
2025-08-19 14:30:00-04:00,305.57000732421875,305.67999267578125,305.32000732421875,305.3546142578125
2025-08-19 15:30:00-04:00,305.3550109863281,305.3999938964844,305.2250061035156,305.2900085449219
2025-08-20 09:30:00-04:00,307.5400085449219,308.260009765625,307.510009765625,307.92999267578125
2025-08-20 10:30:00-04:00,307.95001220703125,308.4700012207031,307.44000244140625,307.6400146484375
2025-08-20 11:30:00-04:00,307.6297912597656,308.0299987792969,307.3999938964844,307.84979248046875
2025-08-20 12:30:00-04:00,307.8599853515625,308.1199951171875,307.8598937988281,308.05999755859375
2025-08-20 13:30:00-04:00,308.06500244140625,308.260009765625,307.8999938964844,307.9237976074219
2025-08-20 14:30:00-04:00,307.92120361328125,308.3900146484375,307.9200134277344,308.3276062011719
2025-08-20 15:30:00-04:00,308.32501220703125,308.3900146484375,308.2099914550781,308.3500061035156
2025-08-21 09:30:00-04:00,307.8599853515625,308.1199951171875,307.0314025878906,307.8599853515625
2025-08-21 10:30:00-04:00,307.8699951171875,308.1499938964844,307.1700134277344,307.69000244140625
2025-08-21 11:30:00-04:00,307.70001220703125,308.0,307.4200134277344,307.489990234375
2025-08-21 12:30:00-04:00,307.5126037597656,307.6099853515625,307.2149963378906,307.2699890136719
2025-08-21 13:30:00-04:00,307.2699890136719,307.42999267578125,307.0849914550781,307.25048828125
2025-08-21 14:30:00-04:00,307.2550048828125,307.5799865722656,307.2349853515625,307.55499267578125
2025-08-21 15:30:00-04:00,307.55499267578125,307.5899963378906,307.2250061035156,307.29998779296875
2025-08-22 09:30:00-04:00,306.5199890136719,310.010009765625,306.42999267578125,309.8399963378906
2025-08-22 10:30:00-04:00,309.8500061035156,310.9800109863281,309.8500061035156,310.8599853515625
2025-08-22 11:30:00-04:00,310.8599853515625,311.0249938964844,309.9849853515625,310.1000061035156
2025-08-22 12:30:00-04:00,310.1199951171875,310.6199951171875,310.1199951171875,310.6199951171875
2025-08-22 13:30:00-04:00,310.6199951171875,310.75,310.3399963378906,310.4800109863281
2025-08-22 14:30:00-04:00,310.4800109863281,310.625,310.1300048828125,310.239990234375
2025-08-22 15:30:00-04:00,310.2300109863281,310.6080017089844,310.1499938964844,310.55499267578125
2025-08-25 09:30:00-04:00,309.80999755859375,310.6600036621094,309.6700134277344,310.3500061035156
2025-08-25 10:30:00-04:00,310.3900146484375,310.8399963378906,310.3810119628906,310.6400146484375
2025-08-25 11:30:00-04:00,310.6499938964844,310.69000244140625,310.42999267578125,310.5649108886719
2025-08-25 12:30:00-04:00,310.5451965332031,310.7349853515625,310.4100036621094,310.5249938964844
2025-08-25 13:30:00-04:00,310.5299072265625,310.57000732421875,310.30999755859375,310.5150146484375
2025-08-25 14:30:00-04:00,310.489990234375,310.5299987792969,310.0899963378906,310.125
2025-08-25 15:30:00-04:00,310.1300048828125,310.20001220703125,309.81500244140625,309.83160400390625
2025-08-26 09:30:00-04:00,310.6199951171875,311.0299987792969,310.30499267578125,310.6600036621094
2025-08-26 10:30:00-04:00,310.6700134277344,311.5400085449219,310.6449890136719,311.3699951171875
2025-08-26 11:30:00-04:00,311.3699951171875,312.04998779296875,311.3500061035156,311.6195068359375
2025-08-26 12:30:00-04:00,311.6099853515625,311.739990234375,311.42999267578125,311.5400085449219
2025-08-26 13:30:00-04:00,311.54998779296875,311.5799865722656,311.2300109863281,311.4599914550781
2025-08-26 14:30:00-04:00,311.4649963378906,312.0400085449219,311.4649963378906,311.9700012207031
2025-08-26 15:30:00-04:00,311.9800109863281,312.2099914550781,311.9100036621094,312.07000732421875
2025-08-27 09:30:00-04:00,311.3900146484375,311.5050048828125,310.7699890136719,311.4800109863281
2025-08-27 10:30:00-04:00,311.4551086425781,312.1499938964844,311.27099609375,311.9100036621094
2025-08-27 11:30:00-04:00,311.9200134277344,312.2196960449219,311.7650146484375,312.2196960449219
2025-08-27 12:30:00-04:00,312.2080993652344,312.9100036621094,312.1199951171875,312.7300109863281
2025-08-27 13:30:00-04:00,312.739990234375,312.7655029296875,312.3299865722656,312.6099853515625
2025-08-27 14:30:00-04:00,312.6099853515625,312.7049865722656,312.45001220703125,312.625
2025-08-27 15:30:00-04:00,312.6300048828125,312.7149963378906,312.4800109863281,312.7099914550781
2025-08-28 09:30:00-04:00,313.32000732421875,314.04998779296875,313.07000732421875,313.9410095214844
2025-08-28 10:30:00-04:00,313.9100036621094,314.1499938964844,313.4200134277344,313.5
2025-08-28 11:30:00-04:00,313.4992980957031,314.3599853515625,313.3399963378906,314.3399963378906
2025-08-28 12:30:00-04:00,314.3500061035156,314.55999755859375,314.239990234375,314.30999755859375
2025-08-28 13:30:00-04:00,314.32000732421875,314.6499938964844,314.30999755859375,314.6000061035156
2025-08-28 14:30:00-04:00,314.59991455078125,314.82000732421875,314.5299987792969,314.7300109863281
2025-08-28 15:30:00-04:00,314.7300109863281,315.0799865722656,314.5899963378906,314.9599914550781
2025-08-29 09:30:00-04:00,314.7510070800781,316.489990234375,314.7101135253906,316.36700439453125
2025-08-29 10:30:00-04:00,316.3800048828125,317.3399963378906,316.1499938964844,317.19000244140625
2025-08-29 11:30:00-04:00,317.20001220703125,317.5199890136719,316.939208984375,317.239990234375
2025-08-29 12:30:00-04:00,317.25,317.67999267578125,317.2300109863281,317.4700012207031
2025-08-29 13:30:00-04:00,317.4800109863281,317.5,316.7900085449219,317.19000244140625
2025-08-29 14:30:00-04:00,317.19000244140625,317.2699890136719,316.9100036621094,317.1300048828125
2025-08-29 15:30:00-04:00,317.1400146484375,318.0899963378906,317.1000061035156,318.04998779296875
2025-09-02 09:30:00-04:00,320.82000732421875,322.7027893066406,320.239990234375,322.45001220703125
2025-09-02 10:30:00-04:00,322.4700012207031,323.7699890136719,321.82000732421875,323.4150085449219
2025-09-02 11:30:00-04:00,323.42999267578125,324.6600036621094,323.29998779296875,324.510009765625
2025-09-02 12:30:00-04:00,324.5199890136719,324.8800048828125,324.2049865722656,324.80999755859375
2025-09-02 13:30:00-04:00,324.80499267578125,325.05999755859375,324.489990234375,324.9945983886719
2025-09-02 14:30:00-04:00,324.989990234375,325.75,324.55999755859375,325.6099853515625
2025-09-02 15:30:00-04:00,325.6072082519531,325.9200134277344,325.2699890136719,325.6300048828125
2025-09-03 09:30:00-04:00,327.760009765625,328.2900085449219,326.7301025390625,328.05999755859375
2025-09-03 10:30:00-04:00,328.07501220703125,328.2149963378906,327.2112121582031,328.16070556640625
2025-09-03 11:30:00-04:00,328.1719970703125,328.4700012207031,327.8399963378906,328.45001220703125
2025-09-03 12:30:00-04:00,328.45001220703125,328.92999267578125,328.3800048828125,328.8299865722656
2025-09-03 13:30:00-04:00,328.82000732421875,329.45001220703125,328.82000732421875,329.1007995605469
2025-09-03 14:30:00-04:00,329.1000061035156,329.1000061035156,327.8699951171875,328.1000061035156
2025-09-03 15:30:00-04:00,328.0899963378906,328.2799987792969,327.8399963378906,328.0799865722656
2025-09-04 09:30:00-04:00,327.0299987792969,327.55999755859375,325.3599853515625,325.92999267578125
2025-09-04 10:30:00-04:00,325.9176025390625,326.6300048828125,325.7900085449219,326.1600036621094
2025-09-04 11:30:00-04:00,326.1690979003906,327.32000732421875,326.1690979003906,327.010009765625
2025-09-04 12:30:00-04:00,327.0199890136719,327.2250061035156,326.489990234375,326.67999267578125
2025-09-04 13:30:00-04:00,326.64068603515625,326.68499755859375,326.0249938964844,326.32000732421875
2025-09-04 14:30:00-04:00,326.32989501953125,326.760009765625,326.25,326.6650085449219
2025-09-04 15:30:00-04:00,326.6700134277344,326.8399963378906,326.6099853515625,326.7049865722656
2025-09-05 09:30:00-04:00,329.5299987792969,331.239990234375,329.0799865722656,329.42999267578125
2025-09-05 10:30:00-04:00,329.45001220703125,330.70001220703125,328.92999267578125,330.3999938964844
2025-09-05 11:30:00-04:00,330.4100036621094,331.4100036621094,330.3699951171875,331.3699951171875
2025-09-05 12:30:00-04:00,331.3800048828125,331.44000244140625,330.5299987792969,331.05999755859375
2025-09-05 13:30:00-04:00,331.04998779296875,331.18499755859375,330.70001220703125,330.9150085449219
2025-09-05 14:30:00-04:00,330.8999938964844,331.0899963378906,330.7300109863281,330.8100891113281
2025-09-05 15:30:00-04:00,330.80999755859375,331.0799865722656,330.7300109863281,330.9100036621094
2025-09-08 09:30:00-04:00,333.6600036621094,334.8500061035156,333.2300109863281,334.1700134277344
2025-09-08 10:30:00-04:00,334.1600036621094,335.6700134277344,334.05999755859375,334.7449951171875
2025-09-08 11:30:00-04:00,334.760009765625,335.25,334.4381103515625,335.17999267578125
2025-09-08 12:30:00-04:00,335.1918029785156,335.2200012207031,334.4800109863281,334.7300109863281
2025-09-08 13:30:00-04:00,334.7300109863281,334.7900085449219,334.260009765625,334.46990966796875
2025-09-08 14:30:00-04:00,334.4700012207031,334.760009765625,334.3699951171875,334.44000244140625
2025-09-08 15:30:00-04:00,334.44000244140625,334.8699951171875,334.3699951171875,334.7699890136719
2025-09-09 09:30:00-04:00,336.9728088378906,338.30999755859375,335.2250061035156,336.2550048828125
2025-09-09 10:30:00-04:00,336.2524108886719,336.3999938964844,333.8500061035156,335.1099853515625
2025-09-09 11:30:00-04:00,335.1300048828125,335.95001220703125,334.7250061035156,335.6300048828125
2025-09-09 12:30:00-04:00,335.635009765625,335.79998779296875,335.3399963378906,335.385009765625
2025-09-09 13:30:00-04:00,335.4100036621094,335.5400085449219,335.1700134277344,335.42999267578125
2025-09-09 14:30:00-04:00,335.435791015625,335.54998779296875,334.57000732421875,334.6300048828125
2025-09-09 15:30:00-04:00,334.635009765625,334.7049865722656,333.9700012207031,334.0299987792969
2025-09-10 09:30:00-04:00,335.7300109863281,336.489990234375,335.67999267578125,336.2200012207031
2025-09-10 10:30:00-04:00,336.2099914550781,336.5,334.92999267578125,335.45001220703125
2025-09-10 11:30:00-04:00,335.4700012207031,335.8599853515625,335.1099853515625,335.1600036621094
2025-09-10 12:30:00-04:00,335.1600036621094,335.4389953613281,335.0450134277344,335.29998779296875
2025-09-10 13:30:00-04:00,335.2900085449219,335.95001220703125,335.2799987792969,335.8599853515625
2025-09-10 14:30:00-04:00,335.8699951171875,335.8699951171875,334.9700012207031,335.0172119140625
2025-09-10 15:30:00-04:00,334.956787109375,335.29998779296875,334.6199951171875,335.25
2025-09-11 09:30:00-04:00,333.3699951171875,334.7650146484375,332.9700012207031,334.5150146484375
2025-09-11 10:30:00-04:00,334.5130920410156,334.8800048828125,333.760009765625,334.6747131347656
2025-09-11 11:30:00-04:00,334.6600036621094,335.1618957519531,334.1650085449219,334.70989990234375
2025-09-11 12:30:00-04:00,334.7349853515625,334.8900146484375,334.2200012207031,334.489990234375
2025-09-11 13:30:00-04:00,334.510009765625,334.7087097167969,334.2149963378906,334.2300109863281
2025-09-11 14:30:00-04:00,334.239990234375,334.69989013671875,334.0899963378906,334.489990234375
2025-09-11 15:30:00-04:00,334.4800109863281,334.75,334.4649963378906,334.70001220703125
2025-09-12 09:30:00-04:00,335.8800048828125,336.3900146484375,335.67999267578125,336.239990234375
2025-09-12 10:30:00-04:00,336.260009765625,336.32501220703125,335.2300109863281,335.4800109863281
2025-09-12 11:30:00-04:00,335.4649963378906,335.75,335.32000732421875,335.6900939941406
2025-09-12 12:30:00-04:00,335.69000244140625,336.0400085449219,335.6000061035156,335.760009765625
2025-09-12 13:30:00-04:00,335.7699890136719,335.9836120605469,335.7049865722656,335.7900085449219
2025-09-12 14:30:00-04:00,335.7799987792969,335.92999267578125,335.6000061035156,335.6050109863281
2025-09-12 15:30:00-04:00,335.6099853515625,335.6799011230469,335.3599853515625,335.4200134277344
2025-09-15 09:30:00-04:00,336.30999755859375,337.30999755859375,336.2300109863281,336.69000244140625
2025-09-15 10:30:00-04:00,336.69000244140625,337.61370849609375,336.6050109863281,337.5801086425781
2025-09-15 11:30:00-04:00,337.5880126953125,339.1700134277344,337.4700012207031,339.1400146484375
2025-09-15 12:30:00-04:00,339.1400146484375,339.2799987792969,338.260009765625,338.75
2025-09-15 13:30:00-04:00,338.75,338.98028564453125,338.510009765625,338.7507019042969
2025-09-15 14:30:00-04:00,338.760009765625,338.8299865722656,338.3550109863281,338.67999267578125
2025-09-15 15:30:00-04:00,338.67999267578125,339.010009765625,338.6600036621094,338.8500061035156
2025-09-16 09:30:00-04:00,340.0899963378906,340.8800048828125,339.8299865722656,339.9100036621094
2025-09-16 10:30:00-04:00,339.92999267578125,340.20001220703125,338.7200012207031,338.9200134277344
2025-09-16 11:30:00-04:00,338.92999267578125,339.6499938964844,338.6199951171875,339.57000732421875
2025-09-16 12:30:00-04:00,339.57000732421875,339.7699890136719,339.29998779296875,339.5199890136719
2025-09-16 13:30:00-04:00,339.5249938964844,339.6099853515625,339.3299865722656,339.57000732421875
2025-09-16 14:30:00-04:00,339.55999755859375,339.7550048828125,339.5144958496094,339.54998779296875
2025-09-16 15:30:00-04:00,339.54998779296875,339.7099914550781,339.44500732421875,339.60931396484375
2025-09-17 09:30:00-04:00,338.5299987792969,339.20001220703125,338.375,339.0000915527344
2025-09-17 10:30:00-04:00,339.010009765625,339.3949890136719,338.94500732421875,339.2200012207031
2025-09-17 11:30:00-04:00,339.2200012207031,339.51959228515625,338.989990234375,339.4599914550781
2025-09-17 12:30:00-04:00,339.4580078125,339.4744873046875,338.6099853515625,338.9849853515625
2025-09-17 13:30:00-04:00,339.0,341.239990234375,335.9200134277344,338.92999267578125
2025-09-17 14:30:00-04:00,338.95001220703125,339.1400146484375,335.5199890136719,337.239990234375
2025-09-17 15:30:00-04:00,337.2200012207031,337.3900146484375,336.5,337.0899963378906
2025-09-18 09:30:00-04:00,336.2200012207031,336.32000732421875,333.80999755859375,334.5350036621094
2025-09-18 10:30:00-04:00,334.5400085449219,335.5299987792969,334.510009765625,334.8949890136719
2025-09-18 11:30:00-04:00,334.8999938964844,335.4800109863281,334.8399963378906,335.3349914550781
2025-09-18 12:30:00-04:00,335.3399963378906,335.6099853515625,335.260009765625,335.3900146484375
2025-09-18 13:30:00-04:00,335.3999938964844,335.4649963378906,334.9800109863281,335.17999267578125
2025-09-18 14:30:00-04:00,335.17999267578125,335.30999755859375,335.0050048828125,335.17999267578125
2025-09-18 15:30:00-04:00,335.1700134277344,335.635009765625,335.1700134277344,335.5899963378906
2025-09-19 09:30:00-04:00,336.510009765625,337.2950134277344,336.3118896484375,337.25
2025-09-19 10:30:00-04:00,337.2699890136719,338.3450012207031,337.0946044921875,337.92999267578125
2025-09-19 11:30:00-04:00,337.92999267578125,338.1000061035156,337.489990234375,337.6300048828125
2025-09-19 12:30:00-04:00,337.6300048828125,338.0107116699219,337.57000732421875,337.9800109863281
2025-09-19 13:30:00-04:00,337.9800109863281,338.9757385253906,337.9549865722656,338.92999267578125
2025-09-19 14:30:00-04:00,338.92999267578125,339.1449890136719,338.7900085449219,339.07000732421875
2025-09-19 15:30:00-04:00,339.07000732421875,339.2300109863281,338.8500061035156,339.1600036621094
2025-09-22 09:30:00-04:00,342.75,342.8900146484375,341.8399963378906,342.5299987792969
2025-09-22 10:30:00-04:00,342.57501220703125,343.489990234375,342.1199951171875,343.45001220703125
2025-09-22 11:30:00-04:00,343.45001220703125,344.1499938964844,343.375,343.9652099609375
2025-09-22 12:30:00-04:00,343.9693908691406,344.4049987792969,343.8800048828125,344.2699890136719
2025-09-22 13:30:00-04:00,344.2900085449219,344.93499755859375,344.2699890136719,344.79998779296875
2025-09-22 14:30:00-04:00,344.79998779296875,345.07000732421875,344.54998779296875,344.5981140136719
2025-09-22 15:30:00-04:00,344.5899963378906,345.05499267578125,344.4700012207031,344.92999267578125
2025-09-23 09:30:00-04:00,348.2300109863281,348.75,346.760009765625,347.1099853515625
2025-09-23 10:30:00-04:00,347.1199951171875,347.9800109863281,347.1000061035156,347.95001220703125
2025-09-23 11:30:00-04:00,347.9599914550781,348.1099853515625,347.3299865722656,347.4800109863281
2025-09-23 12:30:00-04:00,347.4700012207031,348.4599914550781,346.5299987792969,348.125
2025-09-23 13:30:00-04:00,348.1400146484375,348.17999267578125,347.5199890136719,347.82000732421875
2025-09-23 14:30:00-04:00,347.79998779296875,348.0400085449219,345.32000732421875,345.9175109863281
2025-09-23 15:30:00-04:00,345.9100036621094,346.8216857910156,345.9100036621094,346.4700012207031
2025-09-24 09:30:00-04:00,346.70001220703125,346.82989501953125,345.45001220703125,345.94000244140625
2025-09-24 10:30:00-04:00,345.92999267578125,346.05499267578125,345.1000061035156,345.239990234375
2025-09-24 11:30:00-04:00,345.2300109863281,345.27978515625,343.9700012207031,344.4100036621094
2025-09-24 12:30:00-04:00,344.42999267578125,344.4800109863281,343.510009765625,343.7200012207031
2025-09-24 13:30:00-04:00,343.7099914550781,343.7900085449219,342.9649963378906,343.20001220703125
2025-09-24 14:30:00-04:00,343.2099914550781,343.3999938964844,342.1400146484375,342.2099914550781
2025-09-24 15:30:00-04:00,342.2099914550781,343.4700012207031,342.2099914550781,343.29998779296875
2025-09-25 09:30:00-04:00,344.3900146484375,344.44000244140625,342.4700012207031,343.5398864746094
2025-09-25 10:30:00-04:00,343.5299987792969,344.0299987792969,342.6000061035156,343.2300109863281
2025-09-25 11:30:00-04:00,343.2200012207031,344.3900146484375,343.0950012207031,343.8999938964844
2025-09-25 12:30:00-04:00,343.8999938964844,344.44000244140625,343.42999267578125,344.1300048828125
2025-09-25 13:30:00-04:00,344.1300048828125,345.1099853515625,343.82000732421875,345.05999755859375
2025-09-25 14:30:00-04:00,345.0740051269531,345.8299865722656,344.9549865722656,345.1888122558594
2025-09-25 15:30:00-04:00,345.20001220703125,345.260009765625,344.54998779296875,344.739990234375
2025-09-26 09:30:00-04:00,345.8299865722656,348.25,345.3139953613281,347.69940185546875
2025-09-26 10:30:00-04:00,347.67999267578125,348.05499267578125,347.260009765625,347.8500061035156
2025-09-26 11:30:00-04:00,347.8518981933594,348.010009765625,347.1199951171875,347.3299865722656
2025-09-26 12:30:00-04:00,347.3500061035156,347.9281005859375,347.29998779296875,347.79998779296875
2025-09-26 13:30:00-04:00,347.80999755859375,348.2001037597656,347.44000244140625,347.739990234375
2025-09-26 14:30:00-04:00,347.75,348.0,347.19000244140625,347.239990234375
2025-09-26 15:30:00-04:00,347.25,347.30999755859375,346.4700012207031,346.7300109863281
2025-09-29 09:30:00-04:00,351.7900085449219,352.57000732421875,351.2799987792969,352.2099914550781
2025-09-29 10:30:00-04:00,352.2149963378906,352.7699890136719,351.7900085449219,352.45001220703125
2025-09-29 11:30:00-04:00,352.4800109863281,352.83050537109375,351.6700134277344,352.6099853515625
2025-09-29 12:30:00-04:00,352.6050109863281,352.77191162109375,351.95001220703125,352.1499938964844
2025-09-29 13:30:00-04:00,352.1600036621094,352.5899963378906,351.8900146484375,352.489990234375
2025-09-29 14:30:00-04:00,352.489990234375,352.5199890136719,351.79998779296875,352.125
2025-09-29 15:30:00-04:00,352.1199951171875,352.510009765625,352.0799865722656,352.4150085449219
2025-09-30 09:30:00-04:00,351.1300048828125,354.5899963378906,350.864990234375,353.8099060058594
2025-09-30 10:30:00-04:00,353.8299865722656,354.7799987792969,352.650390625,353.018798828125
2025-09-30 11:30:00-04:00,352.989990234375,353.9100036621094,352.9649963378906,353.81988525390625
2025-09-30 12:30:00-04:00,353.8550109863281,354.2799987792969,353.739990234375,353.989990234375
2025-09-30 13:30:00-04:00,354.010009765625,354.3399963378906,353.44000244140625,354.05999755859375
2025-09-30 14:30:00-04:00,354.04998779296875,354.8800048828125,353.8699951171875,354.7200012207031
2025-09-30 15:30:00-04:00,354.7200012207031,355.57000732421875,354.7200012207031,355.42999267578125
2025-10-01 09:30:00-04:00,356.1700134277344,356.8900146484375,355.94000244140625,356.6700134277344
2025-10-01 10:30:00-04:00,356.67999267578125,356.9721984863281,354.9100036621094,355.19000244140625
2025-10-01 11:30:00-04:00,355.19000244140625,356.25,355.04998779296875,356.25
2025-10-01 12:30:00-04:00,356.2300109863281,356.3699035644531,356.05059814453125,356.2699890136719
2025-10-01 13:30:00-04:00,356.2799987792969,356.29998779296875,354.7900085449219,355.5199890136719
2025-10-01 14:30:00-04:00,355.5343017578125,355.8599853515625,355.05999755859375,355.68499755859375
2025-10-01 15:30:00-04:00,355.68499755859375,356.2699890136719,355.639892578125,355.9800109863281
2025-10-02 09:30:00-04:00,358.260009765625,358.6700134277344,354.9200134277344,355.5
2025-10-02 10:30:00-04:00,355.5,355.70001220703125,351.92010498046875,352.9306945800781
2025-10-02 11:30:00-04:00,352.92999267578125,353.739990234375,351.3999938964844,353.1241149902344
2025-10-02 12:30:00-04:00,353.07000732421875,354.0199890136719,352.8699951171875,353.7099914550781
2025-10-02 13:30:00-04:00,353.7099914550781,354.0400085449219,353.3500061035156,353.9801025390625
2025-10-02 14:30:00-04:00,353.9800109863281,355.07000732421875,353.8999938964844,354.8900146484375
2025-10-02 15:30:00-04:00,354.885009765625,354.989990234375,354.5199890136719,354.7650146484375
2025-10-03 09:30:00-04:00,357.1199951171875,358.0359802246094,355.79998779296875,357.0
2025-10-03 10:30:00-04:00,356.989990234375,357.92999267578125,356.4100036621094,357.80999755859375
2025-10-03 11:30:00-04:00,357.79998779296875,358.1400146484375,357.1050109863281,357.32501220703125
2025-10-03 12:30:00-04:00,357.30999755859375,357.62969970703125,357.1099853515625,357.44000244140625
2025-10-03 13:30:00-04:00,357.45001220703125,357.6099853515625,356.79998779296875,357.4776916503906
2025-10-03 14:30:00-04:00,357.4800109863281,357.94000244140625,357.3599853515625,357.67999267578125
2025-10-03 15:30:00-04:00,357.69000244140625,357.95001220703125,357.489990234375,357.6300048828125
2025-10-06 09:30:00-04:00,362.1600036621094,363.510009765625,361.3699951171875,363.3299865722656
2025-10-06 10:30:00-04:00,363.30999755859375,364.3399963378906,363.2099914550781,363.4898986816406
2025-10-06 11:30:00-04:00,363.4599914550781,365.29998779296875,363.1199951171875,363.718994140625
2025-10-06 12:30:00-04:00,363.739990234375,364.3301086425781,363.5799865722656,363.6600036621094
2025-10-06 13:30:00-04:00,363.6700134277344,364.4100036621094,363.6099853515625,364.2349853515625
2025-10-06 14:30:00-04:00,364.239990234375,364.8399963378906,364.04998779296875,364.7799987792969
2025-10-06 15:30:00-04:00,364.7900085449219,364.8599853515625,364.2799987792969,364.3699951171875
2025-10-07 09:30:00-04:00,366.50799560546875,366.5799865722656,365.19000244140625,366.07000732421875
2025-10-07 10:30:00-04:00,366.0799865722656,367.2699890136719,366.0199890136719,366.70001220703125
2025-10-07 11:30:00-04:00,366.7099914550781,366.7699890136719,364.54998779296875,365.2699890136719
2025-10-07 12:30:00-04:00,365.2749938964844,366.7449951171875,365.17999267578125,366.30999755859375
2025-10-07 13:30:00-04:00,366.3299865722656,366.9599914550781,365.7099914550781,366.2699890136719
2025-10-07 14:30:00-04:00,366.2699890136719,366.6000061035156,366.1199951171875,366.2900085449219
2025-10-07 15:30:00-04:00,366.2900085449219,366.50689697265625,366.17999267578125,366.2900085449219
2025-10-08 09:30:00-04:00,371.6499938964844,372.3500061035156,370.5,372.20001220703125
2025-10-08 10:30:00-04:00,372.2149963378906,372.7900085449219,371.5000915527344,372.19000244140625
2025-10-08 11:30:00-04:00,372.2300109863281,373.32000732421875,372.010009765625,373.2300109863281
2025-10-08 12:30:00-04:00,373.2200012207031,373.57000732421875,372.55999755859375,372.639892578125
2025-10-08 13:30:00-04:00,372.6499938964844,373.07000732421875,371.6600036621094,372.57000732421875
2025-10-08 14:30:00-04:00,372.5799865722656,373.1600036621094,371.0400085449219,372.2099914550781
2025-10-08 15:30:00-04:00,372.19000244140625,372.3900146484375,371.2200012207031,372.29998779296875
2025-10-09 09:30:00-04:00,373.135009765625,373.2200012207031,368.5299987792969,368.54998779296875
2025-10-09 10:30:00-04:00,368.54998779296875,370.6099853515625,368.2900085449219,369.4100036621094
2025-10-09 11:30:00-04:00,369.3900146484375,369.95001220703125,368.54998779296875,369.1000061035156
2025-10-09 12:30:00-04:00,369.0899963378906,369.1000061035156,362.8599853515625,364.1700134277344
2025-10-09 13:30:00-04:00,364.1700134277344,365.1000061035156,362.8299865722656,364.5799865722656
2025-10-09 14:30:00-04:00,364.55999755859375,365.95001220703125,363.80999755859375,365.92999267578125
2025-10-09 15:30:00-04:00,365.95001220703125,366.30999755859375,365.30010986328125,365.45001220703125
2025-10-10 09:30:00-04:00,367.5400085449219,367.989990234375,365.44000244140625,366.55999755859375
2025-10-10 10:30:00-04:00,366.55999755859375,370.0,366.29998779296875,369.67999267578125
2025-10-10 11:30:00-04:00,369.67498779296875,370.30999755859375,366.0299987792969,367.0299987792969
2025-10-10 12:30:00-04:00,367.0,367.70001220703125,365.8299865722656,366.70001220703125
2025-10-10 13:30:00-04:00,366.7099914550781,368.989990234375,366.1300048828125,368.5299987792969
2025-10-10 14:30:00-04:00,368.510009765625,368.9800109863281,367.510009765625,368.67999267578125
2025-10-10 15:30:00-04:00,368.7200012207031,370.17999267578125,368.1358947753906,369.1300048828125
2025-10-13 09:30:00-04:00,376.5,377.0299987792969,375.5797119140625,376.82000732421875
2025-10-13 10:30:00-04:00,376.85931396484375,377.6400146484375,376.54998779296875,376.69000244140625
2025-10-13 11:30:00-04:00,376.6700134277344,378.8599853515625,376.6300048828125,378.20001220703125
2025-10-13 12:30:00-04:00,378.17999267578125,378.7200012207031,377.4599914550781,378.489990234375
2025-10-13 13:30:00-04:00,378.489990234375,378.54998779296875,377.2200012207031,377.75
2025-10-13 14:30:00-04:00,377.7300109863281,377.9599914550781,376.43499755859375,377.71990966796875
2025-10-13 15:30:00-04:00,377.7099914550781,378.30999755859375,377.4800109863281,378.1199951171875
2025-10-14 09:30:00-04:00,378.2099914550781,380.739990234375,377.8999938964844,380.3800048828125
2025-10-14 10:30:00-04:00,380.3399963378906,381.1000061035156,379.7099914550781,380.8019104003906
2025-10-14 11:30:00-04:00,380.7900085449219,381.25,379.8399963378906,380.3511962890625
2025-10-14 12:30:00-04:00,380.4100036621094,382.3800048828125,379.95001220703125,381.6300048828125
2025-10-14 13:30:00-04:00,381.6300048828125,382.1600036621094,381.2300109863281,381.4800109863281
2025-10-14 14:30:00-04:00,381.5,381.9800109863281,381.4599914550781,381.8800048828125
2025-10-14 15:30:00-04:00,381.9197998046875,381.92999267578125,380.47039794921875,381.1000061035156
2025-10-15 09:30:00-04:00,385.92999267578125,387.6199035644531,384.9200134277344,387.033203125
2025-10-15 10:30:00-04:00,387.0299987792969,387.1499938964844,385.673095703125,386.6099853515625
2025-10-15 11:30:00-04:00,386.5899963378906,386.6400146484375,384.5899963378906,386.2149963378906
2025-10-15 12:30:00-04:00,386.17999267578125,386.489990234375,384.8399963378906,385.44000244140625
2025-10-15 13:30:00-04:00,385.45001220703125,386.9363098144531,385.20001220703125,386.2950134277344
2025-10-15 14:30:00-04:00,386.31988525390625,387.55999755859375,386.1099853515625,387.4599914550781
2025-10-15 15:30:00-04:00,387.45001220703125,387.7550048828125,386.989990234375,387.4800109863281
2025-10-16 09:30:00-04:00,391.1499938964844,392.4599914550781,390.3999938964844,392.239990234375
2025-10-16 10:30:00-04:00,392.20001220703125,393.20001220703125,391.3999938964844,393.0400085449219
2025-10-16 11:30:00-04:00,393.04998779296875,394.8900146484375,392.57000732421875,394.6400146484375
2025-10-16 12:30:00-04:00,394.6600036621094,395.260009765625,392.04998779296875,394.6400146484375
2025-10-16 13:30:00-04:00,394.6400146484375,395.5400085449219,393.1300048828125,394.2900085449219
2025-10-16 14:30:00-04:00,394.2699890136719,395.3599853515625,394.05999755859375,395.1400146484375
2025-10-16 15:30:00-04:00,395.1400146484375,396.8699951171875,394.7900085449219,396.3699951171875
2025-10-17 09:30:00-04:00,397.1400146484375,397.2799987792969,387.95001220703125,390.25
2025-10-17 10:30:00-04:00,390.2699890136719,392.55999755859375,389.25,390.8900146484375
2025-10-17 11:30:00-04:00,390.8900146484375,391.9200134277344,387.70001220703125,387.82000732421875
2025-10-17 12:30:00-04:00,387.7799987792969,388.42999267578125,385.2200012207031,386.6300048828125
2025-10-17 13:30:00-04:00,386.6000061035156,390.6000061035156,386.1600036621094,390.5751037597656
2025-10-17 14:30:00-04:00,390.57501220703125,390.5950012207031,387.55999755859375,387.9200134277344
2025-10-17 15:30:00-04:00,387.95001220703125,389.2799987792969,387.95001220703125,388.7799987792969
2025-10-20 09:30:00-04:00,397.45001220703125,398.92999267578125,394.20001220703125,398.11199951171875
2025-10-20 10:30:00-04:00,398.1199951171875,400.82000732421875,397.2300109863281,399.8599853515625
2025-10-20 11:30:00-04:00,399.8999938964844,400.42999267578125,399.6199951171875,399.8450927734375
2025-10-20 12:30:00-04:00,399.8299865722656,400.4200134277344,399.3900146484375,399.5400085449219
2025-10-20 13:30:00-04:00,399.5400085449219,401.05999755859375,399.1000061035156,401.0299987792969
2025-10-20 14:30:00-04:00,401.0150146484375,401.8900146484375,400.75,401.8500061035156
2025-10-20 15:30:00-04:00,401.8699951171875,403.29998779296875,401.6400146484375,403.0
2025-10-21 09:30:00-04:00,386.5400085449219,388.8900146484375,380.0799865722656,380.6199951171875
2025-10-21 10:30:00-04:00,380.69000244140625,381.9200134277344,375.6499938964844,379.5893859863281
2025-10-21 11:30:00-04:00,379.57000732421875,381.6300048828125,378.6600036621094,378.8699951171875
2025-10-21 12:30:00-04:00,378.92999267578125,379.7099914550781,376.70001220703125,377.04998779296875
2025-10-21 13:30:00-04:00,377.0899963378906,379.489990234375,376.8299865722656,378.760009765625
2025-10-21 14:30:00-04:00,378.760009765625,379.6199951171875,377.2799987792969,377.6600036621094
2025-10-21 15:30:00-04:00,377.6499938964844,378.3500061035156,377.19000244140625,377.8800048828125
2025-10-22 09:30:00-04:00,372.75,375.8900146484375,372.30999755859375,373.1000061035156
2025-10-22 10:30:00-04:00,373.17999267578125,373.3999938964844,368.92999267578125,370.6885986328125
2025-10-22 11:30:00-04:00,370.75,372.32000732421875,370.1199951171875,372.0517883300781
2025-10-22 12:30:00-04:00,372.0799865722656,373.94000244140625,371.4501037597656,372.6000061035156
2025-10-22 13:30:00-04:00,372.6600036621094,375.3500061035156,372.2099914550781,374.8399963378906
2025-10-22 14:30:00-04:00,374.8699951171875,377.7200012207031,374.8599853515625,377.7012939453125
2025-10-22 15:30:00-04:00,377.7398986816406,378.4700012207031,377.1000061035156,377.3399963378906
2025-10-23 09:30:00-04:00,381.4599914550781,382.25,380.07000732421875,381.5350036621094
2025-10-23 10:30:00-04:00,381.4700012207031,381.9634094238281,380.6000061035156,381.2900085449219
2025-10-23 11:30:00-04:00,381.3577880859375,381.6499938964844,380.1499938964844,380.8599853515625
2025-10-23 12:30:00-04:00,380.82501220703125,381.1899108886719,379.4601135253906,379.8900146484375
2025-10-23 13:30:00-04:00,379.95001220703125,381.19000244140625,379.6422119140625,381.1199951171875
2025-10-23 14:30:00-04:00,381.1050109863281,381.1199951171875,379.5400085449219,379.7900085449219
2025-10-23 15:30:00-04:00,379.8041076660156,379.8041076660156,378.6499938964844,378.79998779296875
2025-10-24 09:30:00-04:00,378.510009765625,380.4800109863281,376.80999755859375,379.3999938964844
2025-10-24 10:30:00-04:00,379.42999267578125,380.1492004394531,378.32000732421875,379.55999755859375
2025-10-24 11:30:00-04:00,379.57000732421875,380.7699890136719,379.1099853515625,380.5320129394531
2025-10-24 12:30:00-04:00,380.5199890136719,380.6199951171875,379.0899963378906,379.1449890136719
2025-10-24 13:30:00-04:00,379.25,379.4590148925781,377.3599853515625,377.77789306640625
2025-10-24 14:30:00-04:00,377.760009765625,378.82000732421875,377.55999755859375,378.4186096191406
2025-10-24 15:30:00-04:00,378.3800048828125,378.5198974609375,377.3900146484375,377.4800109863281
2025-10-27 09:30:00-04:00,371.1300048828125,371.5899963378906,366.5899963378906,367.8699951171875
2025-10-27 10:30:00-04:00,367.88250732421875,368.0199890136719,365.3399963378906,366.79730224609375
2025-10-27 11:30:00-04:00,366.79998779296875,367.8537902832031,366.1099853515625,366.7900085449219
2025-10-27 12:30:00-04:00,366.81500244140625,368.5669860839844,366.5199890136719,368.5
2025-10-27 13:30:00-04:00,368.4599914550781,368.9305114746094,367.8999938964844,368.7799987792969
2025-10-27 14:30:00-04:00,368.760009765625,368.8599853515625,366.989990234375,367.0299987792969
2025-10-27 15:30:00-04:00,367.0400085449219,367.30999755859375,366.6499938964844,367.0199890136719
2025-10-28 09:30:00-04:00,361.80999755859375,363.4849853515625,360.1199951171875,363.44000244140625
2025-10-28 10:30:00-04:00,363.4599914550781,364.4100036621094,362.44000244140625,364.20001220703125
2025-10-28 11:30:00-04:00,364.20001220703125,365.239990234375,363.80999755859375,364.62249755859375
2025-10-28 12:30:00-04:00,364.6199951171875,365.29998779296875,363.45001220703125,365.04998779296875
2025-10-28 13:30:00-04:00,365.04998779296875,365.17999267578125,363.6499938964844,363.8800048828125
2025-10-28 14:30:00-04:00,363.8299865722656,364.25,362.92999267578125,363.9200134277344
2025-10-28 15:30:00-04:00,363.9100036621094,364.5950012207031,363.489990234375,364.3299865722656
2025-10-29 09:30:00-04:00,369.6499938964844,370.0799865722656,368.20001220703125,369.5400085449219
2025-10-29 10:30:00-04:00,369.5299987792969,369.9599914550781,368.1099853515625,368.614990234375
2025-10-29 11:30:00-04:00,368.5899963378906,368.7799987792969,366.989990234375,367.8699951171875
2025-10-29 12:30:00-04:00,367.85760498046875,368.0,366.69000244140625,366.79998779296875
2025-10-29 13:30:00-04:00,366.80999755859375,368.6885070800781,365.79998779296875,366.2218017578125
2025-10-29 14:30:00-04:00,366.2799987792969,367.04400634765625,362.8500061035156,363.760009765625
2025-10-29 15:30:00-04:00,363.7300109863281,363.8900146484375,361.360107421875,363.0199890136719
2025-10-30 09:30:00-04:00,365.0899963378906,369.260009765625,364.5,367.7300109863281
2025-10-30 10:30:00-04:00,367.739990234375,368.29998779296875,366.6600036621094,367.7850036621094
2025-10-30 11:30:00-04:00,367.7799987792969,368.760009765625,367.1300048828125,367.57000732421875
2025-10-30 12:30:00-04:00,367.5299987792969,368.30999755859375,367.45001220703125,368.1600036621094
2025-10-30 13:30:00-04:00,368.1554870605469,369.6199951171875,367.9773864746094,369.1300048828125
2025-10-30 14:30:00-04:00,369.17999267578125,370.3599853515625,368.6400146484375,369.8299865722656
2025-10-30 15:30:00-04:00,369.82000732421875,370.3500061035156,369.7850036621094,370.1099853515625
2025-10-31 09:30:00-04:00,370.4700012207031,370.6625061035156,368.92999267578125,369.4100036621094
2025-10-31 10:30:00-04:00,369.32000732421875,370.05999755859375,368.80999755859375,369.6400146484375
2025-10-31 11:30:00-04:00,369.6138000488281,370.0823974609375,365.5,366.7449951171875
2025-10-31 12:30:00-04:00,366.68499755859375,367.1400146484375,366.0400085449219,366.6099853515625
2025-10-31 13:30:00-04:00,366.5299987792969,368.9200134277344,366.19000244140625,368.80999755859375
2025-10-31 14:30:00-04:00,368.7300109863281,368.8599853515625,367.1700134277344,368.1496887207031
2025-10-31 15:30:00-04:00,368.0799865722656,368.2300109863281,367.5199890136719,368.1400146484375
2025-11-03 09:30:00-05:00,368.9100036621094,370.8399963378906,368.09600830078125,369.0299987792969
2025-11-03 10:30:00-05:00,368.9800109863281,370.19989013671875,367.5400085449219,367.7950134277344
2025-11-03 11:30:00-05:00,367.760009765625,369.0899963378906,367.55010986328125,368.6400146484375
2025-11-03 12:30:00-05:00,368.614990234375,368.69000244140625,367.9100036621094,368.1377868652344
2025-11-03 13:30:00-05:00,368.1199951171875,368.885009765625,367.57000732421875,368.3450012207031
2025-11-03 14:30:00-05:00,368.30999755859375,369.3299865722656,367.93170166015625,369.0150146484375
2025-11-03 15:30:00-05:00,369.0199890136719,369.0799865722656,368.57000732421875,368.8699951171875
2025-11-04 09:30:00-05:00,363.4800109863281,364.2749938964844,361.3900146484375,363.2699890136719
2025-11-04 10:30:00-05:00,363.260009765625,365.739990234375,363.20001220703125,365.45001220703125
2025-11-04 11:30:00-05:00,365.3999938964844,365.5799865722656,364.15008544921875,364.25
2025-11-04 12:30:00-05:00,364.2099914550781,364.8299865722656,362.9700012207031,363.44000244140625
2025-11-04 13:30:00-05:00,363.45001220703125,363.5199890136719,361.7300109863281,362.6300048828125
2025-11-04 14:30:00-05:00,362.6300048828125,362.7349853515625,361.6600036621094,362.2300109863281
2025-11-04 15:30:00-05:00,362.239990234375,362.67999267578125,362.1099853515625,362.3399963378906
2025-11-05 09:30:00-05:00,366.4599914550781,366.6400146484375,364.6499938964844,366.1400146484375
2025-11-05 10:30:00-05:00,366.1300048828125,366.5799865722656,365.6499938964844,366.2699890136719
2025-11-05 11:30:00-05:00,366.32000732421875,367.1000061035156,365.9049987792969,366.35577392578125
2025-11-05 12:30:00-05:00,366.3710021972656,366.7200012207031,366.07000732421875,366.5
2025-11-05 13:30:00-05:00,366.510009765625,366.70001220703125,366.0799865722656,366.54998779296875
2025-11-05 14:30:00-05:00,366.56500244140625,367.1000061035156,366.44000244140625,366.6549072265625
2025-11-05 15:30:00-05:00,366.6600036621094,366.8999938964844,366.29998779296875,366.5299987792969
2025-11-06 09:30:00-05:00,367.1600036621094,368.17999267578125,365.7601013183594,366.6549987792969
2025-11-06 10:30:00-05:00,366.6950988769531,366.6950988769531,365.5799865722656,366.406494140625
2025-11-06 11:30:00-05:00,366.3800048828125,366.55499267578125,364.70001220703125,365.1099853515625
2025-11-06 12:30:00-05:00,365.1000061035156,366.9200134277344,364.8299865722656,366.32000732421875
2025-11-06 13:30:00-05:00,366.3800048828125,367.4779968261719,366.3699951171875,367.2004089355469
2025-11-06 14:30:00-05:00,367.2200012207031,367.2344055175781,366.260009765625,366.31500244140625
2025-11-06 15:30:00-05:00,366.30999755859375,366.70001220703125,365.9700012207031,366.0899963378906
2025-11-07 09:30:00-05:00,367.94000244140625,367.95001220703125,366.4200134277344,367.2601013183594
2025-11-07 10:30:00-05:00,367.2099914550781,368.7699890136719,366.4599914550781,368.6174011230469
2025-11-07 11:30:00-05:00,368.6300048828125,370.4200134277344,367.239990234375,367.7300109863281
2025-11-07 12:30:00-05:00,367.7300109863281,368.760009765625,367.4100036621094,368.2099914550781
2025-11-07 13:30:00-05:00,368.239990234375,368.760009765625,368.1101989746094,368.5199890136719
2025-11-07 14:30:00-05:00,368.5400085449219,368.69000244140625,367.3999938964844,367.7900085449219
2025-11-07 15:30:00-05:00,367.7900085449219,368.42999267578125,367.6600036621094,368.29998779296875
2025-11-10 09:30:00-05:00,375.92999267578125,376.7300109863281,374.7814025878906,376.2200012207031
2025-11-10 10:30:00-05:00,376.2300109863281,376.6099853515625,375.1600036621094,376.57000732421875
2025-11-10 11:30:00-05:00,376.5799865722656,377.07000732421875,376.1499938964844,376.9200134277344
2025-11-10 12:30:00-05:00,376.9200134277344,378.510009765625,376.6300048828125,378.4818115234375
2025-11-10 13:30:00-05:00,378.4657897949219,378.6600036621094,377.7401123046875,378.54998779296875
2025-11-10 14:30:00-05:00,378.56500244140625,378.57000732421875,377.8500061035156,378.2799072265625
2025-11-10 15:30:00-05:00,378.260009765625,378.44000244140625,377.9800109863281,378.3399963378906
2025-11-11 09:30:00-05:00,379.9800109863281,380.3999938964844,376.8699951171875,377.30999755859375
2025-11-11 10:30:00-05:00,377.2799987792969,378.57000732421875,376.8988037109375,378.0299987792969
2025-11-11 11:30:00-05:00,378.0400085449219,378.8099060058594,377.6400146484375,378.4700012207031
2025-11-11 12:30:00-05:00,378.4700012207031,378.67999267578125,378.0199890136719,378.1000061035156
2025-11-11 13:30:00-05:00,378.1099853515625,378.9200134277344,377.74029541015625,378.7900085449219
2025-11-11 14:30:00-05:00,378.79998779296875,379.8299865722656,378.7900085449219,379.54998779296875
2025-11-11 15:30:00-05:00,379.5299987792969,380.1099853515625,379.3999938964844,379.9100036621094
2025-11-12 09:30:00-05:00,380.2099914550781,383.8500061035156,379.44000244140625,383.3450012207031
2025-11-12 10:30:00-05:00,383.32000732421875,385.3800048828125,383.2900085449219,385.1300048828125
2025-11-12 11:30:00-05:00,385.1099853515625,386.5899963378906,385.0710144042969,386.05999755859375
2025-11-12 12:30:00-05:00,386.0899963378906,387.4599914550781,385.510009765625,387.0
2025-11-12 13:30:00-05:00,386.9800109863281,387.3800048828125,385.67999267578125,385.8599853515625
2025-11-12 14:30:00-05:00,385.8900146484375,386.3999938964844,385.510009765625,385.947509765625
2025-11-12 15:30:00-05:00,385.9599914550781,386.3525085449219,385.6099853515625,386.010009765625
2025-11-13 09:30:00-05:00,387.2900085449219,388.17999267578125,384.8299865722656,385.8299865722656
2025-11-13 10:30:00-05:00,385.8299865722656,387.3599853515625,385.0899963378906,386.8710021972656
2025-11-13 11:30:00-05:00,386.8710021972656,387.0950012207031,385.6315002441406,386.5199890136719
2025-11-13 12:30:00-05:00,386.5199890136719,386.92999267578125,385.1199951171875,385.3900146484375
2025-11-13 13:30:00-05:00,385.3699951171875,385.4599914550781,381.2099914550781,382.55999755859375
2025-11-13 14:30:00-05:00,382.5299987792969,383.5799865722656,382.3800048828125,383.44000244140625
2025-11-13 15:30:00-05:00,383.4599914550781,383.57000732421875,382.6499938964844,382.9800109863281
2025-11-14 09:30:00-05:00,372.8699951171875,375.7099914550781,370.8900146484375,375.3999938964844
2025-11-14 10:30:00-05:00,375.3699951171875,377.5,374.5799865722656,377.3800048828125
2025-11-14 11:30:00-05:00,377.4100036621094,378.20001220703125,376.6163024902344,377.08990478515625
2025-11-14 12:30:00-05:00,377.1099853515625,378.1300048828125,375.3999938964844,376.510009765625
2025-11-14 13:30:00-05:00,376.510009765625,377.5,376.2200927734375,376.5799865722656
2025-11-14 14:30:00-05:00,376.5799865722656,376.7998962402344,374.8599853515625,375.67999267578125
2025-11-14 15:30:00-05:00,375.6700134277344,376.4750061035156,375.489990234375,375.9700012207031
2025-11-17 09:30:00-05:00,374.2699890136719,375.4552917480469,373.510009765625,374.59429931640625
2025-11-17 10:30:00-05:00,374.6199951171875,375.1099853515625,372.7200012207031,374.2850036621094
2025-11-17 11:30:00-05:00,374.3349914550781,375.3599853515625,373.9100036621094,375.0799865722656
2025-11-17 12:30:00-05:00,375.06500244140625,375.3999938964844,374.1199951171875,374.6400146484375
2025-11-17 13:30:00-05:00,374.6199951171875,374.6199951171875,372.80999755859375,373.1199951171875
2025-11-17 14:30:00-05:00,373.1000061035156,373.2699890136719,368.5199890136719,370.44000244140625
2025-11-17 15:30:00-05:00,370.4599914550781,371.989990234375,370.25,371.6700134277344
2025-11-18 09:30:00-05:00,374.8320007324219,375.510009765625,372.8471984863281,373.90509033203125
2025-11-18 10:30:00-05:00,373.8699951171875,374.6300048828125,371.6199951171875,373.8399963378906
2025-11-18 11:30:00-05:00,373.9100036621094,374.3869934082031,373.20001220703125,373.5679931640625
2025-11-18 12:30:00-05:00,373.56500244140625,374.9100036621094,373.510009765625,373.95001220703125
2025-11-18 13:30:00-05:00,373.9599914550781,375.3500061035156,373.7699890136719,374.8937072753906
2025-11-18 14:30:00-05:00,374.8699951171875,375.5400085449219,374.32000732421875,374.6000061035156
2025-11-18 15:30:00-05:00,374.6099853515625,374.7200012207031,374.1300048828125,374.30999755859375
2025-11-19 09:30:00-05:00,377.7749938964844,380.1700134277344,377.2799987792969,378.6600036621094
2025-11-19 10:30:00-05:00,378.6000061035156,379.1000061035156,374.42999267578125,374.7449951171875
2025-11-19 11:30:00-05:00,374.7200012207031,375.20001220703125,373.0299987792969,374.55999755859375
2025-11-19 12:30:00-05:00,374.4800109863281,375.9200134277344,373.7300109863281,375.44000244140625
2025-11-19 13:30:00-05:00,375.3756103515625,376.3399963378906,374.2699890136719,374.5450134277344
2025-11-19 14:30:00-05:00,374.5350036621094,375.4700012207031,374.30499267578125,375.2200012207031
2025-11-19 15:30:00-05:00,375.2099914550781,375.3299865722656,374.54998779296875,374.9750061035156
2025-11-20 09:30:00-05:00,375.2900085449219,377.6925048828125,374.6700134277344,376.6099853515625
2025-11-20 10:30:00-05:00,376.6400146484375,376.7200012207031,373.69000244140625,373.8299865722656
2025-11-20 11:30:00-05:00,373.760009765625,374.1600036621094,371.8514099121094,372.9800109863281
2025-11-20 12:30:00-05:00,372.9599914550781,374.5,372.3599853515625,373.3500061035156
2025-11-20 13:30:00-05:00,373.4100036621094,375.82000732421875,372.9700012207031,375.489990234375
2025-11-20 14:30:00-05:00,375.5199890136719,375.80499267578125,374.54998779296875,374.8900146484375
2025-11-20 15:30:00-05:00,374.8800048828125,375.1499938964844,374.510009765625,374.9150085449219
2025-11-21 09:30:00-05:00,374.0249938964844,375.0,373.54998779296875,374.2691955566406
2025-11-21 10:30:00-05:00,374.239990234375,374.54998779296875,372.95001220703125,374.3900146484375
2025-11-21 11:30:00-05:00,374.3500061035156,377.2300109863281,374.3399963378906,375.4242858886719
2025-11-21 12:30:00-05:00,375.4700012207031,376.05999755859375,375.17041015625,375.2300109863281
2025-11-21 13:30:00-05:00,375.25,376.3999938964844,374.9100036621094,376.239990234375
2025-11-21 14:30:00-05:00,376.2601013183594,376.42999267578125,374.20001220703125,374.3399963378906
2025-11-21 15:30:00-05:00,374.32000732421875,374.4700012207031,372.94000244140625,374.2200012207031
2025-11-24 09:30:00-05:00,374.8800048828125,376.6000061035156,374.19000244140625,376.0249938964844
2025-11-24 10:30:00-05:00,376.0,376.760009765625,375.92999267578125,376.4939880371094
2025-11-24 11:30:00-05:00,376.4800109863281,377.0899963378906,376.1099853515625,376.5350036621094
2025-11-24 12:30:00-05:00,376.54998779296875,377.20001220703125,376.0199890136719,376.75
2025-11-24 13:30:00-05:00,376.760009765625,379.5400085449219,376.75,378.89599609375
2025-11-24 14:30:00-05:00,378.9100036621094,379.5199890136719,378.3699951171875,379.464111328125
2025-11-24 15:30:00-05:00,379.4700012207031,380.260009765625,379.4400939941406,380.1600036621094
2025-11-25 09:30:00-05:00,380.2550048828125,380.57000732421875,378.05999755859375,379.7200012207031
2025-11-25 10:30:00-05:00,379.67999267578125,380.8900146484375,378.9700012207031,380.8299865722656
2025-11-25 11:30:00-05:00,380.84100341796875,382.07000732421875,380.25,381.65509033203125
2025-11-25 12:30:00-05:00,381.6499938964844,382.5199890136719,380.94000244140625,381.0299987792969
2025-11-25 13:30:00-05:00,381.0299987792969,381.2799987792969,379.6600036621094,379.82000732421875
2025-11-25 14:30:00-05:00,379.82000732421875,380.6000061035156,379.67999267578125,380.0675048828125
2025-11-25 15:30:00-05:00,380.04998779296875,380.409912109375,379.8900146484375,380.05999755859375
2025-11-26 09:30:00-05:00,381.05499267578125,382.45001220703125,380.4599914550781,382.3800048828125
2025-11-26 10:30:00-05:00,382.3399963378906,383.20001220703125,382.260009765625,382.8450012207031
2025-11-26 11:30:00-05:00,382.8399963378906,383.6000061035156,382.7799987792969,383.4200134277344
2025-11-26 12:30:00-05:00,383.42999267578125,383.7749938964844,383.17498779296875,383.3699951171875
2025-11-26 13:30:00-05:00,383.3800048828125,383.6099853515625,382.4700012207031,383.3800048828125
2025-11-26 14:30:00-05:00,383.4100036621094,383.4599914550781,382.79998779296875,383.19000244140625
2025-11-26 15:30:00-05:00,383.17999267578125,383.4049987792969,382.8599853515625,383.05999755859375
2025-11-28 09:30:00-05:00,385.9800109863281,387.1499938964844,384.989990234375,386.04998779296875
2025-11-28 10:30:00-05:00,386.04998779296875,387.3900146484375,385.7799987792969,387.239990234375
2025-11-28 11:30:00-05:00,387.25,387.510009765625,386.6099853515625,386.981201171875
2025-12-01 09:30:00-05:00,390.6099853515625,390.7001037597656,388.06048583984375,388.8599853515625
2025-12-01 10:30:00-05:00,388.8800048828125,390.0400085449219,388.2900085449219,389.989990234375
2025-12-01 11:30:00-05:00,390.0,390.2799987792969,388.4549865722656,389.53009033203125
2025-12-01 12:30:00-05:00,389.5799865722656,390.1462097167969,389.0799865722656,390.0299987792969
2025-12-01 13:30:00-05:00,390.05999755859375,390.4100036621094,389.5799865722656,390.1400146484375
2025-12-01 14:30:00-05:00,390.1199951171875,390.339599609375,388.9700012207031,389.739990234375
2025-12-01 15:30:00-05:00,389.75,390.0799865722656,389.45001220703125,389.7300109863281
2025-12-02 09:30:00-05:00,388.8699951171875,388.9800109863281,385.0199890136719,385.1400146484375
2025-12-02 10:30:00-05:00,385.1050109863281,385.5199890136719,382.9103088378906,384.1449890136719
2025-12-02 11:30:00-05:00,384.1300048828125,385.6300048828125,384.1300048828125,385.5849914550781
2025-12-02 12:30:00-05:00,385.5799865722656,385.97698974609375,385.25,385.29998779296875
2025-12-02 13:30:00-05:00,385.2699890136719,386.1199951171875,384.72698974609375,386.0150146484375
2025-12-02 14:30:00-05:00,386.0199890136719,386.3500061035156,385.6600036621094,386.1499938964844
2025-12-02 15:30:00-05:00,386.1400146484375,387.4200134277344,386.1400146484375,387.19000244140625
2025-12-03 09:30:00-05:00,388.4599914550781,390.1293029785156,386.7716064453125,388.2900085449219
2025-12-03 10:30:00-05:00,388.2200012207031,388.95001220703125,387.4200134277344,387.9700012207031
2025-12-03 11:30:00-05:00,387.9949951171875,388.55999755859375,385.9100036621094,387.05999755859375
2025-12-03 12:30:00-05:00,387.1000061035156,387.6600036621094,386.0899963378906,386.3999938964844
2025-12-03 13:30:00-05:00,386.3999938964844,386.8599853515625,385.8299865722656,386.80499267578125
2025-12-03 14:30:00-05:00,386.80499267578125,387.42999267578125,386.67999267578125,387.20001220703125
2025-12-03 15:30:00-05:00,387.19000244140625,387.2699890136719,386.6099853515625,386.8599853515625
2025-12-04 09:30:00-05:00,386.9200134277344,387.3800048828125,385.3999938964844,386.6700134277344
2025-12-04 10:30:00-05:00,386.69000244140625,388.0,386.3999938964844,387.67999267578125
2025-12-04 11:30:00-05:00,387.6700134277344,387.7099914550781,386.8399963378906,387.17498779296875
2025-12-04 12:30:00-05:00,387.1600036621094,387.7900085449219,387.0400085449219,387.3900146484375
2025-12-04 13:30:00-05:00,387.364990234375,387.38421630859375,386.1300048828125,386.6199951171875
2025-12-04 14:30:00-05:00,386.6000061035156,387.1400146484375,386.57000732421875,386.9200134277344
2025-12-04 15:30:00-05:00,386.9100036621094,387.1600036621094,386.69000244140625,387.1000061035156
2025-12-05 09:30:00-05:00,389.1199951171875,390.79998779296875,388.8500061035156,390.79998779296875
2025-12-05 10:30:00-05:00,390.79998779296875,391.7349853515625,386.19000244140625,387.82000732421875
2025-12-05 11:30:00-05:00,387.82000732421875,387.9371032714844,386.95001220703125,387.79998779296875
2025-12-05 12:30:00-05:00,387.9100036621094,388.1199951171875,386.80999755859375,387.4200134277344
2025-12-05 13:30:00-05:00,387.3900146484375,387.6700134277344,386.54998779296875,387.1199951171875
2025-12-05 14:30:00-05:00,387.1199951171875,387.2090148925781,386.44000244140625,386.510009765625
2025-12-05 15:30:00-05:00,386.5,386.7499084472656,386.17498779296875,386.4599914550781
2025-12-08 09:30:00-05:00,387.0199890136719,387.2300109863281,384.010009765625,385.4750061035156
2025-12-08 10:30:00-05:00,385.4750061035156,385.8999938964844,384.1099853515625,385.7900085449219
2025-12-08 11:30:00-05:00,385.79998779296875,386.0199890136719,384.8900146484375,385.510009765625
2025-12-08 12:30:00-05:00,385.510009765625,385.8500061035156,385.0299987792969,385.2099914550781
2025-12-08 13:30:00-05:00,385.2099914550781,385.5,384.760009765625,385.0899963378906
2025-12-08 14:30:00-05:00,385.0899963378906,385.4599914550781,384.8399963378906,385.25
2025-12-08 15:30:00-05:00,385.25,385.80999755859375,385.25,385.4200134277344
2025-12-09 09:30:00-05:00,385.6199951171875,387.19000244140625,385.2699890136719,386.8200988769531
2025-12-09 10:30:00-05:00,386.8599853515625,388.114990234375,386.1000061035156,387.48291015625
2025-12-09 11:30:00-05:00,387.489990234375,388.2099914550781,386.67999267578125,386.9599914550781
2025-12-09 12:30:00-05:00,386.9549865722656,387.0899963378906,386.3299865722656,386.9200134277344
2025-12-09 13:30:00-05:00,386.92999267578125,387.3999938964844,386.5899963378906,387.0299987792969
2025-12-09 14:30:00-05:00,387.0299987792969,387.7349853515625,386.92999267578125,387.2099914550781
2025-12-09 15:30:00-05:00,387.20001220703125,387.510009765625,387.05999755859375,387.3900146484375
2025-12-10 09:30:00-05:00,385.95001220703125,386.4200134277344,385.17999267578125,385.95001220703125
2025-12-10 10:30:00-05:00,385.92999267578125,386.3299865722656,385.3299865722656,386.2799987792969
2025-12-10 11:30:00-05:00,386.2900085449219,386.7300109863281,386.1099853515625,386.30999755859375
2025-12-10 12:30:00-05:00,386.30999755859375,386.45001220703125,385.6499938964844,385.93499755859375
2025-12-10 13:30:00-05:00,385.9200134277344,388.0899963378906,385.3999938964844,386.1400146484375
2025-12-10 14:30:00-05:00,386.07000732421875,389.760009765625,384.5,389.25250244140625
2025-12-10 15:30:00-05:00,389.29998779296875,389.706298828125,388.9800109863281,388.9800109863281
2025-12-11 09:30:00-05:00,389.0199890136719,390.25,388.5,389.685791015625
2025-12-11 10:30:00-05:00,389.7099914550781,391.8399963378906,389.69000244140625,391.44000244140625
2025-12-11 11:30:00-05:00,391.4599914550781,393.7099914550781,391.2699890136719,393.17999267578125
2025-12-11 12:30:00-05:00,393.19000244140625,394.0899963378906,392.80999755859375,393.67999267578125
2025-12-11 13:30:00-05:00,393.69000244140625,393.864990234375,391.8999938964844,392.9200134277344
2025-12-11 14:30:00-05:00,392.9150085449219,393.3500061035156,392.0799865722656,392.5199890136719
2025-12-11 15:30:00-05:00,392.5199890136719,393.29998779296875,392.510009765625,393.2799987792969
2025-12-12 09:30:00-05:00,399.1549987792969,400.3900146484375,395.2900085449219,395.5
2025-12-12 10:30:00-05:00,395.4599914550781,397.4599914550781,392.8500061035156,394.5
2025-12-12 11:30:00-05:00,394.4700012207031,394.6199951171875,391.4700012207031,393.78509521484375
2025-12-12 12:30:00-05:00,393.7900085449219,395.7900085449219,393.7900085449219,395.0400085449219
2025-12-12 13:30:00-05:00,395.04998779296875,395.4800109863281,394.5199890136719,395.1300048828125
2025-12-12 14:30:00-05:00,395.1300048828125,395.760009765625,394.67999267578125,394.85009765625
2025-12-12 15:30:00-05:00,394.8500061035156,395.7300109863281,394.4200134277344,395.4200134277344
2025-12-15 09:30:00-05:00,397.760009765625,398.7099914550781,396.44500732421875,396.70001220703125
2025-12-15 10:30:00-05:00,396.70001220703125,398.0199890136719,394.7300109863281,395.0199890136719
2025-12-15 11:30:00-05:00,395.0400085449219,395.70001220703125,394.07379150390625,395.57000732421875
2025-12-15 12:30:00-05:00,395.55999755859375,396.010009765625,395.3500061035156,395.9049987792969
2025-12-15 13:30:00-05:00,395.9049987792969,397.04998779296875,395.6499938964844,396.2799987792969
2025-12-15 14:30:00-05:00,396.2900085449219,396.7799987792969,395.3500061035156,395.8500061035156
2025-12-15 15:30:00-05:00,395.8550109863281,396.1000061035156,395.4200134277344,395.80999755859375
2025-12-16 09:30:00-05:00,397.75,398.7099914550781,396.5480041503906,397.3550109863281
2025-12-16 10:30:00-05:00,397.4200134277344,398.2300109863281,395.7301025390625,396.1000061035156
2025-12-16 11:30:00-05:00,396.1000061035156,396.44000244140625,394.5899963378906,395.6675109863281
2025-12-16 12:30:00-05:00,395.6400146484375,396.2207946777344,395.19000244140625,395.54998779296875
2025-12-16 13:30:00-05:00,395.54998779296875,396.6600036621094,395.1199951171875,395.9100036621094
2025-12-16 14:30:00-05:00,395.93499755859375,396.885009765625,395.8800048828125,396.4200134277344
2025-12-16 15:30:00-05:00,396.4200134277344,396.54998779296875,395.6700134277344,395.8450012207031
2025-12-17 09:30:00-05:00,398.0799865722656,399.6199951171875,397.79998779296875,399.43499755859375
2025-12-17 10:30:00-05:00,399.4599914550781,399.9800109863281,397.25,397.92999267578125
2025-12-17 11:30:00-05:00,397.885009765625,399.1300048828125,397.6199951171875,398.82501220703125
2025-12-17 12:30:00-05:00,398.8399963378906,399.75,398.7267150878906,399.2898864746094
2025-12-17 13:30:00-05:00,399.2200012207031,399.4700012207031,398.0899963378906,399.1199951171875
2025-12-17 14:30:00-05:00,399.1000061035156,399.3699951171875,398.2200012207031,399.25
2025-12-17 15:30:00-05:00,399.260009765625,399.7181091308594,399.0,399.2550048828125
2025-12-18 09:30:00-05:00,398.2799987792969,399.1000061035156,396.04998779296875,398.3699951171875
2025-12-18 10:30:00-05:00,398.25,402.2099914550781,398.19500732421875,401.48651123046875
2025-12-18 11:30:00-05:00,401.489990234375,401.9121398925781,397.3399963378906,397.8865966796875
2025-12-18 12:30:00-05:00,397.8999938964844,399.1300048828125,397.5799865722656,398.2900085449219
2025-12-18 13:30:00-05:00,398.2799987792969,399.0199890136719,397.67999267578125,398.4110107421875
2025-12-18 14:30:00-05:00,398.4143981933594,398.6000061035156,397.3500061035156,398.25
2025-12-18 15:30:00-05:00,398.25,398.8599853515625,398.1600036621094,398.5299987792969
2025-12-19 09:30:00-05:00,397.9200134277344,399.70001220703125,397.1700134277344,398.8699951171875
2025-12-19 10:30:00-05:00,398.79998779296875,400.489990234375,398.760009765625,399.75
2025-12-19 11:30:00-05:00,399.75,400.3699951171875,399.42999267578125,400.2200012207031
2025-12-19 12:30:00-05:00,400.2200012207031,400.6300048828125,400.0,400.45001220703125
2025-12-19 13:30:00-05:00,400.44000244140625,400.489990234375,399.3900146484375,399.82000732421875
2025-12-19 14:30:00-05:00,399.80999755859375,400.0299987792969,399.20001220703125,399.5799865722656
2025-12-19 15:30:00-05:00,399.57000732421875,399.57000732421875,398.7900085449219,399.0199890136719
2025-12-22 09:30:00-05:00,406.9800109863281,407.3299865722656,405.7200012207031,406.2799987792969
2025-12-22 10:30:00-05:00,406.2900085449219,408.3699951171875,406.1650085449219,408.1199951171875
2025-12-22 11:30:00-05:00,408.1050109863281,408.5199890136719,407.67999267578125,407.7650146484375
2025-12-22 12:30:00-05:00,407.7650146484375,408.25,407.5710144042969,407.7799987792969
2025-12-22 13:30:00-05:00,407.7900085449219,408.05999755859375,407.25,407.6199951171875
2025-12-22 14:30:00-05:00,407.6199951171875,408.2099914550781,407.510009765625,407.57501220703125
2025-12-22 15:30:00-05:00,407.57000732421875,408.32000732421875,407.5299987792969,408.25
2025-12-23 09:30:00-05:00,410.29998779296875,410.4200134277344,407.1000061035156,408.3299865722656
2025-12-23 10:30:00-05:00,408.2699890136719,410.4599914550781,408.239990234375,410.1372985839844
2025-12-23 11:30:00-05:00,410.1600036621094,411.8399963378906,409.6199951171875,411.625
2025-12-23 12:30:00-05:00,411.6400146484375,411.95001220703125,410.8900146484375,411.6099853515625
2025-12-23 13:30:00-05:00,411.6300048828125,413.3699951171875,411.1700134277344,412.79998779296875
2025-12-23 14:30:00-05:00,412.7950134277344,413.239990234375,412.6199951171875,412.989990234375
2025-12-23 15:30:00-05:00,412.9989929199219,413.760009765625,412.75,413.5899963378906
2025-12-24 09:30:00-05:00,412.25,412.6300048828125,409.9599914550781,410.8399963378906
2025-12-24 10:30:00-05:00,410.80999755859375,411.1400146484375,408.8299865722656,410.7478942871094
2025-12-24 11:30:00-05:00,410.75,412.5400085449219,410.6014099121094,411.6300048828125
2025-12-26 09:30:00-05:00,416.4800109863281,416.95001220703125,414.95001220703125,416.8901062011719
2025-12-26 10:30:00-05:00,416.8699951171875,418.45001220703125,416.760009765625,417.989990234375
2025-12-26 11:30:00-05:00,418.010009765625,418.04998779296875,415.3299865722656,415.44000244140625
2025-12-26 12:30:00-05:00,415.4100036621094,416.0,414.75,415.4800109863281
2025-12-26 13:30:00-05:00,415.510009765625,417.05999755859375,415.3599853515625,416.5450134277344
2025-12-26 14:30:00-05:00,416.510009765625,417.07470703125,415.6499938964844,415.9700012207031
2025-12-26 15:30:00-05:00,415.9599914550781,416.9200134277344,415.9100036621094,416.67999267578125
2025-12-29 09:30:00-05:00,403.6600036621094,403.760009765625,395.3299865722656,397.1401062011719
2025-12-29 10:30:00-05:00,397.1400146484375,399.32000732421875,396.8699951171875,398.5150146484375
2025-12-29 11:30:00-05:00,398.5168151855469,399.7799987792969,397.45001220703125,398.05499267578125
2025-12-29 12:30:00-05:00,398.05499267578125,398.5899963378906,396.75,397.92999267578125
2025-12-29 13:30:00-05:00,397.9200134277344,398.7699890136719,397.79998779296875,398.20001220703125
2025-12-29 14:30:00-05:00,398.2200012207031,399.4849853515625,398.1700134277344,399.1400146484375
2025-12-29 15:30:00-05:00,399.1400146484375,399.2099914550781,397.7453308105469,398.56500244140625
2025-12-30 09:30:00-05:00,403.6000061035156,403.79998779296875,400.3999938964844,401.3500061035156
2025-12-30 10:30:00-05:00,401.44000244140625,402.0799865722656,400.2900085449219,401.6199951171875
2025-12-30 11:30:00-05:00,401.614990234375,402.8299865722656,401.0199890136719,402.1369934082031
2025-12-30 12:30:00-05:00,402.1499938964844,402.45001220703125,401.1400146484375,401.6700134277344
2025-12-30 13:30:00-05:00,401.7099914550781,401.75,401.0,401.32501220703125
2025-12-30 14:30:00-05:00,401.3399963378906,401.3699951171875,398.70001220703125,399.8900146484375
2025-12-30 15:30:00-05:00,399.92999267578125,400.32000732421875,398.55999755859375,399.010009765625
2025-12-31 09:30:00-05:00,398.6000061035156,400.1300048828125,397.6400146484375,398.6400146484375
2025-12-31 10:30:00-05:00,398.6300048828125,399.010009765625,397.07000732421875,397.4150085449219
2025-12-31 11:30:00-05:00,397.45001220703125,397.8299865722656,396.6600036621094,397.0
2025-12-31 12:30:00-05:00,396.989990234375,397.989990234375,396.8299865722656,397.739990234375
2025-12-31 13:30:00-05:00,397.75,397.760009765625,396.54998779296875,396.739990234375
2025-12-31 14:30:00-05:00,396.75250244140625,396.8800048828125,395.5899963378906,396.54998779296875
2025-12-31 15:30:00-05:00,396.54998779296875,397.385009765625,395.79998779296875,396.30999755859375
2026-01-02 09:30:00-05:00,401.6199951171875,401.80999755859375,398.18499755859375,398.69000244140625
2026-01-02 10:30:00-05:00,398.75,399.70001220703125,396.75,397.3900146484375
2026-01-02 11:30:00-05:00,397.3599853515625,398.5090026855469,396.7699890136719,398.0400085449219
2026-01-02 12:30:00-05:00,398.05999755859375,398.25,396.3500061035156,397.05999755859375
2026-01-02 13:30:00-05:00,397.07000732421875,397.4595031738281,396.25,397.04998779296875
2026-01-02 14:30:00-05:00,397.05999755859375,398.1099853515625,396.92999267578125,398.0199890136719
2026-01-02 15:30:00-05:00,398.010009765625,398.32501220703125,397.7200012207031,398.32501220703125
2026-01-05 09:30:00-05:00,406.3900146484375,409.7200012207031,406.1499938964844,408.70001220703125
2026-01-05 10:30:00-05:00,408.7300109863281,409.3399963378906,407.8500061035156,408.3500061035156
2026-01-05 11:30:00-05:00,408.3500061035156,409.6000061035156,407.55999755859375,408.885009765625
2026-01-05 12:30:00-05:00,408.8550109863281,409.05999755859375,408.0199890136719,408.3800048828125
2026-01-05 13:30:00-05:00,408.3500061035156,409.0899963378906,407.7200012207031,408.4100036621094
2026-01-05 14:30:00-05:00,408.3999938964844,408.8999938964844,408.13238525390625,408.7799987792969
2026-01-05 15:30:00-05:00,408.7799987792969,408.8465881347656,408.0400085449219,408.69000244140625
2026-01-06 09:30:00-05:00,411.0450134277344,412.8999938964844,411.0299987792969,411.8699951171875
2026-01-06 10:30:00-05:00,411.6737060546875,412.2300109863281,410.30999755859375,412.1700134277344
2026-01-06 11:30:00-05:00,412.323486328125,412.8500061035156,412.1000061035156,412.5150146484375
2026-01-06 12:30:00-05:00,412.6300048828125,413.239990234375,412.0199890136719,412.45001220703125
2026-01-06 13:30:00-05:00,412.45001220703125,412.70001220703125,411.6436767578125,411.989990234375
2026-01-06 14:30:00-05:00,411.9800109863281,412.5799865722656,411.75,412.4800109863281
2026-01-06 15:30:00-05:00,412.29998779296875,413.4800109863281,412.2699890136719,413.3299865722656
2026-01-07 09:30:00-05:00,408.6300048828125,409.4100036621094,406.6499938964844,408.3999938964844
2026-01-07 10:30:00-05:00,408.3800048828125,410.1700134277344,408.20001220703125,409.8500061035156
2026-01-07 11:30:00-05:00,409.82000732421875,410.80999755859375,409.7510070800781,409.8999938964844
2026-01-07 12:30:00-05:00,409.92999267578125,410.19000244140625,408.8299865722656,409.30999755859375
2026-01-07 13:30:00-05:00,409.3500061035156,409.92999267578125,408.6700134277344,409.1600036621094
2026-01-07 14:30:00-05:00,409.1600036621094,410.19000244140625,409.1600036621094,409.8799133300781
2026-01-07 15:30:00-05:00,409.8800048828125,410.0899963378906,409.1199951171875,409.2300109863281
2026-01-08 09:30:00-05:00,406.7900085449219,409.42999267578125,406.3999938964844,408.8500061035156
2026-01-08 10:30:00-05:00,408.82000732421875,409.75799560546875,408.7200012207031,409.3409118652344
2026-01-08 11:30:00-05:00,409.34698486328125,410.45001220703125,409.20001220703125,410.07000732421875
2026-01-08 12:30:00-05:00,410.1000061035156,410.3500061035156,408.9725036621094,409.260009765625
2026-01-08 13:30:00-05:00,409.1600036621094,409.4800109863281,408.510009765625,408.7699890136719
2026-01-08 14:30:00-05:00,408.760009765625,411.2200012207031,408.760009765625,410.8500061035156
2026-01-08 15:30:00-05:00,410.8699951171875,411.6400146484375,410.8699951171875,411.489990234375
2026-01-09 09:30:00-05:00,413.2149963378906,414.70001220703125,411.79998779296875,414.18011474609375
2026-01-09 10:30:00-05:00,414.2018127441406,415.2900085449219,413.6700134277344,414.07000732421875
2026-01-09 11:30:00-05:00,414.0350036621094,414.760009765625,413.7799987792969,414.07000732421875
2026-01-09 12:30:00-05:00,414.0400085449219,414.6199951171875,412.0350036621094,412.9200134277344
2026-01-09 13:30:00-05:00,412.94000244140625,414.1499938964844,412.9100036621094,413.6199951171875
2026-01-09 14:30:00-05:00,413.5899963378906,414.5899963378906,413.3299865722656,414.2300109863281
2026-01-09 15:30:00-05:00,414.239990234375,414.6700134277344,413.9599914550781,414.4599914550781
2026-01-12 09:30:00-05:00,421.5199890136719,424.989990234375,421.5199890136719,424.7200012207031
2026-01-12 10:30:00-05:00,424.739990234375,425.739990234375,424.54998779296875,424.7200012207031
2026-01-12 11:30:00-05:00,424.7099914550781,425.0299987792969,423.6000061035156,424.4200134277344
2026-01-12 12:30:00-05:00,424.42498779296875,424.8450012207031,422.9649963378906,423.42999267578125
2026-01-12 13:30:00-05:00,423.44879150390625,424.489990234375,423.2099914550781,424.45001220703125
2026-01-12 14:30:00-05:00,424.4800109863281,424.6549987792969,422.860107421875,423.1199951171875
2026-01-12 15:30:00-05:00,423.1199951171875,423.3399963378906,422.0,422.18011474609375
2026-01-13 09:30:00-05:00,424.5899963378906,426.1199951171875,422.989990234375,423.7300109863281
2026-01-13 10:30:00-05:00,423.7300109863281,424.8699951171875,422.25,422.739990234375
2026-01-13 11:30:00-05:00,422.75,424.3999938964844,422.6000061035156,423.8399963378906
2026-01-13 12:30:00-05:00,423.82000732421875,424.0400085449219,421.1600036621094,422.1600036621094
2026-01-13 13:30:00-05:00,422.1600036621094,423.1300048828125,421.4800109863281,422.3299865722656
2026-01-13 14:30:00-05:00,422.3299865722656,422.8699951171875,421.80999755859375,421.9200134277344
2026-01-13 15:30:00-05:00,421.92498779296875,421.9700012207031,420.07000732421875,421.6000061035156
2026-01-14 09:30:00-05:00,426.0299987792969,426.1199951171875,422.8398132324219,424.32989501953125
2026-01-14 10:30:00-05:00,424.32000732421875,425.20001220703125,423.79998779296875,424.8949890136719
2026-01-14 11:30:00-05:00,424.8699951171875,425.010009765625,423.3900146484375,423.94000244140625
2026-01-14 12:30:00-05:00,423.94000244140625,425.6400146484375,422.9700012207031,425.4800109863281
2026-01-14 13:30:00-05:00,425.4700012207031,426.8599853515625,425.42999267578125,426.12188720703125
2026-01-14 14:30:00-05:00,426.1300048828125,426.739990234375,425.30999755859375,426.04998779296875
2026-01-14 15:30:00-05:00,426.0400085449219,426.1600036621094,425.260009765625,425.94000244140625
2026-01-15 09:30:00-05:00,423.0199890136719,424.44000244140625,422.7900085449219,424.243896484375
2026-01-15 10:30:00-05:00,424.2099914550781,425.05999755859375,423.5,423.80999755859375
2026-01-15 11:30:00-05:00,423.82000732421875,424.0199890136719,422.8699951171875,423.760009765625
2026-01-15 12:30:00-05:00,423.70001220703125,424.70001220703125,423.70001220703125,424.5299987792969
2026-01-15 13:30:00-05:00,424.5400085449219,424.79998779296875,423.989990234375,424.4200134277344
2026-01-15 14:30:00-05:00,424.42999267578125,424.5199890136719,422.8299865722656,423.2699890136719
2026-01-15 15:30:00-05:00,423.260009765625,423.6600036621094,423.0799865722656,423.30999755859375
2026-01-16 09:30:00-05:00,422.79998779296875,424.79998779296875,419.6600036621094,419.67999267578125
2026-01-16 10:30:00-05:00,419.6700134277344,422.6499938964844,417.0400085449219,422.1499938964844
2026-01-16 11:30:00-05:00,422.1600036621094,422.7869873046875,420.75,420.92999267578125
2026-01-16 12:30:00-05:00,420.9100036621094,422.1199951171875,420.79998779296875,421.94000244140625
2026-01-16 13:30:00-05:00,421.9599914550781,422.5799865722656,421.1099853515625,421.42999267578125
2026-01-16 14:30:00-05:00,421.4327087402344,422.54998779296875,421.42999267578125,421.8550109863281
2026-01-16 15:30:00-05:00,421.8500061035156,421.8999938964844,421.1400146484375,421.2200012207031
2026-01-20 09:30:00-05:00,436.69000244140625,436.760009765625,434.1000061035156,434.2699890136719
2026-01-20 10:30:00-05:00,434.239990234375,436.0799865722656,434.1000061035156,435.7799987792969
2026-01-20 11:30:00-05:00,435.75,437.32000732421875,435.739990234375,437.1300048828125
2026-01-20 12:30:00-05:00,437.1199951171875,438.12579345703125,436.82000732421875,437.67913818359375
2026-01-20 13:30:00-05:00,437.6700134277344,438.139892578125,436.8900146484375,437.5199890136719
2026-01-20 14:30:00-05:00,437.5249938964844,437.9599914550781,436.42010498046875,436.67999267578125
2026-01-20 15:30:00-05:00,436.6600036621094,437.3999938964844,436.5199890136719,437.2850036621094
2026-01-21 09:30:00-05:00,446.8699951171875,447.9999084472656,442.4100036621094,444.07000732421875
2026-01-21 10:30:00-05:00,444.0899963378906,446.3800048828125,443.8699951171875,444.8699951171875
2026-01-21 11:30:00-05:00,444.8699951171875,445.82000732421875,442.5199890136719,443.1600036621094
2026-01-21 12:30:00-05:00,443.1991882324219,444.1600036621094,441.3999938964844,443.9100036621094
2026-01-21 13:30:00-05:00,444.4898986816406,446.2200012207031,441.6300048828125,442.67999267578125
2026-01-21 14:30:00-05:00,442.7300109863281,443.247802734375,437.1099853515625,440.9649963378906
2026-01-21 15:30:00-05:00,440.8500061035156,443.7900085449219,440.8500061035156,443.7200012207031
2026-01-22 09:30:00-05:00,443.8399963378906,446.30999755859375,443.55999755859375,446.1300048828125
2026-01-22 10:30:00-05:00,446.1300048828125,448.5799865722656,446.0769958496094,448.1650085449219
2026-01-22 11:30:00-05:00,448.17620849609375,449.7900085449219,447.4800109863281,449.4100036621094
2026-01-22 12:30:00-05:00,449.4585876464844,451.7699890136719,449.3299865722656,451.2900085449219
2026-01-22 13:30:00-05:00,451.2900085449219,452.6300048828125,451.0400085449219,451.6700134277344
2026-01-22 14:30:00-05:00,451.70001220703125,452.9841003417969,450.9100036621094,452.7398986816406
2026-01-22 15:30:00-05:00,452.739990234375,452.8699951171875,451.6099853515625,451.9200134277344
2026-01-23 09:30:00-05:00,454.1099853515625,455.6400146484375,453.45440673828125,454.5498962402344
2026-01-23 10:30:00-05:00,454.5849914550781,458.4200134277344,454.489990234375,458.31500244140625
2026-01-23 11:30:00-05:00,458.3299865722656,458.57000732421875,457.4200134277344,458.1099853515625
2026-01-23 12:30:00-05:00,458.1199951171875,458.5799865722656,456.1300048828125,457.69000244140625
2026-01-23 13:30:00-05:00,457.7300109863281,457.79998779296875,455.7699890136719,457.5700988769531
2026-01-23 14:30:00-05:00,457.5799865722656,458.75,456.9800109863281,457.92999267578125
2026-01-23 15:30:00-05:00,457.92999267578125,458.2300109863281,457.45001220703125,457.8399963378906
2026-01-26 09:30:00-05:00,466.7799987792969,468.5799865722656,466.42999267578125,467.92999267578125
2026-01-26 10:30:00-05:00,467.92999267578125,469.25,466.0400085449219,466.5162048339844
2026-01-26 11:30:00-05:00,466.54998779296875,468.54998779296875,465.5535888671875,467.7300109863281
2026-01-26 12:30:00-05:00,467.7099914550781,469.2799987792969,466.6000061035156,467.42999267578125
2026-01-26 13:30:00-05:00,467.3999938964844,467.4483947753906,461.5,462.1199951171875
2026-01-26 14:30:00-05:00,462.05999755859375,464.7799987792969,460.3599853515625,464.7699890136719
2026-01-26 15:30:00-05:00,464.79998779296875,465.2799987792969,462.7099914550781,464.7099914550781
2026-01-27 09:30:00-05:00,465.07000732421875,467.1700134277344,463.95001220703125,465.9818115234375
2026-01-27 10:30:00-05:00,465.9879150390625,469.1099853515625,465.9200134277344,468.67498779296875
2026-01-27 11:30:00-05:00,468.7099914550781,468.7499084472656,466.94000244140625,467.7300109863281
2026-01-27 12:30:00-05:00,467.6600036621094,467.8599853515625,466.6099853515625,467.4150085449219
2026-01-27 13:30:00-05:00,467.5,468.3599853515625,467.010009765625,467.639892578125
2026-01-27 14:30:00-05:00,467.6400146484375,473.5299987792969,467.6300048828125,472.5799865722656
2026-01-27 15:30:00-05:00,472.55999755859375,476.489990234375,471.7300109863281,475.92999267578125
2026-01-28 09:30:00-05:00,483.3900146484375,487.0400085449219,481.2500915527344,484.3900146484375
2026-01-28 10:30:00-05:00,484.44000244140625,486.6000061035156,484.1300048828125,486.0198974609375
2026-01-28 11:30:00-05:00,486.0299987792969,487.79998779296875,484.9599914550781,487.42999267578125
2026-01-28 12:30:00-05:00,487.4299011230469,489.5400085449219,485.610107421875,487.6600036621094
2026-01-28 13:30:00-05:00,487.6700134277344,487.95001220703125,484.2200012207031,485.6300048828125
2026-01-28 14:30:00-05:00,485.6099853515625,492.30999755859375,485.3500061035156,492.20001220703125
2026-01-28 15:30:00-05:00,492.1700134277344,495.8800048828125,492.0400085449219,494.3500061035156
2026-01-29 09:30:00-05:00,509.510009765625,509.70001220703125,469.04998779296875,476.9200134277344
2026-01-29 10:30:00-05:00,476.9200134277344,486.7099914550781,468.510009765625,486.0150146484375
2026-01-29 11:30:00-05:00,485.9700012207031,493.260009765625,480.3265075683594,492.75
2026-01-29 12:30:00-05:00,492.5400085449219,494.1199951171875,487.80999755859375,489.7300109863281
2026-01-29 13:30:00-05:00,489.8450012207031,492.8699951171875,487.2699890136719,488.7099914550781
2026-01-29 14:30:00-05:00,488.7349853515625,489.6000061035156,485.3599853515625,488.6700134277344
2026-01-29 15:30:00-05:00,488.7200012207031,496.8999938964844,487.8699951171875,495.73529052734375
2026-01-30 09:30:00-05:00,466.2449951171875,470.05999755859375,457.67999267578125,464.1400146484375
2026-02-02 13:30:00-05:00,428.7301025390625,429.31500244140625,425.7250061035156,426.75
2026-02-02 14:30:00-05:00,426.75,433.18499755859375,426.10009765625,429.260009765625
2026-02-02 15:30:00-05:00,429.2699890136719,431.3999938964844,427.07501220703125,427.5799865722656
2026-02-03 09:30:00-05:00,452.6300048828125,454.8999938964844,449.7699890136719,452.6900939941406
2026-02-03 10:30:00-05:00,452.7799987792969,457.82000732421875,451.07000732421875,457.125
2026-02-03 11:30:00-05:00,457.0799865722656,459.0,452.510009765625,454.8699951171875
2026-02-03 12:30:00-05:00,454.8500061035156,456.3074951171875,450.85009765625,451.25
2026-02-03 13:30:00-05:00,451.2200012207031,453.45001220703125,448.30999755859375,453.1199951171875
2026-02-03 14:30:00-05:00,453.0799865722656,454.8699951171875,450.54998779296875,453.99249267578125
2026-02-03 15:30:00-05:00,453.94000244140625,455.6199951171875,453.29998779296875,454.45001220703125
2026-02-04 09:30:00-05:00,462.4700012207031,463.1000061035156,454.69000244140625,455.65948486328125
2026-02-04 10:30:00-05:00,455.7300109863281,456.0899963378906,449.19000244140625,452.5450134277344
2026-02-04 11:30:00-05:00,452.5400085449219,453.5,445.7099914550781,452.0400085449219
2026-02-04 12:30:00-05:00,451.989990234375,453.5799865722656,447.8500061035156,452.7950134277344
2026-02-04 13:30:00-05:00,452.7699890136719,455.0,450.6311950683594,453.4700012207031
2026-02-04 14:30:00-05:00,453.4800109863281,455.69000244140625,452.20001220703125,452.3999938964844
2026-02-04 15:30:00-05:00,452.4599914550781,455.04998779296875,451.69000244140625,453.8699951171875
2026-02-05 09:30:00-05:00,444.2900085449219,447.4898986816406,441.5,442.8550109863281
2026-02-05 10:30:00-05:00,442.80999755859375,446.4100036621094,441.0,445.6400146484375
2026-02-05 11:30:00-05:00,445.9100036621094,450.8999938964844,445.1099853515625,447.260009765625
2026-02-05 12:30:00-05:00,447.1400146484375,448.8399963378906,445.70001220703125,447.45001220703125
2026-02-05 13:30:00-05:00,447.3599853515625,447.7799987792969,444.5799865722656,445.7900085449219
2026-02-05 14:30:00-05:00,445.7900085449219,445.95001220703125,441.989990234375,443.3299865722656
2026-02-05 15:30:00-05:00,443.3699951171875,443.9800109863281,440.3500061035156,442.0
2026-02-06 09:30:00-05:00,450.6099853515625,456.21990966796875,450.17498779296875,455.1549987792969
2026-02-06 10:30:00-05:00,454.8399963378906,454.9399108886719,452.2300109863281,453.82000732421875
2026-02-06 11:30:00-05:00,453.8800048828125,455.9599914550781,452.9700012207031,455.3949890136719
2026-02-06 12:30:00-05:00,455.4599914550781,456.92999267578125,454.3205871582031,455.5
2026-02-06 13:30:00-05:00,455.44000244140625,456.6000061035156,455.0603942871094,455.6449890136719
2026-02-06 14:30:00-05:00,455.6199951171875,456.1499938964844,454.5799865722656,455.3800048828125
2026-02-06 15:30:00-05:00,455.3800048828125,455.3800048828125,453.6600036621094,455.3500061035156
2026-02-09 09:30:00-05:00,461.3900146484375,463.4599914550781,460.8500061035156,462.6899108886719
2026-02-09 10:30:00-05:00,462.69000244140625,466.9599914550781,462.6700134277344,466.239990234375
2026-02-09 11:30:00-05:00,466.3349914550781,467.07000732421875,465.1499938964844,465.8500061035156
2026-02-09 12:30:00-05:00,465.8999938964844,466.1000061035156,463.30999755859375,464.55999755859375
2026-02-09 13:30:00-05:00,464.5899963378906,466.44000244140625,464.0400085449219,466.3999938964844
2026-02-09 14:30:00-05:00,466.45001220703125,467.1099853515625,466.29998779296875,466.99951171875
2026-02-09 15:30:00-05:00,466.9851989746094,467.55999755859375,466.2300109863281,466.92999267578125
2026-02-10 09:30:00-05:00,465.9599914550781,466.75,461.3699951171875,462.5
2026-02-10 10:30:00-05:00,462.489990234375,462.9700012207031,459.5199890136719,460.489990234375
2026-02-10 11:30:00-05:00,460.4599914550781,463.1885986328125,460.2799987792969,462.9800109863281
2026-02-10 12:30:00-05:00,462.930908203125,463.2300109863281,459.8999938964844,460.2900085449219
2026-02-10 13:30:00-05:00,460.30499267578125,461.6000061035156,459.9200134277344,461.5299987792969
2026-02-10 14:30:00-05:00,461.55999755859375,462.67999267578125,461.44000244140625,462.20001220703125
2026-02-10 15:30:00-05:00,462.1300048828125,463.760009765625,462.0799865722656,462.3900146484375
2026-02-11 09:30:00-05:00,466.0,467.1000061035156,462.82000732421875,464.0
2026-02-11 10:30:00-05:00,463.9700012207031,465.510009765625,463.1400146484375,465.19000244140625
2026-02-11 11:30:00-05:00,465.1700134277344,468.0,464.5899963378906,467.6099853515625
2026-02-11 12:30:00-05:00,467.5899963378906,468.6099853515625,465.6700134277344,466.3399963378906
2026-02-11 13:30:00-05:00,466.29998779296875,468.2699890136719,466.0899963378906,468.0249938964844
2026-02-11 14:30:00-05:00,468.0249938964844,468.0249938964844,466.6300048828125,467.3999938964844
2026-02-11 15:30:00-05:00,467.3900146484375,467.8900146484375,466.760009765625,467.5199890136719
2026-02-12 09:30:00-05:00,464.8999938964844,466.0,462.94000244140625,465.5199890136719
2026-02-12 10:30:00-05:00,465.489990234375,466.3799133300781,448.05999755859375,449.8999938964844
2026-02-12 11:30:00-05:00,449.7699890136719,457.6600036621094,449.6000061035156,456.1000061035156
2026-02-12 12:30:00-05:00,456.0799865722656,457.0,450.75,452.7099914550781
2026-02-12 13:30:00-05:00,452.7699890136719,454.92999267578125,452.54998779296875,453.010009765625
2026-02-12 14:30:00-05:00,453.07000732421875,455.4599914550781,452.07000732421875,452.1499938964844
2026-02-12 15:30:00-05:00,452.1199951171875,452.6549987792969,451.1199951171875,451.55999755859375
2026-02-13 09:30:00-05:00,459.7300109863281,460.7300109863281,456.25,460.44171142578125
2026-02-13 10:30:00-05:00,460.44000244140625,462.7298889160156,457.1000061035156,462.1300048828125
2026-02-13 11:30:00-05:00,462.1300048828125,462.1600036621094,460.1199951171875,461.2099914550781
2026-02-13 12:30:00-05:00,461.1700134277344,462.4100036621094,460.94000244140625,461.5799865722656
2026-02-13 13:30:00-05:00,461.55999755859375,463.83990478515625,461.4444885253906,463.4100036621094
2026-02-13 14:30:00-05:00,463.3999938964844,463.55999755859375,461.75,462.2099914550781
2026-02-13 15:30:00-05:00,462.19000244140625,462.79998779296875,461.5400085449219,462.6000061035156
2026-02-17 09:30:00-05:00,450.260009765625,450.9898986816406,445.5299987792969,446.69000244140625
2026-02-17 10:30:00-05:00,446.7699890136719,449.75,445.8800048828125,448.82000732421875
2026-02-17 11:30:00-05:00,448.8599853515625,449.20001220703125,445.7699890136719,447.1099853515625
2026-02-17 12:30:00-05:00,447.07000732421875,449.4800109863281,446.1000061035156,449.1099853515625
2026-02-17 13:30:00-05:00,449.00750732421875,451.3699951171875,448.489990234375,448.75
2026-02-17 14:30:00-05:00,448.718505859375,449.19000244140625,447.8299865722656,448.2699890136719
2026-02-17 15:30:00-05:00,448.239990234375,448.8500061035156,447.8937072753906,448.2300109863281
2026-02-18 09:30:00-05:00,455.80999755859375,460.4200134277344,455.3240051269531,459.94500732421875
2026-02-18 10:30:00-05:00,459.9525146484375,459.989990234375,458.67999267578125,459.2200012207031
2026-02-18 11:30:00-05:00,459.1700134277344,460.510009765625,458.989990234375,459.42999267578125
2026-02-18 12:30:00-05:00,459.44000244140625,459.7900085449219,458.2699890136719,458.3900146484375
2026-02-18 13:30:00-05:00,458.3900146484375,459.0685119628906,456.9200134277344,457.54998779296875
2026-02-18 14:30:00-05:00,457.539306640625,458.0997009277344,457.010009765625,457.3800048828125
2026-02-18 15:30:00-05:00,457.3699951171875,458.3500061035156,457.32000732421875,458.1400146484375
2026-02-19 09:30:00-05:00,457.3399963378906,460.94000244140625,456.0299987792969,460.9100036621094
2026-02-19 10:30:00-05:00,460.8900146484375,461.5050048828125,458.5899963378906,459.2799987792969
2026-02-19 11:30:00-05:00,459.30999755859375,460.29998779296875,458.5299987792969,458.8399963378906
2026-02-19 12:30:00-05:00,458.82000732421875,459.05499267578125,457.20001220703125,457.3800048828125
2026-02-19 13:30:00-05:00,457.3399963378906,458.5400085449219,457.0899963378906,458.4100036621094
2026-02-19 14:30:00-05:00,458.3900146484375,459.1099853515625,457.427001953125,458.989990234375
2026-02-19 15:30:00-05:00,458.9800109863281,459.67999267578125,458.9100036621094,459.55999755859375
2026-02-20 09:30:00-05:00,463.25,465.3699951171875,458.3399963378906,461.82000732421875
2026-02-20 10:30:00-05:00,461.95001220703125,464.7099914550781,461.135009765625,464.3999938964844
2026-02-20 11:30:00-05:00,464.3800048828125,466.25,464.3399963378906,465.4164123535156
2026-02-20 12:30:00-05:00,465.3999938964844,466.5299987792969,464.45001220703125,464.92999267578125
2026-02-20 13:30:00-05:00,464.9200134277344,466.4599914550781,464.75,465.9200134277344
2026-02-20 14:30:00-05:00,465.9599914550781,467.5,465.92999267578125,467.32501220703125
2026-02-20 15:30:00-05:00,467.32000732421875,468.5899963378906,467.1300048828125,468.4800109863281
2026-02-23 09:30:00-05:00,474.6499938964844,478.2699890136719,474.6099853515625,477.69000244140625
2026-02-23 10:30:00-05:00,477.7099914550781,479.6499938964844,475.6300048828125,479.2300109863281
2026-02-23 11:30:00-05:00,479.2699890136719,479.57940673828125,477.8699951171875,478.8299865722656
2026-02-23 12:30:00-05:00,478.8804016113281,479.3299865722656,477.1000061035156,478.4200134277344
2026-02-23 13:30:00-05:00,478.4599914550781,479.2699890136719,478.4100036621094,478.7699890136719
2026-02-23 14:30:00-05:00,478.760009765625,480.29998779296875,478.6700134277344,480.1951904296875
2026-02-23 15:30:00-05:00,480.20001220703125,481.4599914550781,480.1499938964844,481.30999755859375
2026-02-24 09:30:00-05:00,470.0849914550781,472.9800109863281,469.54998779296875,472.19000244140625
2026-02-24 10:30:00-05:00,472.1700134277344,473.809814453125,471.82000732421875,472.70001220703125
2026-02-24 11:30:00-05:00,472.7200012207031,474.5400085449219,471.5199890136719,474.05999755859375
2026-02-24 12:30:00-05:00,474.0400085449219,475.1700134277344,473.8500061035156,474.0799865722656
2026-02-24 13:30:00-05:00,474.0799865722656,474.510009765625,472.9700012207031,473.44000244140625
2026-02-24 14:30:00-05:00,473.4800109863281,475.1199951171875,472.9599914550781,474.9690856933594
2026-02-24 15:30:00-05:00,474.9800109863281,475.44000244140625,474.0199890136719,474.5799865722656
2026-02-25 09:30:00-05:00,475.739990234375,478.1099853515625,474.1000061035156,476.0
2026-02-25 10:30:00-05:00,476.010009765625,478.4599914550781,475.2799987792969,478.1600036621094
2026-02-25 11:30:00-05:00,478.1400146484375,479.5299987792969,477.82000732421875,479.0400085449219
2026-02-25 12:30:00-05:00,479.1300048828125,479.2398986816406,478.2099914550781,478.52288818359375
2026-02-25 13:30:00-05:00,478.5249938964844,478.6000061035156,477.1099853515625,478.0899963378906
2026-02-25 14:30:00-05:00,478.1199951171875,478.70001220703125,476.29998779296875,476.63250732421875
2026-02-25 15:30:00-05:00,476.6600036621094,476.9800109863281,472.8999938964844,473.455810546875
2026-02-26 09:30:00-05:00,474.95001220703125,475.55999755859375,471.2300109863281,472.3599853515625
2026-02-26 10:30:00-05:00,472.29998779296875,477.1499938964844,472.226806640625,476.0299987792969
2026-02-26 11:30:00-05:00,475.9599914550781,476.9198913574219,475.3299865722656,475.3999938964844
2026-02-26 12:30:00-05:00,475.3599853515625,475.75,474.25,475.6050109863281
2026-02-26 13:30:00-05:00,475.6300048828125,476.7300109863281,474.07000732421875,476.4100036621094
2026-02-26 14:30:00-05:00,476.4700012207031,477.5299987792969,476.2200012207031,477.1536865234375
2026-02-26 15:30:00-05:00,477.1524963378906,477.8299865722656,476.7737121582031,477.4700012207031
2026-02-27 09:30:00-05:00,480.75,481.5799865722656,479.1099853515625,480.760009765625
2026-02-27 10:30:00-05:00,480.7799987792969,483.1730041503906,479.8900146484375,481.05999755859375
2026-02-27 11:30:00-05:00,481.07000732421875,481.44000244140625,480.0150146484375,480.510009765625
2026-02-27 12:30:00-05:00,480.4599914550781,481.3800048828125,479.7099914550781,480.70001220703125
2026-02-27 13:30:00-05:00,480.69000244140625,482.6700134277344,480.32000732421875,482.2799987792969
2026-02-27 14:30:00-05:00,482.3349914550781,483.6000061035156,481.8999938964844,483.1000061035156
2026-02-27 15:30:00-05:00,483.0799865722656,483.8999938964844,482.8800048828125,483.739990234375
2026-03-02 09:30:00-05:00,490.0950012207031,492.1499938964844,487.5,489.7699890136719
2026-03-02 10:30:00-05:00,489.7550048828125,491.4800109863281,483.2799987792969,487.93499755859375
2026-03-02 11:30:00-05:00,487.9100036621094,488.1300048828125,485.37310791015625,487.4800109863281
2026-03-02 12:30:00-05:00,487.4599914550781,488.8999938964844,486.05010986328125,486.8399963378906
2026-03-02 13:30:00-05:00,486.8500061035156,490.1000061035156,486.1600036621094,489.8699951171875
2026-03-02 14:30:00-05:00,489.9100036621094,491.3299865722656,489.1449890136719,490.0799865722656
2026-03-02 15:30:00-05:00,490.1499938964844,491.14849853515625,489.8800048828125,489.9800109863281
2026-03-03 09:30:00-05:00,472.8299865722656,472.8800048828125,458.92999267578125,463.4100036621094
2026-03-03 10:30:00-05:00,463.3699951171875,471.0400085449219,462.7701110839844,469.79998779296875
2026-03-03 11:30:00-05:00,469.7749938964844,471.7300109863281,466.8500061035156,467.17498779296875
2026-03-03 12:30:00-05:00,467.19000244140625,470.1700134277344,465.4100036621094,469.7799072265625
2026-03-03 13:30:00-05:00,469.67999267578125,473.20001220703125,468.80999755859375,469.239990234375
2026-03-03 14:30:00-05:00,469.25,471.44000244140625,468.57000732421875,470.7200012207031
2026-03-03 15:30:00-05:00,470.760009765625,471.0400085449219,467.32000732421875,468.2200012207031
2026-03-04 09:30:00-05:00,474.82000732421875,476.4150085449219,471.44000244140625,473.8599853515625
2026-03-04 10:30:00-05:00,473.8599853515625,474.79998779296875,471.614990234375,472.92999267578125
2026-03-04 11:30:00-05:00,472.8999938964844,474.0799865722656,470.3999938964844,471.6300048828125
2026-03-04 12:30:00-05:00,471.6600036621094,472.95001220703125,469.54998779296875,470.7099914550781
2026-03-04 13:30:00-05:00,470.739990234375,472.0,469.3900146484375,470.8500061035156
2026-03-04 14:30:00-05:00,470.8399963378906,472.2799987792969,470.739990234375,472.0
2026-03-04 15:30:00-05:00,472.1600036621094,472.8999938964844,471.55999755859375,471.75
2026-03-05 09:30:00-05:00,470.45001220703125,470.6700134277344,464.7799987792969,467.19000244140625
2026-03-05 10:30:00-05:00,467.20001220703125,468.82000732421875,464.7300109863281,465.1050109863281
2026-03-05 11:30:00-05:00,465.1700134277344,467.4700012207031,464.239990234375,466.1300048828125
2026-03-05 12:30:00-05:00,466.19000244140625,466.3291015625,463.9100036621094,465.79998779296875
2026-03-05 13:30:00-05:00,465.739990234375,467.07000732421875,464.94000244140625,465.3999938964844
2026-03-05 14:30:00-05:00,465.3800048828125,467.9599914550781,464.4100036621094,466.62249755859375
2026-03-05 15:30:00-05:00,466.6600036621094,466.80999755859375,465.9200134277344,466.2099914550781
2026-03-06 09:30:00-05:00,469.0400085449219,475.1400146484375,467.07000732421875,474.260009765625
2026-03-06 10:30:00-05:00,474.25,474.6400146484375,471.7300109863281,472.44500732421875
2026-03-06 11:30:00-05:00,472.5,472.989990234375,470.92999267578125,472.4649963378906
2026-03-06 12:30:00-05:00,472.510009765625,473.3999938964844,471.6000061035156,473.239990234375
2026-03-06 13:30:00-05:00,473.19000244140625,475.4599914550781,473.07000732421875,474.6000061035156
2026-03-06 14:30:00-05:00,474.57000732421875,474.8349914550781,473.4100036621094,473.510009765625
2026-03-06 15:30:00-05:00,473.5299987792969,474.25,473.1099853515625,473.5199890136719
2026-03-09 09:30:00-04:00,468.0899963378906,469.5899963378906,464.7900085449219,466.8900146484375
2026-03-09 10:30:00-04:00,466.8299865722656,470.043701171875,466.6300048828125,468.5
2026-03-09 11:30:00-04:00,468.4700012207031,469.4200134277344,467.95001220703125,468.9800109863281
2026-03-09 12:30:00-04:00,468.92999267578125,469.5199890136719,467.70001220703125,468.0799865722656
2026-03-09 13:30:00-04:00,468.1099853515625,469.2099914550781,467.5899963378906,469.0299987792969
2026-03-09 14:30:00-04:00,469.010009765625,472.6300048828125,468.95001220703125,472.2500915527344
2026-03-09 15:30:00-04:00,472.260009765625,472.67999267578125,470.92999267578125,472.45001220703125
2026-03-10 09:30:00-04:00,479.739990234375,479.7699890136719,476.4200134277344,478.6000061035156
2026-03-10 10:30:00-04:00,478.6499938964844,480.3900146484375,478.0,480.1189880371094
2026-03-10 11:30:00-04:00,480.1400146484375,481.30999755859375,479.8999938964844,480.739990234375
2026-03-10 12:30:00-04:00,480.7650146484375,481.04998779296875,479.9674987792969,480.8599853515625
2026-03-10 13:30:00-04:00,480.8800048828125,481.010009765625,474.2099914550781,478.14990234375
2026-03-10 14:30:00-04:00,478.125,478.5599060058594,476.3622131347656,477.8699951171875
2026-03-10 15:30:00-04:00,477.8949890136719,477.8999938964844,475.9599914550781,477.7300109863281
2026-03-11 09:30:00-04:00,476.1300048828125,477.3900146484375,473.1300048828125,477.2799987792969
2026-03-11 10:30:00-04:00,477.25,477.45001220703125,474.8800048828125,475.25
2026-03-11 11:30:00-04:00,475.25,475.5400085449219,474.4800109863281,474.7799987792969
2026-03-11 12:30:00-04:00,474.7699890136719,476.05999755859375,474.69000244140625,475.2200012207031
2026-03-11 13:30:00-04:00,475.2300109863281,475.80999755859375,473.4800109863281,475.75
2026-03-11 14:30:00-04:00,475.75,475.8299865722656,474.9599914550781,475.7099914550781
2026-03-11 15:30:00-04:00,475.7200012207031,476.29998779296875,475.6000061035156,476.260009765625
2026-03-12 09:30:00-04:00,475.0199890136719,475.0199890136719,472.7250061035156,473.30499267578125
2026-03-12 10:30:00-04:00,473.29998779296875,473.42999267578125,469.3500061035156,471.1099853515625
2026-03-12 11:30:00-04:00,471.114990234375,471.94000244140625,470.1099853515625,471.3599853515625
2026-03-12 12:30:00-04:00,471.3500061035156,471.8799133300781,469.67999267578125,470.17999267578125
2026-03-12 13:30:00-04:00,470.19000244140625,470.2950134277344,468.5199890136719,468.8900146484375
2026-03-12 14:30:00-04:00,468.8500061035156,468.8800048828125,466.6000061035156,467.8399963378906
2026-03-12 15:30:00-04:00,467.8450012207031,468.1300048828125,466.6600036621094,466.9800109863281
2026-03-13 09:30:00-04:00,469.30999755859375,470.10198974609375,466.9200134277344,467.4800109863281
2026-03-13 10:30:00-04:00,467.4700927734375,467.79998779296875,462.6044006347656,465.1499938964844
2026-03-13 11:30:00-04:00,465.114990234375,465.6000061035156,461.1099853515625,463.1199951171875
2026-03-13 12:30:00-04:00,463.1199951171875,465.04998779296875,463.0799865722656,464.4599914550781
2026-03-13 13:30:00-04:00,464.5299987792969,465.20001220703125,462.70001220703125,463.17999267578125
2026-03-13 14:30:00-04:00,463.0899963378906,463.9100036621094,462.30999755859375,462.55999755859375
2026-03-13 15:30:00-04:00,462.5400085449219,462.7499084472656,460.2200012207031,460.79998779296875
2026-03-16 09:30:00-04:00,461.2650146484375,462.79998779296875,460.6199951171875,460.6400146484375
2026-03-16 10:30:00-04:00,460.6199951171875,460.6700134277344,457.9100036621094,458.54998779296875
2026-03-16 11:30:00-04:00,458.54998779296875,459.6300048828125,457.2799987792969,457.5
2026-03-16 12:30:00-04:00,457.4393005371094,459.70001220703125,456.9049987792969,458.9200134277344
2026-03-16 13:30:00-04:00,458.94000244140625,460.0599060058594,457.8699951171875,459.8699951171875
2026-03-16 14:30:00-04:00,459.8800048828125,461.1700134277344,459.7900085449219,460.239990234375
2026-03-16 15:30:00-04:00,460.2300109863281,460.8299865722656,460.07000732421875,460.45001220703125
2026-03-17 09:30:00-04:00,460.510009765625,462.2099914550781,459.79998779296875,460.1199951171875
2026-03-17 10:30:00-04:00,460.05999755859375,461.1199951171875,458.7200012207031,458.8500061035156
2026-03-17 11:30:00-04:00,458.80999755859375,459.8399963378906,456.8699951171875,459.7200012207031
2026-03-17 12:30:00-04:00,459.7200012207031,460.114990234375,459.0899963378906,459.54998779296875
2026-03-17 13:30:00-04:00,459.57000732421875,460.20001220703125,458.9549865722656,459.6831970214844
2026-03-17 14:30:00-04:00,459.69000244140625,460.1400146484375,459.1499938964844,459.2980041503906
2026-03-17 15:30:00-04:00,459.30999755859375,459.6499938964844,458.989990234375,459.29998779296875
2026-03-18 09:30:00-04:00,446.6600036621094,449.6300048828125,445.54998779296875,446.510009765625
2026-03-18 10:30:00-04:00,446.5,448.2799987792969,446.1000061035156,447.510009765625
2026-03-18 11:30:00-04:00,447.510009765625,448.5398864746094,446.4800109863281,448.4898986816406
2026-03-18 12:30:00-04:00,448.4700012207031,449.95001220703125,447.6600036621094,449.29998779296875
2026-03-18 13:30:00-04:00,449.2900085449219,450.05999755859375,448.05999755859375,448.8900146484375
2026-03-18 14:30:00-04:00,448.7900085449219,449.0799865722656,444.8999938964844,445.4100036621094
2026-03-18 15:30:00-04:00,445.4200134277344,446.4800109863281,444.3900146484375,444.8299865722656
2026-03-19 09:30:00-04:00,420.3599853515625,426.9599914550781,416.79998779296875,421.1300048828125
2026-03-19 10:30:00-04:00,421.1300048828125,426.0199890136719,420.7513122558594,422.7698059082031
2026-03-19 11:30:00-04:00,422.67999267578125,424.8500061035156,419.29998779296875,422.3900146484375
2026-03-19 12:30:00-04:00,422.42498779296875,423.75,420.05999755859375,422.75
2026-03-19 13:30:00-04:00,422.79998779296875,425.1600036621094,422.42999267578125,423.30999755859375
2026-03-19 14:30:00-04:00,423.2799987792969,428.2677001953125,422.1099853515625,426.5199890136719
2026-03-19 15:30:00-04:00,426.510009765625,427.07000732421875,425.3999938964844,426.4649963378906
2026-03-20 09:30:00-04:00,428.0899963378906,428.5899963378906,418.0199890136719,418.69000244140625
2026-03-20 10:30:00-04:00,418.67999267578125,421.1600036621094,417.04998779296875,419.1050109863281
2026-03-20 11:30:00-04:00,419.07000732421875,423.80999755859375,417.3901062011719,421.1600036621094
2026-03-20 12:30:00-04:00,421.1700134277344,422.5199890136719,419.54998779296875,419.95001220703125
2026-03-20 13:30:00-04:00,419.9599914550781,420.5199890136719,416.71270751953125,418.3599853515625
2026-03-20 14:30:00-04:00,418.32000732421875,418.55999755859375,411.2300109863281,413.17999267578125
2026-03-20 15:30:00-04:00,413.25,414.8599853515625,412.6300048828125,413.54998779296875
2026-03-23 09:30:00-04:00,405.1199951171875,414.5400085449219,404.0,412.1199951171875
2026-03-23 10:30:00-04:00,412.0899963378906,413.7799987792969,406.75,408.5299987792969
2026-03-23 11:30:00-04:00,408.4599914550781,409.29998779296875,399.6401062011719,400.03741455078125
2026-03-23 12:30:00-04:00,400.04998779296875,405.489990234375,399.8900146484375,404.614990234375
2026-03-23 13:30:00-04:00,404.6499938964844,407.7300109863281,404.3699951171875,406.5299987792969
2026-03-23 14:30:00-04:00,406.5299987792969,410.3299865722656,403.54998779296875,405.1300048828125
2026-03-23 15:30:00-04:00,405.1400146484375,406.69000244140625,403.94000244140625,404.0379943847656
2026-03-24 09:30:00-04:00,400.239990234375,405.5799865722656,399.20001220703125,405.0400085449219
2026-03-24 10:30:00-04:00,404.9599914550781,407.2900085449219,403.79998779296875,405.3550109863281
2026-03-24 11:30:00-04:00,405.3399963378906,407.010009765625,404.42999267578125,406.0899963378906
2026-03-24 12:30:00-04:00,406.0899963378906,406.75,403.07000732421875,404.1499938964844
2026-03-24 13:30:00-04:00,404.1300048828125,405.1099853515625,401.6000061035156,404.8399963378906
2026-03-24 14:30:00-04:00,404.8900146484375,406.3500061035156,402.7099914550781,404.8399963378906
2026-03-24 15:30:00-04:00,404.8800048828125,404.8800048828125,403.739990234375,404.1799011230469
2026-03-25 09:30:00-04:00,419.7049865722656,420.42999267578125,416.3900146484375,419.1300048828125
2026-03-25 10:30:00-04:00,419.1866149902344,420.6600036621094,415.6000061035156,418.8912048339844
2026-03-25 11:30:00-04:00,418.9200134277344,419.30999755859375,417.4599914550781,418.4800109863281
2026-03-25 12:30:00-04:00,418.42999267578125,418.989990234375,417.30999755859375,418.2799987792969
2026-03-25 13:30:00-04:00,418.3500061035156,419.7799987792969,417.57000732421875,418.19000244140625
2026-03-25 14:30:00-04:00,418.17999267578125,418.75,412.25,414.6199951171875
2026-03-25 15:30:00-04:00,414.6300048828125,416.4800109863281,413.9700012207031,416.2850036621094
2026-03-26 09:30:00-04:00,408.5299987792969,410.4800109863281,406.76141357421875,409.4599914550781
2026-03-26 10:30:00-04:00,409.489990234375,411.3699951171875,408.32000732421875,409.15838623046875
2026-03-26 11:30:00-04:00,409.0299987792969,409.07000732421875,402.80999755859375,403.7799987792969
2026-03-26 12:30:00-04:00,403.7099914550781,404.29998779296875,401.010009765625,402.5
2026-03-26 13:30:00-04:00,402.54998779296875,403.3800048828125,401.1000061035156,401.6700134277344
2026-03-26 14:30:00-04:00,401.69000244140625,403.989990234375,401.5976867675781,402.2799987792969
2026-03-26 15:30:00-04:00,402.2900085449219,402.96929931640625,400.260009765625,400.6400146484375
2026-03-27 09:30:00-04:00,406.20001220703125,410.69000244140625,405.4100036621094,409.2850036621094
2026-03-27 10:30:00-04:00,409.20001220703125,418.3999938964844,408.9049987792969,417.3399963378906
2026-03-27 11:30:00-04:00,417.3699951171875,418.17999267578125,414.94000244140625,415.92999267578125
2026-03-27 12:30:00-04:00,415.9800109863281,415.989990234375,412.1300048828125,412.7900085449219
2026-03-27 13:30:00-04:00,412.7699890136719,414.4100036621094,412.04998779296875,414.239990234375
2026-03-27 14:30:00-04:00,414.2699890136719,415.989990234375,414.0400085449219,415.489990234375
2026-03-27 15:30:00-04:00,415.5299987792969,415.7799072265625,413.45001220703125,414.6899108886719
2026-03-30 09:30:00-04:00,419.5400085449219,420.1000061035156,414.44000244140625,415.05999755859375
2026-03-30 10:30:00-04:00,415.0299987792969,417.3699951171875,414.8900146484375,416.260009765625
2026-03-30 11:30:00-04:00,416.25,418.5400085449219,415.8999938964844,416.7149963378906
2026-03-30 12:30:00-04:00,416.70001220703125,417.8299865722656,415.0899963378906,415.8500061035156
2026-03-30 13:30:00-04:00,415.82000732421875,415.9200134277344,414.25,414.54998779296875
2026-03-30 14:30:00-04:00,414.5899963378906,415.1000061035156,412.6600036621094,413.489990234375
2026-03-30 15:30:00-04:00,413.5,415.0299987792969,413.1499938964844,414.5899963378906
2026-03-31 09:30:00-04:00,420.07501220703125,424.8699951171875,419.5899963378906,424.3194885253906
2026-03-31 10:30:00-04:00,424.3500061035156,425.3699951171875,422.1014099121094,423.4800109863281
2026-03-31 11:30:00-04:00,423.489990234375,424.75,423.1700134277344,424.2099914550781
2026-03-31 12:30:00-04:00,424.25,427.9200134277344,423.9599914550781,426.9800109863281
2026-03-31 13:30:00-04:00,427.0,428.94000244140625,426.70001220703125,428.5
2026-03-31 14:30:00-04:00,428.4800109863281,430.05999755859375,428.1499938964844,429.3299865722656
2026-03-31 15:30:00-04:00,429.3399963378906,430.57000732421875,429.2799987792969,430.2449951171875
2026-04-01 09:30:00-04:00,435.0,436.6000061035156,433.760009765625,435.5
2026-04-01 10:30:00-04:00,435.4849853515625,438.6300048828125,434.8299865722656,438.32000732421875
2026-04-01 11:30:00-04:00,438.3399963378906,439.9849853515625,438.0199890136719,438.6099853515625
2026-04-01 12:30:00-04:00,438.6099853515625,440.19000244140625,438.510009765625,439.4800109863281
2026-04-01 13:30:00-04:00,439.4800109863281,439.54998779296875,436.3399963378906,436.5350036621094
2026-04-01 14:30:00-04:00,436.5400085449219,437.9590148925781,435.42999267578125,437.6449890136719
2026-04-01 15:30:00-04:00,437.6449890136719,438.8399963378906,436.94000244140625,437.7699890136719
2026-04-02 09:30:00-04:00,422.2900085449219,429.5199890136719,421.1700134277344,428.55999755859375
2026-04-02 10:30:00-04:00,428.6000061035156,431.6700134277344,427.9100036621094,429.17999267578125
2026-04-02 11:30:00-04:00,429.2300109863281,429.55999755859375,426.3900146484375,427.1639099121094
2026-04-02 12:30:00-04:00,427.1499938964844,429.1099853515625,427.1499938964844,427.2799987792969
2026-04-02 13:30:00-04:00,427.3699951171875,427.989990234375,426.760009765625,427.30999755859375
2026-04-02 14:30:00-04:00,427.32000732421875,430.0400085449219,427.32000732421875,428.5400085449219
2026-04-02 15:30:00-04:00,428.55999755859375,429.6300048828125,428.20001220703125,429.239990234375
2026-04-06 09:30:00-04:00,428.8699951171875,430.8599853515625,428.0,430.4895935058594
2026-04-06 10:30:00-04:00,430.489990234375,431.489990234375,427.6000061035156,428.7300109863281
2026-04-06 11:30:00-04:00,428.7300109863281,429.239990234375,427.3500061035156,428.6199951171875
2026-04-06 12:30:00-04:00,428.6199951171875,429.1300048828125,426.7699890136719,427.7699890136719
2026-04-06 13:30:00-04:00,427.75,428.67999267578125,427.2099914550781,428.0899963378906
2026-04-06 14:30:00-04:00,428.0799865722656,428.3900146484375,426.7099914550781,427.1199951171875
2026-04-06 15:30:00-04:00,427.1199951171875,427.8500061035156,426.989990234375,427.67999267578125
2026-04-07 09:30:00-04:00,427.8949890136719,428.3399963378906,423.1000061035156,426.6199951171875
2026-04-07 10:30:00-04:00,426.6300048828125,428.1499938964844,424.739990234375,427.3699951171875
2026-04-07 11:30:00-04:00,427.385009765625,428.79998779296875,426.1499938964844,428.30499267578125
2026-04-07 12:30:00-04:00,428.3215026855469,429.20001220703125,427.44000244140625,428.04998779296875
2026-04-07 13:30:00-04:00,428.1000061035156,430.4299011230469,428.0450134277344,429.875
2026-04-07 14:30:00-04:00,430.0,431.9100036621094,427.7698059082031,430.54998779296875
2026-04-07 15:30:00-04:00,430.5849914550781,433.42999267578125,430.0,431.7950134277344
2026-04-08 09:30:00-04:00,439.9800109863281,440.44000244140625,437.3699951171875,437.95001220703125
2026-04-08 10:30:00-04:00,437.92999267578125,438.1083068847656,434.5801086425781,436.3800048828125
2026-04-08 11:30:00-04:00,436.3999938964844,437.489990234375,435.8699951171875,436.2749938964844
2026-04-08 12:30:00-04:00,436.29998779296875,437.7200012207031,435.8800048828125,436.3900146484375
2026-04-08 13:30:00-04:00,436.3800048828125,436.6400146484375,433.2200012207031,433.7699890136719
2026-04-08 14:30:00-04:00,433.82000732421875,434.0199890136719,431.30999755859375,432.3800048828125
2026-04-08 15:30:00-04:00,432.3800048828125,434.6499938964844,432.3800048828125,434.510009765625
2026-04-09 09:30:00-04:00,436.4700012207031,438.69000244140625,436.25,437.5899963378906
2026-04-09 10:30:00-04:00,437.55999755859375,439.6000061035156,435.8699951171875,438.8299865722656
2026-04-09 11:30:00-04:00,438.79998779296875,440.82000732421875,438.7300109863281,440.0849914550781
2026-04-09 12:30:00-04:00,440.05999755859375,440.67999267578125,439.32000732421875,440.1199951171875
2026-04-09 13:30:00-04:00,440.19000244140625,440.9049987792969,438.69000244140625,439.1300048828125
2026-04-09 14:30:00-04:00,439.0299987792969,439.260009765625,437.8599853515625,438.3699951171875
2026-04-09 15:30:00-04:00,438.3699951171875,438.7699890136719,437.70001220703125,437.8500061035156
2026-04-10 09:30:00-04:00,438.5899963378906,440.1700134277344,437.57000732421875,439.989990234375
2026-04-10 10:30:00-04:00,439.9800109863281,440.3500061035156,438.1400146484375,438.69500732421875
2026-04-10 11:30:00-04:00,438.6499938964844,438.8999938964844,436.0,437.0398864746094
2026-04-10 12:30:00-04:00,437.0299987792969,438.00250244140625,436.8900146484375,437.44000244140625
2026-04-10 13:30:00-04:00,437.3999938964844,438.0299987792969,436.30999755859375,437.6600036621094
2026-04-10 14:30:00-04:00,437.760009765625,438.3800048828125,437.4700012207031,437.54998779296875
2026-04-10 15:30:00-04:00,437.510009765625,437.6991882324219,436.9750061035156,437.1700134277344
2026-04-13 09:30:00-04:00,434.7749938964844,435.7300109863281,432.4601135253906,433.1000061035156
2026-04-13 10:30:00-04:00,433.04998779296875,433.79949951171875,431.6300048828125,432.0350036621094
2026-04-13 11:30:00-04:00,432.0201110839844,434.8500061035156,431.8800048828125,434.5400085449219
2026-04-13 12:30:00-04:00,434.44500732421875,436.2200012207031,434.010009765625,435.6099853515625
2026-04-13 13:30:00-04:00,435.5799865722656,436.0,433.80999755859375,434.1700134277344
2026-04-13 14:30:00-04:00,434.1300048828125,435.6700134277344,434.1300048828125,435.5799865722656
2026-04-13 15:30:00-04:00,435.5799865722656,436.010009765625,435.2099914550781,435.3399963378906
2026-04-14 09:30:00-04:00,439.32000732421875,441.889892578125,439.0199890136719,441.7799987792969
2026-04-14 10:30:00-04:00,441.7799987792969,442.5400085449219,440.07000732421875,441.1300048828125
2026-04-14 11:30:00-04:00,441.135009765625,442.67999267578125,441.1199951171875,442.3949890136719
2026-04-14 12:30:00-04:00,442.42999267578125,444.04998779296875,441.75,443.19940185546875
2026-04-14 13:30:00-04:00,443.2200012207031,444.8599853515625,443.2200012207031,444.3900146484375
2026-04-14 14:30:00-04:00,444.3599853515625,444.8074035644531,443.70001220703125,444.6300048828125
2026-04-14 15:30:00-04:00,444.6199951171875,445.17999267578125,444.44000244140625,445.0299987792969
2026-04-15 09:30:00-04:00,442.8800048828125,443.739990234375,442.2799987792969,443.1700134277344
2026-04-15 10:30:00-04:00,443.17999267578125,443.2099914550781,440.6400146484375,440.6700134277344
2026-04-15 11:30:00-04:00,440.7200012207031,442.0400085449219,439.6000061035156,441.8800048828125
2026-04-15 12:30:00-04:00,441.9200134277344,441.9599914550781,440.70001220703125,441.0400085449219
2026-04-15 13:30:00-04:00,441.0,441.135009765625,440.0,440.3900146484375
2026-04-15 14:30:00-04:00,440.44000244140625,441.20001220703125,440.3599853515625,441.19000244140625
2026-04-15 15:30:00-04:00,441.1300048828125,441.1700134277344,440.30999755859375,440.45001220703125
2026-04-16 09:30:00-04:00,442.1499938964844,442.9800109863281,439.3299865722656,440.69000244140625
2026-04-16 10:30:00-04:00,440.739990234375,441.95001220703125,438.17999267578125,441.0199890136719
2026-04-16 11:30:00-04:00,440.9200134277344,441.80999755859375,440.4800109863281,440.69500732421875
2026-04-16 12:30:00-04:00,440.74029541015625,440.75,439.3710021972656,439.3999938964844
2026-04-16 13:30:00-04:00,439.3900146484375,440.2300109863281,439.05999755859375,439.5899963378906
2026-04-16 14:30:00-04:00,439.5899963378906,440.32000732421875,439.54998779296875,439.8900146484375
2026-04-16 15:30:00-04:00,440.0,440.635009765625,439.0,440.1600036621094
2026-04-17 09:30:00-04:00,445.6499938964844,448.70001220703125,445.32000732421875,447.4649963378906
2026-04-17 10:30:00-04:00,447.4800109863281,448.489990234375,446.5899963378906,446.8900146484375
2026-04-17 11:30:00-04:00,446.92999267578125,447.6485900878906,445.92999267578125,447.1000061035156
2026-04-17 12:30:00-04:00,447.2200012207031,447.5799865722656,445.7799987792969,446.25
2026-04-17 13:30:00-04:00,446.25,447.1700134277344,445.8399963378906,446.489990234375
2026-04-17 14:30:00-04:00,446.510009765625,447.0299987792969,445.8450012207031,446.1000061035156
2026-04-17 15:30:00-04:00,446.1000061035156,446.5400085449219,445.74090576171875,445.8800048828125
2026-04-20 09:30:00-04:00,443.1300048828125,443.3599853515625,441.4200134277344,443.0199890136719
2026-04-20 10:30:00-04:00,443.01031494140625,443.4200134277344,440.05999755859375,441.6499938964844
2026-04-20 11:30:00-04:00,441.6199951171875,441.69000244140625,440.1839904785156,440.9150085449219
2026-04-20 12:30:00-04:00,440.94000244140625,441.9200134277344,440.7250061035156,441.80499267578125
2026-04-20 13:30:00-04:00,441.7799987792969,442.3399963378906,441.32000732421875,442.1300048828125
2026-04-20 14:30:00-04:00,442.1600036621094,442.82000732421875,441.8900146484375,442.4599914550781
2026-04-20 15:30:00-04:00,442.4599914550781,442.4700012207031,441.69000244140625,442.1698913574219
2026-04-21 09:30:00-04:00,438.54998779296875,440.2449951171875,438.010009765625,438.44000244140625
2026-04-21 10:30:00-04:00,438.4200134277344,438.5299987792969,433.760009765625,435.510009765625
2026-04-21 11:30:00-04:00,435.489990234375,436.20001220703125,433.3800048828125,433.54998779296875
2026-04-21 12:30:00-04:00,433.5299987792969,434.1400146484375,431.3399963378906,431.6600036621094
2026-04-21 13:30:00-04:00,431.6400146484375,433.7099914550781,430.94000244140625,431.32000732421875
2026-04-21 14:30:00-04:00,431.3599853515625,433.0,431.3599853515625,432.9150085449219
2026-04-21 15:30:00-04:00,432.95001220703125,433.0199890136719,428.7099914550781,429.7099914550781
2026-04-22 09:30:00-04:00,436.2699890136719,437.1700134277344,435.3900146484375,435.6099853515625
2026-04-22 10:30:00-04:00,435.67999267578125,435.739990234375,434.2799987792969,434.8999938964844
2026-04-22 11:30:00-04:00,434.8299865722656,434.91839599609375,433.79998779296875,434.04998779296875
2026-04-22 12:30:00-04:00,434.07000732421875,435.2099914550781,433.7799987792969,434.8450012207031
2026-04-22 13:30:00-04:00,434.8500061035156,435.1499938964844,434.30999755859375,434.3800048828125
2026-04-22 14:30:00-04:00,434.3999938964844,436.20001220703125,434.3699951171875,435.7099914550781
2026-04-22 15:30:00-04:00,435.7300109863281,435.7349853515625,435.0150146484375,435.3179931640625
2026-04-23 09:30:00-04:00,433.9599914550781,435.2912902832031,433.0299987792969,434.3500061035156
2026-04-23 10:30:00-04:00,434.29998779296875,435.25,433.8797912597656,434.5400085449219
2026-04-23 11:30:00-04:00,434.510009765625,434.70001220703125,432.95001220703125,433.6099853515625
2026-04-23 12:30:00-04:00,433.57000732421875,434.8450012207031,431.8800048828125,432.1600036621094
2026-04-23 13:30:00-04:00,432.1300048828125,433.5400085449219,428.239990234375,433.0350036621094
2026-04-23 14:30:00-04:00,433.07000732421875,433.3699951171875,430.7900085449219,431.4800109863281
2026-04-23 15:30:00-04:00,431.4949951171875,431.6300048828125,430.4800109863281,431.07000732421875
2026-04-24 09:30:00-04:00,431.3349914550781,435.2799987792969,430.65008544921875,433.9599914550781
2026-04-24 10:30:00-04:00,433.95001220703125,434.6499938964844,433.2980041503906,433.55999755859375
2026-04-24 11:30:00-04:00,433.5849914550781,434.69000244140625,432.9100036621094,433.7900085449219
2026-04-24 12:30:00-04:00,433.7900085449219,434.3999938964844,433.3399963378906,433.697509765625
2026-04-24 13:30:00-04:00,433.67999267578125,434.1600036621094,433.1700134277344,433.20001220703125
2026-04-24 14:30:00-04:00,433.17498779296875,433.9700012207031,433.1449890136719,433.3534240722656
2026-04-24 15:30:00-04:00,433.3550109863281,433.4700012207031,432.75,433.1300048828125
2026-04-27 09:30:00-04:00,431.6600036621094,431.79998779296875,430.29998779296875,430.6400146484375
2026-04-27 10:30:00-04:00,430.510009765625,431.2799987792969,428.5199890136719,429.82000732421875
2026-04-27 11:30:00-04:00,429.80499267578125,429.9800109863281,428.5400085449219,429.3299865722656
2026-04-27 12:30:00-04:00,429.3699951171875,429.69000244140625,428.6400146484375,429.69000244140625
2026-04-27 13:30:00-04:00,429.70001220703125,430.29998779296875,429.635009765625,430.1499938964844
2026-04-27 14:30:00-04:00,430.1300048828125,430.2200012207031,429.6099853515625,429.95001220703125
2026-04-27 15:30:00-04:00,429.9200134277344,429.94000244140625,429.42999267578125,429.8699951171875
2026-04-28 09:30:00-04:00,420.7200012207031,421.7200012207031,419.0299987792969,419.739990234375
2026-04-28 10:30:00-04:00,419.79998779296875,420.6549987792969,418.3999938964844,420.2200012207031
2026-04-28 11:30:00-04:00,420.1499938964844,421.17999267578125,419.6600036621094,420.82000732421875
2026-04-28 12:30:00-04:00,420.82000732421875,422.139892578125,420.6099853515625,421.82000732421875
2026-04-28 13:30:00-04:00,421.8299865722656,422.5199890136719,421.6499938964844,422.32000732421875
2026-04-28 14:30:00-04:00,422.3299865722656,422.3500061035156,421.7799987792969,422.0199890136719
2026-04-28 15:30:00-04:00,422.0299987792969,422.3919982910156,421.739990234375,422.0
2026-04-29 09:30:00-04:00,416.04998779296875,416.8800048828125,414.1600036621094,416.2300109863281
2026-04-29 10:30:00-04:00,416.2449951171875,417.5,416.0246887207031,417.3299865722656
2026-04-29 11:30:00-04:00,417.2699890136719,419.1705017089844,416.8999938964844,418.7900085449219
2026-04-29 12:30:00-04:00,418.7200012207031,418.7200012207031,417.16009521484375,417.55999755859375
2026-04-29 13:30:00-04:00,417.6199035644531,418.0199890136719,415.5400085449219,416.20001220703125
2026-04-29 14:30:00-04:00,416.2200012207031,417.8900146484375,414.79998779296875,417.14849853515625
2026-04-29 15:30:00-04:00,417.1300048828125,417.79998779296875,416.6400146484375,417.45001220703125
2026-04-30 09:30:00-04:00,425.3399963378906,425.4599914550781,423.1300048828125,424.3599853515625
2026-04-30 10:30:00-04:00,424.2900085449219,424.4800109863281,423.2200012207031,424.3500061035156
2026-04-30 11:30:00-04:00,424.364990234375,424.55999755859375,422.7394104003906,422.9601135253906
2026-04-30 12:30:00-04:00,422.9599914550781,424.1199951171875,422.7799987792969,423.9200134277344
2026-04-30 13:30:00-04:00,423.9100036621094,424.5350036621094,423.5899963378906,424.1148986816406
2026-04-30 14:30:00-04:00,424.1300048828125,424.739990234375,423.7799987792969,423.8500061035156
2026-04-30 15:30:00-04:00,423.8500061035156,424.3800048828125,423.5,423.69000244140625
2026-05-01 09:30:00-04:00,421.4119873046875,427.92999267578125,421.1199951171875,426.44000244140625
2026-05-01 10:30:00-04:00,426.5,426.6199951171875,424.06500244140625,425.67999267578125
2026-05-01 11:30:00-04:00,425.75,426.9200134277344,425.3100891113281,425.8013916015625
2026-05-01 12:30:00-04:00,425.9700012207031,426.25,425.17999267578125,425.260009765625
2026-05-01 13:30:00-04:00,425.25,425.489990234375,423.57000732421875,424.5299987792969
2026-05-01 14:30:00-04:00,424.2300109863281,424.9049987792969,423.79998779296875,424.6000061035156
2026-05-01 15:30:00-04:00,424.6099853515625,424.61090087890625,423.0799865722656,423.29998779296875
2026-05-04 09:30:00-04:00,418.8399963378906,420.739990234375,418.0799865722656,419.67999267578125
2026-05-04 10:30:00-04:00,419.6400146484375,420.8599853515625,414.3800048828125,416.6700134277344
2026-05-04 11:30:00-04:00,416.67999267578125,417.2099914550781,413.28009033203125,414.5299987792969
2026-05-04 12:30:00-04:00,414.5299987792969,416.1400146484375,413.8900146484375,415.44000244140625
2026-05-04 13:30:00-04:00,415.42999267578125,415.75,414.1199951171875,414.29998779296875
2026-05-04 14:30:00-04:00,414.29998779296875,415.57000732421875,414.2099914550781,415.2900085449219
2026-05-04 15:30:00-04:00,415.29998779296875,415.739990234375,414.55499267578125,414.760009765625
2026-05-05 09:30:00-04:00,420.1499938964844,421.1600036621094,419.1802978515625,420.9100036621094
2026-05-05 10:30:00-04:00,420.8999938964844,421.07000732421875,420.05999755859375,420.4100036621094
2026-05-05 11:30:00-04:00,420.4100036621094,420.57000732421875,418.29998779296875,418.6400146484375
2026-05-05 12:30:00-04:00,418.6499938964844,418.9200134277344,418.05999755859375,418.5201110839844
2026-05-05 13:30:00-04:00,418.5450134277344,419.169189453125,418.2950134277344,418.8800048828125
2026-05-05 14:30:00-04:00,418.9100036621094,419.2300109863281,418.25,418.3699951171875
2026-05-05 15:30:00-04:00,418.3999938964844,418.5799865722656,417.9049987792969,418.07000732421875
2026-05-06 09:30:00-04:00,430.1499938964844,433.19000244140625,429.7300109863281,432.05999755859375
2026-05-06 10:30:00-04:00,432.0950012207031,432.8699951171875,430.8900146484375,431.08648681640625
2026-05-06 11:30:00-04:00,431.1000061035156,431.2699890136719,429.7850036621094,430.4200134277344
2026-05-06 12:30:00-04:00,430.45001220703125,430.7799987792969,429.6400146484375,429.94000244140625
2026-05-06 13:30:00-04:00,429.9549865722656,430.6600036621094,429.6000061035156,430.4800109863281
2026-05-06 14:30:00-04:00,430.3699951171875,431.5299987792969,430.1449890136719,431.385009765625
2026-05-06 15:30:00-04:00,431.3699951171875,431.4549865722656,430.55999755859375,430.8299865722656
2026-05-07 09:30:00-04:00,435.6099853515625,436.92999267578125,434.8699951171875,436.70001220703125
2026-05-07 10:30:00-04:00,436.70001220703125,437.4200134277344,434.7900085449219,435.1199951171875
2026-05-07 11:30:00-04:00,435.2200012207031,435.83990478515625,431.7900085449219,433.30499267578125
2026-05-07 12:30:00-04:00,433.2200012207031,433.385009765625,430.25,431.3330078125
2026-05-07 13:30:00-04:00,431.2900085449219,432.6700134277344,430.7799987792969,432.6499938964844
2026-05-07 14:30:00-04:00,432.6700134277344,432.94000244140625,431.06500244140625,431.9100036621094
2026-05-07 15:30:00-04:00,431.92999267578125,432.5299987792969,431.6499938964844,431.70001220703125
2026-05-08 09:30:00-04:00,434.04998779296875,436.20001220703125,433.07000732421875,433.25
2026-05-08 10:30:00-04:00,433.19000244140625,433.92498779296875,431.902587890625,432.70001220703125
2026-05-08 11:30:00-04:00,432.7499084472656,433.239990234375,431.70001220703125,433.2200012207031
2026-05-08 12:30:00-04:00,433.239990234375,433.5899963378906,432.635009765625,433.489990234375
2026-05-08 13:30:00-04:00,433.4800109863281,434.2300109863281,433.3299865722656,434.0
2026-05-08 14:30:00-04:00,433.95001220703125,433.9999084472656,433.44000244140625,433.7699890136719
2026-05-08 15:30:00-04:00,433.760009765625,434.0799865722656,433.5809020996094,433.80999755859375
2026-05-11 09:30:00-04:00,434.1820068359375,436.0400085449219,433.2200012207031,433.7699890136719
2026-05-11 10:30:00-04:00,433.7699890136719,435.04998779296875,432.9599914550781,434.55999755859375
2026-05-11 11:30:00-04:00,434.6000061035156,434.7300109863281,433.5799865722656,433.7200012207031
2026-05-11 12:30:00-04:00,433.7200012207031,433.893310546875,432.2099914550781,433.20001220703125
2026-05-11 13:30:00-04:00,433.25,434.1000061035156,433.239990234375,434.06500244140625
2026-05-11 14:30:00-04:00,434.04998779296875,434.30999755859375,433.6600036621094,433.7950134277344
2026-05-11 15:30:00-04:00,433.7950134277344,434.8699951171875,433.6199951171875,434.67999267578125
2026-05-12 09:30:00-04:00,430.70001220703125,431.739990234375,429.3500061035156,430.0199890136719
2026-05-12 10:30:00-04:00,429.92999267578125,430.3800048828125,425.8500061035156,427.42999267578125
2026-05-12 11:30:00-04:00,427.4549865722656,429.2200012207031,427.260009765625,428.6000061035156
2026-05-12 12:30:00-04:00,428.6300048828125,429.9399108886719,428.3500061035156,429.6300048828125
2026-05-12 13:30:00-04:00,429.6499938964844,430.4599914550781,429.3500061035156,430.25
2026-05-12 14:30:00-04:00,430.19000244140625,431.989990234375,430.19000244140625,431.9100036621094
2026-05-12 15:30:00-04:00,431.95001220703125,432.9800109863281,431.95001220703125,432.9800109863281
2026-05-13 09:30:00-04:00,430.5199890136719,430.7099914550781,428.7799987792969,430.0899963378906
2026-05-13 10:30:00-04:00,430.0799865722656,430.80999755859375,429.4599914550781,430.7850036621094
2026-05-13 11:30:00-04:00,430.7799987792969,432.489990234375,430.3599853515625,432.18499755859375
2026-05-13 12:30:00-04:00,432.1499938964844,432.2699890136719,431.1199951171875,431.42999267578125
2026-05-13 13:30:00-04:00,431.3999938964844,431.3999938964844,430.1199951171875,430.80999755859375
2026-05-13 14:30:00-04:00,430.79998779296875,430.8949890136719,429.489990234375,430.385009765625
2026-05-13 15:30:00-04:00,430.3900146484375,430.6000061035156,430.05999755859375,430.4700012207031
2026-05-14 09:30:00-04:00,430.29998779296875,431.5400085449219,428.04998779296875,430.6099853515625
2026-05-14 10:30:00-04:00,430.6199951171875,430.760009765625,429.3500061035156,430.20001220703125
2026-05-14 11:30:00-04:00,430.1499938964844,430.4700012207031,429.05999755859375,429.3299865722656
2026-05-14 12:30:00-04:00,429.30999755859375,429.8949890136719,428.7099914550781,429.3999938964844
2026-05-14 13:30:00-04:00,429.3800048828125,429.760009765625,428.56201171875,428.9410095214844
2026-05-14 14:30:00-04:00,428.989990234375,429.09039306640625,428.0400085449219,428.05999755859375
2026-05-14 15:30:00-04:00,428.0799865722656,428.239990234375,427.1000061035156,427.2200012207031
2026-05-15 09:30:00-04:00,417.6400146484375,418.94000244140625,414.1199951171875,418.260009765625
2026-05-15 10:30:00-04:00,418.2900085449219,419.2484130859375,417.1199951171875,417.489990234375
2026-05-15 11:30:00-04:00,417.5400085449219,417.7875061035156,415.80999755859375,416.79998779296875
2026-05-15 12:30:00-04:00,416.9800109863281,419.0299987792969,416.82000732421875,418.4150085449219
2026-05-15 13:30:00-04:00,418.4949951171875,418.9700012207031,418.05999755859375,418.5299987792969
2026-05-15 14:30:00-04:00,418.5400085449219,418.95001220703125,417.6300048828125,417.7749938964844
2026-05-15 15:30:00-04:00,417.8299865722656,418.2699890136719,417.2200012207031,417.30999755859375
2026-05-18 09:30:00-04:00,419.82000732421875,420.9299011230469,418.1400146484375,418.7699890136719
2026-05-18 10:30:00-04:00,418.760009765625,418.8999938964844,416.05999755859375,416.2850036621094
2026-05-18 11:30:00-04:00,416.260009765625,417.7900085449219,416.2300109863281,416.510009765625
2026-05-18 12:30:00-04:00,416.4700012207031,418.489990234375,416.2749938964844,418.05999755859375
2026-05-18 13:30:00-04:00,418.0799865722656,418.0799865722656,416.4800109863281,416.989990234375
2026-05-18 14:30:00-04:00,417.0,419.0400085449219,416.2699890136719,417.8299865722656
2026-05-18 15:30:00-04:00,417.8299865722656,418.8900146484375,417.70001220703125,418.44000244140625
2026-05-19 09:30:00-04:00,412.45001220703125,414.4700012207031,409.8900146484375,412.20001220703125
2026-05-19 10:30:00-04:00,412.2300109863281,413.55999755859375,411.79998779296875,413.0
2026-05-19 11:30:00-04:00,412.95001220703125,414.1700134277344,412.7099914550781,413.87939453125
2026-05-19 12:30:00-04:00,413.8539123535156,414.239990234375,413.42999267578125,413.7950134277344
2026-05-19 13:30:00-04:00,413.71148681640625,413.8599853515625,412.6199951171875,412.7099914550781
2026-05-19 14:30:00-04:00,412.67999267578125,413.1600036621094,411.79998779296875,411.8999938964844
2026-05-19 15:30:00-04:00,411.92999267578125,412.1700134277344,411.3599853515625,411.5199890136719
2026-05-20 09:30:00-04:00,412.25,414.04998779296875,410.0799865722656,413.7099914550781
2026-05-20 10:30:00-04:00,413.70849609375,417.989990234375,413.70849609375,415.7900085449219
2026-05-20 11:30:00-04:00,415.7799987792969,416.7699890136719,415.33538818359375,415.5
2026-05-20 12:30:00-04:00,415.57501220703125,416.67999267578125,415.3999938964844,416.07000732421875
2026-05-20 13:30:00-04:00,416.1600036621094,416.5,415.7900085449219,416.3500061035156
2026-05-20 14:30:00-04:00,416.3599853515625,417.3734130859375,416.3599853515625,417.29998779296875
2026-05-20 15:30:00-04:00,417.29998779296875,417.80999755859375,417.2799987792969,417.3800048828125
2026-05-21 09:30:00-04:00,413.1400146484375,414.9599914550781,411.95001220703125,413.6300048828125
2026-05-21 10:30:00-04:00,413.739990234375,414.4150085449219,412.6499938964844,413.2900085449219
2026-05-21 11:30:00-04:00,413.30499267578125,414.88079833984375,413.2149963378906,414.510009765625
2026-05-21 12:30:00-04:00,414.5,417.19000244140625,414.3399963378906,416.79998779296875
2026-05-21 13:30:00-04:00,416.80999755859375,418.4200134277344,416.54998779296875,417.4100036621094
2026-05-21 14:30:00-04:00,417.41009521484375,417.54998779296875,415.510009765625,416.6199951171875
2026-05-21 15:30:00-04:00,416.6000061035156,417.0212097167969,416.1600036621094,416.9700012207031
2026-05-22 09:30:00-04:00,415.1700134277344,415.6099853515625,412.0,412.9200134277344
2026-05-22 10:30:00-04:00,413.0199890136719,414.8599853515625,412.82000732421875,414.8599853515625
2026-05-22 11:30:00-04:00,414.8800048828125,415.3599853515625,414.4700012207031,415.28009033203125
2026-05-22 12:30:00-04:00,415.3290100097656,415.5799865722656,414.239990234375,415.4800109863281
2026-05-22 13:30:00-04:00,415.4800109863281,415.67999267578125,414.1199951171875,414.4599914550781
2026-05-22 14:30:00-04:00,414.4700012207031,414.9100036621094,413.6600036621094,413.7349853515625
2026-05-22 15:30:00-04:00,413.75,414.1099853515625,413.4800109863281,413.8500061035156
2026-05-26 09:30:00-04:00,415.1600036621094,415.9800109863281,413.8500061035156,414.7699890136719
2026-05-26 10:30:00-04:00,414.7300109863281,415.3949890136719,413.5799865722656,413.70001220703125
2026-05-26 11:30:00-04:00,413.7200012207031,414.1099853515625,413.1000061035156,413.8349914550781
2026-05-26 12:30:00-04:00,413.8399963378906,414.20001220703125,413.1600036621094,413.239990234375
2026-05-26 13:30:00-04:00,413.2200012207031,413.29998779296875,411.5,412.70001220703125
2026-05-26 14:30:00-04:00,412.67999267578125,413.5199890136719,412.57000732421875,413.3349914550781
2026-05-26 15:30:00-04:00,413.3599853515625,414.0899963378906,413.2099914550781,413.9549865722656
2026-05-27 09:30:00-04:00,404.3349914550781,408.9800109863281,404.29998779296875,408.05999755859375
2026-05-27 10:30:00-04:00,408.0299987792969,408.3800048828125,406.5,407.1549987792969
2026-05-27 11:30:00-04:00,407.17999267578125,408.2799987792969,406.7799987792969,408.20001220703125
2026-05-27 12:30:00-04:00,408.1600036621094,408.8399963378906,407.7200012207031,408.5199890136719
2026-05-27 13:30:00-04:00,408.54998779296875,409.25,408.28009033203125,409.010009765625
2026-05-27 14:30:00-04:00,409.0151062011719,409.05999755859375,408.4549865722656,408.5799865722656
2026-05-27 15:30:00-04:00,408.5899963378906,408.9242858886719,408.3550109863281,408.5199890136719
2026-05-28 09:30:00-04:00,406.4800109863281,410.57000732421875,405.4107971191406,409.3999938964844
2026-05-28 10:30:00-04:00,409.3800048828125,411.4150085449219,408.7300109863281,410.8999938964844
2026-05-28 11:30:00-04:00,411.010009765625,413.2799987792969,410.9200134277344,413.0899963378906
2026-05-28 12:30:00-04:00,413.1199951171875,414.3599853515625,412.7879943847656,413.19000244140625
2026-05-28 13:30:00-04:00,413.2598876953125,414.510009765625,413.239990234375,413.5799865722656
2026-05-28 14:30:00-04:00,413.6099853515625,413.614990234375,412.8450012207031,412.9649963378906
2026-05-28 15:30:00-04:00,412.9700012207031,413.1499938964844,412.67999267578125,412.80279541015625
2026-05-29 09:30:00-04:00,415.6199951171875,417.9100036621094,415.0799865722656,415.7799987792969
2026-05-29 10:30:00-04:00,415.739990234375,421.82000732421875,415.3599853515625,420.19000244140625
2026-05-29 11:30:00-04:00,420.2200012207031,420.67999267578125,418.3599853515625,418.81500244140625
2026-05-29 12:30:00-04:00,418.8299865722656,419.8399963378906,418.5799865722656,418.7200012207031
2026-05-29 13:30:00-04:00,418.7099914550781,418.75,417.760009765625,418.4800109863281
2026-05-29 14:30:00-04:00,418.5,418.69500732421875,417.6700134277344,418.1400146484375
2026-05-29 15:30:00-04:00,418.1300048828125,418.2200012207031,416.9599914550781,417.20001220703125
2026-06-01 09:30:00-04:00,409.8599853515625,411.0602111816406,408.239990234375,409.0199890136719
2026-06-01 10:30:00-04:00,409.0199890136719,410.3399963378906,408.6400146484375,410.1700134277344
2026-06-01 11:30:00-04:00,410.19000244140625,411.2449951171875,409.7200012207031,410.19500732421875
2026-06-01 12:30:00-04:00,410.19000244140625,411.4700012207031,410.1099853515625,411.4700012207031
2026-06-01 13:30:00-04:00,411.5400085449219,412.6099853515625,411.25,411.80999755859375
2026-06-01 14:30:00-04:00,411.80999755859375,412.0,411.6000061035156,411.6400146484375
2026-06-01 15:30:00-04:00,411.6499938964844,411.739990234375,411.1000061035156,411.2300109863281
2026-06-02 09:30:00-04:00,414.0799865722656,414.39990234375,412.1400146484375,412.6300048828125
2026-06-02 10:30:00-04:00,412.7850036621094,413.79998779296875,412.6300048828125,413.57501220703125
2026-06-02 11:30:00-04:00,413.57000732421875,413.8299865722656,412.1499938964844,412.17999267578125
2026-06-02 12:30:00-04:00,412.1400146484375,412.4100036621094,411.7900085449219,412.2099914550781
2026-06-02 13:30:00-04:00,412.1400146484375,412.260009765625,411.3949890136719,411.9849853515625
2026-06-02 14:30:00-04:00,412.0,412.17999267578125,411.1000061035156,412.07000732421875
2026-06-02 15:30:00-04:00,412.0799865722656,412.1499938964844,411.5400085449219,411.9219970703125
2026-06-03 09:30:00-04:00,408.3800048828125,409.239990234375,406.2250061035156,408.67999267578125
2026-06-03 10:30:00-04:00,408.6199951171875,409.3800048828125,407.4750061035156,407.9800109863281
2026-06-03 11:30:00-04:00,407.9200134277344,408.0,406.9599914550781,407.30999755859375
2026-06-03 12:30:00-04:00,407.29998779296875,408.2900085449219,407.1405944824219,407.42999267578125
2026-06-03 13:30:00-04:00,407.3900146484375,407.739990234375,407.010009765625,407.54998779296875
2026-06-03 14:30:00-04:00,407.5600891113281,408.67999267578125,407.26849365234375,408.28009033203125
2026-06-03 15:30:00-04:00,408.32000732421875,408.45001220703125,407.79998779296875,407.8999938964844
2026-06-04 09:30:00-04:00,413.32000732421875,414.3699951171875,411.510009765625,411.69500732421875
2026-06-04 10:30:00-04:00,411.69000244140625,411.7300109863281,409.010009765625,410.2699890136719
2026-06-04 11:30:00-04:00,410.239990234375,411.5799865722656,410.1700134277344,411.44000244140625
2026-06-04 12:30:00-04:00,411.45001220703125,411.5,410.5799865722656,410.85101318359375
2026-06-04 13:30:00-04:00,410.8999938964844,411.2499084472656,410.7300109863281,410.95001220703125
2026-06-04 14:30:00-04:00,410.92999267578125,411.3800048828125,410.45001220703125,411.0950012207031
2026-06-04 15:30:00-04:00,411.1000061035156,411.3799133300781,410.80999755859375,411.2699890136719
2026-06-05 09:30:00-04:00,404.3800048828125,404.718994140625,399.5299987792969,400.239990234375
2026-06-05 10:30:00-04:00,400.2200012207031,401.3299865722656,398.739990234375,399.44000244140625
2026-06-05 11:30:00-04:00,399.45001220703125,399.7049865722656,396.9700012207031,397.38970947265625
2026-06-05 12:30:00-04:00,397.3399963378906,398.981201171875,396.739990234375,398.54998779296875
2026-06-05 13:30:00-04:00,398.57000732421875,398.9800109863281,396.6000061035156,397.0849914550781
2026-06-05 14:30:00-04:00,397.0400085449219,397.1400146484375,395.9200134277344,396.8299865722656
2026-06-05 15:30:00-04:00,396.8599853515625,396.9700012207031,395.92999267578125,396.25
2026-06-08 09:30:00-04:00,397.5199890136719,398.9454040527344,396.0799865722656,396.5199890136719
2026-06-08 10:30:00-04:00,396.5,398.0,396.0299987792969,397.45001220703125
2026-06-08 11:30:00-04:00,397.4700012207031,398.8999938964844,397.2449951171875,398.4700012207031
2026-06-08 12:30:00-04:00,398.510009765625,398.9800109863281,397.79998779296875,398.3299865722656
2026-06-08 13:30:00-04:00,398.32000732421875,398.9200134277344,397.6499938964844,398.6199951171875
2026-06-08 14:30:00-04:00,398.5899963378906,398.80999755859375,397.0899963378906,397.2200012207031
2026-06-08 15:30:00-04:00,397.2200012207031,397.4800109863281,396.8599853515625,397.1499938964844
2026-06-09 09:30:00-04:00,397.57000732421875,400.4800109863281,395.1700134277344,396.3599853515625
2026-06-09 10:30:00-04:00,396.260009765625,396.6400146484375,392.5262145996094,392.6700134277344
2026-06-09 11:30:00-04:00,392.67999267578125,393.2799987792969,390.29998779296875,391.25
2026-06-09 12:30:00-04:00,391.1719970703125,391.7099914550781,388.75,391.2699890136719
2026-06-09 13:30:00-04:00,391.260009765625,392.25,390.6451110839844,391.92498779296875
2026-06-09 14:30:00-04:00,391.94000244140625,392.2699890136719,390.3399963378906,390.7120056152344
2026-06-09 15:30:00-04:00,390.7449951171875,391.0,390.0299987792969,390.8699951171875
2026-06-10 09:30:00-04:00,380.75,384.2099914550781,380.1099853515625,381.8900146484375
2026-06-10 10:30:00-04:00,381.8900146484375,382.0799865722656,377.5360107421875,378.82501220703125
2026-06-10 11:30:00-04:00,378.82501220703125,379.5899963378906,376.8699951171875,378.82000732421875
2026-06-10 12:30:00-04:00,378.760009765625,379.4800109863281,377.1199951171875,377.239990234375
2026-06-10 13:30:00-04:00,377.2300109863281,378.16351318359375,376.3699951171875,377.42498779296875
2026-06-10 14:30:00-04:00,377.44000244140625,377.4599914550781,374.54998779296875,374.8900146484375
2026-06-10 15:30:00-04:00,374.9100036621094,375.57000732421875,374.57000732421875,374.6600036621094
2026-06-11 09:30:00-04:00,373.9599914550781,375.5199890136719,371.8800048828125,373.8900146484375
2026-06-11 10:30:00-04:00,373.8699951171875,375.2349853515625,373.4599914550781,374.6199951171875
2026-06-11 11:30:00-04:00,374.5799865722656,376.8999938964844,374.19000244140625,374.3599853515625
2026-06-11 12:30:00-04:00,374.3299865722656,376.4800109863281,373.6600036621094,376.4800109863281
2026-06-11 13:30:00-04:00,376.4800109863281,382.6300048828125,376.4800109863281,381.07000732421875
2026-06-11 14:30:00-04:00,381.07000732421875,385.25,380.6600036621094,384.989990234375
2026-06-11 15:30:00-04:00,385.05999755859375,387.2099914550781,385.05499267578125,386.20001220703125
2026-06-12 09:30:00-04:00,385.7300109863281,386.3599853515625,383.860107421875,384.3349914550781
2026-06-12 10:30:00-04:00,384.3500061035156,388.7699890136719,383.3500061035156,387.81561279296875
2026-06-12 11:30:00-04:00,387.8550109863281,388.53900146484375,386.1400146484375,387.1098937988281
2026-06-12 12:30:00-04:00,387.114990234375,388.0,386.5899963378906,387.239990234375
2026-06-12 13:30:00-04:00,387.25,388.739990234375,386.80999755859375,387.92498779296875
2026-06-12 14:30:00-04:00,387.94000244140625,388.2650146484375,386.25,386.32000732421875
2026-06-12 15:30:00-04:00,386.31500244140625,386.5799865722656,385.69000244140625,386.54998779296875
2026-06-15 09:30:00-04:00,399.489990234375,401.0,399.1400146484375,400.45001220703125
2026-06-15 10:30:00-04:00,400.45001220703125,400.6000061035156,399.1700134277344,399.6000061035156
2026-06-15 11:30:00-04:00,399.59588623046875,400.239990234375,398.25,398.57000732421875
2026-06-15 12:30:00-04:00,398.5899963378906,398.5899963378906,397.260009765625,397.3399963378906
2026-06-15 13:30:00-04:00,397.3299865722656,397.3699951171875,396.2799987792969,396.8999938964844
2026-06-15 14:30:00-04:00,396.9100036621094,397.1300048828125,396.5299987792969,396.5899963378906
2026-06-15 15:30:00-04:00,396.6000061035156,396.79998779296875,396.1499938964844,396.5400085449219
2026-06-16 09:30:00-04:00,397.8299865722656,398.4100036621094,396.2200012207031,396.4100036621094
2026-06-16 10:30:00-04:00,396.4599914550781,397.29998779296875,395.82000732421875,397.0299987792969
2026-06-16 11:30:00-04:00,397.0400085449219,398.9599914550781,396.70001220703125,398.7550048828125
2026-06-16 12:30:00-04:00,398.75,398.8500061035156,396.95001220703125,397.84991455078125
2026-06-16 13:30:00-04:00,397.79998779296875,398.5799865722656,397.7799987792969,398.4700012207031
2026-06-16 14:30:00-04:00,398.4700012207031,398.6050109863281,397.9800109863281,398.2900085449219
2026-06-16 15:30:00-04:00,398.29998779296875,398.3299865722656,397.4100036621094,397.7300109863281
2026-06-17 09:30:00-04:00,397.82000732421875,400.2300109863281,397.510009765625,400.0299987792969
2026-06-17 10:30:00-04:00,400.010009765625,400.3699951171875,397.2699890136719,399.54998779296875
2026-06-17 11:30:00-04:00,399.55999755859375,400.6094970703125,399.4700012207031,400.5
2026-06-17 12:30:00-04:00,400.489990234375,400.510009765625,399.489990234375,400.1099853515625
2026-06-17 13:30:00-04:00,400.1099853515625,402.0400085449219,392.4100036621094,393.80999755859375
2026-06-17 14:30:00-04:00,393.7749938964844,397.489990234375,387.7699890136719,387.8800048828125
2026-06-17 15:30:00-04:00,387.8399963378906,389.6400146484375,387.0799865722656,388.69000244140625
2026-06-18 09:30:00-04:00,391.239990234375,392.5,388.8599853515625,389.57501220703125
2026-06-18 10:30:00-04:00,389.55999755859375,390.5,388.6300048828125,388.760009765625
2026-06-18 11:30:00-04:00,388.75,388.8299865722656,387.4599914550781,387.739990234375
2026-06-18 12:30:00-04:00,387.75,388.3799133300781,386.79998779296875,387.8599853515625
2026-06-18 13:30:00-04:00,387.8500061035156,388.5198974609375,387.510009765625,387.8900146484375
2026-06-18 14:30:00-04:00,387.8800048828125,387.8800048828125,385.6000061035156,385.9100036621094
2026-06-18 15:30:00-04:00,385.9302978515625,387.2300109863281,385.6400146484375,387.0849914550781
2026-06-22 09:30:00-04:00,384.25,386.4100036621094,383.8500061035156,384.68499755859375
2026-06-22 10:30:00-04:00,384.6499938964844,385.95001220703125,384.239990234375,384.44000244140625
2026-06-22 11:30:00-04:00,384.44000244140625,384.57501220703125,382.6400146484375,383.8299865722656
2026-06-22 12:30:00-04:00,383.80999755859375,384.7799987792969,383.6700134277344,383.9800109863281
2026-06-22 13:30:00-04:00,383.9800109863281,384.45001220703125,383.3399963378906,384.30999755859375
2026-06-22 14:30:00-04:00,384.31500244140625,384.80999755859375,384.1199951171875,384.2799987792969
2026-06-22 15:30:00-04:00,384.2699890136719,384.67498779296875,383.9549865722656,384.5799865722656
2026-06-23 09:30:00-04:00,377.72198486328125,380.3500061035156,377.1700134277344,379.19500732421875
2026-06-23 10:30:00-04:00,379.2099914550781,379.4599914550781,378.32000732421875,378.70001220703125
2026-06-23 11:30:00-04:00,378.7099914550781,380.07989501953125,378.69000244140625,379.57501220703125
2026-06-23 12:30:00-04:00,379.5199890136719,380.239990234375,378.9800109863281,379.07000732421875
2026-06-23 13:30:00-04:00,379.1400146484375,379.2799987792969,378.0953063964844,378.1600036621094
2026-06-23 14:30:00-04:00,378.1449890136719,378.5899963378906,377.3999938964844,378.2200012207031
2026-06-23 15:30:00-04:00,378.2300109863281,378.42999267578125,377.29998779296875,377.29998779296875
2026-06-24 09:30:00-04:00,364.80999755859375,370.8999938964844,364.6099853515625,369.19000244140625
2026-06-24 10:30:00-04:00,369.2250061035156,370.20001220703125,366.760009765625,368.42999267578125
2026-06-24 11:30:00-04:00,368.42498779296875,368.6099853515625,366.6300048828125,368.489990234375
2026-06-24 12:30:00-04:00,368.489990234375,369.1199951171875,366.1400146484375,366.1700134277344
2026-06-24 13:30:00-04:00,366.20001220703125,366.3500061035156,363.32000732421875,366.1499938964844
2026-06-24 14:30:00-04:00,366.1300048828125,366.4949951171875,364.6300048828125,365.5899963378906
2026-06-24 15:30:00-04:00,365.6099853515625,366.2099914550781,365.19000244140625,366.0
2026-06-25 09:30:00-04:00,368.989990234375,369.5799865722656,366.79998779296875,369.3500061035156
2026-06-25 10:30:00-04:00,369.30010986328125,370.6400146484375,367.42999267578125,369.3949890136719
2026-06-25 11:30:00-04:00,369.4399108886719,371.0299987792969,368.9800109863281,370.7300109863281
2026-06-25 12:30:00-04:00,370.7200012207031,370.75,369.1600036621094,369.92999267578125
2026-06-25 13:30:00-04:00,369.9599914550781,371.0299987792969,369.42999267578125,371.0299987792969
2026-06-25 14:30:00-04:00,371.039794921875,371.039794921875,369.7200012207031,370.3500061035156
2026-06-25 15:30:00-04:00,370.3349914550781,370.4849853515625,369.010009765625,369.4649963378906
2026-06-26 09:30:00-04:00,372.2699890136719,375.6199951171875,371.17999267578125,374.7950134277344
2026-06-26 10:30:00-04:00,374.7799987792969,375.4599914550781,373.95001220703125,374.7699890136719
2026-06-26 11:30:00-04:00,374.79998779296875,375.8500061035156,374.5799865722656,375.0199890136719
2026-06-26 12:30:00-04:00,375.05999755859375,375.6199951171875,374.4200134277344,374.54998779296875
2026-06-26 13:30:00-04:00,374.6000061035156,374.739990234375,373.6300048828125,373.80499267578125
2026-06-26 14:30:00-04:00,373.8500061035156,373.9700012207031,373.010009765625,373.17999267578125
2026-06-26 15:30:00-04:00,373.19000244140625,373.94000244140625,373.1300048828125,373.6300048828125
2026-06-29 09:30:00-04:00,370.57501220703125,371.19000244140625,366.9700012207031,369.3349914550781
2026-06-29 10:30:00-04:00,369.3349914550781,369.80999755859375,368.57000732421875,369.2699890136719
2026-06-29 11:30:00-04:00,369.260009765625,369.80999755859375,368.6600036621094,369.2149963378906
2026-06-29 12:30:00-04:00,369.2300109863281,369.9599914550781,368.739990234375,369.2200012207031
2026-06-29 13:30:00-04:00,369.260009765625,369.3500061035156,368.8299865722656,368.989990234375
2026-06-29 14:30:00-04:00,368.989990234375,369.0400085449219,367.5299987792969,368.57470703125
2026-06-29 15:30:00-04:00,368.6000061035156,368.8399963378906,368.2200012207031,368.57000732421875
2026-06-30 09:30:00-04:00,369.2200012207031,372.8299865722656,368.2550048828125,372.010009765625
2026-06-30 10:30:00-04:00,372.010009765625,372.3999938964844,369.07000732421875,369.6499938964844
2026-06-30 11:30:00-04:00,369.70001220703125,370.2099914550781,369.3800048828125,369.7699890136719
2026-06-30 12:30:00-04:00,369.7200012207031,370.1400146484375,368.8999938964844,369.3299865722656
2026-06-30 13:30:00-04:00,369.3599853515625,370.1300048828125,369.3599853515625,369.9100036621094
2026-06-30 14:30:00-04:00,369.9200134277344,370.010009765625,368.95001220703125,368.95001220703125
2026-06-30 15:30:00-04:00,368.95001220703125,369.1600036621094,368.2900085449219,368.3699951171875
2026-07-01 09:30:00-04:00,371.2049865722656,376.94000244140625,370.7200012207031,376.3399963378906
2026-07-01 10:30:00-04:00,376.3599853515625,377.7799987792969,374.260009765625,374.739990234375
2026-07-01 11:30:00-04:00,374.7650146484375,375.2200012207031,374.1449890136719,374.5450134277344
2026-07-01 12:30:00-04:00,374.5450134277344,374.7099914550781,373.2900085449219,373.2900085449219
2026-07-01 13:30:00-04:00,373.3349914550781,373.7900085449219,372.6600036621094,372.7099914550781
2026-07-01 14:30:00-04:00,372.8399963378906,373.30499267578125,372.2200012207031,372.44000244140625
2026-07-01 15:30:00-04:00,372.43499755859375,372.5,370.2099914550781,370.57000732421875
2026-07-02 09:30:00-04:00,377.43499755859375,380.2699890136719,377.1400146484375,377.7200012207031
2026-07-02 10:30:00-04:00,377.739990234375,379.1099853515625,377.55999755859375,378.2799987792969
2026-07-02 11:30:00-04:00,378.3500061035156,379.1199951171875,377.7077941894531,377.7799987792969
2026-07-02 12:30:00-04:00,377.7850036621094,378.1449890136719,376.28619384765625,377.3699951171875
2026-07-02 13:30:00-04:00,377.3699951171875,378.4100036621094,376.7799987792969,378.3599853515625
2026-07-02 14:30:00-04:00,378.3599853515625,378.7300109863281,377.010986328125,377.43499755859375
2026-07-02 15:30:00-04:00,377.4200134277344,378.4700012207031,377.239990234375,378.1099853515625
2026-07-06 09:30:00-04:00,380.2099914550781,380.8699951171875,379.1499938964844,379.5799865722656
2026-07-06 10:30:00-04:00,379.6199951171875,380.9200134277344,378.8299865722656,380.8699951171875
2026-07-06 11:30:00-04:00,380.8599853515625,380.9599914550781,379.9100036621094,380.3999938964844
2026-07-06 12:30:00-04:00,380.3800048828125,381.6700134277344,380.3800048828125,381.30499267578125
2026-07-06 13:30:00-04:00,381.36358642578125,382.0,381.25,381.8500061035156
2026-07-06 14:30:00-04:00,381.8500061035156,382.42999267578125,381.6299133300781,381.9949951171875
2026-07-06 15:30:00-04:00,382.0,382.21990966796875,381.7200012207031,382.05999755859375
2026-07-07 09:30:00-04:00,382.3900146484375,383.59991455078125,380.8699951171875,381.54998779296875
2026-07-07 10:30:00-04:00,381.57000732421875,381.6700134277344,380.05999755859375,380.17999267578125
2026-07-07 11:30:00-04:00,380.2799987792969,380.6499938964844,379.489990234375,380.4750061035156
2026-07-07 12:30:00-04:00,380.45001220703125,380.5299072265625,379.95001220703125,380.4200134277344
2026-07-07 13:30:00-04:00,380.42999267578125,380.6000061035156,379.8699951171875,379.989990234375
2026-07-07 14:30:00-04:00,379.9800109863281,380.07000732421875,375.5199890136719,376.5450134277344
2026-07-07 15:30:00-04:00,376.57000732421875,377.8399963378906,376.57000732421875,377.45001220703125
2026-07-08 09:30:00-04:00,373.1700134277344,374.3699951171875,371.70001220703125,372.5
2026-07-08 10:30:00-04:00,372.4949951171875,372.55999755859375,369.3500061035156,369.8111877441406
2026-07-08 11:30:00-04:00,369.80499267578125,371.1300048828125,368.95001220703125,370.989990234375
2026-07-08 12:30:00-04:00,370.9800109863281,373.80499267578125,370.6099853515625,373.7077941894531
2026-07-08 13:30:00-04:00,373.7598876953125,374.0150146484375,372.8900146484375,373.4599914550781
2026-07-08 14:30:00-04:00,373.4849853515625,375.4700012207031,373.2099914550781,375.1499938964844
2026-07-08 15:30:00-04:00,375.1700134277344,375.42999267578125,374.239990234375,374.4700012207031
2026-07-09 09:30:00-04:00,378.5050048828125,379.4849853515625,377.4100036621094,378.40008544921875
2026-07-09 10:30:00-04:00,378.3800048828125,378.92999267578125,377.7900085449219,378.6549987792969
2026-07-09 11:30:00-04:00,378.6700134277344,379.1700134277344,378.4800109863281,379.1499938964844
2026-07-09 12:30:00-04:00,379.1199951171875,379.6499938964844,378.4200134277344,378.9700012207031
2026-07-09 13:30:00-04:00,378.989990234375,379.5899963378906,378.239990234375,378.3299865722656
2026-07-09 14:30:00-04:00,378.3299865722656,378.57000732421875,378.0400085449219,378.0628662109375
2026-07-09 15:30:00-04:00,378.04998779296875,378.30499267578125,377.8900146484375,378.2099914550781
2026-07-10 09:30:00-04:00,375.0,376.989990234375,374.9700012207031,376.6499938964844
2026-07-10 10:30:00-04:00,376.7099914550781,376.8500061035156,373.7200012207031,376.2850036621094
2026-07-10 11:30:00-04:00,376.3399963378906,377.5,376.260009765625,377.4599914550781
2026-07-10 12:30:00-04:00,377.4599914550781,377.54998779296875,376.3299865722656,376.6400146484375
2026-07-10 13:30:00-04:00,376.7200012207031,376.7650146484375,376.1499938964844,376.42498779296875
2026-07-10 14:30:00-04:00,376.44000244140625,376.510009765625,375.9800109863281,376.3699951171875
2026-07-10 15:30:00-04:00,376.3399963378906,377.010009765625,376.239990234375,376.9800109863281
2026-07-13 09:30:00-04:00,372.7699890136719,372.8900146484375,367.2200012207031,368.5799865722656
2026-07-13 10:30:00-04:00,368.5400085449219,368.8699951171875,367.0,368.5
2026-07-13 11:30:00-04:00,368.5,368.6650085449219,367.04998779296875,367.3450012207031
2026-07-13 12:30:00-04:00,367.3299865722656,367.44000244140625,365.7699890136719,366.8800048828125
2026-07-13 13:30:00-04:00,366.8800048828125,367.07000732421875,365.7799987792969,366.5249938964844
2026-07-13 14:30:00-04:00,366.54998779296875,367.45001220703125,366.4599914550781,366.8706970214844
2026-07-13 15:30:00-04:00,366.8599853515625,367.239990234375,366.3999938964844,367.20001220703125
2026-07-14 09:30:00-04:00,374.5299987792969,375.16680908203125,373.5199890136719,374.1000061035156
2026-07-14 10:30:00-04:00,374.0400085449219,376.2799987792969,373.7604064941406,374.760009765625
2026-07-14 11:30:00-04:00,374.7799987792969,374.989990234375,372.25,372.42999267578125
2026-07-14 12:30:00-04:00,372.4200134277344,372.875,371.9200134277344,372.75
2026-07-14 13:30:00-04:00,372.82000732421875,372.92498779296875,372.2099914550781,372.3699951171875
2026-07-14 14:30:00-04:00,372.3599853515625,372.44000244140625,370.9200134277344,371.7101135253906
2026-07-14 15:30:00-04:00,371.6499938964844,372.25,371.3599853515625,372.1499938964844
2026-07-15 09:30:00-04:00,372.1199951171875,373.1050109863281,372.0400085449219,372.3599853515625
2026-07-15 10:30:00-04:00,372.44000244140625,372.8800048828125,370.6000061035156,371.510009765625
2026-07-15 11:30:00-04:00,371.57000732421875,371.6700134277344,370.07000732421875,370.2799987792969
2026-07-15 12:30:00-04:00,370.2300109863281,371.4200134277344,369.5,371.389892578125
2026-07-15 13:30:00-04:00,371.3599853515625,373.9700012207031,371.30010986328125,373.8599853515625
2026-07-15 14:30:00-04:00,373.8500061035156,374.489990234375,371.79998779296875,372.135009765625
2026-07-15 15:30:00-04:00,372.1400146484375,372.30999755859375,371.3800048828125,372.2900085449219
2026-07-16 09:30:00-04:00,367.45001220703125,367.7099914550781,365.25,366.8399963378906
2026-07-16 10:30:00-04:00,366.7650146484375,368.42999267578125,365.95001220703125,367.92999267578125
2026-07-16 11:30:00-04:00,367.92498779296875,368.3999938964844,365.2900085449219,365.70001220703125
2026-07-16 12:30:00-04:00,365.7200012207031,366.6000061035156,365.32000732421875,365.75
2026-07-16 13:30:00-04:00,365.7300109863281,365.99951171875,365.010009765625,365.6300048828125
2026-07-16 14:30:00-04:00,365.57000732421875,365.5799865722656,364.69000244140625,364.9100036621094
2026-07-16 15:30:00-04:00,364.94000244140625,365.2699890136719,364.04998779296875,365.010009765625
2026-07-17 09:30:00-04:00,364.1099853515625,367.44000244140625,363.6000061035156,366.8800048828125
2026-07-17 10:30:00-04:00,366.8599853515625,368.2650146484375,366.260009765625,368.19000244140625
2026-07-17 11:30:00-04:00,368.18499755859375,369.2099914550781,367.7699890136719,368.7200012207031
2026-07-17 12:30:00-04:00,368.7300109863281,368.80999755859375,368.1099853515625,368.2149963378906
2026-07-17 13:30:00-04:00,368.22247314453125,368.42999267578125,367.67999267578125,368.3819885253906
2026-07-17 14:30:00-04:00,368.3599853515625,368.45001220703125,367.20001220703125,367.45001220703125
2026-07-17 15:30:00-04:00,367.4599914550781,368.5299987792969,367.44000244140625,368.4200134277344
2026-07-20 09:30:00-04:00,367.7900085449219,368.5899963378906,366.79998779296875,367.5799865722656
2026-07-20 10:30:00-04:00,367.6000061035156,368.789306640625,367.3800048828125,368.510009765625
2026-07-20 11:30:00-04:00,368.4800109863281,368.70208740234375,367.92999267578125,368.1419982910156
2026-07-20 12:30:00-04:00,368.1499938964844,368.1700134277344,367.1000061035156,368.0799865722656
2026-07-20 13:30:00-04:00,368.1199951171875,368.1600036621094,367.32000732421875,367.6050109863281
2026-07-20 14:30:00-04:00,367.55999755859375,368.20001220703125,367.3599853515625,368.18499755859375
2026-07-20 15:30:00-04:00,368.1700134277344,368.6400146484375,367.4800109863281,367.5899963378906
2026-07-21 09:30:00-04:00,371.70001220703125,373.3800048828125,371.07000732421875,373.3500061035156
2026-07-21 10:30:00-04:00,373.3900146484375,374.2699890136719,372.7200012207031,374.04998779296875
2026-07-21 11:30:00-04:00,374.0299987792969,374.6300048828125,373.5899963378906,373.9649963378906
2026-07-21 12:30:00-04:00,373.9599914550781,374.0299987792969,373.3299865722656,373.6050109863281
2026-07-21 13:30:00-04:00,373.5899963378906,375.010009765625,373.1199951171875,374.69989013671875
2026-07-21 14:30:00-04:00,374.6600036621094,374.8500061035156,374.2850036621094,374.7300109863281
2026-07-21 15:30:00-04:00,374.75,374.8500061035156,374.5199890136719,374.7799987792969
2026-07-22 09:30:00-04:00,379.0679931640625,381.9599914550781,379.04998779296875,380.44000244140625
2026-07-22 10:30:00-04:00,380.45001220703125,381.7799987792969,380.20001220703125,381.3999938964844
2026-07-22 11:30:00-04:00,381.4049987792969,382.2200012207031,380.55999755859375,380.69000244140625
2026-07-22 12:30:00-04:00,380.69000244140625,380.8900146484375,380.06500244140625,380.45001220703125
2026-07-22 13:30:00-04:00,380.3699951171875,380.510009765625,379.29998779296875,379.31500244140625
2026-07-22 14:30:00-04:00,379.3299865722656,379.6700134277344,379.0299987792969,379.3299865722656
2026-07-22 15:30:00-04:00,379.260009765625,379.4700012207031,378.8299865722656,379.093994140625
2026-07-23 09:30:00-04:00,372.3599853515625,373.085205078125,370.5299987792969,372.0299987792969
2026-07-23 10:30:00-04:00,372.0799865722656,372.54998779296875,371.0899963378906,371.1700134277344
2026-07-23 11:30:00-04:00,371.20001220703125,371.7950134277344,370.79998779296875,371.510009765625
2026-07-23 12:30:00-04:00,371.5,371.9200134277344,371.1400146484375,371.260009765625
2026-07-23 13:30:00-04:00,371.2300109863281,371.42999267578125,370.6300048828125,371.0350036621094
2026-07-23 14:30:00-04:00,371.07000732421875,371.45001220703125,370.8800048828125,371.3399963378906
2026-07-23 15:30:00-04:00,371.3699951171875,371.6600036621094,371.0400085449219,371.5400085449219
2026-07-24 09:30:00-04:00,371.260009765625,373.3800048828125,371.0299987792969,373.04998779296875
2026-07-24 10:30:00-04:00,372.9700927734375,374.489990234375,372.3500061035156,373.8900146484375
2026-07-24 11:30:00-04:00,373.8699951171875,374.2900085449219,373.4800109863281,373.7593994140625
2026-07-24 12:30:00-04:00,373.7699890136719,373.7699890136719,372.7550048828125,373.2699890136719
2026-07-24 13:30:00-04:00,373.2349853515625,373.3699951171875,372.010009765625,372.0400085449219
2026-07-24 14:30:00-04:00,372.05499267578125,372.2049865722656,371.48028564453125,371.69000244140625
2026-07-24 15:30:00-04:00,371.69500732421875,372.2799987792969,371.67999267578125,371.8999938964844
2026-07-27 09:30:00-04:00,373.8900146484375,375.1400146484375,373.1199951171875,373.239990234375
2026-07-27 10:30:00-04:00,373.239990234375,374.1990966796875,372.9100036621094,373.9700012207031
2026-07-27 11:30:00-04:00,373.8699951171875,375.1099853515625,373.6099853515625,374.7699890136719
2026-07-27 12:30:00-04:00,374.7699890136719,375.5299987792969,373.4200134277344,373.80999755859375
2026-07-27 13:30:00-04:00,373.840087890625,374.2300109863281,373.54998779296875,373.9800109863281
2026-07-27 14:30:00-04:00,373.9649963378906,375.0799865722656,373.6400146484375,374.7900085449219
2026-07-27 15:30:00-04:00,374.82000732421875,375.17999267578125,374.4800109863281,374.55999755859375
2026-07-28 09:30:00-04:00,369.6050109863281,369.989990234375,367.9800109863281,368.94000244140625
2026-07-28 10:30:00-04:00,368.9200134277344,370.7200012207031,368.67999267578125,370.1700134277344
2026-07-28 11:30:00-04:00,370.19000244140625,371.2300109863281,369.9100036621094,370.7699890136719
2026-07-28 12:30:00-04:00,370.79998779296875,370.9200134277344,370.1300048828125,370.3500061035156
2026-07-28 13:30:00-04:00,370.3599853515625,370.3699951171875,369.2724914550781,369.3999938964844
2026-07-28 14:30:00-04:00,369.3900146484375,369.4200134277344,368.8800048828125,369.0799865722656
2026-07-28 15:30:00-04:00,369.1000061035156,369.54998779296875,369.0199890136719,369.3699951171875
2026-07-29 09:30:00-04:00,368.2900085449219,368.590087890625,366.5260009765625,367.4150085449219
2026-07-29 10:30:00-04:00,367.3900146484375,367.9599914550781,366.7112121582031,367.8999938964844
2026-07-29 11:30:00-04:00,367.8999938964844,368.54998779296875,367.6099853515625,368.4800109863281
2026-07-29 12:30:00-04:00,368.4599914550781,371.6199951171875,368.3500061035156,370.5299987792969
2026-07-29 13:30:00-04:00,370.55999755859375,374.8800048828125,370.29998779296875,373.19000244140625
2026-07-29 14:30:00-04:00,373.20001220703125,377.6199951171875,371.75,374.6300048828125
2026-07-29 15:30:00-04:00,374.6499938964844,375.0400085449219,370.55999755859375,371.0
2026-07-30 09:30:00-04:00,374.1600036621094,377.8599853515625,373.7550048828125,375.6776123046875
2026-07-30 10:30:00-04:00,375.70001220703125,377.22918701171875,374.4599914550781,375.6600036621094
2026-07-30 11:30:00-04:00,375.635009765625,377.7900085449219,375.29998779296875,377.489990234375
2026-07-30 12:30:00-04:00,377.489990234375,377.5198059082031,375.8599853515625,376.1099853515625
2026-07-30 13:30:00-04:00,376.1600036621094,376.7900085449219,376.0199890136719,376.3699951171875
2026-07-30 14:30:00-04:00,376.3949890136719,377.41009521484375,375.9150085449219,377.2300109863281
2026-07-30 15:30:00-04:00,377.2200012207031,377.4599914550781,376.8599853515625,377.17999267578125
2026-07-31 09:30:00-04:00,370.8399963378906,370.9049987792969,368.81500244140625,370.45001220703125
2026-07-31 10:30:00-04:00,370.44000244140625,371.739990234375,370.260009765625,370.67999267578125
2026-07-31 11:30:00-04:00,370.6700134277344,371.3699951171875,370.2900085449219,371.2749938964844
2026-07-31 12:30:00-04:00,371.2900085449219,371.8299865722656,370.739990234375,371.5899963378906
2026-07-31 13:30:00-04:00,371.6300048828125,371.989990234375,371.2699890136719,371.6000061035156
2026-07-31 14:30:00-04:00,371.6000061035156,371.739990234375,371.20001220703125,371.5299987792969
2026-07-31 15:30:00-04:00,371.54998779296875,372.010009765625,371.0400085449219,371.5299987792969
2026-08-03 09:30:00-04:00,370.1000061035156,370.1899108886719,368.6427917480469,369.8500061035156
2026-08-03 10:30:00-04:00,369.8399963378906,370.5299987792969,369.7099914550781,369.95001220703125
2026-08-03 11:30:00-04:00,369.9049987792969,370.6700134277344,369.7699890136719,370.30499267578125
2026-08-03 12:30:00-04:00,370.30999755859375,370.510009765625,369.9700012207031,370.0799865722656
2026-08-03 13:30:00-04:00,370.05999755859375,370.4599914550781,369.650390625,370.3599853515625
2026-08-03 14:30:00-04:00,370.3450012207031,371.92999267578125,370.260009765625,371.7749938964844
2026-08-03 15:30:00-04:00,371.80999755859375,372.0350036621094,371.6300048828125,371.69000244140625
2026-08-04 09:30:00-04:00,374.1400146484375,375.57000732421875,373.9200134277344,374.6400146484375
2026-08-04 10:30:00-04:00,374.57000732421875,374.8500061035156,373.7099914550781,374.1099853515625
2026-08-04 11:30:00-04:00,374.07501220703125,375.17999267578125,373.94000244140625,374.9700012207031
2026-08-04 12:30:00-04:00,374.9599914550781,376.69000244140625,374.7300109863281,375.6400146484375
2026-08-04 13:30:00-04:00,375.6199951171875,375.79998779296875,374.6400146484375,374.6600036621094
2026-08-04 14:30:00-04:00,374.6549987792969,374.75,373.8135986328125,374.2699890136719
2026-08-04 15:30:00-04:00,374.2550048828125,374.489990234375,373.8999938964844,374.1199951171875
2026-08-05 09:30:00-04:00,384.9599914550781,389.04998779296875,384.32000732421875,388.7200012207031
2026-08-05 10:30:00-04:00,388.7200012207031,391.239990234375,387.900390625,390.54998779296875
2026-08-05 11:30:00-04:00,390.5400085449219,390.7799987792969,387.56500244140625,389.07000732421875
2026-08-05 12:30:00-04:00,389.07000732421875,389.6099853515625,388.6300048828125,389.364990234375
2026-08-05 13:30:00-04:00,389.364990234375,391.510009765625,389.05120849609375,391.04998779296875
2026-08-05 14:30:00-04:00,391.0400085449219,391.1099853515625,389.9100036621094,390.1300048828125
2026-08-05 15:30:00-04:00,390.1300048828125,390.239990234375,389.4800109863281,389.57000732421875
2026-08-06 09:30:00-04:00,389.5,392.1000061035156,389.42999267578125,391.2099914550781
2026-08-06 10:30:00-04:00,391.2099914550781,392.1199951171875,389.80999755859375,390.19000244140625
2026-08-06 11:30:00-04:00,390.2149963378906,390.2799987792969,387.2699890136719,387.8999938964844
2026-08-06 12:30:00-04:00,387.9200134277344,389.2298889160156,387.9200134277344,388.9649963378906
2026-08-06 13:30:00-04:00,388.9200134277344,389.760009765625,388.681884765625,389.470703125
2026-08-06 14:30:00-04:00,389.4800109863281,389.8500061035156,388.3699951171875,388.55999755859375
2026-08-06 15:30:00-04:00,388.54998779296875,389.8299865722656,388.1300048828125,389.6499938964844
2026-08-07 09:30:00-04:00,399.5950012207031,400.6600036621094,396.95001220703125,398.9599914550781
2026-08-07 10:30:00-04:00,398.9800109863281,399.760009765625,398.1099853515625,399.07000732421875
2026-08-07 11:30:00-04:00,399.1199951171875,399.34991455078125,397.6300048828125,397.9150085449219
2026-08-07 12:30:00-04:00,397.8999938964844,398.32000732421875,397.0201110839844,398.114990234375
2026-08-07 13:30:00-04:00,398.1000061035156,398.3999938964844,397.2200012207031,397.6000061035156
2026-08-07 14:30:00-04:00,397.6199951171875,399.05999755859375,397.4599914550781,398.8999938964844
2026-08-07 15:30:00-04:00,398.8800048828125,399.0,398.07000732421875,398.510009765625
2026-08-10 09:30:00-04:00,397.7139892578125,398.80999755859375,395.92999267578125,398.5899963378906
2026-08-10 10:30:00-04:00,398.5899963378906,399.25,398.3550109863281,398.94000244140625
2026-08-10 11:30:00-04:00,398.989990234375,400.4100036621094,398.80999755859375,400.2099914550781
2026-08-10 12:30:00-04:00,400.2300109863281,400.239990234375,398.8999938964844,400.05999755859375
2026-08-10 13:30:00-04:00,400.05999755859375,400.6199035644531,399.75,400.510009765625
2026-08-10 14:30:00-04:00,400.5098876953125,402.8900146484375,400.4501037597656,402.81988525390625
2026-08-10 15:30:00-04:00,402.8299865722656,403.239990234375,402.2200012207031,402.55999755859375
2026-08-11 09:30:00-04:00,403.44000244140625,404.0299987792969,401.8349914550781,402.12799072265625
2026-08-11 10:30:00-04:00,402.1199951171875,403.4888000488281,401.9200134277344,402.364990234375
2026-08-11 11:30:00-04:00,402.4049987792969,402.4200134277344,400.7300109863281,402.04998779296875
2026-08-11 12:30:00-04:00,402.0101013183594,402.30999755859375,401.6700134277344,401.8999938964844
2026-08-11 13:30:00-04:00,401.9200134277344,401.92999267578125,399.8900146484375,400.0199890136719
2026-08-11 14:30:00-04:00,400.05499267578125,401.0899963378906,399.9801025390625,400.8489990234375
2026-08-11 15:30:00-04:00,400.8599853515625,401.20001220703125,400.4599914550781,400.9800109863281
2026-08-12 09:30:00-04:00,405.30999755859375,407.2799987792969,404.3999938964844,406.4849853515625
2026-08-12 10:30:00-04:00,406.5,407.3599853515625,405.0,405.55999755859375
2026-08-12 11:30:00-04:00,405.5899963378906,405.9800109863281,404.6099853515625,405.69000244140625
2026-08-12 12:30:00-04:00,405.69000244140625,405.739990234375,403.239990234375,404.1600036621094
2026-08-12 13:30:00-04:00,404.1700134277344,404.6499938964844,403.2200012207031,404.3800048828125
2026-08-12 14:30:00-04:00,404.3699951171875,405.2799987792969,404.3349914550781,405.1499938964844
2026-08-12 15:30:00-04:00,405.1600036621094,405.1600036621094,404.29998779296875,404.8800048828125
2026-08-13 09:30:00-04:00,402.1700134277344,402.5799865722656,400.3900146484375,400.4949951171875
2026-08-13 10:30:00-04:00,400.4800109863281,402.30999755859375,399.1600036621094,400.2937927246094
2026-08-13 11:30:00-04:00,400.3337097167969,400.8699951171875,398.95001220703125,400.010009765625
2026-08-13 12:30:00-04:00,400.010986328125,401.0199890136719,400.010986328125,400.0899963378906
2026-08-13 13:30:00-04:00,400.1300048828125,400.19000244140625,399.32000732421875,399.55999755859375
2026-08-13 14:30:00-04:00,399.57000732421875,399.80999755859375,398.2799987792969,399.04998779296875
2026-08-13 15:30:00-04:00,399.04998779296875,399.2900085449219,398.70001220703125,398.9599914550781
2026-08-14 09:30:00-04:00,402.17999267578125,403.3299865722656,402.0350036621094,402.760009765625
2026-08-14 10:30:00-04:00,402.80999755859375,403.010009765625,401.6400146484375,402.17498779296875
2026-08-14 11:30:00-04:00,402.20001220703125,403.2900085449219,402.1000061035156,402.4700012207031
2026-08-14 12:30:00-04:00,402.4700012207031,402.6000061035156,401.6700134277344,401.70001220703125
2026-08-14 13:30:00-04:00,401.69000244140625,401.9700012207031,401.4100036621094,401.69000244140625
2026-08-14 14:30:00-04:00,401.6700134277344,401.9819641113281,400.93499755859375,401.5299987792969
2026-08-14 15:30:00-04:00,401.5199890136719,401.7900085449219,401.19000244140625,401.42999267578125
2026-08-17 09:30:00-04:00,402.3349914550781,406.1600036621094,402.17999267578125,405.2898864746094
2026-08-17 10:30:00-04:00,405.2900085449219,406.0199890136719,404.8999938964844,405.989990234375
2026-08-17 11:30:00-04:00,405.95001220703125,406.2300109863281,405.25,405.9100036621094
2026-08-17 12:30:00-04:00,405.9200134277344,406.0899963378906,404.8500061035156,405.1650085449219
2026-08-17 13:30:00-04:00,405.1700134277344,405.44110107421875,404.0400085449219,404.1637878417969
2026-08-17 14:30:00-04:00,404.17999267578125,405.2099914550781,403.3999938964844,404.9200134277344
2026-08-17 15:30:00-04:00,404.9150085449219,405.5400085449219,404.8699951171875,405.4700012207031
2026-08-18 09:30:00-04:00,402.54998779296875,404.32000732421875,401.3900146484375,403.07000732421875
2026-08-18 10:30:00-04:00,403.04998779296875,403.239990234375,399.07000732421875,399.3900146484375
2026-08-18 11:30:00-04:00,399.3599853515625,400.9100036621094,399.3299865722656,400.2200012207031
2026-08-18 12:30:00-04:00,400.2300109863281,400.6700134277344,400.1000061035156,400.3349914550781
2026-08-18 13:30:00-04:00,400.30999755859375,400.4100036621094,399.1600036621094,399.8999938964844
2026-08-18 14:30:00-04:00,399.8949890136719,399.94000244140625,399.20001220703125,399.4100036621094
2026-08-18 15:30:00-04:00,399.3800048828125,399.6700134277344,397.8699951171875,398.5299987792969
2026-08-19 09:30:00-04:00,408.80999755859375,411.6650085449219,407.4700012207031,411.4800109863281
2026-08-19 10:30:00-04:00,411.4849853515625,412.6300048828125,410.7300109863281,411.2699890136719
2026-08-19 11:30:00-04:00,411.260009765625,412.70001220703125,411.0,411.9599914550781
2026-08-19 12:30:00-04:00,411.94500732421875,412.6709899902344,411.489990234375,411.6700134277344
2026-08-19 13:30:00-04:00,411.70001220703125,412.40960693359375,410.2300109863281,410.489990234375
2026-08-19 14:30:00-04:00,410.5,413.4700012207031,410.1600036621094,413.42498779296875
2026-08-19 15:30:00-04:00,413.44989013671875,414.0,412.9599914550781,413.8800048828125
2026-08-20 09:30:00-04:00,410.0799865722656,412.05999755859375,409.82000732421875,411.8500061035156
2026-08-20 10:30:00-04:00,411.8349914550781,416.45001220703125,411.8349914550781,415.6400146484375
2026-08-20 11:30:00-04:00,415.67999267578125,415.7900085449219,413.1300048828125,413.4728088378906
2026-08-20 12:30:00-04:00,413.489990234375,414.135009765625,412.8699951171875,413.8349914550781
2026-08-20 13:30:00-04:00,413.8500061035156,414.7049865722656,413.3999938964844,414.42401123046875
2026-08-20 14:30:00-04:00,414.385009765625,415.3699951171875,414.32000732421875,414.760009765625
2026-08-20 15:30:00-04:00,414.7300109863281,415.5899963378906,414.67498779296875,415.260009765625
2026-08-21 09:30:00-04:00,420.5299987792969,422.2398986816406,419.4200134277344,422.2398986816406
2026-08-21 10:30:00-04:00,422.2149963378906,422.6199951171875,420.1499938964844,422.25
2026-08-21 11:30:00-04:00,422.2449951171875,423.79998779296875,421.8900146484375,423.18499755859375
2026-08-21 12:30:00-04:00,423.20001220703125,424.8900146484375,423.0,423.9849853515625
2026-08-21 13:30:00-04:00,423.9700012207031,424.4700012207031,423.4800109863281,424.260009765625
2026-08-21 14:30:00-04:00,424.2149963378906,424.32000732421875,423.5799865722656,423.5899963378906
2026-08-21 15:30:00-04:00,423.6000061035156,424.1199951171875,423.2300109863281,423.3800048828125
2026-08-24 09:30:00-04:00,428.54998779296875,429.4200134277344,426.67010498046875,428.5
2026-08-24 10:30:00-04:00,428.5400085449219,429.239990234375,427.1300048828125,428.8699951171875
2026-08-24 11:30:00-04:00,428.8900146484375,429.0400085449219,425.5400085449219,427.2950134277344
2026-08-24 12:30:00-04:00,427.30999755859375,427.5899963378906,424.6400146484375,425.3999938964844
2026-08-24 13:30:00-04:00,425.43499755859375,425.864990234375,424.2200012207031,425.6531982421875
2026-08-24 14:30:00-04:00,425.70001220703125,426.05999755859375,424.20001220703125,425.760009765625
2026-08-24 15:30:00-04:00,425.718994140625,427.0899963378906,425.6300048828125,426.7300109863281
2026-08-25 09:30:00-04:00,422.7749938964844,424.489990234375,422.3299865722656,424.05999755859375
2026-08-25 10:30:00-04:00,424.05999755859375,426.0299987792969,423.0,425.6300048828125
2026-08-25 11:30:00-04:00,425.57000732421875,427.3799133300781,425.3399963378906,425.5950012207031
2026-08-25 12:30:00-04:00,425.5899963378906,426.1000061035156,424.9800109863281,425.2300109863281
2026-08-25 13:30:00-04:00,425.2799987792969,426.510009765625,425.20001220703125,426.4800109863281
2026-08-25 14:30:00-04:00,426.4800109863281,428.10101318359375,426.0790100097656,427.4800109863281
2026-08-25 15:30:00-04:00,427.510009765625,428.1300048828125,427.2200012207031,428.1000061035156
2026-08-26 09:30:00-04:00,423.0,424.95001220703125,422.8299865722656,423.3900146484375
2026-08-26 10:30:00-04:00,423.3599853515625,423.9800109863281,420.30999755859375,421.42999267578125
2026-08-26 11:30:00-04:00,421.3999938964844,422.6968078613281,421.0,421.44720458984375
2026-08-26 12:30:00-04:00,421.4549865722656,421.7799987792969,420.5899963378906,421.6499938964844
2026-08-26 13:30:00-04:00,421.6700134277344,422.32000732421875,421.2300109863281,421.4299011230469
2026-08-26 14:30:00-04:00,421.4100036621094,421.7799987792969,421.07501220703125,421.7200012207031
2026-08-26 15:30:00-04:00,421.7300109863281,421.989990234375,421.1600036621094,421.3299865722656
2026-08-27 09:30:00-04:00,420.81500244140625,421.1300048828125,418.42999267578125,419.9800109863281
2026-08-27 10:30:00-04:00,419.9845886230469,421.57000732421875,419.9845886230469,421.0299987792969
2026-08-27 11:30:00-04:00,421.0299987792969,422.8699951171875,420.9599914550781,422.3900146484375
2026-08-27 12:30:00-04:00,422.3900146484375,423.25,422.25,422.67498779296875
2026-08-27 13:30:00-04:00,422.6600036621094,423.03350830078125,421.7900085449219,421.8500061035156
2026-08-27 14:30:00-04:00,421.8299865722656,423.3500061035156,421.79998779296875,422.260009765625
2026-08-27 15:30:00-04:00,422.2699890136719,422.8999938964844,422.17999267578125,422.6000061035156
2026-08-28 09:30:00-04:00,422.239990234375,424.7900085449219,415.239990234375,417.31500244140625
2026-08-28 10:30:00-04:00,417.32501220703125,420.04998779296875,417.19000244140625,418.54998779296875
2026-08-28 11:30:00-04:00,418.55499267578125,418.5799865722656,409.1099853515625,410.68499755859375
2026-08-28 12:30:00-04:00,410.6700134277344,411.45001220703125,409.4200134277344,410.489990234375
2026-08-28 13:30:00-04:00,410.57000732421875,410.8500061035156,408.0801086425781,408.6099853515625
2026-08-28 14:30:00-04:00,408.57000732421875,409.2898864746094,407.6199951171875,409.16009521484375
2026-08-28 15:30:00-04:00,409.135009765625,409.5899963378906,408.2799987792969,408.80999755859375
2026-08-31 09:30:00-04:00,407.760009765625,407.9100036621094,404.8999938964844,405.2799987792969
2026-08-31 10:30:00-04:00,405.2799987792969,406.9700012207031,405.2200012207031,406.55999755859375
2026-08-31 11:30:00-04:00,406.5299987792969,407.05999755859375,405.6700134277344,407.04998779296875
2026-08-31 12:30:00-04:00,407.05999755859375,407.2099914550781,406.17999267578125,406.3599853515625
2026-08-31 13:30:00-04:00,406.3299865722656,407.2095031738281,406.2349853515625,406.25
2026-08-31 14:30:00-04:00,406.2300109863281,407.44000244140625,405.9309997558594,407.25
2026-08-31 15:30:00-04:00,407.260009765625,408.79998779296875,407.1000061035156,408.44000244140625
2026-09-01 09:30:00-04:00,398.2850036621094,401.25,398.0799865722656,400.3599853515625
2026-09-01 10:30:00-04:00,400.3500061035156,401.0950012207031,399.4100036621094,400.3999938964844
2026-09-01 11:30:00-04:00,400.3999938964844,401.19000244140625,399.1600036621094,399.19000244140625
2026-09-01 12:30:00-04:00,399.19000244140625,399.7799987792969,398.20001220703125,398.9549865722656
2026-09-01 13:30:00-04:00,398.9599914550781,399.1400146484375,397.5400085449219,397.7672119140625
2026-09-01 14:30:00-04:00,397.75,397.80999755859375,396.9700012207031,397.54998779296875
2026-09-01 15:30:00-04:00,397.54998779296875,397.55999755859375,396.45001220703125,396.82000732421875
2026-09-02 09:30:00-04:00,399.7099914550781,403.3299865722656,399.5799865722656,402.4800109863281
2026-09-02 10:30:00-04:00,402.42999267578125,402.4800109863281,400.42999267578125,401.09991455078125
2026-09-02 11:30:00-04:00,401.0849914550781,401.32000732421875,400.3599853515625,400.7300109863281
2026-09-02 12:30:00-04:00,400.7200012207031,400.9599914550781,400.3399963378906,400.8251037597656
2026-09-02 13:30:00-04:00,400.82000732421875,401.82000732421875,400.5199890136719,401.1700134277344
2026-09-02 14:30:00-04:00,401.13800048828125,402.0799865722656,401.04998779296875,401.9049987792969
2026-09-02 15:30:00-04:00,401.92999267578125,402.8800048828125,401.8999938964844,402.7799987792969
2026-09-03 09:30:00-04:00,410.7099914550781,410.964599609375,408.5400085449219,410.5899963378906
2026-09-03 10:30:00-04:00,410.5199890136719,413.5400085449219,409.4700012207031,413.20001220703125
2026-09-03 11:30:00-04:00,413.2300109863281,413.4599914550781,411.25,411.9599914550781
2026-09-03 12:30:00-04:00,411.9800109863281,412.17999267578125,411.0199890136719,411.8999938964844
2026-09-03 13:30:00-04:00,411.8999938964844,412.07000732421875,410.69500732421875,410.7200012207031
2026-09-03 14:30:00-04:00,410.7200012207031,410.9700012207031,410.010009765625,410.2799987792969
2026-09-03 15:30:00-04:00,410.2850036621094,410.760009765625,410.0199890136719,410.2699890136719
2026-09-04 09:30:00-04:00,404.6600036621094,406.90771484375,403.9599914550781,406.1300048828125
2026-09-04 10:30:00-04:00,406.1549987792969,408.0,405.07000732421875,407.2049865722656
2026-09-04 11:30:00-04:00,407.19000244140625,407.7749938964844,406.4800109863281,406.67999267578125
2026-09-04 12:30:00-04:00,406.6400146484375,407.239990234375,406.05999755859375,406.1499938964844
2026-09-04 13:30:00-04:00,406.1499938964844,406.260009765625,404.55999755859375,405.760009765625
2026-09-04 14:30:00-04:00,405.7699890136719,406.84991455078125,405.4649963378906,406.80499267578125
2026-09-04 15:30:00-04:00,406.80999755859375,407.0350036621094,406.5400085449219,406.7449951171875
2026-09-08 09:30:00-04:00,403.55999755859375,404.125,402.5799865722656,403.1099853515625
2026-09-08 10:30:00-04:00,403.1499938964844,404.2799987792969,402.45001220703125,403.3599853515625
2026-09-08 11:30:00-04:00,403.3399963378906,403.7803955078125,401.6400146484375,402.8900146484375
2026-09-08 12:30:00-04:00,402.8999938964844,403.7749938964844,402.5199890136719,402.88128662109375
2026-09-08 13:30:00-04:00,402.8999938964844,403.0,401.9549865722656,402.1300048828125
2026-09-08 14:30:00-04:00,402.06500244140625,402.17999267578125,399.6199951171875,400.5578918457031
2026-09-08 15:30:00-04:00,400.55999755859375,400.67999267578125,399.4800109863281,399.70001220703125
2026-09-09 09:30:00-04:00,406.1099853515625,406.55999755859375,404.3900146484375,405.80999755859375
2026-09-09 10:30:00-04:00,405.8399963378906,406.44000244140625,401.1814880371094,402.9599914550781
2026-09-09 11:30:00-04:00,403.010009765625,404.1499938964844,402.67999267578125,403.5350036621094
2026-09-09 12:30:00-04:00,403.614990234375,405.3406066894531,403.3699951171875,404.80841064453125
2026-09-09 13:30:00-04:00,404.82000732421875,405.4049987792969,404.55499267578125,405.04998779296875
2026-09-09 14:30:00-04:00,405.07000732421875,405.1099853515625,403.1400146484375,403.409912109375
2026-09-09 15:30:00-04:00,403.32000732421875,403.6199951171875,403.03009033203125,403.3399963378906
2026-09-10 09:30:00-04:00,399.5299987792969,401.1499938964844,398.9800109863281,399.8901062011719
2026-09-10 10:30:00-04:00,399.8599853515625,400.614990234375,399.010009765625,400.1499938964844
2026-09-10 11:30:00-04:00,400.1579895019531,400.7799987792969,399.0899963378906,399.9200134277344
2026-09-10 12:30:00-04:00,399.8999938964844,400.4800109863281,399.2699890136719,400.239990234375
2026-09-10 13:30:00-04:00,400.25,400.2865905761719,397.5899963378906,397.7200012207031
2026-09-10 14:30:00-04:00,397.7300109863281,397.7449951171875,395.45098876953125,396.67999267578125
2026-09-10 15:30:00-04:00,396.69000244140625,396.9200134277344,396.04998779296875,396.45001220703125
2026-09-11 09:30:00-04:00,402.5260009765625,403.6499938964844,401.1300048828125,401.20001220703125
2026-09-11 10:30:00-04:00,401.20001220703125,402.05999755859375,399.67999267578125,400.70001220703125
2026-09-11 11:30:00-04:00,400.6700134277344,401.32000732421875,399.05999755859375,399.2550048828125
2026-09-11 12:30:00-04:00,399.2799987792969,400.6099853515625,399.1199951171875,400.3500061035156
2026-09-11 13:30:00-04:00,400.3500061035156,400.67999267578125,398.29998779296875,398.8800048828125
2026-09-11 14:30:00-04:00,398.9200134277344,399.1700134277344,398.30999755859375,398.54998779296875
2026-09-11 15:30:00-04:00,398.55499267578125,398.739990234375,398.1400146484375,398.6000061035156
2026-09-14 09:30:00-04:00,391.8900146484375,392.7300109863281,390.9599914550781,391.4800109863281
2026-09-14 10:30:00-04:00,391.5299987792969,393.0400085449219,391.1499938964844,392.7998962402344
2026-09-14 11:30:00-04:00,392.7850036621094,394.7200012207031,392.69000244140625,394.29400634765625
2026-09-14 12:30:00-04:00,394.26800537109375,395.8999938964844,394.2179870605469,395.3699951171875
2026-09-14 13:30:00-04:00,395.3999938964844,395.75,394.875,395.1400146484375
2026-09-14 14:30:00-04:00,395.1549987792969,395.5,393.9100036621094,393.9649963378906
2026-09-14 15:30:00-04:00,393.9599914550781,394.0450134277344,392.6400146484375,392.739990234375
2026-09-15 09:30:00-04:00,393.1099853515625,394.3399963378906,392.6000061035156,392.8299865722656
2026-09-15 10:30:00-04:00,392.7300109863281,393.1000061035156,391.80999755859375,392.760009765625
2026-09-15 11:30:00-04:00,392.7699890136719,394.0,392.55999755859375,393.8599853515625
2026-09-15 12:30:00-04:00,393.8699035644531,394.19000244140625,393.3900146484375,393.6499938964844
2026-09-15 13:30:00-04:00,393.6600036621094,394.9200134277344,393.57000732421875,394.739990234375
2026-09-15 14:30:00-04:00,394.7200012207031,395.30999755859375,394.1300048828125,394.3999938964844
2026-09-15 15:30:00-04:00,394.3900146484375,394.5199890136719,393.760009765625,394.1400146484375
2026-09-16 09:30:00-04:00,398.92999267578125,399.2049865722656,396.3999938964844,397.69720458984375
2026-09-16 10:30:00-04:00,397.69000244140625,399.6000061035156,397.3695068359375,398.2799987792969
2026-09-16 11:30:00-04:00,398.30999755859375,399.94000244140625,398.1600036621094,398.44000244140625
2026-09-16 12:30:00-04:00,398.4599914550781,398.6700134277344,398.04010009765625,398.54998779296875
2026-09-16 13:30:00-04:00,398.57000732421875,400.6000061035156,394.7900085449219,396.3500061035156
2026-09-16 14:30:00-04:00,396.31500244140625,396.4700012207031,388.3900146484375,390.0400085449219
2026-09-16 15:30:00-04:00,390.0299987792969,392.1300048828125,390.010009765625,391.75
2026-09-17 09:30:00-04:00,400.2799987792969,401.44000244140625,399.19000244140625,400.260009765625
2026-09-17 10:30:00-04:00,400.2799987792969,400.3900146484375,398.79998779296875,399.3800048828125
2026-09-17 11:30:00-04:00,399.489990234375,400.7632141113281,399.20001220703125,400.32000732421875
2026-09-17 12:30:00-04:00,400.2799987792969,400.2900085449219,399.2101135253906,399.64990234375
2026-09-17 13:30:00-04:00,399.69000244140625,400.1600036621094,399.2099914550781,399.239990234375
2026-09-17 14:30:00-04:00,399.260009765625,399.2799987792969,398.114990234375,398.114990234375
2026-09-17 15:30:00-04:00,398.1000061035156,398.67999267578125,398.0400085449219,398.2799987792969
2026-09-18 09:30:00-04:00,400.4800109863281,400.489990234375,398.1405029296875,398.17999267578125
2026-09-18 10:30:00-04:00,398.1700134277344,399.885009765625,398.1300048828125,399.3999938964844
2026-09-18 11:30:00-04:00,399.3949890136719,401.4200134277344,398.7149963378906,401.32000732421875
2026-09-18 12:30:00-04:00,401.29998779296875,402.44000244140625,401.0400085449219,402.239990234375
2026-09-18 13:30:00-04:00,402.2300109863281,403.1499938964844,402.0791015625,402.55999755859375
2026-09-18 14:30:00-04:00,402.5799865722656,402.5899963378906,401.5,401.6499938964844
2026-09-18 15:30:00-04:00,401.6549987792969,401.8900146484375,400.8999938964844,401.2300109863281
2026-09-21 09:30:00-04:00,400.1650085449219,400.239990234375,396.3399963378906,398.0
2026-09-21 10:30:00-04:00,397.9800109863281,399.1098937988281,397.1211853027344,398.8900146484375
2026-09-21 11:30:00-04:00,398.8900146484375,399.4798889160156,398.3699951171875,398.94000244140625
2026-09-21 12:30:00-04:00,398.8900146484375,399.1000061035156,398.0199890136719,398.3900146484375
2026-09-21 13:30:00-04:00,398.45001220703125,399.0400085449219,397.70001220703125,398.80999755859375
2026-09-21 14:30:00-04:00,398.8299865722656,398.93499755859375,398.0799865722656,398.7099914550781
2026-09-21 15:30:00-04:00,398.760009765625,399.1600036621094,398.30999755859375,398.3500061035156
2026-09-22 09:30:00-04:00,397.07000732421875,398.25,396.5,396.760009765625
2026-09-22 10:30:00-04:00,396.79998779296875,398.0,395.5799865722656,397.2200012207031
2026-09-22 11:30:00-04:00,397.19000244140625,397.2449951171875,396.3399963378906,396.6600036621094
2026-09-22 12:30:00-04:00,396.6700134277344,398.06500244140625,396.6300048828125,397.864990234375
2026-09-22 13:30:00-04:00,397.9150085449219,399.84979248046875,397.42999267578125,399.3900146484375
2026-09-22 14:30:00-04:00,399.4599914550781,399.8999938964844,398.739990234375,399.7699890136719
2026-09-22 15:30:00-04:00,399.7699890136719,400.7799987792969,399.7699890136719,400.0799865722656
2026-09-23 09:30:00-04:00,395.3299865722656,395.5,392.1449890136719,392.3900146484375
2026-09-23 10:30:00-04:00,392.3800048828125,394.1499938964844,392.3699951171875,392.7099914550781
2026-09-23 11:30:00-04:00,392.70001220703125,392.95001220703125,392.1600036621094,392.9200134277344
2026-09-23 12:30:00-04:00,392.9150085449219,393.2900085449219,391.989990234375,392.6099853515625
2026-09-23 13:30:00-04:00,392.5799865722656,393.739990234375,391.8700866699219,392.96990966796875
2026-09-23 14:30:00-04:00,392.95001220703125,393.6199951171875,392.6400146484375,393.0050048828125
2026-09-23 15:30:00-04:00,393.0199890136719,393.04998779296875,392.5150146484375,392.7799987792969
2026-09-24 09:30:00-04:00,391.9599914550781,392.06500244140625,390.510009765625,391.0799865722656
2026-09-24 10:30:00-04:00,391.0299987792969,391.0299987792969,389.04901123046875,389.55499267578125
2026-09-24 11:30:00-04:00,389.5400085449219,393.07000732421875,389.2200012207031,391.9100036621094
2026-09-24 12:30:00-04:00,391.9070129394531,392.7839050292969,390.3599853515625,390.7200012207031
2026-09-24 13:30:00-04:00,390.67999267578125,391.8500061035156,390.1199951171875,391.8500061035156
2026-09-24 14:30:00-04:00,391.82000732421875,392.44000244140625,391.1499938964844,391.5899963378906
2026-09-24 15:30:00-04:00,391.6173095703125,391.95001220703125,391.5199890136719,391.7250061035156
2026-09-25 09:30:00-04:00,392.2099914550781,392.739990234375,390.04998779296875,391.1199951171875
2026-09-25 10:30:00-04:00,391.0,392.5899963378906,390.79998779296875,392.360107421875
2026-09-25 11:30:00-04:00,392.3699951171875,394.21990966796875,391.4700012207031,393.4150085449219
2026-09-25 12:30:00-04:00,393.4700012207031,393.6199951171875,392.3299865722656,393.01251220703125
2026-09-25 13:30:00-04:00,393.010009765625,393.3599853515625,392.3699951171875,393.07000732421875
2026-09-25 14:30:00-04:00,393.1000061035156,394.0,393.0799865722656,393.17999267578125
2026-09-25 15:30:00-04:00,393.17999267578125,393.7200012207031,393.1300048828125,393.3500061035156
2026-09-28 09:30:00-04:00,379.760009765625,381.5199890136719,379.25,379.7662048339844
2026-09-28 10:30:00-04:00,379.7799987792969,379.7900085449219,376.8800048828125,378.1914978027344
2026-09-28 11:30:00-04:00,378.1700134277344,380.2799987792969,377.30999755859375,379.760009765625
2026-09-28 12:30:00-04:00,379.8399963378906,380.1684875488281,378.29998779296875,379.1549987792969
2026-09-28 13:30:00-04:00,379.17498779296875,379.5799865722656,379.010009765625,379.1199951171875
2026-09-28 14:30:00-04:00,379.1199951171875,379.7200012207031,378.67999267578125,378.9700012207031
2026-09-28 15:30:00-04:00,378.9750061035156,379.1000061035156,377.8599853515625,377.94000244140625
2026-09-29 09:30:00-04:00,380.94000244140625,382.7799987792969,380.67498779296875,382.5
2026-09-29 10:30:00-04:00,382.5400085449219,382.6700134277344,380.32000732421875,380.7099914550781
2026-09-29 11:30:00-04:00,380.7300109863281,381.54998779296875,380.4049987792969,380.74700927734375
2026-09-29 12:30:00-04:00,380.7550048828125,380.8999938964844,379.9100036621094,380.2900085449219
2026-09-29 13:30:00-04:00,380.2900085449219,382.260009765625,379.7149963378906,381.8599853515625
2026-09-29 14:30:00-04:00,381.8399963378906,382.75,381.3900146484375,382.3900146484375
2026-09-29 15:30:00-04:00,382.3800048828125,383.0,382.2300109863281,383.0
2026-09-30 09:30:00-04:00,384.3900146484375,384.5899963378906,382.2300109863281,382.3999938964844
2026-09-30 10:30:00-04:00,382.32000732421875,382.8699951171875,380.53009033203125,381.0199890136719
2026-09-30 11:30:00-04:00,381.0400085449219,381.6499938964844,380.7300109863281,381.4800109863281
2026-09-30 12:30:00-04:00,381.4649963378906,381.5,380.44000244140625,380.94000244140625
2026-09-30 13:30:00-04:00,380.9200134277344,380.9200134277344,380.17999267578125,380.7749938964844
2026-09-30 14:30:00-04:00,380.760009765625,380.9200134277344,380.3299865722656,380.7799987792969
2026-09-30 15:30:00-04:00,380.7699890136719,381.0400085449219,380.3900146484375,380.8900146484375
2026-10-01 09:30:00-04:00,381.9100036621094,382.3900146484375,380.5,381.5400085449219
2026-10-01 10:30:00-04:00,381.422607421875,382.6499938964844,380.3599853515625,381.8399963378906
2026-10-01 11:30:00-04:00,381.8299865722656,382.82000732421875,380.82000732421875,381.95001220703125
2026-10-01 12:30:00-04:00,382.0,382.82000732421875,381.25,382.4150085449219
2026-10-01 13:30:00-04:00,382.45001220703125,383.70001220703125,381.5299987792969,382.5299987792969
2026-10-01 14:30:00-04:00,382.5350036621094,383.2950134277344,382.3399963378906,382.7550048828125
2026-10-01 15:30:00-04:00,382.7799987792969,383.05999755859375,382.5299987792969,382.7799987792969
2026-10-02 09:30:00-04:00,384.45001220703125,385.2200012207031,382.6499938964844,382.66009521484375
2026-10-02 10:30:00-04:00,382.68499755859375,383.32000732421875,378.8699951171875,379.7200012207031
2026-10-02 11:30:00-04:00,379.67999267578125,380.2200012207031,378.1099853515625,379.1400146484375
2026-10-02 12:30:00-04:00,379.1199951171875,379.7699890136719,378.6300048828125,378.9599914550781
2026-10-02 13:30:00-04:00,378.9200134277344,379.5906982421875,378.80999755859375,379.4599914550781
2026-10-02 14:30:00-04:00,379.4700012207031,380.32000732421875,379.2851867675781,380.2300109863281
2026-10-02 15:30:00-04:00,380.25,380.3500061035156,379.510009765625,380.17999267578125
