Datetime,open,high,low,close
2026-07-10 09:30:00-04:00,375.0,375.8999938964844,374.9700012207031,375.2398986816406
2026-07-10 09:35:00-04:00,375.239990234375,375.8900146484375,375.0199890136719,375.8900146484375
2026-07-10 09:40:00-04:00,375.9200134277344,376.3999938964844,375.75,376.07501220703125
2026-07-10 09:45:00-04:00,376.0400085449219,376.3900146484375,375.9549865722656,376.3500061035156
2026-07-10 09:50:00-04:00,376.2900085449219,376.70001220703125,376.2099914550781,376.45989990234375
2026-07-10 09:55:00-04:00,376.3699951171875,376.4100036621094,376.0299987792969,376.17999267578125
2026-07-10 10:00:00-04:00,376.19000244140625,376.3500061035156,375.989990234375,376.2601013183594
2026-07-10 10:05:00-04:00,376.2699890136719,376.5,376.1300048828125,376.20001220703125
2026-07-10 10:10:00-04:00,376.2149963378906,376.4700012207031,375.989990234375,376.1700134277344
2026-07-10 10:15:00-04:00,376.1600036621094,376.6600036621094,375.9200134277344,376.55999755859375
2026-07-10 10:20:00-04:00,376.5799865722656,376.8699951171875,376.3399963378906,376.4100036621094
2026-07-10 10:25:00-04:00,376.3900146484375,376.989990234375,376.20001220703125,376.6499938964844
2026-07-10 10:30:00-04:00,376.7099914550781,376.8500061035156,373.7200012207031,375.2200012207031
2026-07-10 10:35:00-04:00,375.25,375.9100036621094,375.0,375.6770935058594
2026-07-10 10:40:00-04:00,375.75,376.2799987792969,375.7200012207031,376.04998779296875
2026-07-10 10:45:00-04:00,376.0350036621094,376.82000732421875,376.0150146484375,376.81500244140625
2026-07-10 10:50:00-04:00,376.7799987792969,376.7900085449219,376.1700134277344,376.25
2026-07-10 10:55:00-04:00,376.2698974609375,376.32000732421875,375.3699951171875,375.4949951171875
2026-07-10 11:00:00-04:00,375.5299987792969,376.05999755859375,375.3299865722656,375.9150085449219
2026-07-10 11:05:00-04:00,375.94000244140625,376.17999267578125,375.79998779296875,376.0249938964844
2026-07-10 11:10:00-04:00,376.06500244140625,376.19000244140625,375.840087890625,375.8999938964844
2026-07-10 11:15:00-04:00,375.8999938964844,376.44000244140625,375.8999938964844,376.1000061035156
2026-07-10 11:20:00-04:00,376.1000061035156,376.7349853515625,376.0400085449219,376.6700134277344
2026-07-10 11:25:00-04:00,376.6700134277344,376.8399963378906,376.19500732421875,376.2850036621094
2026-07-10 11:30:00-04:00,376.3399963378906,376.4800109863281,376.260009765625,376.45001220703125
2026-07-10 11:35:00-04:00,376.4599914550781,376.739990234375,376.2900085449219,376.69000244140625
2026-07-10 11:40:00-04:00,376.6700134277344,376.75,376.4800109863281,376.7200927734375
2026-07-10 11:45:00-04:00,376.7099914550781,377.1199951171875,376.6499938964844,377.04998779296875
2026-07-10 11:50:00-04:00,377.04998779296875,377.25,376.9200134277344,377.1000061035156
2026-07-10 11:55:00-04:00,377.135009765625,377.3699951171875,377.07000732421875,377.32501220703125
2026-07-10 12:00:00-04:00,377.30999755859375,377.5,377.1549987792969,377.2099914550781
2026-07-10 12:05:00-04:00,377.1700134277344,377.2449951171875,376.9949951171875,377.18499755859375
2026-07-10 12:10:00-04:00,377.17999267578125,377.260009765625,376.8999938964844,377.0419921875
2026-07-10 12:15:00-04:00,377.05999755859375,377.3900146484375,377.0450134277344,377.1400146484375
2026-07-10 12:20:00-04:00,377.1199951171875,377.1499938964844,376.8299865722656,377.1487121582031
2026-07-10 12:25:00-04:00,377.1600036621094,377.4599914550781,377.1600036621094,377.4599914550781
2026-07-10 12:30:00-04:00,377.4599914550781,377.54998779296875,377.29998779296875,377.29998779296875
2026-07-10 12:35:00-04:00,377.2900085449219,377.43499755859375,377.239990234375,377.2820129394531
2026-07-10 12:40:00-04:00,377.2900085449219,377.3699951171875,376.9549865722656,376.9599914550781
2026-07-10 12:45:00-04:00,376.9599914550781,377.0199890136719,376.8399963378906,376.8500061035156
2026-07-10 12:50:00-04:00,376.8599853515625,376.9700012207031,376.6600036621094,376.70001220703125
2026-07-10 12:55:00-04:00,376.7200012207031,376.7699890136719,376.54010009765625,376.54010009765625
2026-07-10 13:00:00-04:00,376.5400085449219,376.6300048828125,376.3699951171875,376.42999267578125
2026-07-10 13:05:00-04:00,376.3999938964844,376.6600036621094,376.3299865722656,376.489990234375
2026-07-10 13:10:00-04:00,376.4949951171875,376.6400146484375,376.43499755859375,376.5199890136719
2026-07-10 13:15:00-04:00,376.5599060058594,376.7300109863281,376.5201110839844,376.57000732421875
2026-07-10 13:20:00-04:00,376.5899963378906,376.760009765625,376.5799865722656,376.70330810546875
2026-07-10 13:25:00-04:00,376.70001220703125,376.70001220703125,376.4905090332031,376.6400146484375
2026-07-10 13:30:00-04:00,376.7200012207031,376.7650146484375,376.6000061035156,376.6499938964844
2026-07-10 13:35:00-04:00,376.6199951171875,376.6600036621094,376.510009765625,376.5150146484375
2026-07-10 13:40:00-04:00,376.5299987792969,376.6549987792969,376.44000244140625,376.5299987792969
2026-07-10 13:45:00-04:00,376.47119140625,376.57000732421875,376.42498779296875,376.489990234375
2026-07-10 13:50:00-04:00,376.5,376.6400146484375,376.45001220703125,376.4849853515625
2026-07-10 13:55:00-04:00,376.510009765625,376.510009765625,376.2099914550781,376.2200012207031
2026-07-10 14:00:00-04:00,376.2300109863281,376.3999938964844,376.1499938964844,376.3901062011719
2026-07-10 14:05:00-04:00,376.3699951171875,376.489990234375,376.32000732421875,376.489990234375
2026-07-10 14:10:00-04:00,376.45001220703125,376.6449890136719,376.44000244140625,376.6199951171875
2026-07-10 14:15:00-04:00,376.6199951171875,376.639892578125,376.3800048828125,376.4700012207031
2026-07-10 14:20:00-04:00,376.4700012207031,376.55999755859375,376.3999938964844,376.4599914550781
2026-07-10 14:25:00-04:00,376.4049987792969,376.7200012207031,376.4049987792969,376.42498779296875
2026-07-10 14:30:00-04:00,376.44000244140625,376.510009765625,376.29998779296875,376.489990234375
2026-07-10 14:35:00-04:00,376.45001220703125,376.489990234375,376.1099853515625,376.1400146484375
2026-07-10 14:40:00-04:00,376.14080810546875,376.20001220703125,376.0400085449219,376.04998779296875
2026-07-10 14:45:00-04:00,376.0,376.1899108886719,376.0,376.1899108886719
2026-07-10 14:50:00-04:00,376.19000244140625,376.2699890136719,376.1210021972656,376.2690124511719
2026-07-10 14:55:00-04:00,376.25,376.3096008300781,376.18011474609375,376.260009765625
2026-07-10 15:00:00-04:00,376.239990234375,376.25,375.9800109863281,376.0
2026-07-10 15:05:00-04:00,376.010009765625,376.42999267578125,375.989990234375,376.29998779296875
2026-07-10 15:10:00-04:00,376.2900085449219,376.3349914550781,376.0799865722656,376.3349914550781
2026-07-10 15:15:00-04:00,376.3349914550781,376.4599914550781,376.2900085449219,376.44000244140625
2026-07-10 15:20:00-04:00,376.45001220703125,376.4798889160156,376.3500061035156,376.3500061035156
2026-07-10 15:25:00-04:00,376.3399963378906,376.4200134277344,376.32000732421875,376.3699951171875
2026-07-10 15:30:00-04:00,376.3399963378906,376.5,376.239990234375,376.32501220703125
2026-07-10 15:35:00-04:00,376.30999755859375,376.45001220703125,376.2699890136719,376.3900146484375
2026-07-10 15:40:00-04:00,376.3800048828125,376.5299987792969,376.3500061035156,376.3999938964844
2026-07-10 15:45:00-04:00,376.4549865722656,376.6700134277344,376.43499755859375,376.635009765625
2026-07-10 15:50:00-04:00,376.6499938964844,376.739990234375,376.55999755859375,376.7300109863281
2026-07-10 15:55:00-04:00,376.7300109863281,377.010009765625,376.70001220703125,376.9800109863281
2026-07-13 09:30:00-04:00,372.7699890136719,372.8900146484375,372.2200012207031,372.3349914550781
2026-07-13 09:35:00-04:00,372.3999938964844,372.6600036621094,371.9599914550781,371.9601135253906
2026-07-13 09:40:00-04:00,371.9700012207031,372.3599853515625,371.7200012207031,372.0400085449219
2026-07-13 09:45:00-04:00,372.04998779296875,372.3299865722656,371.5586853027344,371.6099853515625
2026-07-13 09:50:00-04:00,371.6099853515625,371.7699890136719,370.8800048828125,371.7200012207031
2026-07-13 09:55:00-04:00,371.6600036621094,371.8301086425781,370.8399963378906,370.9700012207031
2026-07-13 10:00:00-04:00,370.9700012207031,371.2799987792969,370.4700012207031,370.67498779296875
2026-07-13 10:05:00-04:00,370.7099914550781,370.75,369.7300109863281,370.489990234375
2026-07-13 10:10:00-04:00,370.45001220703125,370.6499938964844,370.1300048828125,370.30999755859375
2026-07-13 10:15:00-04:00,370.2900085449219,370.44000244140625,367.6600036621094,369.0784912109375
2026-07-13 10:20:00-04:00,369.0194091796875,369.0400085449219,367.2200012207031,368.9849853515625
2026-07-13 10:25:00-04:00,368.989990234375,369.6700134277344,368.3800048828125,368.5799865722656
2026-07-13 10:30:00-04:00,368.5400085449219,368.6099853515625,367.45001220703125,368.010009765625
2026-07-13 10:35:00-04:00,368.0,368.010009765625,367.3800048828125,367.7898864746094
2026-07-13 10:40:00-04:00,367.739990234375,367.7449951171875,367.0,367.510009765625
2026-07-13 10:45:00-04:00,367.45001220703125,367.8800048828125,367.1700134277344,367.6199951171875
2026-07-13 10:50:00-04:00,367.6499938964844,368.0,367.42999267578125,367.8699951171875
2026-07-13 10:55:00-04:00,367.875,368.42999267578125,367.8299865722656,368.42999267578125
2026-07-13 11:00:00-04:00,368.4599914550781,368.6300048828125,368.0799865722656,368.1099853515625
2026-07-13 11:05:00-04:00,368.1300048828125,368.3399963378906,368.0,368.29998779296875
2026-07-13 11:10:00-04:00,368.32000732421875,368.5498962402344,368.2799987792969,368.3699951171875
2026-07-13 11:15:00-04:00,368.3699951171875,368.7900085449219,368.2099914550781,368.7900085449219
2026-07-13 11:20:00-04:00,368.7200012207031,368.8699951171875,368.42010498046875,368.510009765625
2026-07-13 11:25:00-04:00,368.4200134277344,368.69000244140625,368.19000244140625,368.5
2026-07-13 11:30:00-04:00,368.5,368.635009765625,368.2799987792969,368.3699951171875
2026-07-13 11:35:00-04:00,368.3699951171875,368.5199890136719,368.2300109863281,368.3999938964844
2026-07-13 11:40:00-04:00,368.3999938964844,368.4700012207031,368.1000061035156,368.19000244140625
2026-07-13 11:45:00-04:00,368.2099914550781,368.3699951171875,367.9599914550781,368.25
2026-07-13 11:50:00-04:00,368.260009765625,368.32000732421875,367.94000244140625,368.2499084472656
2026-07-13 11:55:00-04:00,368.239990234375,368.45001220703125,368.17999267578125,368.45001220703125
2026-07-13 12:00:00-04:00,368.44000244140625,368.6650085449219,368.2799987792969,368.489990234375
2026-07-13 12:05:00-04:00,368.510009765625,368.6099853515625,368.2850036621094,368.4599914550781
2026-07-13 12:10:00-04:00,368.4200134277344,368.5299987792969,368.1700134277344,368.29998779296875
2026-07-13 12:15:00-04:00,368.2799987792969,368.2799987792969,368.010009765625,368.07501220703125
2026-07-13 12:20:00-04:00,368.0799865722656,368.14990234375,367.8500061035156,367.9100036621094
2026-07-13 12:25:00-04:00,367.864990234375,367.9700012207031,367.04998779296875,367.3450012207031
2026-07-13 12:30:00-04:00,367.3299865722656,367.44000244140625,366.2799987792969,366.4200134277344
2026-07-13 12:35:00-04:00,366.4599914550781,366.760009765625,366.1318054199219,366.69000244140625
2026-07-13 12:40:00-04:00,366.6700134277344,367.07000732421875,366.55999755859375,367.04998779296875
2026-07-13 12:45:00-04:00,367.04998779296875,367.239990234375,366.7699890136719,366.86590576171875
2026-07-13 12:50:00-04:00,366.8500061035156,366.8900146484375,366.25,366.2900085449219
2026-07-13 12:55:00-04:00,366.30499267578125,366.4100036621094,365.7699890136719,366.364990234375
2026-07-13 13:00:00-04:00,366.42999267578125,366.7650146484375,366.29998779296875,366.5299987792969
2026-07-13 13:05:00-04:00,366.5249938964844,366.9100036621094,366.45001220703125,366.8299865722656
2026-07-13 13:10:00-04:00,366.82000732421875,366.8800048828125,366.710693359375,366.81500244140625
2026-07-13 13:15:00-04:00,366.8399963378906,367.1499938964844,366.739990234375,367.1400146484375
2026-07-13 13:20:00-04:00,367.0899963378906,367.1600036621094,366.7799987792969,366.8409118652344
2026-07-13 13:25:00-04:00,366.8800048828125,366.94000244140625,366.67999267578125,366.8800048828125
2026-07-13 13:30:00-04:00,366.8800048828125,367.07000732421875,366.80999755859375,367.010009765625
2026-07-13 13:35:00-04:00,366.9599914550781,366.9700012207031,366.7200012207031,366.760009765625
2026-07-13 13:40:00-04:00,366.75,366.8399963378906,366.6499938964844,366.70001220703125
2026-07-13 13:45:00-04:00,366.70001220703125,366.9200134277344,366.4700012207031,366.5899963378906
2026-07-13 13:50:00-04:00,366.5799865722656,366.6499938964844,366.3500061035156,366.5
2026-07-13 13:55:00-04:00,366.5299987792969,366.54998779296875,366.25,366.3200988769531
2026-07-13 14:00:00-04:00,366.29901123046875,366.489990234375,366.1000061035156,366.1600036621094
2026-07-13 14:05:00-04:00,366.110107421875,366.5199890136719,366.110107421875,366.2300109863281
2026-07-13 14:10:00-04:00,366.2349853515625,366.42498779296875,366.0299987792969,366.4100036621094
2026-07-13 14:15:00-04:00,366.3900146484375,366.4700012207031,365.7799987792969,365.9200134277344
2026-07-13 14:20:00-04:00,365.9155578613281,366.510009765625,365.80999755859375,366.489990234375
2026-07-13 14:25:00-04:00,366.489990234375,366.67498779296875,366.4800109863281,366.5249938964844
2026-07-13 14:30:00-04:00,366.54998779296875,366.82000732421875,366.4599914550781,366.6893005371094
2026-07-13 14:35:00-04:00,366.7200012207031,367.0299987792969,366.7099914550781,366.8949890136719
2026-07-13 14:40:00-04:00,366.8999938964844,367.0498962402344,366.82000732421875,366.989990234375
2026-07-13 14:45:00-04:00,367.0199890136719,367.1600036621094,366.8500061035156,367.1300048828125
2026-07-13 14:50:00-04:00,367.1300048828125,367.45001220703125,367.0299987792969,367.32000732421875
2026-07-13 14:55:00-04:00,367.30499267578125,367.41009521484375,366.8399963378906,367.1000061035156
2026-07-13 15:00:00-04:00,367.1499938964844,367.375,366.82000732421875,367.375
2026-07-13 15:05:00-04:00,367.3500061035156,367.3900146484375,366.8900146484375,367.0
2026-07-13 15:10:00-04:00,366.9800109863281,366.9849853515625,366.7650146484375,366.79998779296875
2026-07-13 15:15:00-04:00,366.80999755859375,366.9551086425781,366.7650146484375,366.9150085449219
2026-07-13 15:20:00-04:00,366.94000244140625,367.0,366.70001220703125,366.9909973144531
2026-07-13 15:25:00-04:00,367.0,367.04998779296875,366.8500061035156,366.8706970214844
2026-07-13 15:30:00-04:00,366.8599853515625,367.0799865722656,366.80999755859375,366.92999267578125
2026-07-13 15:35:00-04:00,366.9200134277344,366.92498779296875,366.3999938964844,366.5450134277344
2026-07-13 15:40:00-04:00,366.54998779296875,366.92999267578125,366.5299987792969,366.9100036621094
2026-07-13 15:45:00-04:00,366.8999938964844,366.92999267578125,366.69000244140625,366.7250061035156
2026-07-13 15:50:00-04:00,366.7099914550781,367.1199951171875,366.70001220703125,367.0400085449219
2026-07-13 15:55:00-04:00,367.0249938964844,367.239990234375,366.95001220703125,367.20001220703125
2026-07-14 09:30:00-04:00,374.5299987792969,374.80999755859375,373.98028564453125,374.4049987792969
2026-07-14 09:35:00-04:00,374.32000732421875,375.1000061035156,374.17999267578125,374.8999938964844
2026-07-14 09:40:00-04:00,374.94000244140625,375.16680908203125,374.6000061035156,375.0921936035156
2026-07-14 09:45:00-04:00,375.04998779296875,375.0799865722656,374.4100036621094,374.50030517578125
2026-07-14 09:50:00-04:00,374.6700134277344,374.8399963378906,373.8699951171875,374.0299987792969
2026-07-14 09:55:00-04:00,374.0400085449219,374.2200012207031,373.8699951171875,374.04998779296875
2026-07-14 10:00:00-04:00,374.04998779296875,374.375,373.760009765625,373.82000732421875
2026-07-14 10:05:00-04:00,373.82000732421875,374.4549865722656,373.6700134277344,374.3699951171875
2026-07-14 10:10:00-04:00,374.364990234375,374.8500061035156,374.1000061035156,374.57000732421875
2026-07-14 10:15:00-04:00,374.5199890136719,374.5350036621094,373.5199890136719,373.739990234375
2026-07-14 10:20:00-04:00,373.7699890136719,374.8500061035156,373.7300109863281,374.2149963378906
2026-07-14 10:25:00-04:00,374.2300109863281,374.3599853515625,373.8299865722656,374.1000061035156
2026-07-14 10:30:00-04:00,374.0400085449219,375.4200134277344,373.7604064941406,374.36749267578125
2026-07-14 10:35:00-04:00,374.44000244140625,374.44000244140625,373.8599853515625,374.29998779296875
2026-07-14 10:40:00-04:00,374.2699890136719,374.55499267578125,374.20001220703125,374.3500061035156
2026-07-14 10:45:00-04:00,374.3599853515625,374.54998779296875,374.19000244140625,374.2200012207031
2026-07-14 10:50:00-04:00,374.17999267578125,374.6400146484375,374.1000061035156,374.5899963378906
2026-07-14 10:55:00-04:00,374.6099853515625,375.0150146484375,374.4700012207031,374.79998779296875
2026-07-14 11:00:00-04:00,374.8299865722656,375.5299987792969,374.239990234375,375.1300048828125
2026-07-14 11:05:00-04:00,375.05999755859375,376.2799987792969,374.95001220703125,375.8599853515625
2026-07-14 11:10:00-04:00,375.8599853515625,375.95001220703125,375.2200012207031,375.32000732421875
2026-07-14 11:15:00-04:00,375.2799987792969,375.3550109863281,374.8800048828125,375.010009765625
2026-07-14 11:20:00-04:00,374.9599914550781,375.30999755859375,374.8599853515625,374.9700012207031
2026-07-14 11:25:00-04:00,375.010009765625,375.010009765625,374.6050109863281,374.760009765625
2026-07-14 11:30:00-04:00,374.7799987792969,374.989990234375,374.3800048828125,374.44000244140625
2026-07-14 11:35:00-04:00,374.56201171875,374.56201171875,373.92999267578125,373.9599914550781
2026-07-14 11:40:00-04:00,373.9800109863281,374.04998779296875,373.1099853515625,373.760009765625
2026-07-14 11:45:00-04:00,373.75,374.010009765625,373.5400085449219,373.5799865722656
2026-07-14 11:50:00-04:00,373.6199951171875,373.6199951171875,373.0400085449219,373.0899963378906
2026-07-14 11:55:00-04:00,373.0799865722656,373.2698974609375,372.9100036621094,373.04541015625
2026-07-14 12:00:00-04:00,373.1199951171875,373.1199951171875,372.7099914550781,372.80999755859375
2026-07-14 12:05:00-04:00,372.8699951171875,372.8800048828125,372.25,372.5150146484375
2026-07-14 12:10:00-04:00,372.5299987792969,372.9200134277344,372.5299987792969,372.760009765625
2026-07-14 12:15:00-04:00,372.7699890136719,372.92999267578125,372.5873107910156,372.7699890136719
2026-07-14 12:20:00-04:00,372.75,372.79998779296875,372.2829895019531,372.5400085449219
2026-07-14 12:25:00-04:00,372.55499267578125,372.6700134277344,372.3500061035156,372.42999267578125
2026-07-14 12:30:00-04:00,372.4200134277344,372.739990234375,372.3599853515625,372.4800109863281
2026-07-14 12:35:00-04:00,372.489990234375,372.56500244140625,372.2699890136719,372.489990234375
2026-07-14 12:40:00-04:00,372.489990234375,372.70001220703125,372.4200134277344,372.5299987792969
2026-07-14 12:45:00-04:00,372.6000061035156,372.6199951171875,372.260009765625,372.42999267578125
2026-07-14 12:50:00-04:00,372.434814453125,372.5799865722656,372.3599853515625,372.4849853515625
2026-07-14 12:55:00-04:00,372.4800109863281,372.67999267578125,372.4800109863281,372.6000061035156
2026-07-14 13:00:00-04:00,372.6300048828125,372.875,372.4599914550781,372.5199890136719
2026-07-14 13:05:00-04:00,372.5198974609375,372.5694885253906,372.20001220703125,372.3999938964844
2026-07-14 13:10:00-04:00,372.4100036621094,372.45001220703125,372.010009765625,372.1700134277344
2026-07-14 13:15:00-04:00,372.1300048828125,372.19000244140625,371.9200134277344,372.1700134277344
2026-07-14 13:20:00-04:00,372.17999267578125,372.6000061035156,372.1400146484375,372.5799865722656
2026-07-14 13:25:00-04:00,372.57000732421875,372.8450012207031,372.5,372.75
2026-07-14 13:30:00-04:00,372.82000732421875,372.92498779296875,372.6549987792969,372.70001220703125
2026-07-14 13:35:00-04:00,372.6600036621094,372.7698974609375,372.5799865722656,372.6600036621094
2026-07-14 13:40:00-04:00,372.6600036621094,372.7300109863281,372.45001220703125,372.4601135253906
2026-07-14 13:45:00-04:00,372.4599914550781,372.6700134277344,372.3599853515625,372.6018981933594
2026-07-14 13:50:00-04:00,372.6700134277344,372.8399963378906,372.6700134277344,372.82000732421875
2026-07-14 13:55:00-04:00,372.7699890136719,372.8599853515625,372.739990234375,372.79998779296875
2026-07-14 14:00:00-04:00,372.760009765625,372.7650146484375,372.5,372.7099914550781
2026-07-14 14:05:00-04:00,372.70001220703125,372.7099914550781,372.54998779296875,372.54998779296875
2026-07-14 14:10:00-04:00,372.5799865722656,372.67999267578125,372.510009765625,372.67498779296875
2026-07-14 14:15:00-04:00,372.67498779296875,372.7900085449219,372.5899963378906,372.7749938964844
2026-07-14 14:20:00-04:00,372.7650146484375,372.7699890136719,372.25,372.25
2026-07-14 14:25:00-04:00,372.25,372.4100036621094,372.2099914550781,372.3699951171875
2026-07-14 14:30:00-04:00,372.3599853515625,372.44000244140625,372.0799865722656,372.19000244140625
2026-07-14 14:35:00-04:00,372.1789855957031,372.1947937011719,371.760009765625,371.8500061035156
2026-07-14 14:40:00-04:00,371.8299865722656,371.95989990234375,370.9200134277344,371.20001220703125
2026-07-14 14:45:00-04:00,371.2349853515625,371.6400146484375,371.1099853515625,371.5400085449219
2026-07-14 14:50:00-04:00,371.5199890136719,371.760009765625,371.3299865722656,371.7383117675781
2026-07-14 14:55:00-04:00,371.7550048828125,372.0,371.70001220703125,371.9599914550781
2026-07-14 15:00:00-04:00,371.9700012207031,372.0199890136719,371.7699890136719,371.8299865722656
2026-07-14 15:05:00-04:00,371.8550109863281,371.989990234375,371.7900085449219,371.9599914550781
2026-07-14 15:10:00-04:00,371.94000244140625,372.2594909667969,371.8800048828125,372.19000244140625
2026-07-14 15:15:00-04:00,372.17999267578125,372.2099914550781,372.04998779296875,372.1199951171875
2026-07-14 15:20:00-04:00,372.1099853515625,372.1300048828125,371.7799987792969,371.80499267578125
2026-07-14 15:25:00-04:00,371.79998779296875,371.8599853515625,371.67999267578125,371.7101135253906
2026-07-14 15:30:00-04:00,371.6499938964844,371.70001220703125,371.3599853515625,371.6000061035156
2026-07-14 15:35:00-04:00,371.5877990722656,371.7900085449219,371.5,371.6706848144531
2026-07-14 15:40:00-04:00,371.6700134277344,371.8500061035156,371.6199951171875,371.79998779296875
2026-07-14 15:45:00-04:00,371.80999755859375,371.989990234375,371.7699890136719,371.7950134277344
2026-07-14 15:50:00-04:00,371.80999755859375,372.2300109863281,371.739990234375,372.1192932128906
2026-07-14 15:55:00-04:00,372.1000061035156,372.25,372.0299987792969,372.1499938964844
2026-07-15 09:30:00-04:00,372.1199951171875,372.6400146484375,372.07000732421875,372.4700012207031
2026-07-15 09:35:00-04:00,372.4949951171875,372.75,372.2510070800781,372.635009765625
2026-07-15 09:40:00-04:00,372.6199951171875,372.79998779296875,372.3399963378906,372.6499938964844
2026-07-15 09:45:00-04:00,372.6499938964844,372.7132873535156,372.0400085449219,372.20001220703125
2026-07-15 09:50:00-04:00,372.239990234375,372.5849914550781,372.07000732421875,372.3900146484375
2026-07-15 09:55:00-04:00,372.3999938964844,373.1050109863281,372.30999755859375,372.6600036621094
2026-07-15 10:00:00-04:00,372.69000244140625,373.05999755859375,372.510009765625,372.80999755859375
2026-07-15 10:05:00-04:00,372.8500061035156,373.0238037109375,372.7300109863281,372.8399963378906
2026-07-15 10:10:00-04:00,372.8450012207031,373.0799865722656,372.739990234375,372.8999938964844
2026-07-15 10:15:00-04:00,372.94500732421875,373.0899963378906,372.5799865722656,372.80999755859375
2026-07-15 10:20:00-04:00,372.80999755859375,372.80999755859375,372.1300048828125,372.31500244140625
2026-07-15 10:25:00-04:00,372.32000732421875,372.489990234375,372.1099853515625,372.3599853515625
2026-07-15 10:30:00-04:00,372.44000244140625,372.82000732421875,372.29998779296875,372.739990234375
2026-07-15 10:35:00-04:00,372.760009765625,372.8800048828125,372.614990234375,372.739990234375
2026-07-15 10:40:00-04:00,372.75,372.79998779296875,372.25,372.2900085449219
2026-07-15 10:45:00-04:00,372.2950134277344,372.57000732421875,371.9100036621094,372.5199890136719
2026-07-15 10:50:00-04:00,372.5150146484375,372.5400085449219,372.04998779296875,372.1700134277344
2026-07-15 10:55:00-04:00,372.1600036621094,372.6199951171875,372.1499938964844,372.5400085449219
2026-07-15 11:00:00-04:00,372.6600036621094,372.80999755859375,372.3500061035156,372.45001220703125
2026-07-15 11:05:00-04:00,372.4649963378906,372.4649963378906,371.9700012207031,372.0400085449219
2026-07-15 11:10:00-04:00,371.9599914550781,372.010009765625,370.9700012207031,371.0799865722656
2026-07-15 11:15:00-04:00,371.0450134277344,371.30999755859375,370.9649963378906,371.25
2026-07-15 11:20:00-04:00,371.2200012207031,371.239990234375,370.6000061035156,371.1099853515625
2026-07-15 11:25:00-04:00,371.14990234375,371.58990478515625,371.05999755859375,371.510009765625
2026-07-15 11:30:00-04:00,371.57000732421875,371.57000732421875,371.1099853515625,371.42999267578125
2026-07-15 11:35:00-04:00,371.4305114746094,371.510009765625,371.29998779296875,371.3900146484375
2026-07-15 11:40:00-04:00,371.5198974609375,371.6300048828125,371.4549865722656,371.57000732421875
2026-07-15 11:45:00-04:00,371.5400085449219,371.6700134277344,371.4403991699219,371.57501220703125
2026-07-15 11:50:00-04:00,371.56500244140625,371.65618896484375,371.3301086425781,371.6400146484375
2026-07-15 11:55:00-04:00,371.5790100097656,371.58990478515625,371.2799987792969,371.3299865722656
2026-07-15 12:00:00-04:00,371.29998779296875,371.3995056152344,370.94000244140625,370.9949951171875
2026-07-15 12:05:00-04:00,370.95001220703125,371.1199035644531,370.8608093261719,370.8739929199219
2026-07-15 12:10:00-04:00,370.95001220703125,370.95001220703125,370.4599914550781,370.5450134277344
2026-07-15 12:15:00-04:00,370.5400085449219,370.79998779296875,370.07000732421875,370.1000061035156
2026-07-15 12:20:00-04:00,370.1600036621094,370.5,370.0799865722656,370.3599853515625
2026-07-15 12:25:00-04:00,370.32501220703125,370.5150146484375,370.1000061035156,370.2799987792969
2026-07-15 12:30:00-04:00,370.2300109863281,370.46990966796875,369.8500061035156,369.8500061035156
2026-07-15 12:35:00-04:00,369.8699951171875,369.9200134277344,369.5199890136719,369.82000732421875
2026-07-15 12:40:00-04:00,369.80499267578125,369.9399108886719,369.5,369.6600036621094
2026-07-15 12:45:00-04:00,369.6700134277344,370.42999267578125,369.57000732421875,370.3299865722656
2026-07-15 12:50:00-04:00,370.29998779296875,370.5199890136719,370.1199951171875,370.1499938964844
2026-07-15 12:55:00-04:00,370.125,370.1499938964844,369.74700927734375,370.1199951171875
2026-07-15 13:00:00-04:00,370.1499938964844,370.56500244140625,370.04998779296875,370.489990234375
2026-07-15 13:05:00-04:00,370.4700012207031,370.6098937988281,370.3949890136719,370.4100036621094
2026-07-15 13:10:00-04:00,370.4049987792969,370.5799865722656,370.32000732421875,370.32000732421875
2026-07-15 13:15:00-04:00,370.2900085449219,370.3999938964844,370.1050109863281,370.30999755859375
2026-07-15 13:20:00-04:00,370.3550109863281,370.6050109863281,370.30999755859375,370.489990234375
2026-07-15 13:25:00-04:00,370.5281982421875,371.4200134277344,370.4949951171875,371.389892578125
2026-07-15 13:30:00-04:00,371.3599853515625,372.0899963378906,371.30010986328125,372.0199890136719
2026-07-15 13:35:00-04:00,371.989990234375,372.5150146484375,371.9159851074219,372.29998779296875
2026-07-15 13:40:00-04:00,372.2200012207031,372.7699890136719,372.2200012207031,372.67999267578125
2026-07-15 13:45:00-04:00,372.6600036621094,373.1000061035156,372.6205139160156,373.0
2026-07-15 13:50:00-04:00,372.95001220703125,372.9750061035156,372.69000244140625,372.79998779296875
2026-07-15 13:55:00-04:00,372.81298828125,372.8599853515625,372.54998779296875,372.7308044433594
2026-07-15 14:00:00-04:00,372.7250061035156,373.32000732421875,372.7099914550781,373.2506103515625
2026-07-15 14:05:00-04:00,373.25,373.4200134277344,373.0899963378906,373.17999267578125
2026-07-15 14:10:00-04:00,373.1499938964844,373.31500244140625,373.07000732421875,373.17999267578125
2026-07-15 14:15:00-04:00,373.29998779296875,373.4679870605469,373.1700134277344,373.4649963378906
2026-07-15 14:20:00-04:00,373.4377136230469,373.6199951171875,373.3799133300781,373.54998779296875
2026-07-15 14:25:00-04:00,373.54998779296875,373.9700012207031,373.3999938964844,373.8599853515625
2026-07-15 14:30:00-04:00,373.8500061035156,374.489990234375,373.66900634765625,373.75
2026-07-15 14:35:00-04:00,373.6499938964844,373.7300109863281,373.489990234375,373.5082092285156
2026-07-15 14:40:00-04:00,373.5,373.5199890136719,373.23468017578125,373.2699890136719
2026-07-15 14:45:00-04:00,373.20001220703125,373.30999755859375,372.9200134277344,372.9750061035156
2026-07-15 14:50:00-04:00,372.9800109863281,372.9800109863281,372.75,372.8900146484375
2026-07-15 14:55:00-04:00,372.8699951171875,372.9800109863281,372.2900085449219,372.4200134277344
2026-07-15 15:00:00-04:00,372.44500732421875,372.7900085449219,372.25,372.5400085449219
2026-07-15 15:05:00-04:00,372.5400085449219,372.5400085449219,372.3500061035156,372.5199890136719
2026-07-15 15:10:00-04:00,372.54998779296875,372.7049865722656,372.35308837890625,372.57000732421875
2026-07-15 15:15:00-04:00,372.6099853515625,372.6099853515625,372.1499938964844,372.19500732421875
2026-07-15 15:20:00-04:00,372.19000244140625,372.19000244140625,371.79998779296875,372.0
2026-07-15 15:25:00-04:00,371.9599914550781,372.2900085449219,371.95001220703125,372.135009765625
2026-07-15 15:30:00-04:00,372.1400146484375,372.260009765625,371.45001220703125,371.5299987792969
2026-07-15 15:35:00-04:00,371.5150146484375,371.739990234375,371.3800048828125,371.57000732421875
2026-07-15 15:40:00-04:00,371.57000732421875,371.8399963378906,371.57000732421875,371.6700134277344
2026-07-15 15:45:00-04:00,371.67999267578125,371.8800048828125,371.6499938964844,371.7900085449219
2026-07-15 15:50:00-04:00,371.79998779296875,372.0199890136719,371.69000244140625,371.94000244140625
2026-07-15 15:55:00-04:00,371.92498779296875,372.30999755859375,371.8299865722656,372.2900085449219
2026-07-16 09:30:00-04:00,367.45001220703125,367.7099914550781,366.32000732421875,366.3399963378906
2026-07-16 09:35:00-04:00,366.2799987792969,366.3599853515625,365.25,365.4100036621094
2026-07-16 09:40:00-04:00,365.4200134277344,365.9150085449219,365.4200134277344,365.70001220703125
2026-07-16 09:45:00-04:00,365.70001220703125,366.32000732421875,365.70001220703125,366.19830322265625
2026-07-16 09:50:00-04:00,366.1990051269531,366.6449890136719,366.1000061035156,366.3699951171875
2026-07-16 09:55:00-04:00,366.3800048828125,366.3800048828125,365.8113098144531,366.0400085449219
2026-07-16 10:00:00-04:00,366.0400085449219,366.6549987792969,365.9700012207031,366.625
2026-07-16 10:05:00-04:00,366.57000732421875,366.6099853515625,366.0799865722656,366.2898864746094
2026-07-16 10:10:00-04:00,366.2300109863281,366.3800048828125,365.7300109863281,365.9005126953125
2026-07-16 10:15:00-04:00,365.92498779296875,366.6499938964844,365.7799987792969,366.5199890136719
2026-07-16 10:20:00-04:00,366.5299072265625,366.57000732421875,366.0299987792969,366.20001220703125
2026-07-16 10:25:00-04:00,366.2099914550781,366.9375,366.1199951171875,366.8399963378906
2026-07-16 10:30:00-04:00,366.7650146484375,367.2900085449219,366.4700012207031,367.1400146484375
2026-07-16 10:35:00-04:00,367.1199951171875,367.2362976074219,366.82000732421875,366.8699951171875
2026-07-16 10:40:00-04:00,366.8800048828125,367.32000732421875,366.8399963378906,367.30999755859375
2026-07-16 10:45:00-04:00,367.3500061035156,367.4800109863281,366.79998779296875,366.79998779296875
2026-07-16 10:50:00-04:00,366.8299865722656,366.94000244140625,366.42999267578125,366.4800109863281
2026-07-16 10:55:00-04:00,366.4700012207031,366.82501220703125,366.2200012207031,366.7049865722656
2026-07-16 11:00:00-04:00,366.70001220703125,366.80999755859375,366.25,366.25
2026-07-16 11:05:00-04:00,366.2650146484375,366.5299987792969,366.0400085449219,366.510009765625
2026-07-16 11:10:00-04:00,366.4800109863281,366.489990234375,365.95001220703125,366.2699890136719
2026-07-16 11:15:00-04:00,366.2799987792969,366.81988525390625,366.2799987792969,366.80999755859375
2026-07-16 11:20:00-04:00,366.79998779296875,367.7349853515625,366.79998779296875,367.6199951171875
2026-07-16 11:25:00-04:00,367.6300048828125,368.42999267578125,367.57000732421875,367.92999267578125
2026-07-16 11:30:00-04:00,367.92498779296875,368.2698974609375,367.6000061035156,368.2099914550781
2026-07-16 11:35:00-04:00,368.20001220703125,368.3999938964844,367.8900146484375,368.1700134277344
2026-07-16 11:40:00-04:00,368.1700134277344,368.1700134277344,367.75,367.8699951171875
2026-07-16 11:45:00-04:00,367.8399963378906,367.94000244140625,367.6199951171875,367.8500061035156
2026-07-16 11:50:00-04:00,367.8599853515625,368.0899963378906,367.6400146484375,367.7099914550781
2026-07-16 11:55:00-04:00,367.7200012207031,367.7300109863281,367.3800048828125,367.489990234375
2026-07-16 12:00:00-04:00,367.5,367.5899963378906,366.7699890136719,366.8299865722656
2026-07-16 12:05:00-04:00,366.84991455078125,366.95001220703125,366.6300048828125,366.7391052246094
2026-07-16 12:10:00-04:00,366.6199951171875,366.67999267578125,365.9200134277344,365.94000244140625
2026-07-16 12:15:00-04:00,365.9200134277344,366.1199951171875,365.57000732421875,365.67999267578125
2026-07-16 12:20:00-04:00,365.67999267578125,365.9100036621094,365.2900085449219,365.6600036621094
2026-07-16 12:25:00-04:00,365.6600036621094,365.7699890136719,365.44000244140625,365.70001220703125
2026-07-16 12:30:00-04:00,365.7200012207031,366.0,365.70001220703125,365.9100036621094
2026-07-16 12:35:00-04:00,365.9100036621094,366.1899108886719,365.8999938964844,366.1000061035156
2026-07-16 12:40:00-04:00,366.1000061035156,366.2200012207031,365.8500061035156,366.18499755859375
2026-07-16 12:45:00-04:00,366.1700134277344,366.2499084472656,365.94140625,366.1700134277344
2026-07-16 12:50:00-04:00,366.1499938964844,366.510009765625,366.1099853515625,366.3399963378906
2026-07-16 12:55:00-04:00,366.3900146484375,366.6000061035156,366.1300048828125,366.1300048828125
2026-07-16 13:00:00-04:00,366.135009765625,366.2001037597656,365.9700012207031,366.07000732421875
2026-07-16 13:05:00-04:00,366.0799865722656,366.1099853515625,365.7200012207031,365.7699890136719
2026-07-16 13:10:00-04:00,365.7850036621094,365.82501220703125,365.489990234375,365.56500244140625
2026-07-16 13:15:00-04:00,365.5899963378906,365.80999755859375,365.489990234375,365.75
2026-07-16 13:20:00-04:00,365.75,365.8399963378906,365.54998779296875,365.614990234375
2026-07-16 13:25:00-04:00,365.6300048828125,365.79998779296875,365.32000732421875,365.75
2026-07-16 13:30:00-04:00,365.7300109863281,365.8232116699219,365.29998779296875,365.4100036621094
2026-07-16 13:35:00-04:00,365.44000244140625,365.57000732421875,365.1600036621094,365.260009765625
2026-07-16 13:40:00-04:00,365.239990234375,365.3374938964844,365.010009765625,365.1499938964844
2026-07-16 13:45:00-04:00,365.19000244140625,365.6099853515625,365.1099853515625,365.4599914550781
2026-07-16 13:50:00-04:00,365.4800109863281,365.722900390625,365.42999267578125,365.635009765625
2026-07-16 13:55:00-04:00,365.6099853515625,365.6400146484375,365.3699951171875,365.42999267578125
2026-07-16 14:00:00-04:00,365.489990234375,365.65509033203125,365.3800048828125,365.55999755859375
2026-07-16 14:05:00-04:00,365.5400085449219,365.7799987792969,365.3599853515625,365.7200012207031
2026-07-16 14:10:00-04:00,365.739990234375,365.9100036621094,365.510009765625,365.510009765625
2026-07-16 14:15:00-04:00,365.4800109863281,365.82000732421875,365.42999267578125,365.79998779296875
2026-07-16 14:20:00-04:00,365.7799987792969,365.99951171875,365.6600036621094,365.6600036621094
2026-07-16 14:25:00-04:00,365.6600036621094,365.7200012207031,365.5299987792969,365.6300048828125
2026-07-16 14:30:00-04:00,365.57000732421875,365.57000732421875,364.95001220703125,364.9800109863281
2026-07-16 14:35:00-04:00,364.9800109863281,364.9800109863281,364.69000244140625,364.8900146484375
2026-07-16 14:40:00-04:00,364.8500061035156,365.3699951171875,364.82000732421875,365.3399963378906
2026-07-16 14:45:00-04:00,365.32501220703125,365.4993896484375,365.2300109863281,365.30499267578125
2026-07-16 14:50:00-04:00,365.32000732421875,365.3999938964844,365.0799865722656,365.1449890136719
2026-07-16 14:55:00-04:00,365.1199951171875,365.2486877441406,364.9700012207031,365.0400085449219
2026-07-16 15:00:00-04:00,365.0400085449219,365.5299987792969,364.9400939941406,365.5
2026-07-16 15:05:00-04:00,365.4800109863281,365.5799865722656,365.19000244140625,365.2699890136719
2026-07-16 15:10:00-04:00,365.2650146484375,365.2900085449219,364.92999267578125,365.0899963378906
2026-07-16 15:15:00-04:00,365.04998779296875,365.2699890136719,365.0299987792969,365.2699890136719
2026-07-16 15:20:00-04:00,365.2900085449219,365.3900146484375,365.05999755859375,365.1300048828125
2026-07-16 15:25:00-04:00,365.135009765625,365.20001220703125,364.8699951171875,364.9100036621094
2026-07-16 15:30:00-04:00,364.94000244140625,364.9700012207031,364.5299987792969,364.55999755859375
2026-07-16 15:35:00-04:00,364.57000732421875,364.6000061035156,364.04998779296875,364.5994873046875
2026-07-16 15:40:00-04:00,364.57000732421875,364.7799987792969,364.5400085449219,364.6400146484375
2026-07-16 15:45:00-04:00,364.6199951171875,364.70001220703125,364.3500061035156,364.54998779296875
2026-07-16 15:50:00-04:00,364.55999755859375,365.2699890136719,364.45001220703125,365.1499938964844
2026-07-16 15:55:00-04:00,365.1499938964844,365.20001220703125,364.6600036621094,365.010009765625
2026-07-17 09:30:00-04:00,364.1099853515625,364.4200134277344,363.6000061035156,363.8699951171875
2026-07-17 09:35:00-04:00,363.79998779296875,367.2900085449219,363.7799987792969,366.3599853515625
2026-07-17 09:40:00-04:00,366.4100036621094,366.4100036621094,365.3299865722656,365.5799865722656
2026-07-17 09:45:00-04:00,365.57501220703125,366.1499938964844,365.20001220703125,366.0299987792969
2026-07-17 09:50:00-04:00,366.010009765625,366.4150085449219,365.8999938964844,365.9335021972656
2026-07-17 09:55:00-04:00,365.95001220703125,366.7200012207031,365.8500061035156,366.7200012207031
2026-07-17 10:00:00-04:00,366.69000244140625,367.0150146484375,366.125,366.489990234375
2026-07-17 10:05:00-04:00,366.5199890136719,367.05999755859375,366.4800109863281,366.69000244140625
2026-07-17 10:10:00-04:00,366.69000244140625,367.07000732421875,366.4700012207031,366.5224914550781
2026-07-17 10:15:00-04:00,366.5199890136719,367.05999755859375,366.44000244140625,366.7900085449219
2026-07-17 10:20:00-04:00,366.7900085449219,367.44000244140625,366.6400146484375,367.2799987792969
2026-07-17 10:25:00-04:00,367.2862854003906,367.3949890136719,366.82501220703125,366.8800048828125
2026-07-17 10:30:00-04:00,366.8599853515625,366.8599853515625,366.260009765625,366.5
2026-07-17 10:35:00-04:00,366.44000244140625,366.92999267578125,366.44000244140625,366.739990234375
2026-07-17 10:40:00-04:00,366.70001220703125,366.8200988769531,366.5150146484375,366.760009765625
2026-07-17 10:45:00-04:00,366.760009765625,367.0,366.5,366.5199890136719
2026-07-17 10:50:00-04:00,366.6099853515625,366.8399963378906,366.3599853515625,366.3949890136719
2026-07-17 10:55:00-04:00,366.3999938964844,367.06500244140625,366.2699890136719,367.06500244140625
2026-07-17 11:00:00-04:00,367.0400085449219,368.2200012207031,366.760009765625,368.0799865722656
2026-07-17 11:05:00-04:00,368.0899963378906,368.2650146484375,367.25,367.7200012207031
2026-07-17 11:10:00-04:00,367.7200012207031,368.2300109863281,367.2900085449219,367.5
2026-07-17 11:15:00-04:00,367.510009765625,367.7200012207031,367.3800048828125,367.4801025390625
2026-07-17 11:20:00-04:00,367.4800109863281,368.0799865722656,367.4100036621094,367.760009765625
2026-07-17 11:25:00-04:00,367.7300109863281,368.19000244140625,367.57000732421875,368.19000244140625
2026-07-17 11:30:00-04:00,368.18499755859375,368.4599914550781,367.7699890136719,367.9599914550781
2026-07-17 11:35:00-04:00,367.92010498046875,368.4599914550781,367.8550109863281,368.2900085449219
2026-07-17 11:40:00-04:00,368.2749938964844,368.4200134277344,368.0480041503906,368.3999938964844
2026-07-17 11:45:00-04:00,368.3822021484375,368.5994873046875,368.2699890136719,368.5
2026-07-17 11:50:00-04:00,368.510009765625,368.9200134277344,368.489990234375,368.8500061035156
2026-07-17 11:55:00-04:00,368.8599853515625,368.8999938964844,368.57611083984375,368.7300109863281
2026-07-17 12:00:00-04:00,368.75,368.75,367.95050048828125,368.489990234375
2026-07-17 12:05:00-04:00,368.5799865722656,368.739990234375,368.29998779296875,368.6400146484375
2026-07-17 12:10:00-04:00,368.6549987792969,368.8599853515625,368.6449890136719,368.6700134277344
2026-07-17 12:15:00-04:00,368.70001220703125,368.9800109863281,368.6600036621094,368.9599914550781
2026-07-17 12:20:00-04:00,368.95001220703125,369.2099914550781,368.6400146484375,369.17498779296875
2026-07-17 12:25:00-04:00,369.1099853515625,369.1600036621094,368.5799865722656,368.7200012207031
2026-07-17 12:30:00-04:00,368.7300109863281,368.7799987792969,368.4200134277344,368.49969482421875
2026-07-17 12:35:00-04:00,368.4800109863281,368.5199890136719,368.2099914550781,368.2301025390625
2026-07-17 12:40:00-04:00,368.32000732421875,368.5799865722656,368.17498779296875,368.55499267578125
2026-07-17 12:45:00-04:00,368.55499267578125,368.80999755859375,368.4800109863281,368.80999755859375
2026-07-17 12:50:00-04:00,368.7950134277344,368.80999755859375,368.3999938964844,368.4849853515625
2026-07-17 12:55:00-04:00,368.4256896972656,368.4898986816406,368.3299865722656,368.3399963378906
2026-07-17 13:00:00-04:00,368.4100036621094,368.7300109863281,368.3900146484375,368.55999755859375
2026-07-17 13:05:00-04:00,368.5199890136719,368.6700134277344,368.489990234375,368.6199951171875
2026-07-17 13:10:00-04:00,368.6099853515625,368.6499938964844,368.1900939941406,368.1900939941406
2026-07-17 13:15:00-04:00,368.239990234375,368.4100036621094,368.1549987792969,368.19000244140625
2026-07-17 13:20:00-04:00,368.2200012207031,368.3678894042969,368.1099853515625,368.3299865722656
2026-07-17 13:25:00-04:00,368.32000732421875,368.45001220703125,368.17999267578125,368.2149963378906
2026-07-17 13:30:00-04:00,368.22247314453125,368.32000732421875,368.0400085449219,368.1199035644531
2026-07-17 13:35:00-04:00,368.1199951171875,368.1400146484375,367.8999938964844,368.1099853515625
2026-07-17 13:40:00-04:00,368.1000061035156,368.1000061035156,367.8500061035156,367.9800109863281
2026-07-17 13:45:00-04:00,367.9800109863281,368.1499938964844,367.9100036621094,368.1400146484375
2026-07-17 13:50:00-04:00,368.1499938964844,368.1700134277344,367.7200012207031,367.82989501953125
2026-07-17 13:55:00-04:00,367.7900085449219,367.909912109375,367.7200012207031,367.8794860839844
2026-07-17 14:00:00-04:00,367.8800048828125,368.0,367.67999267578125,367.8550109863281
2026-07-17 14:05:00-04:00,367.8450012207031,368.1000061035156,367.80499267578125,368.0249938964844
2026-07-17 14:10:00-04:00,368.07501220703125,368.135009765625,367.8500061035156,367.8999938964844
2026-07-17 14:15:00-04:00,367.8999938964844,368.1449890136719,367.7799987792969,368.0299987792969
2026-07-17 14:20:00-04:00,368.0400085449219,368.1600036621094,367.8999938964844,368.0527038574219
2026-07-17 14:25:00-04:00,368.04998779296875,368.42999267578125,368.0199890136719,368.3819885253906
2026-07-17 14:30:00-04:00,368.3599853515625,368.45001220703125,368.0199890136719,368.1700134277344
2026-07-17 14:35:00-04:00,368.1499938964844,368.19000244140625,368.0199890136719,368.0450134277344
2026-07-17 14:40:00-04:00,368.0199890136719,368.0199890136719,367.6199951171875,367.739990234375
2026-07-17 14:45:00-04:00,367.7049865722656,367.7998962402344,367.54998779296875,367.6400146484375
2026-07-17 14:50:00-04:00,367.635009765625,367.92999267578125,367.6099853515625,367.8999938964844
2026-07-17 14:55:00-04:00,367.92999267578125,368.07000732421875,367.8800048828125,367.9700012207031
2026-07-17 15:00:00-04:00,367.9700012207031,367.989990234375,367.6400146484375,367.69500732421875
2026-07-17 15:05:00-04:00,367.71990966796875,367.71990966796875,367.3699951171875,367.45001220703125
2026-07-17 15:10:00-04:00,367.45001220703125,367.5400085449219,367.3599853515625,367.510009765625
2026-07-17 15:15:00-04:00,367.5,367.5799865722656,367.3900146484375,367.5299987792969
2026-07-17 15:20:00-04:00,367.5199890136719,367.5299987792969,367.20001220703125,367.2099914550781
2026-07-17 15:25:00-04:00,367.20001220703125,367.468994140625,367.20001220703125,367.45001220703125
2026-07-17 15:30:00-04:00,367.4599914550781,367.6300048828125,367.44000244140625,367.55499267578125
2026-07-17 15:35:00-04:00,367.5400085449219,367.7650146484375,367.489990234375,367.57501220703125
2026-07-17 15:40:00-04:00,367.55999755859375,367.8900146484375,367.510009765625,367.8900146484375
2026-07-17 15:45:00-04:00,367.8800048828125,368.0350036621094,367.8399963378906,367.9599914550781
2026-07-17 15:50:00-04:00,367.9599914550781,368.45001220703125,367.9599914550781,368.4100036621094
2026-07-17 15:55:00-04:00,368.3999938964844,368.5299987792969,368.3500061035156,368.4200134277344
2026-07-20 09:30:00-04:00,367.7900085449219,368.3999938964844,367.67999267578125,368.260009765625
2026-07-20 09:35:00-04:00,368.20001220703125,368.32000732421875,367.7699890136719,368.2900085449219
2026-07-20 09:40:00-04:00,368.2699890136719,368.5899963378906,368.1400146484375,368.17999267578125
2026-07-20 09:45:00-04:00,368.2300109863281,368.2300109863281,367.8599853515625,367.9800109863281
2026-07-20 09:50:00-04:00,368.1000061035156,368.19830322265625,367.6400146484375,367.9100036621094
2026-07-20 09:55:00-04:00,367.8900146484375,368.07000732421875,367.5,367.5
2026-07-20 10:00:00-04:00,367.5,367.69000244140625,367.1400146484375,367.3399963378906
2026-07-20 10:05:00-04:00,367.3699951171875,367.5299987792969,367.0199890136719,367.0799865722656
2026-07-20 10:10:00-04:00,367.07000732421875,367.1700134277344,366.8299865722656,366.875
2026-07-20 10:15:00-04:00,366.87200927734375,367.25,366.8500061035156,367.17498779296875
2026-07-20 10:20:00-04:00,367.14080810546875,367.25,366.79998779296875,367.239990234375
2026-07-20 10:25:00-04:00,367.2300109863281,367.5799865722656,367.19000244140625,367.5799865722656
2026-07-20 10:30:00-04:00,367.6000061035156,367.8399963378906,367.5400085449219,367.8399963378906
2026-07-20 10:35:00-04:00,367.8500061035156,367.95001220703125,367.6200866699219,367.8800048828125
2026-07-20 10:40:00-04:00,367.8699951171875,367.9800109863281,367.6211853027344,367.6499938964844
2026-07-20 10:45:00-04:00,367.6400146484375,368.25,367.5899963378906,368.1499938964844
2026-07-20 10:50:00-04:00,368.1400146484375,368.19000244140625,367.75,367.75
2026-07-20 10:55:00-04:00,367.739990234375,367.739990234375,367.44000244140625,367.5491943359375
2026-07-20 11:00:00-04:00,367.57000732421875,368.0,367.3800048828125,367.8450012207031
2026-07-20 11:05:00-04:00,367.8399963378906,368.7601013183594,367.6099853515625,368.7601013183594
2026-07-20 11:10:00-04:00,368.7650146484375,368.789306640625,368.1099853515625,368.2699890136719
2026-07-20 11:15:00-04:00,368.2900085449219,368.3800048828125,368.0400085449219,368.1199951171875
2026-07-20 11:20:00-04:00,368.1400146484375,368.3894958496094,368.0299987792969,368.375
2026-07-20 11:25:00-04:00,368.3800048828125,368.510009765625,368.3500061035156,368.510009765625
2026-07-20 11:30:00-04:00,368.4800109863281,368.5299987792969,368.19000244140625,368.2099914550781
2026-07-20 11:35:00-04:00,368.17999267578125,368.32000732421875,367.92999267578125,368.0185852050781
2026-07-20 11:40:00-04:00,368.0692138671875,368.16009521484375,367.94000244140625,368.15008544921875
2026-07-20 11:45:00-04:00,368.19000244140625,368.3900146484375,368.1199951171875,368.32000732421875
2026-07-20 11:50:00-04:00,368.3699951171875,368.489990234375,368.32000732421875,368.3200988769531
2026-07-20 11:55:00-04:00,368.32000732421875,368.3699951171875,368.0950012207031,368.0950012207031
2026-07-20 12:00:00-04:00,368.04998779296875,368.45001220703125,368.0299987792969,368.3999938964844
2026-07-20 12:05:00-04:00,368.4299011230469,368.70208740234375,368.3699951171875,368.6000061035156
2026-07-20 12:10:00-04:00,368.6000061035156,368.67999267578125,368.2049865722656,368.239990234375
2026-07-20 12:15:00-04:00,368.25201416015625,368.33990478515625,368.0899963378906,368.1000061035156
2026-07-20 12:20:00-04:00,368.1300048828125,368.1700134277344,368.07000732421875,368.1000061035156
2026-07-20 12:25:00-04:00,368.1278076171875,368.20001220703125,367.97088623046875,368.1419982910156
2026-07-20 12:30:00-04:00,368.1499938964844,368.1700134277344,367.8800048828125,367.8800048828125
2026-07-20 12:35:00-04:00,367.8999938964844,368.1400146484375,367.8800964355469,368.1300048828125
2026-07-20 12:40:00-04:00,368.1099853515625,368.1700134277344,367.1000061035156,367.8800048828125
2026-07-20 12:45:00-04:00,367.8900146484375,367.9700012207031,367.6700134277344,367.82000732421875
2026-07-20 12:50:00-04:00,367.7950134277344,367.82000732421875,367.55999755859375,367.7699890136719
2026-07-20 12:55:00-04:00,367.739990234375,367.94000244140625,367.7200012207031,367.9100036621094
2026-07-20 13:00:00-04:00,367.92999267578125,368.1000061035156,367.9100036621094,367.989990234375
2026-07-20 13:05:00-04:00,367.9945373535156,368.07501220703125,367.8999938964844,368.0350036621094
2026-07-20 13:10:00-04:00,368.0199890136719,368.0400085449219,367.8299865722656,367.9100036621094
2026-07-20 13:15:00-04:00,367.8900146484375,368.0199890136719,367.79998779296875,367.9150085449219
2026-07-20 13:20:00-04:00,367.94000244140625,368.1600036621094,367.8550109863281,368.0
2026-07-20 13:25:00-04:00,368.0350036621094,368.1400146484375,367.9599914550781,368.0799865722656
2026-07-20 13:30:00-04:00,368.1199951171875,368.1600036621094,367.9599914550781,368.0799865722656
2026-07-20 13:35:00-04:00,368.0899963378906,368.1300048828125,367.8900146484375,367.8999938964844
2026-07-20 13:40:00-04:00,367.8900146484375,367.94000244140625,367.70001220703125,367.7250061035156
2026-07-20 13:45:00-04:00,367.7099914550781,367.7099914550781,367.5,367.5299987792969
2026-07-20 13:50:00-04:00,367.5299987792969,367.55999755859375,367.3500061035156,367.45001220703125
2026-07-20 13:55:00-04:00,367.4599914550781,367.5,367.3500061035156,367.4601135253906
2026-07-20 14:00:00-04:00,367.5400085449219,367.82000732421875,367.5400085449219,367.69000244140625
2026-07-20 14:05:00-04:00,367.6600036621094,367.8800048828125,367.6600036621094,367.8800048828125
2026-07-20 14:10:00-04:00,367.8900146484375,367.989990234375,367.760009765625,367.81500244140625
2026-07-20 14:15:00-04:00,367.82000732421875,368.07000732421875,367.67999267578125,367.7200012207031
2026-07-20 14:20:00-04:00,367.7449951171875,367.8099060058594,367.32000732421875,367.4800109863281
2026-07-20 14:25:00-04:00,367.4700012207031,367.6700134277344,367.42999267578125,367.6050109863281
2026-07-20 14:30:00-04:00,367.55999755859375,367.6300048828125,367.3999938964844,367.4200134277344
2026-07-20 14:35:00-04:00,367.4493103027344,367.5899963378906,367.4493103027344,367.5299987792969
2026-07-20 14:40:00-04:00,367.55999755859375,367.6499938964844,367.510009765625,367.57000732421875
2026-07-20 14:45:00-04:00,367.5799865722656,367.7762145996094,367.5,367.7099914550781
2026-07-20 14:50:00-04:00,367.7099914550781,367.7799987792969,367.610107421875,367.67010498046875
2026-07-20 14:55:00-04:00,367.6700134277344,367.69989013671875,367.5299987792969,367.6650085449219
2026-07-20 15:00:00-04:00,367.6317138671875,367.70001220703125,367.4849853515625,367.5
2026-07-20 15:05:00-04:00,367.5,367.6000061035156,367.3999938964844,367.5899963378906
2026-07-20 15:10:00-04:00,367.5950012207031,367.6499938964844,367.3699951171875,367.4035949707031
2026-07-20 15:15:00-04:00,367.3800048828125,367.739990234375,367.3599853515625,367.7300109863281
2026-07-20 15:20:00-04:00,367.7336120605469,367.92999267578125,367.7200012207031,367.7300109863281
2026-07-20 15:25:00-04:00,367.7099914550781,368.20001220703125,367.6400146484375,368.18499755859375
2026-07-20 15:30:00-04:00,368.1700134277344,368.6400146484375,368.1000061035156,368.2508850097656
2026-07-20 15:35:00-04:00,368.25,368.2699890136719,367.875,368.0
2026-07-20 15:40:00-04:00,367.9800109863281,368.0,367.4800109863281,367.5450134277344
2026-07-20 15:45:00-04:00,367.5459899902344,367.8800048828125,367.5,367.80999755859375
2026-07-20 15:50:00-04:00,367.7900085449219,367.94000244140625,367.739990234375,367.8900146484375
2026-07-20 15:55:00-04:00,367.8800048828125,367.8900146484375,367.4800109863281,367.5899963378906
2026-07-21 09:30:00-04:00,371.70001220703125,372.2699890136719,371.3599853515625,372.14959716796875
2026-07-21 09:35:00-04:00,372.0799865722656,372.29998779296875,371.67999267578125,371.85101318359375
2026-07-21 09:40:00-04:00,371.8599853515625,371.9100036621094,371.07000732421875,371.2799987792969
2026-07-21 09:45:00-04:00,371.25,371.6400146484375,371.0799865722656,371.6199951171875
2026-07-21 09:50:00-04:00,371.6099853515625,371.80999755859375,371.25531005859375,371.79998779296875
2026-07-21 09:55:00-04:00,371.7900085449219,371.9150085449219,371.57000732421875,371.8999938964844
2026-07-21 10:00:00-04:00,371.8900146484375,372.2099914550781,371.70001220703125,372.1824951171875
2026-07-21 10:05:00-04:00,372.1700134277344,372.45001220703125,372.010009765625,372.04998779296875
2026-07-21 10:10:00-04:00,372.06500244140625,373.04998779296875,372.0400085449219,373.0299987792969
2026-07-21 10:15:00-04:00,373.0350036621094,373.239990234375,372.5899963378906,372.8800048828125
2026-07-21 10:20:00-04:00,372.8800048828125,373.0,372.6300048828125,372.9599914550781
2026-07-21 10:25:00-04:00,372.9800109863281,373.3800048828125,372.9100036621094,373.3500061035156
2026-07-21 10:30:00-04:00,373.3900146484375,373.7900085449219,373.1400146484375,373.1400146484375
2026-07-21 10:35:00-04:00,373.1300048828125,373.1600036621094,372.7200012207031,372.92498779296875
2026-07-21 10:40:00-04:00,372.9150085449219,373.239990234375,372.7799987792969,373.20001220703125
2026-07-21 10:45:00-04:00,373.20001220703125,373.4800109863281,373.0899963378906,373.375
2026-07-21 10:50:00-04:00,373.3999938964844,373.4849853515625,373.1600036621094,373.3500061035156
2026-07-21 10:55:00-04:00,373.3800048828125,373.4798889160156,373.1600036621094,373.2749938964844
2026-07-21 11:00:00-04:00,373.260009765625,373.510009765625,373.2200012207031,373.2900085449219
2026-07-21 11:05:00-04:00,373.260009765625,373.4700012207031,373.0299987792969,373.3500061035156
2026-07-21 11:10:00-04:00,373.3599853515625,373.760009765625,373.3599853515625,373.739990234375
2026-07-21 11:15:00-04:00,373.7690124511719,374.2200012207031,373.760009765625,374.1000061035156
2026-07-21 11:20:00-04:00,374.0849914550781,374.2699890136719,373.9549865722656,374.2200012207031
2026-07-21 11:25:00-04:00,374.2099914550781,374.2300109863281,373.94000244140625,374.04998779296875
2026-07-21 11:30:00-04:00,374.0299987792969,374.5799865722656,374.0,374.4800109863281
2026-07-21 11:35:00-04:00,374.4700012207031,374.6300048828125,374.239990234375,374.3900146484375
2026-07-21 11:40:00-04:00,374.3999938964844,374.4200134277344,373.9100036621094,373.95001220703125
2026-07-21 11:45:00-04:00,373.94000244140625,373.989990234375,373.5899963378906,373.67999267578125
2026-07-21 11:50:00-04:00,373.75,374.1700134277344,373.739990234375,374.0249938964844
2026-07-21 11:55:00-04:00,374.00799560546875,374.00799560546875,373.7650146484375,373.82000732421875
2026-07-21 12:00:00-04:00,373.7900085449219,374.1700134277344,373.7550048828125,374.1700134277344
2026-07-21 12:05:00-04:00,374.1300048828125,374.19000244140625,374.0199890136719,374.04998779296875
2026-07-21 12:10:00-04:00,374.07000732421875,374.2900085449219,374.0199890136719,374.1650085449219
2026-07-21 12:15:00-04:00,374.2200012207031,374.2200012207031,374.0400085449219,374.1099853515625
2026-07-21 12:20:00-04:00,374.1400146484375,374.17498779296875,374.0,374.1549987792969
2026-07-21 12:25:00-04:00,374.1700134277344,374.1700134277344,373.8005065917969,373.9649963378906
2026-07-21 12:30:00-04:00,373.9599914550781,374.0299987792969,373.8500061035156,373.9700012207031
2026-07-21 12:35:00-04:00,373.9700012207031,373.9700012207031,373.5299987792969,373.8500061035156
2026-07-21 12:40:00-04:00,373.82000732421875,373.8999938964844,373.57000732421875,373.6200866699219
2026-07-21 12:45:00-04:00,373.6099853515625,373.67999267578125,373.42999267578125,373.6400146484375
2026-07-21 12:50:00-04:00,373.6300048828125,373.7449951171875,373.5899963378906,373.69000244140625
2026-07-21 12:55:00-04:00,373.69000244140625,373.7099914550781,373.5199890136719,373.55999755859375
2026-07-21 13:00:00-04:00,373.55499267578125,373.6300048828125,373.3699951171875,373.4200134277344
2026-07-21 13:05:00-04:00,373.44000244140625,373.6499938964844,373.4100036621094,373.54998779296875
2026-07-21 13:10:00-04:00,373.54998779296875,373.6499938964844,373.42999267578125,373.4700012207031
2026-07-21 13:15:00-04:00,373.4949951171875,373.5179138183594,373.3299865722656,373.3299865722656
2026-07-21 13:20:00-04:00,373.3703918457031,373.57000732421875,373.3703918457031,373.54998779296875
2026-07-21 13:25:00-04:00,373.54998779296875,373.6499938964844,373.489990234375,373.6050109863281
2026-07-21 13:30:00-04:00,373.5899963378906,373.6050109863281,373.3699951171875,373.42498779296875
2026-07-21 13:35:00-04:00,373.3999938964844,373.4200134277344,373.29998779296875,373.3599853515625
2026-07-21 13:40:00-04:00,373.3599853515625,373.3599853515625,373.1199951171875,373.2650146484375
2026-07-21 13:45:00-04:00,373.239990234375,373.260009765625,373.1199951171875,373.1600036621094
2026-07-21 13:50:00-04:00,373.1499938964844,373.2250061035156,373.1199951171875,373.2049865722656
2026-07-21 13:55:00-04:00,373.2099914550781,373.2950134277344,373.1199951171875,373.2950134277344
2026-07-21 14:00:00-04:00,373.29998779296875,373.3800048828125,373.2388000488281,373.239990234375
2026-07-21 14:05:00-04:00,373.2900085449219,373.6000061035156,373.2200012207031,373.5799865722656
2026-07-21 14:10:00-04:00,373.58349609375,373.635009765625,373.54998779296875,373.5743103027344
2026-07-21 14:15:00-04:00,373.57000732421875,373.7796936035156,373.5299987792969,373.75
2026-07-21 14:20:00-04:00,373.7300109863281,374.44000244140625,373.6400146484375,374.44000244140625
2026-07-21 14:25:00-04:00,374.4599914550781,375.010009765625,374.4599914550781,374.69989013671875
2026-07-21 14:30:00-04:00,374.6600036621094,374.8494873046875,374.4599914550781,374.7300109863281
2026-07-21 14:35:00-04:00,374.7449951171875,374.8399963378906,374.4700012207031,374.6099853515625
2026-07-21 14:40:00-04:00,374.5899963378906,374.6990051269531,374.510009765625,374.5350036621094
2026-07-21 14:45:00-04:00,374.5400085449219,374.5799865722656,374.3900146484375,374.4049987792969
2026-07-21 14:50:00-04:00,374.44000244140625,374.4750061035156,374.2850036621094,374.42999267578125
2026-07-21 14:55:00-04:00,374.44000244140625,374.6400146484375,374.44000244140625,374.55999755859375
2026-07-21 15:00:00-04:00,374.5799865722656,374.8399963378906,374.55999755859375,374.7601013183594
2026-07-21 15:05:00-04:00,374.739990234375,374.8349914550781,374.44000244140625,374.44000244140625
2026-07-21 15:10:00-04:00,374.468994140625,374.5299072265625,374.3399963378906,374.4100036621094
2026-07-21 15:15:00-04:00,374.4700012207031,374.7391052246094,374.45001220703125,374.69000244140625
2026-07-21 15:20:00-04:00,374.70001220703125,374.7699890136719,374.5849914550781,374.70001220703125
2026-07-21 15:25:00-04:00,374.69000244140625,374.8500061035156,374.6700134277344,374.7300109863281
2026-07-21 15:30:00-04:00,374.75,374.8299865722656,374.6300048828125,374.6650085449219
2026-07-21 15:35:00-04:00,374.6600036621094,374.6700134277344,374.5199890136719,374.5899963378906
2026-07-21 15:40:00-04:00,374.5799865722656,374.760009765625,374.55999755859375,374.6600036621094
2026-07-21 15:45:00-04:00,374.6499938964844,374.8299865722656,374.6050109863281,374.760009765625
2026-07-21 15:50:00-04:00,374.760009765625,374.8299865722656,374.67999267578125,374.739990234375
2026-07-21 15:55:00-04:00,374.739990234375,374.8500061035156,374.6700134277344,374.7799987792969
2026-07-22 09:30:00-04:00,379.0679931640625,380.45001220703125,379.04998779296875,379.989990234375
2026-07-22 09:35:00-04:00,380.0,380.3299865722656,379.6600036621094,380.2799987792969
2026-07-22 09:40:00-04:00,380.2250061035156,380.3699951171875,379.94000244140625,380.0400085449219
2026-07-22 09:45:00-04:00,380.0950012207031,380.760009765625,380.07000732421875,380.42999267578125
2026-07-22 09:50:00-04:00,380.42999267578125,380.5899963378906,380.20001220703125,380.3699951171875
2026-07-22 09:55:00-04:00,380.3599853515625,381.2699890136719,380.2699890136719,381.1499938964844
2026-07-22 10:00:00-04:00,381.1499938964844,381.9599914550781,381.0400085449219,381.3599853515625
2026-07-22 10:05:00-04:00,381.364990234375,381.5799865722656,381.04998779296875,381.3500061035156
2026-07-22 10:10:00-04:00,381.364990234375,381.6000061035156,381.260009765625,381.3599853515625
2026-07-22 10:15:00-04:00,381.375,381.375,380.6600036621094,380.6700134277344
2026-07-22 10:20:00-04:00,380.67999267578125,381.0400085449219,380.6300048828125,380.75
2026-07-22 10:25:00-04:00,380.7699890136719,380.82000732421875,380.25,380.44000244140625
2026-07-22 10:30:00-04:00,380.45001220703125,380.989990234375,380.44000244140625,380.82501220703125
2026-07-22 10:35:00-04:00,380.81500244140625,380.95001220703125,380.6405029296875,380.9150085449219
2026-07-22 10:40:00-04:00,380.9150085449219,381.0199890136719,380.54010009765625,380.8699951171875
2026-07-22 10:45:00-04:00,380.8900146484375,381.0199890136719,380.3800048828125,380.5899963378906
2026-07-22 10:50:00-04:00,380.6099853515625,380.6700134277344,380.4200134277344,380.57000732421875
2026-07-22 10:55:00-04:00,380.54998779296875,380.7699890136719,380.20001220703125,380.6499938964844
2026-07-22 11:00:00-04:00,380.6300048828125,381.2300109863281,380.6300048828125,381.1700134277344
2026-07-22 11:05:00-04:00,381.1700134277344,381.3500061035156,381.1300048828125,381.2200012207031
2026-07-22 11:10:00-04:00,381.17999267578125,381.5199890136719,381.1499938964844,381.44000244140625
2026-07-22 11:15:00-04:00,381.4200134277344,381.4599914550781,381.0400085449219,381.20001220703125
2026-07-22 11:20:00-04:00,381.2099914550781,381.7799987792969,381.1600036621094,381.6499938964844
2026-07-22 11:25:00-04:00,381.6600036621094,381.69500732421875,381.3599853515625,381.3999938964844
2026-07-22 11:30:00-04:00,381.4049987792969,381.55999755859375,381.30999755859375,381.3800048828125
2026-07-22 11:35:00-04:00,381.4200134277344,381.5849914550781,381.260009765625,381.3999938964844
2026-07-22 11:40:00-04:00,381.4200134277344,381.760009765625,381.3999938964844,381.70001220703125
2026-07-22 11:45:00-04:00,381.70001220703125,382.1499938964844,381.5903015136719,382.0899963378906
2026-07-22 11:50:00-04:00,382.0899963378906,382.2200012207031,381.9200134277344,381.93499755859375
2026-07-22 11:55:00-04:00,381.8800048828125,381.8999938964844,381.54998779296875,381.6499938964844
2026-07-22 12:00:00-04:00,381.6390075683594,381.6390075683594,381.3599853515625,381.3900146484375
2026-07-22 12:05:00-04:00,381.4388122558594,381.6300048828125,381.364990234375,381.3800048828125
2026-07-22 12:10:00-04:00,381.3999938964844,381.3999938964844,381.05999755859375,381.1600036621094
2026-07-22 12:15:00-04:00,381.1549987792969,381.2300109863281,380.8301086425781,381.20001220703125
2026-07-22 12:20:00-04:00,381.19000244140625,381.2698974609375,380.94500732421875,380.9599914550781
2026-07-22 12:25:00-04:00,380.9700012207031,380.989990234375,380.55999755859375,380.69000244140625
2026-07-22 12:30:00-04:00,380.69000244140625,380.81500244140625,380.3999938964844,380.45318603515625
2026-07-22 12:35:00-04:00,380.468994140625,380.67498779296875,380.25,380.6300048828125
2026-07-22 12:40:00-04:00,380.6300048828125,380.8900146484375,380.49560546875,380.49560546875
2026-07-22 12:45:00-04:00,380.5,380.6199951171875,380.3699951171875,380.4800109863281
2026-07-22 12:50:00-04:00,380.5,380.5,380.260009765625,380.44000244140625
2026-07-22 12:55:00-04:00,380.42999267578125,380.64990234375,380.3599853515625,380.44000244140625
2026-07-22 13:00:00-04:00,380.4750061035156,380.5389099121094,380.239990234375,380.4800109863281
2026-07-22 13:05:00-04:00,380.44000244140625,380.4800109863281,380.0799865722656,380.2099914550781
2026-07-22 13:10:00-04:00,380.2200012207031,380.3800048828125,380.1700134277344,380.3533935546875
2026-07-22 13:15:00-04:00,380.29998779296875,380.3800048828125,380.07000732421875,380.1000061035156
2026-07-22 13:20:00-04:00,380.0899963378906,380.3500061035156,380.06500244140625,380.16650390625
2026-07-22 13:25:00-04:00,380.18499755859375,380.4750061035156,380.1400146484375,380.45001220703125
2026-07-22 13:30:00-04:00,380.3699951171875,380.510009765625,380.239990234375,380.2799987792969
2026-07-22 13:35:00-04:00,380.3299865722656,380.3536071777344,379.7200012207031,379.7200012207031
2026-07-22 13:40:00-04:00,379.75,379.8999938964844,379.6600036621094,379.8800048828125
2026-07-22 13:45:00-04:00,379.8699951171875,380.1199951171875,379.8599853515625,380.0899963378906
2026-07-22 13:50:00-04:00,380.0899963378906,380.1400146484375,380.0199890136719,380.0899963378906
2026-07-22 13:55:00-04:00,380.05999755859375,380.1335144042969,379.9700012207031,380.04998779296875
2026-07-22 14:00:00-04:00,380.0299987792969,380.05999755859375,379.5299987792969,379.57501220703125
2026-07-22 14:05:00-04:00,379.5899963378906,379.92498779296875,379.5799865722656,379.7699890136719
2026-07-22 14:10:00-04:00,379.75,379.8450012207031,379.6000061035156,379.6400146484375
2026-07-22 14:15:00-04:00,379.6099853515625,379.7200012207031,379.5249938964844,379.7099914550781
2026-07-22 14:20:00-04:00,379.6600036621094,379.760009765625,379.3800048828125,379.4800109863281
2026-07-22 14:25:00-04:00,379.489990234375,379.5,379.29998779296875,379.31500244140625
2026-07-22 14:30:00-04:00,379.3299865722656,379.3800048828125,379.0299987792969,379.1300048828125
2026-07-22 14:35:00-04:00,379.1300048828125,379.42999267578125,379.1099853515625,379.4100036621094
2026-07-22 14:40:00-04:00,379.4200134277344,379.45001220703125,379.2449951171875,379.42999267578125
2026-07-22 14:45:00-04:00,379.4200134277344,379.6400146484375,379.385009765625,379.55499267578125
2026-07-22 14:50:00-04:00,379.56500244140625,379.6700134277344,379.54998779296875,379.57000732421875
2026-07-22 14:55:00-04:00,379.57000732421875,379.6000061035156,379.3999938964844,379.3999938964844
2026-07-22 15:00:00-04:00,379.4150085449219,379.42999267578125,379.1499938964844,379.3299865722656
2026-07-22 15:05:00-04:00,379.3699951171875,379.54998779296875,379.32000732421875,379.3900146484375
2026-07-22 15:10:00-04:00,379.3699951171875,379.3999938964844,379.2300109863281,379.260009765625
2026-07-22 15:15:00-04:00,379.2300109863281,379.3900146484375,379.17999267578125,379.2608947753906
2026-07-22 15:20:00-04:00,379.2699890136719,379.3399963378906,379.04998779296875,379.2699890136719
2026-07-22 15:25:00-04:00,379.2799987792969,379.3299865722656,379.0799865722656,379.3299865722656
2026-07-22 15:30:00-04:00,379.260009765625,379.4700012207031,379.1300048828125,379.3900146484375
2026-07-22 15:35:00-04:00,379.3800048828125,379.4599914550781,379.25,379.29998779296875
2026-07-22 15:40:00-04:00,379.29998779296875,379.4200134277344,379.2200012207031,379.2650146484375
2026-07-22 15:45:00-04:00,379.2699890136719,379.3900146484375,379.17999267578125,379.3800048828125
2026-07-22 15:50:00-04:00,379.3800048828125,379.4100036621094,378.8299865722656,378.9599914550781
2026-07-22 15:55:00-04:00,378.95001220703125,379.1700134277344,378.9100036621094,379.093994140625
2026-07-23 09:30:00-04:00,372.3599853515625,373.085205078125,372.2200012207031,372.760009765625
2026-07-23 09:35:00-04:00,372.7200012207031,372.8399963378906,372.0,372.090087890625
2026-07-23 09:40:00-04:00,372.125,372.6400146484375,372.010009765625,372.1600036621094
2026-07-23 09:45:00-04:00,372.1300048828125,372.1700134277344,371.5299987792969,371.6600036621094
2026-07-23 09:50:00-04:00,371.739990234375,372.32000732421875,371.684814453125,372.0903015136719
2026-07-23 09:55:00-04:00,372.0899963378906,372.2200012207031,370.8500061035156,370.864990234375
2026-07-23 10:00:00-04:00,370.8900146484375,371.54998779296875,370.8399963378906,370.9100036621094
2026-07-23 10:05:00-04:00,370.8800048828125,371.1000061035156,370.5299987792969,371.05999755859375
2026-07-23 10:10:00-04:00,371.0799865722656,371.57958984375,370.7200012207031,371.30999755859375
2026-07-23 10:15:00-04:00,371.2900085449219,371.4601135253906,370.7550048828125,370.9200134277344
2026-07-23 10:20:00-04:00,370.8900146484375,371.6499938964844,370.7850036621094,371.6499938964844
2026-07-23 10:25:00-04:00,371.6099853515625,372.0799865722656,371.55999755859375,372.0299987792969
2026-07-23 10:30:00-04:00,372.0799865722656,372.19989013671875,371.66009521484375,371.88861083984375
2026-07-23 10:35:00-04:00,371.8900146484375,372.44000244140625,371.6099853515625,372.32000732421875
2026-07-23 10:40:00-04:00,372.32000732421875,372.375,372.04998779296875,372.1300048828125
2026-07-23 10:45:00-04:00,372.1199951171875,372.54998779296875,372.0899963378906,372.29998779296875
2026-07-23 10:50:00-04:00,372.31500244140625,372.43499755859375,372.0899963378906,372.1549987792969
2026-07-23 10:55:00-04:00,372.1499938964844,372.42498779296875,372.1499938964844,372.25
2026-07-23 11:00:00-04:00,372.17999267578125,372.3500061035156,372.0299987792969,372.1199951171875
2026-07-23 11:05:00-04:00,372.1499938964844,372.2099914550781,371.6400146484375,371.6400146484375
2026-07-23 11:10:00-04:00,371.67498779296875,371.8550109863281,371.45001220703125,371.6300048828125
2026-07-23 11:15:00-04:00,371.6199951171875,372.114990234375,371.54998779296875,371.67999267578125
2026-07-23 11:20:00-04:00,371.7799987792969,371.8349914550781,371.0899963378906,371.5050048828125
2026-07-23 11:25:00-04:00,371.5350036621094,371.5400085449219,371.1700134277344,371.1700134277344
2026-07-23 11:30:00-04:00,371.20001220703125,371.20001220703125,370.79998779296875,371.0700988769531
2026-07-23 11:35:00-04:00,371.114990234375,371.6600036621094,371.1050109863281,371.489990234375
2026-07-23 11:40:00-04:00,371.44500732421875,371.7950134277344,371.3299865722656,371.3599853515625
2026-07-23 11:45:00-04:00,371.3561096191406,371.61529541015625,371.2749938964844,371.4700012207031
2026-07-23 11:50:00-04:00,371.42999267578125,371.6098937988281,371.2349853515625,371.54998779296875
2026-07-23 11:55:00-04:00,371.54998779296875,371.5799865722656,371.2200012207031,371.3900146484375
2026-07-23 12:00:00-04:00,371.4200134277344,371.6000061035156,371.3500061035156,371.3500061035156
2026-07-23 12:05:00-04:00,371.3550109863281,371.510009765625,371.2699890136719,371.385009765625
2026-07-23 12:10:00-04:00,371.3900146484375,371.57000732421875,371.3299865722656,371.5299987792969
2026-07-23 12:15:00-04:00,371.5199890136719,371.57000732421875,371.1300048828125,371.19000244140625
2026-07-23 12:20:00-04:00,371.19000244140625,371.6400146484375,371.19000244140625,371.3399963378906
2026-07-23 12:25:00-04:00,371.3699951171875,371.6400146484375,371.3399963378906,371.510009765625
2026-07-23 12:30:00-04:00,371.5,371.55499267578125,371.30999755859375,371.3241882324219
2026-07-23 12:35:00-04:00,371.32000732421875,371.57989501953125,371.239990234375,371.5400085449219
2026-07-23 12:40:00-04:00,371.54998779296875,371.5899963378906,371.4200134277344,371.510009765625
2026-07-23 12:45:00-04:00,371.489990234375,371.6050109863281,371.4200134277344,371.44000244140625
2026-07-23 12:50:00-04:00,371.42999267578125,371.4750061035156,371.32000732421875,371.42999267578125
2026-07-23 12:55:00-04:00,371.4750061035156,371.67999267578125,371.4547119140625,371.6400146484375
2026-07-23 13:00:00-04:00,371.6499938964844,371.9200134277344,371.57000732421875,371.6499938964844
2026-07-23 13:05:00-04:00,371.6819763183594,371.82501220703125,371.239990234375,371.3399963378906
2026-07-23 13:10:00-04:00,371.3475036621094,371.44000244140625,371.239990234375,371.2799987792969
2026-07-23 13:15:00-04:00,371.260009765625,371.489990234375,371.1400146484375,371.19000244140625
2026-07-23 13:20:00-04:00,371.20001220703125,371.55999755859375,371.20001220703125,371.385009765625
2026-07-23 13:25:00-04:00,371.3900146484375,371.489990234375,371.20001220703125,371.260009765625
2026-07-23 13:30:00-04:00,371.2300109863281,371.42999267578125,371.2149963378906,371.2799987792969
2026-07-23 13:35:00-04:00,371.2699890136719,371.29998779296875,370.95001220703125,370.9800109863281
2026-07-23 13:40:00-04:00,371.05999755859375,371.06988525390625,370.760009765625,370.8500061035156
2026-07-23 13:45:00-04:00,370.8399963378906,370.9800109863281,370.80999755859375,370.93011474609375
2026-07-23 13:50:00-04:00,370.9599914550781,370.9798889160156,370.7900085449219,370.8900146484375
2026-07-23 13:55:00-04:00,370.8800048828125,370.9150085449219,370.760009765625,370.7699890136719
2026-07-23 14:00:00-04:00,370.7900085449219,370.8900146484375,370.6499938964844,370.739990234375
2026-07-23 14:05:00-04:00,370.7300109863281,370.9700012207031,370.6400146484375,370.8900146484375
2026-07-23 14:10:00-04:00,370.8800048828125,370.9800109863281,370.69000244140625,370.75
2026-07-23 14:15:00-04:00,370.7300109863281,371.0,370.6600036621094,370.8900146484375
2026-07-23 14:20:00-04:00,370.8900146484375,370.9096984863281,370.6300048828125,370.7799987792969
2026-07-23 14:25:00-04:00,370.760009765625,371.1000061035156,370.69000244140625,371.0350036621094
2026-07-23 14:30:00-04:00,371.07000732421875,371.33551025390625,371.04998779296875,371.06500244140625
2026-07-23 14:35:00-04:00,371.09039306640625,371.2200012207031,371.010009765625,371.0899963378906
2026-07-23 14:40:00-04:00,371.1000061035156,371.2049865722656,371.05999755859375,371.18499755859375
2026-07-23 14:45:00-04:00,371.2349853515625,371.3900146484375,371.2200012207031,371.2803039550781
2026-07-23 14:50:00-04:00,371.2799987792969,371.2799987792969,371.1199951171875,371.1600036621094
2026-07-23 14:55:00-04:00,371.19500732421875,371.2300109863281,371.04998779296875,371.1600036621094
2026-07-23 15:00:00-04:00,371.2099914550781,371.4100036621094,371.0899963378906,371.0899963378906
2026-07-23 15:05:00-04:00,371.0899963378906,371.19000244140625,370.92999267578125,370.92999267578125
2026-07-23 15:10:00-04:00,370.92999267578125,371.010009765625,370.8800048828125,370.9100036621094
2026-07-23 15:15:00-04:00,370.9100036621094,371.1600036621094,370.8999938964844,371.07501220703125
2026-07-23 15:20:00-04:00,371.07000732421875,371.3800048828125,371.05999755859375,371.3362121582031
2026-07-23 15:25:00-04:00,371.3299865722656,371.45001220703125,371.2300109863281,371.3399963378906
2026-07-23 15:30:00-04:00,371.3699951171875,371.6000061035156,371.1400146484375,371.2749938964844
2026-07-23 15:35:00-04:00,371.260009765625,371.385009765625,371.2300109863281,371.3349914550781
2026-07-23 15:40:00-04:00,371.3349914550781,371.3550109863281,371.1199951171875,371.1199951171875
2026-07-23 15:45:00-04:00,371.1300048828125,371.2200012207031,371.0400085449219,371.1400146484375
2026-07-23 15:50:00-04:00,371.1700134277344,371.57000732421875,371.1400146484375,371.55999755859375
2026-07-23 15:55:00-04:00,371.55999755859375,371.6600036621094,371.4800109863281,371.5400085449219
2026-07-24 09:30:00-04:00,371.260009765625,371.5400085449219,371.0299987792969,371.4700012207031
2026-07-24 09:35:00-04:00,371.5400085449219,372.1600036621094,371.5,372.125
2026-07-24 09:40:00-04:00,372.1099853515625,372.1499938964844,371.6700134277344,371.71099853515625
2026-07-24 09:45:00-04:00,371.7200012207031,372.5299987792969,371.3399963378906,372.2749938964844
2026-07-24 09:50:00-04:00,372.2900085449219,372.57000732421875,372.0899963378906,372.44989013671875
2026-07-24 09:55:00-04:00,372.4150085449219,373.2799987792969,372.17999267578125,373.1199951171875
2026-07-24 10:00:00-04:00,373.1499938964844,373.3800048828125,372.7200012207031,372.7300109863281
2026-07-24 10:05:00-04:00,372.75,372.8800048828125,372.239990234375,372.70880126953125
2026-07-24 10:10:00-04:00,372.5050048828125,372.6700134277344,372.3800048828125,372.3800048828125
2026-07-24 10:15:00-04:00,372.3800048828125,372.4949951171875,372.110107421875,372.2799987792969
2026-07-24 10:20:00-04:00,372.32000732421875,372.9150085449219,372.1600036621094,372.8299865722656
2026-07-24 10:25:00-04:00,372.94000244140625,373.3299865722656,372.9100036621094,373.04998779296875
2026-07-24 10:30:00-04:00,372.9700927734375,373.2099914550781,372.92999267578125,372.9599914550781
2026-07-24 10:35:00-04:00,372.92999267578125,373.07501220703125,372.45001220703125,372.5400085449219
2026-07-24 10:40:00-04:00,372.55999755859375,372.67999267578125,372.3999938964844,372.5093078613281
2026-07-24 10:45:00-04:00,372.4612121582031,372.80999755859375,372.3500061035156,372.7538146972656
2026-07-24 10:50:00-04:00,372.7799987792969,372.885009765625,372.5799865722656,372.6099853515625
2026-07-24 10:55:00-04:00,372.6400146484375,373.07000732421875,372.6099853515625,372.7900085449219
2026-07-24 11:00:00-04:00,372.8399963378906,373.1400146484375,372.6400146484375,372.9200134277344
2026-07-24 11:05:00-04:00,372.8599853515625,372.9100036621094,372.6499938964844,372.82000732421875
2026-07-24 11:10:00-04:00,372.7799987792969,374.0199890136719,372.7799987792969,373.9100036621094
2026-07-24 11:15:00-04:00,373.8299865722656,374.4599914550781,373.5899963378906,374.04998779296875
2026-07-24 11:20:00-04:00,374.0199890136719,374.489990234375,373.6000061035156,373.7699890136719
2026-07-24 11:25:00-04:00,373.80999755859375,374.010009765625,373.6400146484375,373.8900146484375
2026-07-24 11:30:00-04:00,373.8699951171875,374.0,373.7699890136719,373.7799987792969
2026-07-24 11:35:00-04:00,373.7799987792969,374.239990234375,373.739990234375,374.1300048828125
2026-07-24 11:40:00-04:00,374.12890625,374.2900085449219,373.510009765625,373.5899963378906
2026-07-24 11:45:00-04:00,373.6000061035156,373.7200012207031,373.4800109863281,373.67999267578125
2026-07-24 11:50:00-04:00,373.69000244140625,373.94000244140625,373.6600036621094,373.8450012207031
2026-07-24 11:55:00-04:00,373.8599853515625,374.1300048828125,373.8599853515625,374.05999755859375
2026-07-24 12:00:00-04:00,374.07000732421875,374.0849914550781,373.8699951171875,374.0199890136719
2026-07-24 12:05:00-04:00,374.0199890136719,374.07501220703125,373.8699951171875,373.9700012207031
2026-07-24 12:10:00-04:00,373.9700012207031,374.05999755859375,373.80999755859375,373.8599853515625
2026-07-24 12:15:00-04:00,373.864990234375,373.95001220703125,373.7650146484375,373.8500061035156
2026-07-24 12:20:00-04:00,373.8500061035156,374.1099853515625,373.760009765625,374.0199890136719
2026-07-24 12:25:00-04:00,374.0672912597656,374.1600036621094,373.7200012207031,373.7593994140625
2026-07-24 12:30:00-04:00,373.7699890136719,373.7699890136719,373.44000244140625,373.61029052734375
2026-07-24 12:35:00-04:00,373.6199035644531,373.6199035644531,373.20001220703125,373.2300109863281
2026-07-24 12:40:00-04:00,373.25,373.2900085449219,373.1044006347656,373.17999267578125
2026-07-24 12:45:00-04:00,373.20001220703125,373.20001220703125,372.8699951171875,372.9200134277344
2026-07-24 12:50:00-04:00,372.92999267578125,373.0150146484375,372.8500061035156,372.989990234375
2026-07-24 12:55:00-04:00,372.989990234375,373.19000244140625,372.9599914550781,373.1400146484375
2026-07-24 13:00:00-04:00,373.1449890136719,373.2391052246094,373.1050109863281,373.19000244140625
2026-07-24 13:05:00-04:00,373.19000244140625,373.19000244140625,372.8599853515625,373.0050048828125
2026-07-24 13:10:00-04:00,373.01910400390625,373.0498962402344,372.7550048828125,372.8450012207031
2026-07-24 13:15:00-04:00,372.8500061035156,373.1000061035156,372.7900085449219,373.1000061035156
2026-07-24 13:20:00-04:00,373.0799865722656,373.2699890136719,372.94000244140625,373.2699890136719
2026-07-24 13:25:00-04:00,373.25,373.3599853515625,373.1300048828125,373.2699890136719
2026-07-24 13:30:00-04:00,373.2349853515625,373.3699951171875,373.1600036621094,373.2699890136719
2026-07-24 13:35:00-04:00,373.2799987792969,373.2900085449219,373.17999267578125,373.2099914550781
2026-07-24 13:40:00-04:00,373.2200012207031,373.2900085449219,373.04998779296875,373.0799865722656
2026-07-24 13:45:00-04:00,373.0799865722656,373.1400146484375,372.92999267578125,373.010009765625
2026-07-24 13:50:00-04:00,373.0400085449219,373.1300048828125,372.7799987792969,372.7900085449219
2026-07-24 13:55:00-04:00,372.82000732421875,372.95001220703125,372.79998779296875,372.79998779296875
2026-07-24 14:00:00-04:00,372.7900085449219,372.8699951171875,372.6099853515625,372.70001220703125
2026-07-24 14:05:00-04:00,372.760009765625,372.8999938964844,372.739990234375,372.7699890136719
2026-07-24 14:10:00-04:00,372.80999755859375,372.80999755859375,372.6199951171875,372.6199951171875
2026-07-24 14:15:00-04:00,372.6499938964844,372.7550048828125,372.5,372.510009765625
2026-07-24 14:20:00-04:00,372.5150146484375,372.5299987792969,372.17999267578125,372.2699890136719
2026-07-24 14:25:00-04:00,372.2950134277344,372.32501220703125,372.010009765625,372.0400085449219
2026-07-24 14:30:00-04:00,372.05499267578125,372.1000061035156,371.7799987792969,371.8865051269531
2026-07-24 14:35:00-04:00,371.9200134277344,372.2049865722656,371.8500061035156,372.0950012207031
2026-07-24 14:40:00-04:00,372.0799865722656,372.0799865722656,371.69000244140625,371.7699890136719
2026-07-24 14:45:00-04:00,371.7900085449219,372.0400085449219,371.7449951171875,371.8999938964844
2026-07-24 14:50:00-04:00,371.9100036621094,372.1099853515625,371.8500061035156,371.9700012207031
2026-07-24 14:55:00-04:00,371.9505920410156,372.04998779296875,371.9305114746094,371.99468994140625
2026-07-24 15:00:00-04:00,371.9800109863281,372.1199951171875,371.7950134277344,371.989990234375
2026-07-24 15:05:00-04:00,371.9601135253906,372.0199890136719,371.82000732421875,371.8399963378906
2026-07-24 15:10:00-04:00,371.8299865722656,372.0190124511719,371.7699890136719,371.7900085449219
2026-07-24 15:15:00-04:00,371.7900085449219,371.79998779296875,371.5400085449219,371.6300048828125
2026-07-24 15:20:00-04:00,371.6400146484375,371.6700134277344,371.510009765625,371.5299987792969
2026-07-24 15:25:00-04:00,371.5299987792969,371.7250061035156,371.48028564453125,371.69000244140625
2026-07-24 15:30:00-04:00,371.69500732421875,371.9700012207031,371.67999267578125,371.9200134277344
2026-07-24 15:35:00-04:00,371.9200134277344,372.1199951171875,371.8999938964844,372.0249938964844
2026-07-24 15:40:00-04:00,372.0150146484375,372.2799987792969,372.0150146484375,372.1700134277344
2026-07-24 15:45:00-04:00,372.1700134277344,372.2200012207031,371.9700012207031,371.9999084472656
2026-07-24 15:50:00-04:00,372.010009765625,372.0400085449219,371.8599853515625,372.0199890136719
2026-07-24 15:55:00-04:00,372.0199890136719,372.0199890136719,371.7699890136719,371.8999938964844
2026-07-27 09:30:00-04:00,373.8900146484375,374.4696960449219,373.8699951171875,374.239990234375
2026-07-27 09:35:00-04:00,374.25,374.94000244140625,374.25,374.7699890136719
2026-07-27 09:40:00-04:00,374.7799987792969,375.1099853515625,374.6499938964844,374.8500061035156
2026-07-27 09:45:00-04:00,374.8999938964844,375.1400146484375,374.75,374.94000244140625
2026-07-27 09:50:00-04:00,374.95001220703125,375.1000061035156,374.6400146484375,374.67999267578125
2026-07-27 09:55:00-04:00,374.57000732421875,374.57000732421875,373.3900146484375,373.7300109863281
2026-07-27 10:00:00-04:00,373.7099914550781,374.1759033203125,373.4599914550781,373.80999755859375
2026-07-27 10:05:00-04:00,373.8599853515625,374.0799865722656,373.69000244140625,374.0400085449219
2026-07-27 10:10:00-04:00,374.04998779296875,374.05999755859375,373.5889892578125,374.0
2026-07-27 10:15:00-04:00,374.0199890136719,374.1600036621094,373.8599853515625,373.9750061035156
2026-07-27 10:20:00-04:00,373.9599914550781,373.9999084472656,373.6300048828125,373.70001220703125
2026-07-27 10:25:00-04:00,373.7200012207031,373.75,373.1199951171875,373.239990234375
2026-07-27 10:30:00-04:00,373.239990234375,373.310302734375,373.010009765625,373.2099914550781
2026-07-27 10:35:00-04:00,373.17999267578125,373.4200134277344,373.0,373.2300109863281
2026-07-27 10:40:00-04:00,373.1940002441406,373.2947998046875,372.9100036621094,373.2200012207031
2026-07-27 10:45:00-04:00,373.2900085449219,373.6700134277344,373.2900085449219,373.510009765625
2026-07-27 10:50:00-04:00,373.55999755859375,373.80999755859375,373.4599914550781,373.68011474609375
2026-07-27 10:55:00-04:00,373.69000244140625,374.05999755859375,373.55999755859375,373.9800109863281
2026-07-27 11:00:00-04:00,373.9700012207031,373.989990234375,373.6099853515625,373.909912109375
2026-07-27 11:05:00-04:00,373.8550109863281,373.8550109863281,373.6099853515625,373.6199951171875
2026-07-27 11:10:00-04:00,373.6400146484375,373.9549865722656,373.5799865722656,373.9100036621094
2026-07-27 11:15:00-04:00,373.94000244140625,374.1990966796875,373.8793029785156,374.0799865722656
2026-07-27 11:20:00-04:00,374.07501220703125,374.17999267578125,373.8100891113281,373.8568115234375
2026-07-27 11:25:00-04:00,373.8550109863281,373.989990234375,373.7850036621094,373.9700012207031
2026-07-27 11:30:00-04:00,373.8699951171875,374.0555114746094,373.6199951171875,373.70001220703125
2026-07-27 11:35:00-04:00,373.6700134277344,373.8056945800781,373.6099853515625,373.70001220703125
2026-07-27 11:40:00-04:00,373.70001220703125,373.95001220703125,373.67999267578125,373.9200134277344
2026-07-27 11:45:00-04:00,373.94000244140625,373.9898986816406,373.7950134277344,373.92999267578125
2026-07-27 11:50:00-04:00,373.94500732421875,374.239990234375,373.9200134277344,374.0400085449219
2026-07-27 11:55:00-04:00,374.0400085449219,374.20001220703125,374.0299987792969,374.1400146484375
2026-07-27 12:00:00-04:00,374.1600036621094,374.2699890136719,374.0899963378906,374.260009765625
2026-07-27 12:05:00-04:00,374.2200012207031,374.70001220703125,374.1300048828125,374.67999267578125
2026-07-27 12:10:00-04:00,374.6499938964844,374.6499938964844,374.3500061035156,374.4150085449219
2026-07-27 12:15:00-04:00,374.3399963378906,374.4399108886719,374.260009765625,374.3450012207031
2026-07-27 12:20:00-04:00,374.3450012207031,374.5400085449219,374.3450012207031,374.3900146484375
2026-07-27 12:25:00-04:00,374.3599853515625,375.1099853515625,374.3599853515625,374.7699890136719
2026-07-27 12:30:00-04:00,374.7699890136719,375.4800109863281,374.7550048828125,375.3599853515625
2026-07-27 12:35:00-04:00,375.29998779296875,375.5299987792969,375.20001220703125,375.2099914550781
2026-07-27 12:40:00-04:00,375.2300109863281,375.2699890136719,374.94000244140625,374.989990234375
2026-07-27 12:45:00-04:00,375.0400085449219,375.0400085449219,374.6499938964844,374.6499938964844
2026-07-27 12:50:00-04:00,374.6199951171875,374.6351013183594,374.3599853515625,374.4200134277344
2026-07-27 12:55:00-04:00,374.3999938964844,374.5,374.32000732421875,374.5
2026-07-27 13:00:00-04:00,374.4599914550781,374.4700012207031,373.8599853515625,373.9200134277344
2026-07-27 13:05:00-04:00,373.92999267578125,373.989990234375,373.70001220703125,373.79998779296875
2026-07-27 13:10:00-04:00,373.8299865722656,373.8800048828125,373.4200134277344,373.7200012207031
2026-07-27 13:15:00-04:00,373.70001220703125,373.875,373.6000061035156,373.7300109863281
2026-07-27 13:20:00-04:00,373.7300109863281,373.9049987792969,373.6700134277344,373.7200012207031
2026-07-27 13:25:00-04:00,373.739990234375,373.9700012207031,373.7093811035156,373.80999755859375
2026-07-27 13:30:00-04:00,373.840087890625,373.8949890136719,373.70001220703125,373.70001220703125
2026-07-27 13:35:00-04:00,373.7300109863281,373.7900085449219,373.54998779296875,373.6300048828125
2026-07-27 13:40:00-04:00,373.6600036621094,373.7900085449219,373.6300048828125,373.70001220703125
2026-07-27 13:45:00-04:00,373.739990234375,373.8800048828125,373.69000244140625,373.8500061035156
2026-07-27 13:50:00-04:00,373.8500061035156,374.05499267578125,373.8299865722656,373.92498779296875
2026-07-27 13:55:00-04:00,373.9601135253906,374.0159912109375,373.935302734375,373.989990234375
2026-07-27 14:00:00-04:00,374.0,374.2049865722656,373.92999267578125,374.0599060058594
2026-07-27 14:05:00-04:00,374.0462951660156,374.2300109863281,374.0400085449219,374.1700134277344
2026-07-27 14:10:00-04:00,374.1700134277344,374.17999267578125,373.92999267578125,373.9599914550781
2026-07-27 14:15:00-04:00,373.989990234375,373.989990234375,373.75,373.8299865722656
2026-07-27 14:20:00-04:00,373.7900085449219,373.95001220703125,373.75,373.92999267578125
2026-07-27 14:25:00-04:00,373.94000244140625,373.989990234375,373.875,373.9800109863281
2026-07-27 14:30:00-04:00,373.9649963378906,374.0,373.7850036621094,373.7850036621094
2026-07-27 14:35:00-04:00,373.7799987792969,373.79998779296875,373.6400146484375,373.6499938964844
2026-07-27 14:40:00-04:00,373.6700134277344,374.2200012207031,373.6499938964844,373.95001220703125
2026-07-27 14:45:00-04:00,373.989990234375,373.989990234375,373.85009765625,373.864990234375
2026-07-27 14:50:00-04:00,373.8500061035156,374.18499755859375,373.80999755859375,374.1499938964844
2026-07-27 14:55:00-04:00,374.1400146484375,374.25,374.0502014160156,374.1300048828125
2026-07-27 15:00:00-04:00,374.1400146484375,374.20001220703125,374.0400085449219,374.06500244140625
2026-07-27 15:05:00-04:00,374.0400085449219,374.3299865722656,373.9700012207031,374.3299865722656
2026-07-27 15:10:00-04:00,374.3349914550781,374.4700012207031,374.28009033203125,374.33099365234375
2026-07-27 15:15:00-04:00,374.360107421875,374.7099914550781,374.260009765625,374.7099914550781
2026-07-27 15:20:00-04:00,374.760009765625,375.0799865722656,374.7300109863281,374.79998779296875
2026-07-27 15:25:00-04:00,374.80999755859375,374.840087890625,374.6000061035156,374.7900085449219
2026-07-27 15:30:00-04:00,374.82000732421875,374.8800048828125,374.6549987792969,374.7749938964844
2026-07-27 15:35:00-04:00,374.7699890136719,374.9100036621094,374.7699890136719,374.89581298828125
2026-07-27 15:40:00-04:00,374.8999938964844,374.9800109863281,374.79998779296875,374.95001220703125
2026-07-27 15:45:00-04:00,374.94000244140625,375.1600036621094,374.8800048828125,375.1499938964844
2026-07-27 15:50:00-04:00,375.1300048828125,375.17999267578125,374.8500061035156,375.0199890136719
2026-07-27 15:55:00-04:00,375.0,375.010009765625,374.4800109863281,374.55999755859375
2026-07-28 09:30:00-04:00,369.6050109863281,369.973388671875,369.4599914550781,369.7900085449219
2026-07-28 09:35:00-04:00,369.82000732421875,369.9490051269531,368.8900146484375,368.9469909667969
2026-07-28 09:40:00-04:00,368.92999267578125,369.2149963378906,368.5,369.2099914550781
2026-07-28 09:45:00-04:00,369.25,369.3900146484375,368.9599914550781,369.20001220703125
2026-07-28 09:50:00-04:00,369.2250061035156,369.5899963378906,369.1700134277344,369.4100036621094
2026-07-28 09:55:00-04:00,369.4100036621094,369.42999267578125,368.9200134277344,368.9700012207031
2026-07-28 10:00:00-04:00,368.9599914550781,369.4100036621094,368.9200134277344,369.3450012207031
2026-07-28 10:05:00-04:00,369.32000732421875,369.7900085449219,369.30999755859375,369.6600036621094
2026-07-28 10:10:00-04:00,369.68499755859375,369.989990234375,369.2099914550781,369.260009765625
2026-07-28 10:15:00-04:00,369.2699890136719,369.3699951171875,368.739990234375,368.739990234375
2026-07-28 10:20:00-04:00,368.7550048828125,368.82000732421875,367.9800109863281,368.4801025390625
2026-07-28 10:25:00-04:00,368.489990234375,368.989990234375,368.42999267578125,368.94000244140625
2026-07-28 10:30:00-04:00,368.9200134277344,369.2300109863281,368.7900085449219,368.8031921386719
2026-07-28 10:35:00-04:00,368.79998779296875,369.1099853515625,368.739990234375,368.80999755859375
2026-07-28 10:40:00-04:00,368.7900085449219,369.1332092285156,368.67999267578125,369.0400085449219
2026-07-28 10:45:00-04:00,369.0400085449219,369.56500244140625,368.9150085449219,369.54998779296875
2026-07-28 10:50:00-04:00,369.5400085449219,369.6400146484375,369.3500061035156,369.481689453125
2026-07-28 10:55:00-04:00,369.45001220703125,369.5198974609375,369.1499938964844,369.1499938964844
2026-07-28 11:00:00-04:00,369.17999267578125,369.6300048828125,369.1199951171875,369.2051086425781
2026-07-28 11:05:00-04:00,369.19500732421875,369.4599914550781,368.9700012207031,369.4599914550781
2026-07-28 11:10:00-04:00,369.5,370.25,369.5,370.0299987792969
2026-07-28 11:15:00-04:00,369.9599914550781,370.2300109863281,369.86749267578125,370.17999267578125
2026-07-28 11:20:00-04:00,370.19000244140625,370.7200012207031,370.19000244140625,370.2349853515625
2026-07-28 11:25:00-04:00,370.25,370.5899963378906,370.1400146484375,370.1700134277344
2026-07-28 11:30:00-04:00,370.19000244140625,370.260009765625,369.9100036621094,370.010009765625
2026-07-28 11:35:00-04:00,370.04998779296875,370.4700012207031,369.9599914550781,370.30999755859375
2026-07-28 11:40:00-04:00,370.32000732421875,370.7995910644531,370.2900085449219,370.7650146484375
2026-07-28 11:45:00-04:00,370.7300109863281,371.0599060058594,370.70001220703125,370.9200134277344
2026-07-28 11:50:00-04:00,370.9100036621094,371.2200012207031,370.7900085449219,371.1600036621094
2026-07-28 11:55:00-04:00,371.1300048828125,371.2300109863281,371.0400085449219,371.1700134277344
2026-07-28 12:00:00-04:00,371.17498779296875,371.19000244140625,370.7799987792969,370.7850036621094
2026-07-28 12:05:00-04:00,370.7850036621094,371.0199890136719,370.7850036621094,370.8599853515625
2026-07-28 12:10:00-04:00,370.8699951171875,371.1000061035156,370.7799987792969,371.010009765625
2026-07-28 12:15:00-04:00,371.0199890136719,371.0899963378906,370.8999938964844,371.0799865722656
2026-07-28 12:20:00-04:00,371.07000732421875,371.1199951171875,370.8800048828125,370.95001220703125
2026-07-28 12:25:00-04:00,371.0199890136719,371.0199890136719,370.7699890136719,370.7699890136719
2026-07-28 12:30:00-04:00,370.79998779296875,370.9200134277344,370.6700134277344,370.8487854003906
2026-07-28 12:35:00-04:00,370.8500061035156,370.8999938964844,370.7300109863281,370.7799987792969
2026-07-28 12:40:00-04:00,370.7900085449219,370.8699951171875,370.6000061035156,370.6449890136719
2026-07-28 12:45:00-04:00,370.6700134277344,370.69000244140625,370.3699951171875,370.3999938964844
2026-07-28 12:50:00-04:00,370.3999938964844,370.42999267578125,370.3102111816406,370.42999267578125
2026-07-28 12:55:00-04:00,370.4200134277344,370.42999267578125,370.2799987792969,370.3699951171875
2026-07-28 13:00:00-04:00,370.3800048828125,370.5799865722656,370.3450012207031,370.5799865722656
2026-07-28 13:05:00-04:00,370.59991455078125,370.6700134277344,370.4100036621094,370.43499755859375
2026-07-28 13:10:00-04:00,370.4100036621094,370.45001220703125,370.17999267578125,370.29998779296875
2026-07-28 13:15:00-04:00,370.2757873535156,370.32000732421875,370.1700134277344,370.19000244140625
2026-07-28 13:20:00-04:00,370.1600036621094,370.7200012207031,370.1300048828125,370.2309875488281
2026-07-28 13:25:00-04:00,370.2200012207031,370.5299987792969,370.2099914550781,370.3500061035156
2026-07-28 13:30:00-04:00,370.3599853515625,370.3699951171875,370.0801086425781,370.1929016113281
2026-07-28 13:35:00-04:00,370.1199951171875,370.1449890136719,369.80999755859375,369.80999755859375
2026-07-28 13:40:00-04:00,369.7900085449219,369.8299865722656,369.45001220703125,369.5400085449219
2026-07-28 13:45:00-04:00,369.5299987792969,369.6099853515625,369.2900085449219,369.6099853515625
2026-07-28 13:50:00-04:00,369.5400085449219,369.5400085449219,369.2900085449219,369.3450012207031
2026-07-28 13:55:00-04:00,369.3500061035156,369.4800109863281,369.32000732421875,369.4700012207031
2026-07-28 14:00:00-04:00,369.4800109863281,369.6300048828125,369.3999938964844,369.6199951171875
2026-07-28 14:05:00-04:00,369.6300048828125,369.7099914550781,369.5899963378906,369.6300048828125
2026-07-28 14:10:00-04:00,369.635009765625,369.6499938964844,369.4599914550781,369.5199890136719
2026-07-28 14:15:00-04:00,369.4800109863281,369.6600036621094,369.4750061035156,369.5299987792969
2026-07-28 14:20:00-04:00,369.5400085449219,369.55999755859375,369.3500061035156,369.3699035644531
2026-07-28 14:25:00-04:00,369.3399963378906,369.44000244140625,369.2724914550781,369.3999938964844
2026-07-28 14:30:00-04:00,369.3900146484375,369.4200134277344,369.1300048828125,369.1600036621094
2026-07-28 14:35:00-04:00,369.1600036621094,369.1698913574219,369.0350036621094,369.10980224609375
2026-07-28 14:40:00-04:00,369.1050109863281,369.20001220703125,369.04998779296875,369.1000061035156
2026-07-28 14:45:00-04:00,369.0799865722656,369.29998779296875,369.07000732421875,369.0799865722656
2026-07-28 14:50:00-04:00,369.1099853515625,369.150390625,368.9599914550781,369.0
2026-07-28 14:55:00-04:00,368.989990234375,369.0199890136719,368.8800048828125,368.989990234375
2026-07-28 15:00:00-04:00,369.0199890136719,369.1700134277344,368.95001220703125,369.159912109375
2026-07-28 15:05:00-04:00,369.1400146484375,369.2900085449219,369.07000732421875,369.20001220703125
2026-07-28 15:10:00-04:00,369.2099914550781,369.239990234375,369.1099853515625,369.1499938964844
2026-07-28 15:15:00-04:00,369.1549987792969,369.25,369.1199951171875,369.1199951171875
2026-07-28 15:20:00-04:00,369.1199951171875,369.15899658203125,369.0299987792969,369.04998779296875
2026-07-28 15:25:00-04:00,369.04998779296875,369.1000061035156,368.9502868652344,369.0799865722656
2026-07-28 15:30:00-04:00,369.1000061035156,369.4700012207031,369.0199890136719,369.44500732421875
2026-07-28 15:35:00-04:00,369.44000244140625,369.45001220703125,369.1700134277344,369.2300109863281
2026-07-28 15:40:00-04:00,369.2200012207031,369.3599853515625,369.2099914550781,369.3599853515625
2026-07-28 15:45:00-04:00,369.3599853515625,369.44000244140625,369.3299865722656,369.3599853515625
2026-07-28 15:50:00-04:00,369.3599853515625,369.5198974609375,369.25,369.4700012207031
2026-07-28 15:55:00-04:00,369.4599914550781,369.54998779296875,369.3500061035156,369.3699951171875
2026-07-29 09:30:00-04:00,368.2900085449219,368.55999755859375,367.81048583984375,368.5050048828125
2026-07-29 09:35:00-04:00,368.3800048828125,368.590087890625,368.2099914550781,368.3700866699219
2026-07-29 09:40:00-04:00,368.3800048828125,368.3999938964844,368.0799865722656,368.2099914550781
2026-07-29 09:45:00-04:00,368.1499938964844,368.3800048828125,367.92999267578125,368.239990234375
2026-07-29 09:50:00-04:00,368.2699890136719,368.2699890136719,367.510009765625,367.75
2026-07-29 09:55:00-04:00,367.7101135253906,367.7101135253906,367.1199951171875,367.56500244140625
2026-07-29 10:00:00-04:00,367.57000732421875,367.6600036621094,367.0299987792969,367.4800109863281
2026-07-29 10:05:00-04:00,367.4599914550781,367.5299987792969,366.80999755859375,366.8800048828125
2026-07-29 10:10:00-04:00,366.8699951171875,367.010009765625,366.5260009765625,366.8299865722656
2026-07-29 10:15:00-04:00,366.80999755859375,367.8086853027344,366.80999755859375,367.6405029296875
2026-07-29 10:20:00-04:00,367.6700134277344,367.8599853515625,367.54998779296875,367.8399963378906
2026-07-29 10:25:00-04:00,367.8349914550781,367.8349914550781,367.25,367.4150085449219
2026-07-29 10:30:00-04:00,367.3900146484375,367.7799987792969,367.2900085449219,367.6300048828125
2026-07-29 10:35:00-04:00,367.6449890136719,367.67999267578125,367.2250061035156,367.3100891113281
2026-07-29 10:40:00-04:00,367.2850036621094,367.5199890136719,366.8500061035156,367.0199890136719
2026-07-29 10:45:00-04:00,367.010009765625,367.1400146484375,366.7112121582031,367.03009033203125
2026-07-29 10:50:00-04:00,367.010009765625,367.42999267578125,366.9800109863281,367.3800048828125
2026-07-29 10:55:00-04:00,367.3399963378906,367.44000244140625,367.1300048828125,367.364990234375
2026-07-29 11:00:00-04:00,367.3599853515625,367.739990234375,367.2200012207031,367.69000244140625
2026-07-29 11:05:00-04:00,367.70001220703125,367.79998779296875,367.5299987792969,367.79998779296875
2026-07-29 11:10:00-04:00,367.75,367.7650146484375,367.44000244140625,367.55999755859375
2026-07-29 11:15:00-04:00,367.55999755859375,367.68499755859375,367.3999938964844,367.4200134277344
2026-07-29 11:20:00-04:00,367.3800048828125,367.8800048828125,367.2900085449219,367.8500061035156
2026-07-29 11:25:00-04:00,367.8299865722656,367.9599914550781,367.6700134277344,367.8999938964844
2026-07-29 11:30:00-04:00,367.8999938964844,368.20001220703125,367.8399963378906,367.8999938964844
2026-07-29 11:35:00-04:00,367.9100036621094,368.0799865722656,367.68499755859375,367.739990234375
2026-07-29 11:40:00-04:00,367.7449951171875,367.8800048828125,367.6099853515625,367.8500061035156
2026-07-29 11:45:00-04:00,367.8900146484375,368.1099853515625,367.79998779296875,368.1099853515625
2026-07-29 11:50:00-04:00,368.1300048828125,368.20001220703125,367.94500732421875,367.989990234375
2026-07-29 11:55:00-04:00,368.0299987792969,368.0299987792969,367.7200012207031,367.8699951171875
2026-07-29 12:00:00-04:00,367.8699951171875,367.989990234375,367.6700134277344,367.82501220703125
2026-07-29 12:05:00-04:00,367.8299865722656,368.3999938964844,367.760009765625,368.31500244140625
2026-07-29 12:10:00-04:00,368.2903137207031,368.385009765625,367.80999755859375,367.80999755859375
2026-07-29 12:15:00-04:00,367.79998779296875,367.9700012207031,367.67999267578125,367.9700012207031
2026-07-29 12:20:00-04:00,367.9750061035156,368.5199890136719,367.95001220703125,368.3699951171875
2026-07-29 12:25:00-04:00,368.3999938964844,368.54998779296875,368.3500061035156,368.4800109863281
2026-07-29 12:30:00-04:00,368.4599914550781,368.7099914550781,368.3599853515625,368.54998779296875
2026-07-29 12:35:00-04:00,368.55499267578125,368.6400146484375,368.360107421875,368.5199890136719
2026-07-29 12:40:00-04:00,368.5,368.5799865722656,368.4100036621094,368.5350036621094
2026-07-29 12:45:00-04:00,368.5199890136719,368.625,368.3500061035156,368.6099853515625
2026-07-29 12:50:00-04:00,368.6050109863281,369.32000732421875,368.6000061035156,369.32000732421875
2026-07-29 12:55:00-04:00,369.29998779296875,369.989990234375,369.2699890136719,369.5050048828125
2026-07-29 13:00:00-04:00,369.510009765625,370.4599914550781,369.4800109863281,370.39990234375
2026-07-29 13:05:00-04:00,370.3999938964844,370.7799072265625,370.2300109863281,370.5201110839844
2026-07-29 13:10:00-04:00,370.54998779296875,371.6199951171875,370.44000244140625,370.8599853515625
2026-07-29 13:15:00-04:00,370.8500061035156,371.3900146484375,370.739990234375,371.1700134277344
2026-07-29 13:20:00-04:00,371.1449890136719,371.6199951171875,371.0899963378906,371.30999755859375
2026-07-29 13:25:00-04:00,371.32000732421875,371.3999938964844,370.3599853515625,370.5299987792969
2026-07-29 13:30:00-04:00,370.55999755859375,370.82000732421875,370.4425048828125,370.5350036621094
2026-07-29 13:35:00-04:00,370.5299987792969,370.79998779296875,370.29998779296875,370.79998779296875
2026-07-29 13:40:00-04:00,370.7850036621094,371.3299865722656,370.75,371.19000244140625
2026-07-29 13:45:00-04:00,371.19000244140625,371.3999938964844,371.1099853515625,371.32000732421875
2026-07-29 13:50:00-04:00,371.30999755859375,371.3399963378906,371.07000732421875,371.0799865722656
2026-07-29 13:55:00-04:00,371.0400085449219,371.1600036621094,370.7799987792969,371.1499938964844
2026-07-29 14:00:00-04:00,371.0000915527344,374.83990478515625,371.0000915527344,373.0799865722656
2026-07-29 14:05:00-04:00,373.1099853515625,374.5199890136719,373.04998779296875,373.8500061035156
2026-07-29 14:10:00-04:00,373.9100036621094,374.8800048828125,373.5400085449219,374.3999938964844
2026-07-29 14:15:00-04:00,374.45001220703125,374.6889953613281,373.4800109863281,373.5
2026-07-29 14:20:00-04:00,373.5799865722656,373.67999267578125,373.07000732421875,373.07000732421875
2026-07-29 14:25:00-04:00,373.0899963378906,373.2099914550781,372.80999755859375,373.19000244140625
2026-07-29 14:30:00-04:00,373.20001220703125,373.6300048828125,371.75,372.42999267578125
2026-07-29 14:35:00-04:00,372.45001220703125,373.7099914550781,371.8800048828125,373.5
2026-07-29 14:40:00-04:00,373.4700012207031,374.9599914550781,373.44000244140625,374.6099853515625
2026-07-29 14:45:00-04:00,374.67999267578125,376.1700134277344,374.5199890136719,376.0199890136719
2026-07-29 14:50:00-04:00,376.1000061035156,377.0,375.4200134277344,376.54998779296875
2026-07-29 14:55:00-04:00,376.57000732421875,376.9898986816406,376.2099914550781,376.760009765625
2026-07-29 15:00:00-04:00,376.7300109863281,377.6199951171875,376.25,376.364990234375
2026-07-29 15:05:00-04:00,376.3999938964844,376.5899963378906,375.52490234375,375.79998779296875
2026-07-29 15:10:00-04:00,375.82000732421875,376.3500061035156,375.2200012207031,376.1099853515625
2026-07-29 15:15:00-04:00,376.06500244140625,376.5,375.8900146484375,375.9700012207031
2026-07-29 15:20:00-04:00,375.989990234375,376.05999755859375,374.70001220703125,374.8900146484375
2026-07-29 15:25:00-04:00,374.8599853515625,374.95001220703125,374.3299865722656,374.6300048828125
2026-07-29 15:30:00-04:00,374.6499938964844,375.0400085449219,373.05999755859375,373.67999267578125
2026-07-29 15:35:00-04:00,373.6199951171875,373.9100036621094,373.0,373.2650146484375
2026-07-29 15:40:00-04:00,373.19000244140625,373.6400146484375,372.8699951171875,373.2300109863281
2026-07-29 15:45:00-04:00,373.25,373.5,372.9049987792969,373.42999267578125
2026-07-29 15:50:00-04:00,373.3900146484375,373.3900146484375,372.4599914550781,372.5350036621094
2026-07-29 15:55:00-04:00,372.510009765625,372.5299987792969,370.55999755859375,371.0
2026-07-30 09:30:00-04:00,374.1600036621094,374.3599853515625,373.79998779296875,373.84259033203125
2026-07-30 09:35:00-04:00,373.82000732421875,375.95001220703125,373.7550048828125,375.17999267578125
2026-07-30 09:40:00-04:00,375.2200012207031,375.70001220703125,374.7300109863281,375.0
2026-07-30 09:45:00-04:00,375.0201110839844,376.1449890136719,374.69061279296875,375.54998779296875
2026-07-30 09:50:00-04:00,375.55999755859375,376.29998779296875,375.45001220703125,376.2900085449219
2026-07-30 09:55:00-04:00,376.2550048828125,377.19500732421875,376.1700134277344,377.1400146484375
2026-07-30 10:00:00-04:00,377.1549987792969,377.8599853515625,376.6199951171875,376.7049865722656
2026-07-30 10:05:00-04:00,376.79998779296875,376.8999938964844,375.489990234375,375.9599914550781
2026-07-30 10:10:00-04:00,375.965087890625,376.2699890136719,375.7099914550781,375.8500061035156
2026-07-30 10:15:00-04:00,375.8500061035156,376.0400085449219,375.1499938964844,375.1499938964844
2026-07-30 10:20:00-04:00,375.1549987792969,375.8900146484375,374.8599853515625,375.04998779296875
2026-07-30 10:25:00-04:00,375.04998779296875,375.6776123046875,374.8399963378906,375.6776123046875
2026-07-30 10:30:00-04:00,375.70001220703125,376.260009765625,375.5450134277344,376.0299987792969
2026-07-30 10:35:00-04:00,376.07501220703125,376.54998779296875,376.010009765625,376.5299987792969
2026-07-30 10:40:00-04:00,376.57501220703125,377.0400085449219,376.4200134277344,376.9649963378906
2026-07-30 10:45:00-04:00,377.0400085449219,377.22918701171875,376.17999267578125,376.4150085449219
2026-07-30 10:50:00-04:00,376.4200134277344,376.4200134277344,375.8800048828125,375.9750061035156
2026-07-30 10:55:00-04:00,375.9549865722656,376.07000732421875,375.6700134277344,376.010009765625
2026-07-30 11:00:00-04:00,375.9700012207031,375.989990234375,375.6300048828125,375.75
2026-07-30 11:05:00-04:00,375.739990234375,375.82000732421875,375.05999755859375,375.1300048828125
2026-07-30 11:10:00-04:00,375.1099853515625,375.1300048828125,374.4599914550781,374.6700134277344
2026-07-30 11:15:00-04:00,374.6650085449219,375.6499938964844,374.6199951171875,375.5849914550781
2026-07-30 11:20:00-04:00,375.6400146484375,375.715087890625,375.2699890136719,375.42999267578125
2026-07-30 11:25:00-04:00,375.42498779296875,375.67999267578125,375.25,375.6600036621094
2026-07-30 11:30:00-04:00,375.635009765625,376.010009765625,375.29998779296875,375.9649963378906
2026-07-30 11:35:00-04:00,375.9599914550781,376.07000732421875,375.81500244140625,375.94000244140625
2026-07-30 11:40:00-04:00,375.8999938964844,376.6199951171875,375.8999938964844,376.5
2026-07-30 11:45:00-04:00,376.489990234375,376.614990234375,376.3299865722656,376.54998779296875
2026-07-30 11:50:00-04:00,376.5151062011719,376.7200012207031,376.4200134277344,376.6099853515625
2026-07-30 11:55:00-04:00,376.6499938964844,376.89990234375,376.6300048828125,376.70599365234375
2026-07-30 12:00:00-04:00,376.7300109863281,377.42999267578125,376.7300109863281,377.3299865722656
2026-07-30 12:05:00-04:00,377.32501220703125,377.375,377.0,377.05999755859375
2026-07-30 12:10:00-04:00,377.0,377.44000244140625,376.8699951171875,377.31500244140625
2026-07-30 12:15:00-04:00,377.32000732421875,377.489990234375,377.29998779296875,377.3399963378906
2026-07-30 12:20:00-04:00,377.32000732421875,377.7900085449219,377.2799987792969,377.7300109863281
2026-07-30 12:25:00-04:00,377.760009765625,377.760009765625,377.4599914550781,377.489990234375
2026-07-30 12:30:00-04:00,377.489990234375,377.5198059082031,377.20001220703125,377.239990234375
2026-07-30 12:35:00-04:00,377.2200012207031,377.3800048828125,376.96051025390625,377.00628662109375
2026-07-30 12:40:00-04:00,377.0199890136719,377.1199951171875,376.760009765625,376.7850036621094
2026-07-30 12:45:00-04:00,376.79998779296875,376.8999938964844,376.67999267578125,376.8949890136719
2026-07-30 12:50:00-04:00,376.8900146484375,376.95001220703125,376.6300048828125,376.69000244140625
2026-07-30 12:55:00-04:00,376.7349853515625,377.0,376.7200012207031,377.0
2026-07-30 13:00:00-04:00,377.0,377.04998779296875,376.6199951171875,376.739990234375
2026-07-30 13:05:00-04:00,376.7250061035156,376.8125,376.6300048828125,376.7300109863281
2026-07-30 13:10:00-04:00,376.7300109863281,376.82000732421875,376.4849853515625,376.5
2026-07-30 13:15:00-04:00,376.4849853515625,376.6600036621094,376.3900146484375,376.6449890136719
2026-07-30 13:20:00-04:00,376.6400146484375,376.7900085449219,376.4800109863281,376.7699890136719
2026-07-30 13:25:00-04:00,376.760009765625,376.760009765625,375.8599853515625,376.1099853515625
2026-07-30 13:30:00-04:00,376.1600036621094,376.2300109863281,376.0400085449219,376.1000061035156
2026-07-30 13:35:00-04:00,376.1199951171875,376.7799987792969,376.0199890136719,376.30499267578125
2026-07-30 13:40:00-04:00,376.2799987792969,376.635009765625,376.2799987792969,376.5799865722656
2026-07-30 13:45:00-04:00,376.55999755859375,376.7900085449219,376.4200134277344,376.4200134277344
2026-07-30 13:50:00-04:00,376.44000244140625,376.4700012207031,376.30499267578125,376.3500061035156
2026-07-30 13:55:00-04:00,376.3399963378906,376.375,376.1600036621094,376.2900085449219
2026-07-30 14:00:00-04:00,376.2799987792969,376.55999755859375,376.2799987792969,376.5299987792969
2026-07-30 14:05:00-04:00,376.5299987792969,376.6400146484375,376.4599914550781,376.6000061035156
2026-07-30 14:10:00-04:00,376.5899963378906,376.659912109375,376.489990234375,376.6099853515625
2026-07-30 14:15:00-04:00,376.6400146484375,376.6400146484375,376.3599853515625,376.3900146484375
2026-07-30 14:20:00-04:00,376.4100036621094,376.5400085449219,376.1700134277344,376.239990234375
2026-07-30 14:25:00-04:00,376.25,376.3699951171875,376.1099853515625,376.3699951171875
2026-07-30 14:30:00-04:00,376.3949890136719,376.7200012207031,376.30999755859375,376.6499938964844
2026-07-30 14:35:00-04:00,376.6300048828125,376.6400146484375,376.4700012207031,376.4750061035156
2026-07-30 14:40:00-04:00,376.4840087890625,376.55499267578125,376.4100036621094,376.489990234375
2026-07-30 14:45:00-04:00,376.489990234375,376.5050048828125,376.0799865722656,376.1000061035156
2026-07-30 14:50:00-04:00,376.1400146484375,376.1700134277344,375.92498779296875,375.94500732421875
2026-07-30 14:55:00-04:00,375.94000244140625,376.04998779296875,375.9150085449219,376.0150146484375
2026-07-30 15:00:00-04:00,376.0,376.3399963378906,375.9200134277344,376.3399963378906
2026-07-30 15:05:00-04:00,376.3699951171875,376.5400085449219,376.2900085449219,376.5400085449219
2026-07-30 15:10:00-04:00,376.5400085449219,376.55999755859375,376.3450012207031,376.44000244140625
2026-07-30 15:15:00-04:00,376.4815979003906,377.2699890136719,376.30999755859375,377.0199890136719
2026-07-30 15:20:00-04:00,377.010009765625,377.1099853515625,376.9100036621094,377.0799865722656
2026-07-30 15:25:00-04:00,377.05999755859375,377.41009521484375,377.0199890136719,377.2300109863281
2026-07-30 15:30:00-04:00,377.2200012207031,377.3800048828125,377.19000244140625,377.3800048828125
2026-07-30 15:35:00-04:00,377.385009765625,377.4599914550781,377.1700134277344,377.239990234375
2026-07-30 15:40:00-04:00,377.239990234375,377.3399963378906,377.1000061035156,377.1300048828125
2026-07-30 15:45:00-04:00,377.1300048828125,377.20001220703125,377.0299987792969,377.1400146484375
2026-07-30 15:50:00-04:00,377.1499938964844,377.18499755859375,376.885009765625,376.8900146484375
2026-07-30 15:55:00-04:00,376.8900146484375,377.2300109863281,376.8599853515625,377.17999267578125
2026-07-31 09:30:00-04:00,370.8399963378906,370.9049987792969,370.1400146484375,370.1510925292969
2026-07-31 09:35:00-04:00,370.1600036621094,370.3399963378906,369.3900146484375,369.4599914550781
2026-07-31 09:40:00-04:00,369.510009765625,369.6600036621094,368.95001220703125,369.2200012207031
2026-07-31 09:45:00-04:00,369.19000244140625,369.489990234375,368.8999938964844,369.0400085449219
2026-07-31 09:50:00-04:00,368.9800109863281,369.54998779296875,368.94000244140625,369.54998779296875
2026-07-31 09:55:00-04:00,369.5450134277344,369.8599853515625,369.2699890136719,369.27789306640625
2026-07-31 10:00:00-04:00,369.25,369.8800048828125,369.25,369.55999755859375
2026-07-31 10:05:00-04:00,369.5899963378906,369.6400146484375,368.81500244140625,369.3800048828125
2026-07-31 10:10:00-04:00,369.3599853515625,369.8699951171875,369.239990234375,369.8500061035156
2026-07-31 10:15:00-04:00,369.82000732421875,370.1400146484375,369.6499938964844,369.92999267578125
2026-07-31 10:20:00-04:00,369.95001220703125,370.45001220703125,369.8500061035156,370.1000061035156
2026-07-31 10:25:00-04:00,370.1000061035156,370.5791015625,370.1000061035156,370.45001220703125
2026-07-31 10:30:00-04:00,370.44000244140625,370.6597900390625,370.260009765625,370.6099853515625
2026-07-31 10:35:00-04:00,370.6199951171875,370.79998779296875,370.5101013183594,370.6700134277344
2026-07-31 10:40:00-04:00,370.6700134277344,370.8699951171875,370.5899963378906,370.70001220703125
2026-07-31 10:45:00-04:00,370.7200012207031,371.125,370.67999267578125,370.9599914550781
2026-07-31 10:50:00-04:00,370.9849853515625,371.4200134277344,370.8500061035156,371.20001220703125
2026-07-31 10:55:00-04:00,371.19000244140625,371.5899963378906,371.05999755859375,371.45001220703125
2026-07-31 11:00:00-04:00,371.45001220703125,371.57769775390625,371.0199890136719,371.0400085449219
2026-07-31 11:05:00-04:00,371.05999755859375,371.4100036621094,371.0000915527344,371.1300048828125
2026-07-31 11:10:00-04:00,371.125,371.2886962890625,370.8504943847656,371.260009765625
2026-07-31 11:15:00-04:00,371.2149963378906,371.739990234375,370.80999755859375,371.07000732421875
2026-07-31 11:20:00-04:00,371.06500244140625,371.1300048828125,370.80999755859375,370.8550109863281
2026-07-31 11:25:00-04:00,370.8900146484375,371.0,370.6000061035156,370.67999267578125
2026-07-31 11:30:00-04:00,370.6700134277344,370.760009765625,370.2900085449219,370.5
2026-07-31 11:35:00-04:00,370.4700012207031,370.8800048828125,370.3399963378906,370.80499267578125
2026-07-31 11:40:00-04:00,370.8399963378906,370.94000244140625,370.6600036621094,370.7650146484375
2026-07-31 11:45:00-04:00,370.7699890136719,370.8399963378906,370.6000061035156,370.6400146484375
2026-07-31 11:50:00-04:00,370.6499938964844,371.1300048828125,370.5950012207031,371.0801086425781
2026-07-31 11:55:00-04:00,371.1000061035156,371.2200012207031,371.0199890136719,371.1099853515625
2026-07-31 12:00:00-04:00,371.090087890625,371.1600036621094,370.9200134277344,370.9599914550781
2026-07-31 12:05:00-04:00,370.94000244140625,371.010009765625,370.7052917480469,370.95001220703125
2026-07-31 12:10:00-04:00,370.95001220703125,371.239013671875,370.94000244140625,371.19000244140625
2026-07-31 12:15:00-04:00,371.19000244140625,371.19000244140625,370.9100036621094,371.05999755859375
2026-07-31 12:20:00-04:00,371.1199951171875,371.29998779296875,371.07000732421875,371.20001220703125
2026-07-31 12:25:00-04:00,371.1600036621094,371.3699951171875,371.0150146484375,371.2749938964844
2026-07-31 12:30:00-04:00,371.2900085449219,371.489990234375,371.26080322265625,371.4599914550781
2026-07-31 12:35:00-04:00,371.4599914550781,371.510009765625,371.25,371.25
2026-07-31 12:40:00-04:00,371.2449951171875,371.2900085449219,370.75,370.8439025878906
2026-07-31 12:45:00-04:00,370.8450012207031,371.0299987792969,370.82000732421875,370.9700012207031
2026-07-31 12:50:00-04:00,371.0299987792969,371.0799865722656,370.8999938964844,370.94000244140625
2026-07-31 12:55:00-04:00,370.92999267578125,370.9649963378906,370.8299865722656,370.9200134277344
2026-07-31 13:00:00-04:00,370.9100036621094,371.1400146484375,370.8399963378906,370.864990234375
2026-07-31 13:05:00-04:00,370.8599853515625,371.0299987792969,370.7699890136719,370.79998779296875
2026-07-31 13:10:00-04:00,370.79998779296875,371.2099914550781,370.739990234375,371.1300048828125
2026-07-31 13:15:00-04:00,371.1300048828125,371.2699890136719,371.0400085449219,371.239990234375
2026-07-31 13:20:00-04:00,371.2200012207031,371.3900146484375,371.07000732421875,371.32000732421875
2026-07-31 13:25:00-04:00,371.30999755859375,371.8299865722656,371.05999755859375,371.5899963378906
2026-07-31 13:30:00-04:00,371.6300048828125,371.7799987792969,371.3450012207031,371.3699951171875
2026-07-31 13:35:00-04:00,371.3500061035156,371.6400146484375,371.29998779296875,371.510009765625
2026-07-31 13:40:00-04:00,371.5450134277344,371.7200012207031,371.5199890136719,371.6700134277344
2026-07-31 13:45:00-04:00,371.69000244140625,371.8999938964844,371.5299987792969,371.739990234375
2026-07-31 13:50:00-04:00,371.7349853515625,371.9200134277344,371.7200012207031,371.79998779296875
2026-07-31 13:55:00-04:00,371.7799987792969,371.8800048828125,371.739990234375,371.8800048828125
2026-07-31 14:00:00-04:00,371.8900146484375,371.989990234375,371.7099914550781,371.7300109863281
2026-07-31 14:05:00-04:00,371.7099914550781,371.7300109863281,371.5,371.6600036621094
2026-07-31 14:10:00-04:00,371.6451110839844,371.6451110839844,371.2699890136719,371.3599853515625
2026-07-31 14:15:00-04:00,371.3399963378906,371.5799865722656,371.3399963378906,371.5010070800781
2026-07-31 14:20:00-04:00,371.510009765625,371.6499938964844,371.46673583984375,371.6099853515625
2026-07-31 14:25:00-04:00,371.6499938964844,371.6700134277344,371.5299987792969,371.6000061035156
2026-07-31 14:30:00-04:00,371.6000061035156,371.6199951171875,371.42999267578125,371.42999267578125
2026-07-31 14:35:00-04:00,371.4200134277344,371.6499938964844,371.30999755859375,371.5849914550781
2026-07-31 14:40:00-04:00,371.5849914550781,371.6499938964844,371.45001220703125,371.45001220703125
2026-07-31 14:45:00-04:00,371.4700012207031,371.5,371.3299865722656,371.4949951171875
2026-07-31 14:50:00-04:00,371.489990234375,371.6499938964844,371.4800109863281,371.5199890136719
2026-07-31 14:55:00-04:00,371.510009765625,371.5899963378906,371.44000244140625,371.55999755859375
2026-07-31 15:00:00-04:00,371.55999755859375,371.739990234375,371.3900146484375,371.4100036621094
2026-07-31 15:05:00-04:00,371.4100036621094,371.4599914550781,371.32000732421875,371.45001220703125
2026-07-31 15:10:00-04:00,371.44000244140625,371.4700012207031,371.20001220703125,371.30499267578125
2026-07-31 15:15:00-04:00,371.2904968261719,371.4100036621094,371.239990234375,371.4100036621094
2026-07-31 15:20:00-04:00,371.40899658203125,371.510009765625,371.3200988769531,371.4200134277344
2026-07-31 15:25:00-04:00,371.4100036621094,371.55950927734375,371.3999938964844,371.5299987792969
2026-07-31 15:30:00-04:00,371.54998779296875,371.6499938964844,371.4100036621094,371.5350036621094
2026-07-31 15:35:00-04:00,371.5299987792969,371.6499938964844,371.4800109863281,371.4800109863281
2026-07-31 15:40:00-04:00,371.4849853515625,371.9200134277344,371.4800109863281,371.8800048828125
2026-07-31 15:45:00-04:00,371.8949890136719,372.010009765625,371.79998779296875,371.92498779296875
2026-07-31 15:50:00-04:00,371.9200134277344,371.92498779296875,371.5400085449219,371.57000732421875
2026-07-31 15:55:00-04:00,371.57000732421875,371.7200012207031,371.0400085449219,371.5299987792969
2026-08-03 09:30:00-04:00,370.1000061035156,370.1700134277344,369.5799865722656,369.7099914550781
2026-08-03 09:35:00-04:00,369.75,369.7799987792969,368.6427917480469,369.29998779296875
2026-08-03 09:40:00-04:00,369.2699890136719,370.0,369.18011474609375,369.82000732421875
2026-08-03 09:45:00-04:00,369.8450012207031,370.125,369.4800109863281,369.6199951171875
2026-08-03 09:50:00-04:00,369.55999755859375,369.8699951171875,369.45001220703125,369.6600036621094
2026-08-03 09:55:00-04:00,369.6549987792969,370.0,369.5,369.8299865722656
2026-08-03 10:00:00-04:00,369.80999755859375,370.1899108886719,369.44500732421875,369.5899963378906
2026-08-03 10:05:00-04:00,369.56500244140625,369.8399963378906,369.364990234375,369.3800048828125
2026-08-03 10:10:00-04:00,369.3800048828125,370.04998779296875,369.3299865722656,369.9200134277344
2026-08-03 10:15:00-04:00,369.9200134277344,370.07000732421875,369.7200012207031,369.75
2026-08-03 10:20:00-04:00,369.75,370.1499938964844,369.6549987792969,370.0
2026-08-03 10:25:00-04:00,370.0151062011719,370.17999267578125,369.8399963378906,369.8500061035156
2026-08-03 10:30:00-04:00,369.8399963378906,370.1499938964844,369.80999755859375,370.1099853515625
2026-08-03 10:35:00-04:00,370.1099853515625,370.3500061035156,369.9100036621094,369.9100036621094
2026-08-03 10:40:00-04:00,369.92999267578125,370.42999267578125,369.8550109863281,370.25
2026-08-03 10:45:00-04:00,370.260009765625,370.2900085449219,370.05999755859375,370.20001220703125
2026-08-03 10:50:00-04:00,370.2049865722656,370.31500244140625,370.0199890136719,370.20001220703125
2026-08-03 10:55:00-04:00,370.2099914550781,370.5299987792969,370.2099914550781,370.2300109863281
2026-08-03 11:00:00-04:00,370.239990234375,370.2799987792969,369.8500061035156,369.8599853515625
2026-08-03 11:05:00-04:00,369.8800048828125,370.31500244140625,369.7099914550781,370.0899963378906
2026-08-03 11:10:00-04:00,370.08099365234375,370.1650085449219,369.8699951171875,369.9700012207031
2026-08-03 11:15:00-04:00,370.010009765625,370.3599853515625,369.9599914550781,370.2900085449219
2026-08-03 11:20:00-04:00,370.3399963378906,370.4599914550781,370.2099914550781,370.3699951171875
2026-08-03 11:25:00-04:00,370.3599853515625,370.4200134277344,369.739990234375,369.95001220703125
2026-08-03 11:30:00-04:00,369.9049987792969,370.0950012207031,369.7699890136719,369.9700927734375
2026-08-03 11:35:00-04:00,369.9750061035156,370.30499267578125,369.9549865722656,370.28509521484375
2026-08-03 11:40:00-04:00,370.30499267578125,370.4800109863281,370.239990234375,370.30999755859375
2026-08-03 11:45:00-04:00,370.29998779296875,370.6700134277344,370.2900085449219,370.375
2026-08-03 11:50:00-04:00,370.3399963378906,370.5799865722656,370.3399963378906,370.4200134277344
2026-08-03 11:55:00-04:00,370.3900146484375,370.3900146484375,370.19000244140625,370.25
2026-08-03 12:00:00-04:00,370.260009765625,370.3500061035156,370.17999267578125,370.2590026855469
2026-08-03 12:05:00-04:00,370.2699890136719,370.2699890136719,370.0950012207031,370.1499938964844
2026-08-03 12:10:00-04:00,370.1700134277344,370.2699890136719,370.1700134277344,370.2650146484375
2026-08-03 12:15:00-04:00,370.2449951171875,370.3699951171875,370.1600036621094,370.20001220703125
2026-08-03 12:20:00-04:00,370.2099914550781,370.3900146484375,370.1227111816406,370.3900146484375
2026-08-03 12:25:00-04:00,370.385009765625,370.44000244140625,370.25,370.30499267578125
2026-08-03 12:30:00-04:00,370.30999755859375,370.3999938964844,370.20001220703125,370.39990234375
2026-08-03 12:35:00-04:00,370.3800048828125,370.4750061035156,370.260009765625,370.2651062011719
2026-08-03 12:40:00-04:00,370.2900085449219,370.510009765625,370.2900085449219,370.4599914550781
2026-08-03 12:45:00-04:00,370.43011474609375,370.4599914550781,370.3399963378906,370.3599853515625
2026-08-03 12:50:00-04:00,370.32000732421875,370.3999938964844,370.17999267578125,370.239990234375
2026-08-03 12:55:00-04:00,370.2300109863281,370.3599853515625,370.20001220703125,370.2799987792969
2026-08-03 13:00:00-04:00,370.2900085449219,370.3500061035156,369.9700012207031,370.0299987792969
2026-08-03 13:05:00-04:00,370.0201110839844,370.1199951171875,370.010009765625,370.1000061035156
2026-08-03 13:10:00-04:00,370.0899963378906,370.0899963378906,370.010009765625,370.04998779296875
2026-08-03 13:15:00-04:00,370.05499267578125,370.3500061035156,370.0400085449219,370.2300109863281
2026-08-03 13:20:00-04:00,370.2300109863281,370.2300109863281,370.04998779296875,370.1163635253906
2026-08-03 13:25:00-04:00,370.1351013183594,370.25,370.010009765625,370.0799865722656
2026-08-03 13:30:00-04:00,370.05999755859375,370.1199951171875,370.0400085449219,370.1199035644531
2026-08-03 13:35:00-04:00,370.0899963378906,370.2799987792969,370.0799865722656,370.20001220703125
2026-08-03 13:40:00-04:00,370.19500732421875,370.260009765625,370.1400146484375,370.2099914550781
2026-08-03 13:45:00-04:00,370.20001220703125,370.2300109863281,370.03936767578125,370.0400085449219
2026-08-03 13:50:00-04:00,370.0400085449219,370.05999755859375,369.7200012207031,369.7200927734375
2026-08-03 13:55:00-04:00,369.739990234375,369.7799987792969,369.70001220703125,369.7200012207031
2026-08-03 14:00:00-04:00,369.7300109863281,369.8550109863281,369.650390625,369.79010009765625
2026-08-03 14:05:00-04:00,369.82000732421875,370.25,369.82000732421875,370.25
2026-08-03 14:10:00-04:00,370.2449951171875,370.4292907714844,370.1050109863281,370.114990234375
2026-08-03 14:15:00-04:00,370.126708984375,370.4599914550781,370.1199951171875,370.3399963378906
2026-08-03 14:20:00-04:00,370.3500061035156,370.42498779296875,370.2799987792969,370.30999755859375
2026-08-03 14:25:00-04:00,370.29998779296875,370.42999267578125,370.239990234375,370.3599853515625
2026-08-03 14:30:00-04:00,370.3450012207031,370.4200134277344,370.260009765625,370.2799987792969
2026-08-03 14:35:00-04:00,370.29998779296875,370.44989013671875,370.29998779296875,370.3800048828125
2026-08-03 14:40:00-04:00,370.3800048828125,370.7250061035156,370.375,370.7250061035156
2026-08-03 14:45:00-04:00,370.70001220703125,370.8299865722656,370.6499938964844,370.8290100097656
2026-08-03 14:50:00-04:00,370.8299865722656,370.95001220703125,370.7799987792969,370.92999267578125
2026-08-03 14:55:00-04:00,370.9508972167969,371.04998779296875,370.8800048828125,370.93499755859375
2026-08-03 15:00:00-04:00,370.9599914550781,371.3799133300781,370.94000244140625,371.3550109863281
2026-08-03 15:05:00-04:00,371.3599853515625,371.4700012207031,371.1199951171875,371.1400146484375
2026-08-03 15:10:00-04:00,371.1499938964844,371.3800048828125,371.0799865722656,371.17498779296875
2026-08-03 15:15:00-04:00,371.17010498046875,371.4700012207031,371.1700134277344,371.3399963378906
2026-08-03 15:20:00-04:00,371.3349914550781,371.80999755859375,371.3349914550781,371.79998779296875
2026-08-03 15:25:00-04:00,371.79998779296875,371.92999267578125,371.7099914550781,371.7749938964844
2026-08-03 15:30:00-04:00,371.80999755859375,372.0350036621094,371.70001220703125,371.7900085449219
2026-08-03 15:35:00-04:00,371.7699890136719,371.94000244140625,371.7699890136719,371.8800048828125
2026-08-03 15:40:00-04:00,371.8800048828125,371.92999267578125,371.7514953613281,371.8599853515625
2026-08-03 15:45:00-04:00,371.8599853515625,372.0,371.7206115722656,371.92999267578125
2026-08-03 15:50:00-04:00,371.92999267578125,372.010009765625,371.82000732421875,371.8699951171875
2026-08-03 15:55:00-04:00,371.8599853515625,371.8699951171875,371.6300048828125,371.69000244140625
2026-08-04 09:30:00-04:00,374.1400146484375,374.7200012207031,373.9200134277344,374.6199951171875
2026-08-04 09:35:00-04:00,374.57000732421875,375.07000732421875,374.5199890136719,374.94000244140625
2026-08-04 09:40:00-04:00,374.989990234375,375.31500244140625,374.5799865722656,374.5799865722656
2026-08-04 09:45:00-04:00,374.56500244140625,375.5299987792969,374.4200134277344,375.3999938964844
2026-08-04 09:50:00-04:00,375.44000244140625,375.57000732421875,374.8605041503906,374.875
2026-08-04 09:55:00-04:00,374.8599853515625,374.8999938964844,374.54998779296875,374.6600036621094
2026-08-04 10:00:00-04:00,374.7099914550781,375.25,374.55999755859375,375.0199890136719
2026-08-04 10:05:00-04:00,375.010009765625,375.25,374.760009765625,375.1400146484375
2026-08-04 10:10:00-04:00,375.17999267578125,375.30999755859375,375.0299987792969,375.1700134277344
2026-08-04 10:15:00-04:00,375.17999267578125,375.3500061035156,374.44000244140625,374.5199890136719
2026-08-04 10:20:00-04:00,374.54998779296875,374.69000244140625,374.30999755859375,374.4200134277344
2026-08-04 10:25:00-04:00,374.4200134277344,374.8800048828125,374.375,374.6400146484375
2026-08-04 10:30:00-04:00,374.57000732421875,374.8500061035156,373.97900390625,373.97900390625
2026-08-04 10:35:00-04:00,374.04998779296875,374.6600036621094,373.7099914550781,374.1199951171875
2026-08-04 10:40:00-04:00,374.125,374.32000732421875,373.9599914550781,374.2200012207031
2026-08-04 10:45:00-04:00,374.1300048828125,374.3299865722656,374.05999755859375,374.2799987792969
2026-08-04 10:50:00-04:00,374.2749938964844,374.68798828125,374.2699890136719,374.6099853515625
2026-08-04 10:55:00-04:00,374.6499938964844,374.70001220703125,374.4200134277344,374.54998779296875
2026-08-04 11:00:00-04:00,374.5801086425781,374.6400146484375,374.3550109863281,374.4200134277344
2026-08-04 11:05:00-04:00,374.3879089355469,374.75,374.2449951171875,374.739990234375
2026-08-04 11:10:00-04:00,374.739990234375,374.79998779296875,374.55999755859375,374.6549987792969
2026-08-04 11:15:00-04:00,374.68780517578125,374.68780517578125,373.8999938964844,373.9400939941406
2026-08-04 11:20:00-04:00,373.9800109863281,374.04998779296875,373.7699890136719,373.8699951171875
2026-08-04 11:25:00-04:00,373.93499755859375,374.1099853515625,373.849609375,374.1099853515625
2026-08-04 11:30:00-04:00,374.07501220703125,374.260009765625,373.9599914550781,374.0350036621094
2026-08-04 11:35:00-04:00,374.01800537109375,374.9100036621094,373.94000244140625,374.5799865722656
2026-08-04 11:40:00-04:00,374.6099853515625,374.9200134277344,374.6000061035156,374.635009765625
2026-08-04 11:45:00-04:00,374.7099914550781,374.7699890136719,374.5400085449219,374.5799865722656
2026-08-04 11:50:00-04:00,374.6099853515625,374.989990234375,374.5899963378906,374.9460144042969
2026-08-04 11:55:00-04:00,374.94000244140625,375.0799865722656,374.80999755859375,374.92999267578125
2026-08-04 12:00:00-04:00,374.95001220703125,375.04998779296875,374.79998779296875,374.889892578125
2026-08-04 12:05:00-04:00,374.8599853515625,374.91790771484375,374.67999267578125,374.91790771484375
2026-08-04 12:10:00-04:00,374.8999938964844,374.95001220703125,374.6600036621094,374.739990234375
2026-08-04 12:15:00-04:00,374.7349853515625,374.79998779296875,374.57000732421875,374.60699462890625
2026-08-04 12:20:00-04:00,374.6099853515625,375.0400085449219,374.6099853515625,374.9549865722656
2026-08-04 12:25:00-04:00,374.94500732421875,375.17999267578125,374.8399963378906,374.9700012207031
2026-08-04 12:30:00-04:00,374.9599914550781,375.0400085449219,374.8999938964844,375.0
2026-08-04 12:35:00-04:00,374.9801025390625,375.010009765625,374.7300109863281,374.80999755859375
2026-08-04 12:40:00-04:00,374.80999755859375,375.1400146484375,374.7799987792969,375.1099853515625
2026-08-04 12:45:00-04:00,375.1300048828125,375.5,375.0899963378906,375.44000244140625
2026-08-04 12:50:00-04:00,375.44000244140625,375.5199890136719,375.2900085449219,375.2900085449219
2026-08-04 12:55:00-04:00,375.2799987792969,375.5199890136719,375.2200012207031,375.5
2026-08-04 13:00:00-04:00,375.489990234375,376.3500061035156,375.43499755859375,376.260009765625
2026-08-04 13:05:00-04:00,376.30999755859375,376.69000244140625,376.0799865722656,376.0899963378906
2026-08-04 13:10:00-04:00,376.02978515625,376.239990234375,375.9200134277344,376.1099853515625
2026-08-04 13:15:00-04:00,376.125,376.2049865722656,375.8399963378906,375.8800048828125
2026-08-04 13:20:00-04:00,375.9100036621094,376.1700134277344,375.8550109863281,376.0899963378906
2026-08-04 13:25:00-04:00,376.0799865722656,376.1400146484375,375.6300048828125,375.6400146484375
2026-08-04 13:30:00-04:00,375.6199951171875,375.6300048828125,375.35321044921875,375.5400085449219
2026-08-04 13:35:00-04:00,375.54998779296875,375.7300109863281,375.54998779296875,375.635009765625
2026-08-04 13:40:00-04:00,375.6400146484375,375.75,375.54998779296875,375.69500732421875
2026-08-04 13:45:00-04:00,375.6900939941406,375.79998779296875,375.54998779296875,375.55499267578125
2026-08-04 13:50:00-04:00,375.56988525390625,375.6000061035156,375.1700134277344,375.2250061035156
2026-08-04 13:55:00-04:00,375.17999267578125,375.29998779296875,374.8500061035156,374.8900146484375
2026-08-04 14:00:00-04:00,374.8399963378906,375.04998779296875,374.7449951171875,374.8900146484375
2026-08-04 14:05:00-04:00,374.95001220703125,375.0899963378906,374.94000244140625,375.0
2026-08-04 14:10:00-04:00,375.0400085449219,375.07000732421875,374.86370849609375,375.05999755859375
2026-08-04 14:15:00-04:00,375.0799865722656,375.0799865722656,374.8299865722656,374.8500061035156
2026-08-04 14:20:00-04:00,374.864990234375,375.1000061035156,374.8500061035156,374.95001220703125
2026-08-04 14:25:00-04:00,374.8699951171875,375.0,374.6400146484375,374.6600036621094
2026-08-04 14:30:00-04:00,374.6549987792969,374.75,374.4800109863281,374.4800109863281
2026-08-04 14:35:00-04:00,374.5,374.55999755859375,374.1099853515625,374.1400146484375
2026-08-04 14:40:00-04:00,374.1449890136719,374.25,373.8999938964844,373.9200134277344
2026-08-04 14:45:00-04:00,373.92999267578125,374.2799987792969,373.8135986328125,374.25
2026-08-04 14:50:00-04:00,374.239990234375,374.3299865722656,374.1499938964844,374.2349853515625
2026-08-04 14:55:00-04:00,374.2200012207031,374.3800048828125,374.19000244140625,374.2398986816406
2026-08-04 15:00:00-04:00,374.239990234375,374.4399108886719,374.1300048828125,374.30499267578125
2026-08-04 15:05:00-04:00,374.29998779296875,374.6499938964844,374.2900085449219,374.6400146484375
2026-08-04 15:10:00-04:00,374.6400146484375,374.6680908203125,374.4200134277344,374.4200134277344
2026-08-04 15:15:00-04:00,374.4599914550781,374.70001220703125,374.385009765625,374.6499938964844
2026-08-04 15:20:00-04:00,374.6400146484375,374.67498779296875,374.2799987792969,374.2900085449219
2026-08-04 15:25:00-04:00,374.2900085449219,374.3598937988281,374.1700134277344,374.2699890136719
2026-08-04 15:30:00-04:00,374.2550048828125,374.32000732421875,374.1600036621094,374.29998779296875
2026-08-04 15:35:00-04:00,374.32000732421875,374.3699951171875,374.2300109863281,374.3500061035156
2026-08-04 15:40:00-04:00,374.3599853515625,374.4849853515625,374.3299865722656,374.3900146484375
2026-08-04 15:45:00-04:00,374.4100036621094,374.489990234375,374.1814880371094,374.2799987792969
2026-08-04 15:50:00-04:00,374.2799987792969,374.2900085449219,373.95001220703125,373.9849853515625
2026-08-04 15:55:00-04:00,373.989990234375,374.19000244140625,373.8999938964844,374.1199951171875
2026-08-05 09:30:00-04:00,384.9599914550781,385.6099853515625,384.739990234375,385.44000244140625
2026-08-05 09:35:00-04:00,385.42999267578125,385.6700134277344,384.5199890136719,385.30999755859375
2026-08-05 09:40:00-04:00,385.32000732421875,385.6099853515625,385.0299987792969,385.0299987792969
2026-08-05 09:45:00-04:00,385.0899963378906,385.20989990234375,384.45001220703125,384.6650085449219
2026-08-05 09:50:00-04:00,384.67999267578125,385.3999938964844,384.32000732421875,385.3500061035156
2026-08-05 09:55:00-04:00,385.3399963378906,385.8999938964844,385.2900085449219,385.8349914550781
2026-08-05 10:00:00-04:00,385.80999755859375,386.29998779296875,385.5400085449219,386.25
2026-08-05 10:05:00-04:00,386.239990234375,387.9100036621094,386.239990234375,387.8599853515625
2026-08-05 10:10:00-04:00,387.8699951171875,388.489990234375,387.6400146484375,388.0249938964844
2026-08-05 10:15:00-04:00,388.010009765625,388.8699951171875,387.7699890136719,388.6700134277344
2026-08-05 10:20:00-04:00,388.6700134277344,388.8699951171875,388.1300048828125,388.239990234375
2026-08-05 10:25:00-04:00,388.25,389.04998779296875,388.2099914550781,388.7200012207031
2026-08-05 10:30:00-04:00,388.7200012207031,389.17498779296875,387.9700012207031,388.0950012207031
2026-08-05 10:35:00-04:00,388.1050109863281,388.4200134277344,387.900390625,388.2049865722656
2026-08-05 10:40:00-04:00,388.2300109863281,389.3900146484375,388.04998779296875,389.2499084472656
2026-08-05 10:45:00-04:00,389.2200012207031,389.6449890136719,389.07000732421875,389.6300048828125
2026-08-05 10:50:00-04:00,389.6300048828125,389.6499938964844,388.3399963378906,388.75
2026-08-05 10:55:00-04:00,388.7699890136719,389.489990234375,388.614990234375,389.3599853515625
2026-08-05 11:00:00-04:00,389.3399963378906,390.7699890136719,389.2200012207031,390.385009765625
2026-08-05 11:05:00-04:00,390.3800048828125,390.739990234375,390.0199890136719,390.4700012207031
2026-08-05 11:10:00-04:00,390.4200134277344,390.9150085449219,390.3900146484375,390.6199951171875
2026-08-05 11:15:00-04:00,390.6000061035156,390.6449890136719,389.87078857421875,390.54998779296875
2026-08-05 11:20:00-04:00,390.54998779296875,390.9700012207031,390.42999267578125,390.7799987792969
2026-08-05 11:25:00-04:00,390.7699890136719,391.239990234375,390.5299987792969,390.54998779296875
2026-08-05 11:30:00-04:00,390.5400085449219,390.7099914550781,390.2799987792969,390.3299865722656
2026-08-05 11:35:00-04:00,390.3299865722656,390.7799987792969,390.25,390.56500244140625
2026-08-05 11:40:00-04:00,390.54998779296875,390.56500244140625,390.1000061035156,390.3999938964844
2026-08-05 11:45:00-04:00,390.39990234375,390.3999938964844,389.79998779296875,389.8800048828125
2026-08-05 11:50:00-04:00,389.8699951171875,389.8999938964844,389.0400085449219,389.2300109863281
2026-08-05 11:55:00-04:00,389.239990234375,389.260009765625,388.2799987792969,388.32989501953125
2026-08-05 12:00:00-04:00,388.3500061035156,388.4599914550781,387.6300048828125,387.6650085449219
2026-08-05 12:05:00-04:00,387.6650085449219,388.54998779296875,387.56500244140625,388.53509521484375
2026-08-05 12:10:00-04:00,388.5299987792969,388.5899963378906,388.20001220703125,388.3999938964844
2026-08-05 12:15:00-04:00,388.45001220703125,388.6600036621094,388.2699890136719,388.364990234375
2026-08-05 12:20:00-04:00,388.3800048828125,388.989990234375,388.3676452636719,388.8399963378906
2026-08-05 12:25:00-04:00,388.8500061035156,389.1199951171875,388.8299865722656,389.07000732421875
2026-08-05 12:30:00-04:00,389.07000732421875,389.239990234375,388.8599853515625,389.0599060058594
2026-08-05 12:35:00-04:00,389.0199890136719,389.45001220703125,388.9800109863281,389.30999755859375
2026-08-05 12:40:00-04:00,389.32000732421875,389.57000732421875,389.239990234375,389.3699951171875
2026-08-05 12:45:00-04:00,389.3500061035156,389.4200134277344,388.8999938964844,389.1600036621094
2026-08-05 12:50:00-04:00,389.1449890136719,389.6099853515625,389.1300048828125,389.3349914550781
2026-08-05 12:55:00-04:00,389.3500061035156,389.3500061035156,388.7799987792969,389.1050109863281
2026-08-05 13:00:00-04:00,389.1300048828125,389.2200012207031,388.8500061035156,389.2200012207031
2026-08-05 13:05:00-04:00,389.2049865722656,389.30999755859375,389.0249938964844,389.04998779296875
2026-08-05 13:10:00-04:00,389.04998779296875,389.2799987792969,389.0249938964844,389.135009765625
2026-08-05 13:15:00-04:00,389.1099853515625,389.1099853515625,388.7699890136719,388.80999755859375
2026-08-05 13:20:00-04:00,388.80999755859375,388.9649963378906,388.6300048828125,388.9649963378906
2026-08-05 13:25:00-04:00,388.95001220703125,389.5799865722656,388.7300109863281,389.364990234375
2026-08-05 13:30:00-04:00,389.364990234375,389.70001220703125,389.05120849609375,389.70001220703125
2026-08-05 13:35:00-04:00,389.69000244140625,389.94000244140625,389.510009765625,389.885009765625
2026-08-05 13:40:00-04:00,389.8900146484375,389.9599914550781,389.67999267578125,389.7349853515625
2026-08-05 13:45:00-04:00,389.7200012207031,389.94000244140625,389.6400146484375,389.760009765625
2026-08-05 13:50:00-04:00,389.75,389.9200134277344,389.7300109863281,389.8450927734375
2026-08-05 13:55:00-04:00,389.8399963378906,390.1000061035156,389.8399963378906,389.9100036621094
2026-08-05 14:00:00-04:00,389.9100036621094,390.260009765625,389.82000732421875,390.1600036621094
2026-08-05 14:05:00-04:00,390.1499938964844,390.5400085449219,390.1499938964844,390.3900146484375
2026-08-05 14:10:00-04:00,390.4100036621094,390.55999755859375,390.1600036621094,390.1650085449219
2026-08-05 14:15:00-04:00,390.17999267578125,390.55999755859375,390.1549987792969,390.5150146484375
2026-08-05 14:20:00-04:00,390.5,391.510009765625,390.4800109863281,391.1099853515625
2026-08-05 14:25:00-04:00,391.1099853515625,391.2799987792969,390.94000244140625,391.04998779296875
2026-08-05 14:30:00-04:00,391.0400085449219,391.1099853515625,390.2850036621094,390.32000732421875
2026-08-05 14:35:00-04:00,390.3399963378906,390.6390075683594,390.3399963378906,390.55499267578125
2026-08-05 14:40:00-04:00,390.55499267578125,390.8399963378906,390.5299987792969,390.739990234375
2026-08-05 14:45:00-04:00,390.760009765625,390.95001220703125,390.6099853515625,390.70001220703125
2026-08-05 14:50:00-04:00,390.7099914550781,391.0199890136719,390.6700134277344,390.9700012207031
2026-08-05 14:55:00-04:00,390.9700012207031,391.1000061035156,390.840087890625,390.8900146484375
2026-08-05 15:00:00-04:00,390.8800048828125,390.9898986816406,390.7300109863281,390.9898986816406
2026-08-05 15:05:00-04:00,390.9801025390625,390.9801025390625,390.54998779296875,390.5899963378906
2026-08-05 15:10:00-04:00,390.57000732421875,390.69000244140625,390.4100036621094,390.6300048828125
2026-08-05 15:15:00-04:00,390.6099853515625,390.6099853515625,389.92498779296875,390.0199890136719
2026-08-05 15:20:00-04:00,390.0400085449219,390.3900146484375,389.9100036621094,390.3599853515625
2026-08-05 15:25:00-04:00,390.3500061035156,390.4200134277344,390.1099853515625,390.1300048828125
2026-08-05 15:30:00-04:00,390.1300048828125,390.239990234375,389.80999755859375,389.8299865722656
2026-08-05 15:35:00-04:00,389.82501220703125,389.9599914550781,389.67498779296875,389.8900146484375
2026-08-05 15:40:00-04:00,389.8900146484375,390.2099914550781,389.8900146484375,390.20001220703125
2026-08-05 15:45:00-04:00,390.17999267578125,390.2099914550781,389.67999267578125,389.7250061035156
2026-08-05 15:50:00-04:00,389.739990234375,389.8399963378906,389.6199951171875,389.7799987792969
2026-08-05 15:55:00-04:00,389.7900085449219,389.82000732421875,389.4800109863281,389.57000732421875
2026-08-06 09:30:00-04:00,389.5,390.0400085449219,389.42999267578125,389.8699951171875
2026-08-06 09:35:00-04:00,389.8299865722656,391.20001220703125,389.80999755859375,390.614990234375
2026-08-06 09:40:00-04:00,390.6099853515625,392.0198974609375,390.57000732421875,391.6650085449219
2026-08-06 09:45:00-04:00,391.6000061035156,391.6300048828125,390.9200134277344,391.0
2026-08-06 09:50:00-04:00,391.04998779296875,391.4200134277344,390.8900146484375,391.2499084472656
2026-08-06 09:55:00-04:00,391.25,391.54998779296875,391.19000244140625,391.30999755859375
2026-08-06 10:00:00-04:00,391.3500061035156,391.7099914550781,391.1499938964844,391.3599853515625
2026-08-06 10:05:00-04:00,391.3399963378906,391.75,391.0299987792969,391.1499938964844
2026-08-06 10:10:00-04:00,391.19000244140625,392.1000061035156,391.1600036621094,391.489990234375
2026-08-06 10:15:00-04:00,391.5,391.5199890136719,390.75,391.25
2026-08-06 10:20:00-04:00,391.25,391.375,390.8399963378906,390.8900146484375
2026-08-06 10:25:00-04:00,390.8999938964844,391.510009765625,390.70001220703125,391.2099914550781
2026-08-06 10:30:00-04:00,391.2099914550781,392.0,391.2099914550781,391.80999755859375
2026-08-06 10:35:00-04:00,391.80999755859375,392.1199951171875,391.625,391.6499938964844
2026-08-06 10:40:00-04:00,391.6300048828125,392.05999755859375,391.6099853515625,391.95001220703125
2026-08-06 10:45:00-04:00,391.94500732421875,392.0899963378906,391.1700134277344,391.2099914550781
2026-08-06 10:50:00-04:00,391.1700134277344,391.69000244140625,390.9649963378906,391.685791015625
2026-08-06 10:55:00-04:00,391.69000244140625,391.8699951171875,391.3450012207031,391.8599853515625
2026-08-06 11:00:00-04:00,391.8800048828125,391.9898986816406,391.4750061035156,391.6499938964844
2026-08-06 11:05:00-04:00,391.6300048828125,391.7300109863281,391.1099853515625,391.29998779296875
2026-08-06 11:10:00-04:00,391.2799987792969,391.44000244140625,390.79998779296875,391.0050048828125
2026-08-06 11:15:00-04:00,390.989990234375,391.010009765625,390.29998779296875,390.32000732421875
2026-08-06 11:20:00-04:00,390.3399963378906,390.4800109863281,389.80999755859375,390.18499755859375
2026-08-06 11:25:00-04:00,390.1600036621094,390.6000061035156,390.0299987792969,390.19000244140625
2026-08-06 11:30:00-04:00,390.2149963378906,390.2799987792969,389.70001220703125,389.7099914550781
2026-08-06 11:35:00-04:00,389.69000244140625,390.04998779296875,389.4599914550781,389.989990234375
2026-08-06 11:40:00-04:00,389.9800109863281,390.05999755859375,389.5799865722656,389.8699951171875
2026-08-06 11:45:00-04:00,389.8800048828125,389.8800048828125,389.5400085449219,389.54998779296875
2026-08-06 11:50:00-04:00,389.5,389.7300109863281,388.3299865722656,388.3500061035156
2026-08-06 11:55:00-04:00,388.29998779296875,388.5899963378906,387.7500915527344,388.2049865722656
2026-08-06 12:00:00-04:00,388.2200012207031,388.6400146484375,388.0799865722656,388.5801086425781
2026-08-06 12:05:00-04:00,388.6300048828125,389.1099853515625,388.5299987792969,388.9949951171875
2026-08-06 12:10:00-04:00,388.9599914550781,389.0299987792969,387.9800109863281,388.1499938964844
2026-08-06 12:15:00-04:00,388.1499938964844,388.16729736328125,387.3760986328125,387.6000061035156
2026-08-06 12:20:00-04:00,387.6000061035156,387.7099914550781,387.2799987792969,387.375
2026-08-06 12:25:00-04:00,387.3999938964844,387.92999267578125,387.2699890136719,387.8999938964844
2026-08-06 12:30:00-04:00,387.9200134277344,388.2099914550781,387.9200134277344,388.0899963378906
2026-08-06 12:35:00-04:00,388.1000061035156,388.42498779296875,388.07000732421875,388.375
2026-08-06 12:40:00-04:00,388.3699951171875,388.3699951171875,388.06500244140625,388.2082214355469
2026-08-06 12:45:00-04:00,388.239990234375,388.489990234375,388.06500244140625,388.4700012207031
2026-08-06 12:50:00-04:00,388.4800109863281,388.6449890136719,388.3900146484375,388.57501220703125
2026-08-06 12:55:00-04:00,388.55999755859375,389.0299987792969,388.55999755859375,388.92999267578125
2026-08-06 13:00:00-04:00,388.94000244140625,389.1400146484375,388.739990234375,388.94500732421875
2026-08-06 13:05:00-04:00,388.94500732421875,389.114990234375,388.8599853515625,389.07000732421875
2026-08-06 13:10:00-04:00,389.04998779296875,389.2298889160156,388.864501953125,388.8800048828125
2026-08-06 13:15:00-04:00,388.8999938964844,388.93499755859375,388.70001220703125,388.9049987792969
2026-08-06 13:20:00-04:00,388.92999267578125,389.0199890136719,388.6700134277344,388.760498046875
2026-08-06 13:25:00-04:00,388.79998779296875,389.0635070800781,388.75,388.9649963378906
2026-08-06 13:30:00-04:00,388.9200134277344,388.989990234375,388.70001220703125,388.8699951171875
2026-08-06 13:35:00-04:00,388.85009765625,389.1400146484375,388.681884765625,388.989990234375
2026-08-06 13:40:00-04:00,389.0,389.1000061035156,388.92999267578125,388.9737854003906
2026-08-06 13:45:00-04:00,388.9849853515625,389.04998779296875,388.8550109863281,388.9800109863281
2026-08-06 13:50:00-04:00,389.0249938964844,389.55999755859375,389.0199890136719,389.4700012207031
2026-08-06 13:55:00-04:00,389.4599914550781,389.55999755859375,389.32000732421875,389.510009765625
2026-08-06 14:00:00-04:00,389.5199890136719,389.53839111328125,389.2300109863281,389.385009765625
2026-08-06 14:05:00-04:00,389.385009765625,389.6700134277344,389.385009765625,389.6099853515625
2026-08-06 14:10:00-04:00,389.6099853515625,389.6700134277344,389.45001220703125,389.5199890136719
2026-08-06 14:15:00-04:00,389.510009765625,389.7099914550781,389.4200134277344,389.5899963378906
2026-08-06 14:20:00-04:00,389.57501220703125,389.760009765625,389.5105895996094,389.57000732421875
2026-08-06 14:25:00-04:00,389.5799865722656,389.6300048828125,389.42498779296875,389.470703125
2026-08-06 14:30:00-04:00,389.4800109863281,389.57000732421875,389.16009521484375,389.2200012207031
2026-08-06 14:35:00-04:00,389.20001220703125,389.2699890136719,389.0799865722656,389.1600036621094
2026-08-06 14:40:00-04:00,389.1400146484375,389.17999267578125,388.9100036621094,389.0
2026-08-06 14:45:00-04:00,389.010009765625,389.30999755859375,388.989990234375,389.2900085449219
2026-08-06 14:50:00-04:00,389.2799987792969,389.3800048828125,388.9905090332031,389.0050048828125
2026-08-06 14:55:00-04:00,389.010009765625,389.1549987792969,388.9100036621094,389.1400146484375
2026-08-06 15:00:00-04:00,389.1700134277344,389.6600036621094,389.1099853515625,389.614990234375
2026-08-06 15:05:00-04:00,389.6099853515625,389.6600036621094,389.489990234375,389.6600036621094
2026-08-06 15:10:00-04:00,389.6600036621094,389.8500061035156,389.4700012207031,389.4750061035156
2026-08-06 15:15:00-04:00,389.4800109863281,389.5899963378906,389.29998779296875,389.29998779296875
2026-08-06 15:20:00-04:00,389.30999755859375,389.4700012207031,388.79998779296875,388.80999755859375
2026-08-06 15:25:00-04:00,388.81500244140625,388.9798889160156,388.3699951171875,388.55999755859375
2026-08-06 15:30:00-04:00,388.54998779296875,388.67999267578125,388.3949890136719,388.6499938964844
2026-08-06 15:35:00-04:00,388.6549987792969,388.7650146484375,388.4800109863281,388.489990234375
2026-08-06 15:40:00-04:00,388.489990234375,388.5299987792969,388.1300048828125,388.29998779296875
2026-08-06 15:45:00-04:00,388.2900085449219,388.7300109863281,388.2900085449219,388.5799865722656
2026-08-06 15:50:00-04:00,388.5799865722656,389.8299865722656,388.57000732421875,389.4700012207031
2026-08-06 15:55:00-04:00,389.4700012207031,389.7200012207031,389.19000244140625,389.6499938964844
2026-08-07 09:30:00-04:00,399.5950012207031,399.95001220703125,399.1004943847656,399.3299865722656
2026-08-07 09:35:00-04:00,399.3299865722656,400.4599914550781,398.9200134277344,400.3599853515625
2026-08-07 09:40:00-04:00,400.3399963378906,400.6600036621094,399.7699890136719,399.7699890136719
2026-08-07 09:45:00-04:00,399.7699890136719,399.95001220703125,399.2113037109375,399.30999755859375
2026-08-07 09:50:00-04:00,399.3299865722656,399.79998779296875,399.2099914550781,399.45001220703125
2026-08-07 09:55:00-04:00,399.44000244140625,399.6400146484375,398.2900085449219,398.7900085449219
2026-08-07 10:00:00-04:00,398.80499267578125,398.8800048828125,397.5,397.5
2026-08-07 10:05:00-04:00,397.510009765625,397.9800109863281,397.25,397.95001220703125
2026-08-07 10:10:00-04:00,397.9200134277344,398.3299865722656,396.95001220703125,397.6199951171875
2026-08-07 10:15:00-04:00,397.6199951171875,398.79998779296875,397.260009765625,398.7049865722656
2026-08-07 10:20:00-04:00,398.69500732421875,399.2699890136719,398.4750061035156,399.20001220703125
2026-08-07 10:25:00-04:00,399.239990234375,399.3349914550781,398.8699951171875,398.9599914550781
2026-08-07 10:30:00-04:00,398.9800109863281,399.1000061035156,398.5,398.82000732421875
2026-08-07 10:35:00-04:00,398.8500061035156,398.9800109863281,398.3900146484375,398.44000244140625
2026-08-07 10:40:00-04:00,398.42999267578125,399.07000732421875,398.3550109863281,398.5400085449219
2026-08-07 10:45:00-04:00,398.55999755859375,398.75,398.1400146484375,398.3599853515625
2026-08-07 10:50:00-04:00,398.4100036621094,398.94000244140625,398.4100036621094,398.6000061035156
2026-08-07 10:55:00-04:00,398.6394958496094,398.70001220703125,398.1099853515625,398.25
2026-08-07 11:00:00-04:00,398.29998779296875,398.9200134277344,398.1300048828125,398.5400085449219
2026-08-07 11:05:00-04:00,398.5,399.3500061035156,398.489990234375,398.8599853515625
2026-08-07 11:10:00-04:00,398.8699951171875,399.5799865722656,398.7099914550781,399.489990234375
2026-08-07 11:15:00-04:00,399.5,399.6600036621094,399.23968505859375,399.468994140625
2026-08-07 11:20:00-04:00,399.44000244140625,399.760009765625,399.42010498046875,399.635009765625
2026-08-07 11:25:00-04:00,399.6210021972656,399.7300109863281,399.07000732421875,399.07000732421875
2026-08-07 11:30:00-04:00,399.1199951171875,399.2699890136719,398.7200012207031,398.94000244140625
2026-08-07 11:35:00-04:00,398.9800109863281,399.34991455078125,398.8900146484375,399.19000244140625
2026-08-07 11:40:00-04:00,399.19000244140625,399.29998779296875,398.8800048828125,398.9700012207031
2026-08-07 11:45:00-04:00,398.9800109863281,399.1744079589844,398.8599853515625,398.94000244140625
2026-08-07 11:50:00-04:00,398.9599914550781,399.0299987792969,398.05999755859375,398.3599853515625
2026-08-07 11:55:00-04:00,398.3399963378906,398.57000732421875,398.1700134277344,398.2099914550781
2026-08-07 12:00:00-04:00,398.2200012207031,398.42999267578125,397.9599914550781,398.4150085449219
2026-08-07 12:05:00-04:00,398.45001220703125,398.989990234375,398.42999267578125,398.7900085449219
2026-08-07 12:10:00-04:00,398.760009765625,398.8500061035156,398.4750061035156,398.79998779296875
2026-08-07 12:15:00-04:00,398.8075866699219,398.864990234375,398.3399963378906,398.3399963378906
2026-08-07 12:20:00-04:00,398.3299865722656,399.0199890136719,397.94000244140625,397.94000244140625
2026-08-07 12:25:00-04:00,397.9599914550781,397.9599914550781,397.6300048828125,397.9150085449219
2026-08-07 12:30:00-04:00,397.8999938964844,398.06500244140625,397.45001220703125,398.0400085449219
2026-08-07 12:35:00-04:00,398.05999755859375,398.32000732421875,397.79998779296875,398.125
2026-08-07 12:40:00-04:00,398.125,398.2200012207031,397.82000732421875,397.9700012207031
2026-08-07 12:45:00-04:00,397.9700012207031,398.32000732421875,397.70001220703125,397.9750061035156
2026-08-07 12:50:00-04:00,397.95001220703125,398.0400085449219,397.43499755859375,397.510009765625
2026-08-07 12:55:00-04:00,397.54998779296875,397.5899963378906,397.0899963378906,397.2099914550781
2026-08-07 13:00:00-04:00,397.1300048828125,397.70001220703125,397.0201110839844,397.67999267578125
2026-08-07 13:05:00-04:00,397.65008544921875,397.9800109863281,397.6499938964844,397.69000244140625
2026-08-07 13:10:00-04:00,397.739990234375,397.92498779296875,397.69000244140625,397.7200012207031
2026-08-07 13:15:00-04:00,397.7300109863281,397.80999755859375,397.57000732421875,397.7200012207031
2026-08-07 13:20:00-04:00,397.7300109863281,398.0799865722656,397.57000732421875,398.0
2026-08-07 13:25:00-04:00,397.989990234375,398.30499267578125,397.8500061035156,398.114990234375
2026-08-07 13:30:00-04:00,398.1000061035156,398.1300048828125,397.5799865722656,397.8299865722656
2026-08-07 13:35:00-04:00,397.82501220703125,397.84100341796875,397.2200012207031,397.66009521484375
2026-08-07 13:40:00-04:00,397.69000244140625,397.9800109863281,397.67999267578125,397.7799987792969
2026-08-07 13:45:00-04:00,397.7900085449219,397.9150085449219,397.69000244140625,397.8500061035156
2026-08-07 13:50:00-04:00,397.8699951171875,398.25,397.864990234375,398.2319030761719
2026-08-07 13:55:00-04:00,398.25,398.3999938964844,398.1199951171875,398.1650085449219
2026-08-07 14:00:00-04:00,398.1499938964844,398.239990234375,398.0400085449219,398.1199951171875
2026-08-07 14:05:00-04:00,398.1199951171875,398.3900146484375,398.1000061035156,398.2900085449219
2026-08-07 14:10:00-04:00,398.2850036621094,398.3299865722656,397.6400146484375,397.6449890136719
2026-08-07 14:15:00-04:00,397.67999267578125,397.94000244140625,397.6700134277344,397.7099914550781
2026-08-07 14:20:00-04:00,397.7149963378906,397.75,397.4100036621094,397.510009765625
2026-08-07 14:25:00-04:00,397.5299987792969,397.70001220703125,397.3999938964844,397.6000061035156
2026-08-07 14:30:00-04:00,397.6199951171875,397.885009765625,397.5299987792969,397.8299865722656
2026-08-07 14:35:00-04:00,397.8399963378906,398.0199890136719,397.79998779296875,397.8599853515625
2026-08-07 14:40:00-04:00,397.8299865722656,397.8800048828125,397.4800109863281,397.5849914550781
2026-08-07 14:45:00-04:00,397.5899963378906,397.8699951171875,397.57501220703125,397.78009033203125
2026-08-07 14:50:00-04:00,397.80999755859375,397.8699951171875,397.54998779296875,397.6698913574219
2026-08-07 14:55:00-04:00,397.67498779296875,397.7049865722656,397.4599914550781,397.69000244140625
2026-08-07 15:00:00-04:00,397.6700134277344,398.5400085449219,397.6700134277344,398.1199951171875
2026-08-07 15:05:00-04:00,398.1050109863281,398.6000061035156,398.1000061035156,398.5574035644531
2026-08-07 15:10:00-04:00,398.55999755859375,398.6600036621094,398.42999267578125,398.4632568359375
2026-08-07 15:15:00-04:00,398.4700012207031,399.0199890136719,398.3999938964844,398.79998779296875
2026-08-07 15:20:00-04:00,398.7900085449219,399.05999755859375,398.7900085449219,398.8999938964844
2026-08-07 15:25:00-04:00,398.8999938964844,398.95001220703125,398.7699890136719,398.8999938964844
2026-08-07 15:30:00-04:00,398.8800048828125,398.92999267578125,398.5799865722656,398.6210021972656
2026-08-07 15:35:00-04:00,398.635009765625,398.7799987792969,398.5199890136719,398.67999267578125
2026-08-07 15:40:00-04:00,398.67999267578125,398.8999938964844,398.54998779296875,398.8699951171875
2026-08-07 15:45:00-04:00,398.8590087890625,399.0,398.7699890136719,398.80999755859375
2026-08-07 15:50:00-04:00,398.80999755859375,399.0,398.3006896972656,398.3949890136719
2026-08-07 15:55:00-04:00,398.3999938964844,398.6499938964844,398.07000732421875,398.510009765625
2026-08-10 09:30:00-04:00,397.7139892578125,398.0199890136719,397.3800048828125,397.8349914550781
2026-08-10 09:35:00-04:00,397.81500244140625,398.1199951171875,397.7699890136719,397.94000244140625
2026-08-10 09:40:00-04:00,397.9700012207031,397.9700012207031,397.20001220703125,397.29998779296875
2026-08-10 09:45:00-04:00,397.2799987792969,397.3900146484375,396.739990234375,396.981201171875
2026-08-10 09:50:00-04:00,397.010009765625,397.0400085449219,396.360107421875,396.5899963378906
2026-08-10 09:55:00-04:00,396.57000732421875,396.7099914550781,395.92999267578125,396.07000732421875
2026-08-10 10:00:00-04:00,396.0799865722656,396.7699890136719,396.05010986328125,396.54998779296875
2026-08-10 10:05:00-04:00,396.55010986328125,396.82000732421875,396.3800048828125,396.625
2026-08-10 10:10:00-04:00,396.625,397.25,396.625,397.1449890136719
2026-08-10 10:15:00-04:00,397.1600036621094,397.7699890136719,396.989990234375,397.5799865722656
2026-08-10 10:20:00-04:00,397.5199890136719,398.1600036621094,397.3800048828125,397.9700012207031
2026-08-10 10:25:00-04:00,397.9700012207031,398.80999755859375,397.95001220703125,398.5899963378906
2026-08-10 10:30:00-04:00,398.5899963378906,399.1600036621094,398.57000732421875,398.760009765625
2026-08-10 10:35:00-04:00,398.768798828125,398.8900146484375,398.5137939453125,398.7099914550781
2026-08-10 10:40:00-04:00,398.7300109863281,399.0400085449219,398.67999267578125,398.989990234375
2026-08-10 10:45:00-04:00,398.9800109863281,399.0899963378906,398.67498779296875,398.79998779296875
2026-08-10 10:50:00-04:00,398.7799987792969,398.78619384765625,398.3599853515625,398.3900146484375
2026-08-10 10:55:00-04:00,398.3800048828125,398.6600036621094,398.3550109863281,398.62200927734375
2026-08-10 11:00:00-04:00,398.6600036621094,399.0,398.3800048828125,398.8500061035156
2026-08-10 11:05:00-04:00,398.8349914550781,399.239990234375,398.4200134277344,398.5799865722656
2026-08-10 11:10:00-04:00,398.5849914550781,398.80999755859375,398.4706115722656,398.80999755859375
2026-08-10 11:15:00-04:00,398.760009765625,399.2300109863281,398.6600036621094,399.0
2026-08-10 11:20:00-04:00,399.010009765625,399.25,398.95001220703125,398.9949951171875
2026-08-10 11:25:00-04:00,399.010009765625,399.19000244140625,398.7900085449219,398.94000244140625
2026-08-10 11:30:00-04:00,398.989990234375,399.19000244140625,398.80999755859375,398.8599853515625
2026-08-10 11:35:00-04:00,398.8599853515625,399.19000244140625,398.8550109863281,399.07000732421875
2026-08-10 11:40:00-04:00,399.07000732421875,399.17999267578125,398.9801025390625,399.07000732421875
2026-08-10 11:45:00-04:00,399.07000732421875,399.3699951171875,398.9200134277344,399.239990234375
2026-08-10 11:50:00-04:00,399.2699890136719,399.7300109863281,399.239990234375,399.6942138671875
2026-08-10 11:55:00-04:00,399.67999267578125,399.9200134277344,399.625,399.80999755859375
2026-08-10 12:00:00-04:00,399.8599853515625,400.32000732421875,399.760009765625,399.7799987792969
2026-08-10 12:05:00-04:00,399.7900085449219,400.2900085449219,399.69000244140625,400.2799987792969
2026-08-10 12:10:00-04:00,400.2900085449219,400.4100036621094,400.05999755859375,400.0909118652344
2026-08-10 12:15:00-04:00,400.1050109863281,400.2900085449219,400.07501220703125,400.09051513671875
2026-08-10 12:20:00-04:00,400.1099853515625,400.3800048828125,400.0899963378906,400.2799987792969
2026-08-10 12:25:00-04:00,400.29998779296875,400.3999938964844,400.1099853515625,400.2099914550781
2026-08-10 12:30:00-04:00,400.2300109863281,400.239990234375,398.8999938964844,399.54998779296875
2026-08-10 12:35:00-04:00,399.6098937988281,399.84991455078125,399.4700012207031,399.5249938964844
2026-08-10 12:40:00-04:00,399.54998779296875,399.6300048828125,399.1199951171875,399.20001220703125
2026-08-10 12:45:00-04:00,399.18798828125,399.489990234375,399.17999267578125,399.3399963378906
2026-08-10 12:50:00-04:00,399.3598937988281,399.4198913574219,399.239990234375,399.375
2026-08-10 12:55:00-04:00,399.3699951171875,399.67999267578125,399.2200012207031,399.67999267578125
2026-08-10 13:00:00-04:00,399.70001220703125,399.75,399.44000244140625,399.4599914550781
2026-08-10 13:05:00-04:00,399.44000244140625,399.7099914550781,399.20001220703125,399.5400085449219
2026-08-10 13:10:00-04:00,399.5899963378906,399.80999755859375,399.5400085449219,399.7157897949219
2026-08-10 13:15:00-04:00,399.69500732421875,399.7900085449219,399.6300048828125,399.7099914550781
2026-08-10 13:20:00-04:00,399.7200012207031,400.0,399.7099914550781,399.9599914550781
2026-08-10 13:25:00-04:00,399.95001220703125,400.05999755859375,399.8299865722656,400.05999755859375
2026-08-10 13:30:00-04:00,400.05999755859375,400.20001220703125,399.9200134277344,400.1499938964844
2026-08-10 13:35:00-04:00,400.1499938964844,400.4700012207031,400.1400146484375,400.32000732421875
2026-08-10 13:40:00-04:00,400.3349914550781,400.3399963378906,399.9200134277344,400.0
2026-08-10 13:45:00-04:00,399.989990234375,400.07000732421875,399.760009765625,400.0249938964844
2026-08-10 13:50:00-04:00,400.010009765625,400.0899963378906,399.8611145019531,399.8699951171875
2026-08-10 13:55:00-04:00,399.885009765625,400.010009765625,399.75,400.0050048828125
2026-08-10 14:00:00-04:00,400.010009765625,400.3699951171875,399.94000244140625,400.3299865722656
2026-08-10 14:05:00-04:00,400.3299865722656,400.4700012207031,400.260009765625,400.3299865722656
2026-08-10 14:10:00-04:00,400.3299865722656,400.3900146484375,400.2300109863281,400.260009765625
2026-08-10 14:15:00-04:00,400.260009765625,400.3699951171875,400.1300964355469,400.2650146484375
2026-08-10 14:20:00-04:00,400.239990234375,400.4100036621094,400.17999267578125,400.3800048828125
2026-08-10 14:25:00-04:00,400.3949890136719,400.6199035644531,400.3900146484375,400.510009765625
2026-08-10 14:30:00-04:00,400.5098876953125,401.8500061035156,400.4501037597656,401.7550048828125
2026-08-10 14:35:00-04:00,401.7200012207031,401.95001220703125,401.5589904785156,401.92498779296875
2026-08-10 14:40:00-04:00,401.9299011230469,402.1099853515625,401.7699890136719,401.7699890136719
2026-08-10 14:45:00-04:00,401.7749938964844,401.7799987792969,401.2012939453125,401.5249938964844
2026-08-10 14:50:00-04:00,401.5199890136719,401.7300109863281,401.3500061035156,401.5299987792969
2026-08-10 14:55:00-04:00,401.5299987792969,401.739990234375,401.4700012207031,401.67999267578125
2026-08-10 15:00:00-04:00,401.7200012207031,401.92999267578125,401.6708068847656,401.82000732421875
2026-08-10 15:05:00-04:00,401.79998779296875,402.0799865722656,401.7900085449219,401.9800109863281
2026-08-10 15:10:00-04:00,402.010009765625,402.0950012207031,401.8503112792969,402.0299987792969
2026-08-10 15:15:00-04:00,402.010009765625,402.1199951171875,401.9100036621094,402.07000732421875
2026-08-10 15:20:00-04:00,402.05999755859375,402.5799865722656,402.0400085449219,402.44000244140625
2026-08-10 15:25:00-04:00,402.42999267578125,402.8900146484375,402.3500061035156,402.81988525390625
2026-08-10 15:30:00-04:00,402.8299865722656,403.1099853515625,402.385009765625,402.4700012207031
2026-08-10 15:35:00-04:00,402.4700012207031,402.6300048828125,402.2200012207031,402.5450134277344
2026-08-10 15:40:00-04:00,402.5899963378906,402.79998779296875,402.4599914550781,402.57989501953125
2026-08-10 15:45:00-04:00,402.57000732421875,403.20001220703125,402.4700012207031,403.14990234375
2026-08-10 15:50:00-04:00,403.1199951171875,403.239990234375,402.8500061035156,402.989990234375
2026-08-10 15:55:00-04:00,402.9700012207031,403.0,402.4200134277344,402.55999755859375
2026-08-11 09:30:00-04:00,403.44000244140625,403.5899963378906,402.6499938964844,402.8900146484375
2026-08-11 09:35:00-04:00,402.8699951171875,403.6000061035156,402.5199890136719,403.57000732421875
2026-08-11 09:40:00-04:00,403.6000061035156,403.7749938964844,403.45001220703125,403.6000061035156
2026-08-11 09:45:00-04:00,403.6099853515625,404.0299987792969,402.9018859863281,403.1000061035156
2026-08-11 09:50:00-04:00,403.0899963378906,403.2799987792969,402.1199951171875,402.3800048828125
2026-08-11 09:55:00-04:00,402.3599853515625,403.07000732421875,402.3550109863281,402.55999755859375
2026-08-11 10:00:00-04:00,402.5450134277344,402.6499938964844,401.8349914550781,402.2200012207031
2026-08-11 10:05:00-04:00,402.2349853515625,402.3999938964844,401.989990234375,402.1799011230469
2026-08-11 10:10:00-04:00,402.17999267578125,402.3999938964844,402.0,402.3949890136719
2026-08-11 10:15:00-04:00,402.3949890136719,402.69000244140625,402.06500244140625,402.29998779296875
2026-08-11 10:20:00-04:00,402.3299865722656,402.6499938964844,401.95001220703125,402.20001220703125
2026-08-11 10:25:00-04:00,402.1700134277344,402.4800109863281,401.9501037597656,402.12799072265625
2026-08-11 10:30:00-04:00,402.1199951171875,402.75,402.1199951171875,402.7200012207031
2026-08-11 10:35:00-04:00,402.7099914550781,402.9700012207031,402.6300048828125,402.8500061035156
2026-08-11 10:40:00-04:00,402.885009765625,403.17999267578125,402.760009765625,403.0299987792969
2026-08-11 10:45:00-04:00,403.010009765625,403.2200012207031,402.92999267578125,403.0299987792969
2026-08-11 10:50:00-04:00,403.0249938964844,403.20001220703125,402.8900146484375,403.17999267578125
2026-08-11 10:55:00-04:00,403.17999267578125,403.44000244140625,402.9800109863281,403.07501220703125
2026-08-11 11:00:00-04:00,403.0799865722656,403.4888000488281,402.9599914550781,403.2998962402344
2026-08-11 11:05:00-04:00,403.32000732421875,403.3500061035156,402.69000244140625,402.8500061035156
2026-08-11 11:10:00-04:00,402.760009765625,403.25,402.6600036621094,402.8869934082031
2026-08-11 11:15:00-04:00,402.8349914550781,402.8550109863281,401.9200134277344,402.3399963378906
2026-08-11 11:20:00-04:00,402.3599853515625,402.6700134277344,402.0700988769531,402.1300048828125
2026-08-11 11:25:00-04:00,402.1300048828125,402.5,401.9700012207031,402.364990234375
2026-08-11 11:30:00-04:00,402.4049987792969,402.4200134277344,401.44000244140625,401.5199890136719
2026-08-11 11:35:00-04:00,401.5799865722656,401.67999267578125,400.9700012207031,400.9700012207031
2026-08-11 11:40:00-04:00,400.95001220703125,401.3900146484375,400.7300109863281,401.3900146484375
2026-08-11 11:45:00-04:00,401.3800048828125,401.6199951171875,401.2799987792969,401.43499755859375
2026-08-11 11:50:00-04:00,401.4049987792969,401.82000732421875,401.375,401.79998779296875
2026-08-11 11:55:00-04:00,401.80999755859375,402.1199951171875,401.739990234375,402.1199035644531
2026-08-11 12:00:00-04:00,402.1199951171875,402.20001220703125,401.80999755859375,401.80999755859375
2026-08-11 12:05:00-04:00,401.82000732421875,401.8999938964844,401.6549987792969,401.75
2026-08-11 12:10:00-04:00,401.7799987792969,401.885009765625,401.6549987792969,401.70001220703125
2026-08-11 12:15:00-04:00,401.7200012207031,401.8599853515625,401.6099853515625,401.6263122558594
2026-08-11 12:20:00-04:00,401.6300048828125,402.010009765625,401.6099853515625,401.8900146484375
2026-08-11 12:25:00-04:00,401.8999938964844,402.0694885253906,401.80999755859375,402.04998779296875
2026-08-11 12:30:00-04:00,402.0101013183594,402.0231018066406,401.7300109863281,401.9700012207031
2026-08-11 12:35:00-04:00,402.0,402.2200012207031,401.9800109863281,402.1300048828125
2026-08-11 12:40:00-04:00,402.1499938964844,402.30999755859375,402.05499267578125,402.239990234375
2026-08-11 12:45:00-04:00,402.239990234375,402.2900085449219,401.9800109863281,402.04998779296875
2026-08-11 12:50:00-04:00,402.04998779296875,402.06500244140625,401.8800048828125,401.9599914550781
2026-08-11 12:55:00-04:00,401.9548034667969,402.2200012207031,401.9548034667969,402.0899963378906
2026-08-11 13:00:00-04:00,402.1000061035156,402.25,401.989990234375,402.1199951171875
2026-08-11 13:05:00-04:00,402.07000732421875,402.260009765625,401.9200134277344,402.1549987792969
2026-08-11 13:10:00-04:00,402.1400146484375,402.2099914550781,401.8800048828125,401.8900146484375
2026-08-11 13:15:00-04:00,401.8599853515625,402.1099853515625,401.7799987792969,402.05999755859375
2026-08-11 13:20:00-04:00,402.04998779296875,402.1600036621094,401.7699890136719,401.8599853515625
2026-08-11 13:25:00-04:00,401.8599853515625,402.07000732421875,401.6700134277344,401.8999938964844
2026-08-11 13:30:00-04:00,401.9200134277344,401.92999267578125,401.3900146484375,401.44000244140625
2026-08-11 13:35:00-04:00,401.44000244140625,401.5,401.260009765625,401.4410095214844
2026-08-11 13:40:00-04:00,401.4599914550781,401.5799865722656,401.3999938964844,401.4100036621094
2026-08-11 13:45:00-04:00,401.40008544921875,401.5,401.2749938964844,401.4200134277344
2026-08-11 13:50:00-04:00,401.4200134277344,401.44500732421875,401.0899963378906,401.0899963378906
2026-08-11 13:55:00-04:00,401.1000061035156,401.1300048828125,400.70001220703125,400.739990234375
2026-08-11 14:00:00-04:00,400.7300109863281,400.760009765625,400.2200012207031,400.3699951171875
2026-08-11 14:05:00-04:00,400.3599853515625,400.5199890136719,399.9800109863281,400.0375061035156
2026-08-11 14:10:00-04:00,400.05999755859375,400.2799987792969,399.8900146484375,400.2699890136719
2026-08-11 14:15:00-04:00,400.2300109863281,400.55999755859375,400.2200012207031,400.4800109863281
2026-08-11 14:20:00-04:00,400.4700012207031,400.4700012207031,400.0899963378906,400.2950134277344
2026-08-11 14:25:00-04:00,400.30999755859375,400.3949890136719,399.9599914550781,400.0199890136719
2026-08-11 14:30:00-04:00,400.05499267578125,400.6400146484375,399.9801025390625,400.5899963378906
2026-08-11 14:35:00-04:00,400.614990234375,400.95989990234375,400.6000061035156,400.90008544921875
2026-08-11 14:40:00-04:00,400.885009765625,401.0,400.7099914550781,400.94989013671875
2026-08-11 14:45:00-04:00,400.94049072265625,401.0899963378906,400.9100036621094,400.9849853515625
2026-08-11 14:50:00-04:00,400.989990234375,401.07000732421875,400.9700012207031,401.0400085449219
2026-08-11 14:55:00-04:00,401.0199890136719,401.0494079589844,400.8599853515625,400.989990234375
2026-08-11 15:00:00-04:00,401.0,401.0249938964844,400.54998779296875,400.54998779296875
2026-08-11 15:05:00-04:00,400.5400085449219,400.5400085449219,400.20001220703125,400.30999755859375
2026-08-11 15:10:00-04:00,400.30999755859375,400.54998779296875,400.2200012207031,400.2449951171875
2026-08-11 15:15:00-04:00,400.2449951171875,400.3252868652344,400.0199890136719,400.1600036621094
2026-08-11 15:20:00-04:00,400.1449890136719,400.7099914550781,400.1099853515625,400.70001220703125
2026-08-11 15:25:00-04:00,400.6700134277344,400.8900146484375,400.510009765625,400.8489990234375
2026-08-11 15:30:00-04:00,400.8599853515625,401.20001220703125,400.8500061035156,400.94000244140625
2026-08-11 15:35:00-04:00,400.94000244140625,400.9599914550781,400.67999267578125,400.8699951171875
2026-08-11 15:40:00-04:00,400.8699951171875,400.88720703125,400.4599914550781,400.6099853515625
2026-08-11 15:45:00-04:00,400.6300048828125,400.8999938964844,400.510009765625,400.8599853515625
2026-08-11 15:50:00-04:00,400.80999755859375,400.9100036621094,400.4599914550781,400.80999755859375
2026-08-11 15:55:00-04:00,400.79998779296875,401.19000244140625,400.7900085449219,400.9800109863281
2026-08-12 09:30:00-04:00,405.30999755859375,405.57000732421875,404.7699890136719,404.94000244140625
2026-08-12 09:35:00-04:00,404.8703918457031,405.45880126953125,404.5285949707031,404.6700134277344
2026-08-12 09:40:00-04:00,404.6600036621094,405.4800109863281,404.3999938964844,405.1600036621094
2026-08-12 09:45:00-04:00,405.1435852050781,406.2099914550781,405.07000732421875,406.114990234375
2026-08-12 09:50:00-04:00,406.2099914550781,406.760009765625,406.010009765625,406.6300048828125
2026-08-12 09:55:00-04:00,406.6000061035156,406.6300048828125,406.07000732421875,406.1549987792969
2026-08-12 10:00:00-04:00,406.1499938964844,406.2349853515625,405.5400085449219,406.0747985839844
2026-08-12 10:05:00-04:00,406.06500244140625,406.4100036621094,406.0400085449219,406.3599853515625
2026-08-12 10:10:00-04:00,406.3399963378906,406.8299865722656,406.32000732421875,406.5350036621094
2026-08-12 10:15:00-04:00,406.5199890136719,407.0799865722656,406.3500061035156,406.9798889160156
2026-08-12 10:20:00-04:00,406.9800109863281,407.2799987792969,406.739990234375,406.9700012207031
2026-08-12 10:25:00-04:00,406.989990234375,407.05999755859375,406.3999938964844,406.4849853515625
2026-08-12 10:30:00-04:00,406.5,406.9222106933594,405.3299865722656,405.45001220703125
2026-08-12 10:35:00-04:00,405.4599914550781,405.7049865722656,405.07000732421875,405.2699890136719
2026-08-12 10:40:00-04:00,405.2099914550781,405.9200134277344,405.19000244140625,405.8999938964844
2026-08-12 10:45:00-04:00,405.864990234375,407.3599853515625,405.5,405.7200012207031
2026-08-12 10:50:00-04:00,405.635009765625,405.9200134277344,405.1424865722656,405.7349853515625
2026-08-12 10:55:00-04:00,405.760009765625,405.8500061035156,405.3599853515625,405.67999267578125
2026-08-12 11:00:00-04:00,405.69500732421875,405.79998779296875,405.07000732421875,405.1449890136719
2026-08-12 11:05:00-04:00,405.135986328125,405.7300109863281,405.0,405.5400085449219
2026-08-12 11:10:00-04:00,405.5799865722656,406.3299865722656,405.53009033203125,406.010009765625
2026-08-12 11:15:00-04:00,406.010009765625,406.0450134277344,405.6000061035156,405.760009765625
2026-08-12 11:20:00-04:00,405.80499267578125,406.1400146484375,405.7799987792969,405.9700012207031
2026-08-12 11:25:00-04:00,405.9599914550781,405.9599914550781,405.3999938964844,405.55999755859375
2026-08-12 11:30:00-04:00,405.5899963378906,405.9100036621094,405.2799987792969,405.3299865722656
2026-08-12 11:35:00-04:00,405.3349914550781,405.510009765625,405.0899963378906,405.489990234375
2026-08-12 11:40:00-04:00,405.5098876953125,405.5899963378906,405.17010498046875,405.25
2026-08-12 11:45:00-04:00,405.260009765625,405.2900085449219,404.9200134277344,405.05999755859375
2026-08-12 11:50:00-04:00,405.07000732421875,405.1499938964844,404.6099853515625,405.1400146484375
2026-08-12 11:55:00-04:00,405.1300048828125,405.6700134277344,405.1199951171875,405.56500244140625
2026-08-12 12:00:00-04:00,405.55999755859375,405.9800109863281,405.29998779296875,405.4700927734375
2026-08-12 12:05:00-04:00,405.4849853515625,405.6400146484375,405.2699890136719,405.375
2026-08-12 12:10:00-04:00,405.3949890136719,405.7900085449219,405.17999267578125,405.739990234375
2026-08-12 12:15:00-04:00,405.739990234375,405.9800109863281,405.6400146484375,405.8900146484375
2026-08-12 12:20:00-04:00,405.92498779296875,405.9800109863281,405.739990234375,405.95001220703125
2026-08-12 12:25:00-04:00,405.95001220703125,405.9700012207031,405.614990234375,405.69000244140625
2026-08-12 12:30:00-04:00,405.69000244140625,405.739990234375,404.760009765625,404.760009765625
2026-08-12 12:35:00-04:00,404.7349853515625,405.0199890136719,404.6400146484375,404.8399963378906
2026-08-12 12:40:00-04:00,404.8500061035156,405.0,404.42999267578125,404.56201171875
2026-08-12 12:45:00-04:00,404.54998779296875,404.6099853515625,403.760009765625,403.7799987792969
2026-08-12 12:50:00-04:00,403.7900085449219,404.0950012207031,403.7200012207031,404.0400085449219
2026-08-12 12:55:00-04:00,403.9800109863281,404.010009765625,403.239990234375,403.7099914550781
2026-08-12 13:00:00-04:00,403.739990234375,404.04998779296875,403.5400085449219,403.8299865722656
2026-08-12 13:05:00-04:00,403.8299865722656,404.239990234375,403.7850036621094,404.1549987792969
2026-08-12 13:10:00-04:00,404.1400146484375,404.1600036621094,403.8299865722656,403.8800048828125
2026-08-12 13:15:00-04:00,403.8900146484375,403.9473876953125,403.7099914550781,403.82000732421875
2026-08-12 13:20:00-04:00,403.8399963378906,404.42498779296875,403.79998779296875,404.2300109863281
2026-08-12 13:25:00-04:00,404.239990234375,404.3800048828125,404.0249938964844,404.1600036621094
2026-08-12 13:30:00-04:00,404.1700134277344,404.55999755859375,404.1400146484375,404.5400085449219
2026-08-12 13:35:00-04:00,404.5299987792969,404.6499938964844,404.0199890136719,404.1099853515625
2026-08-12 13:40:00-04:00,404.0880126953125,404.0880126953125,403.7200012207031,403.760009765625
2026-08-12 13:45:00-04:00,403.75,403.9435119628906,403.6700134277344,403.880615234375
2026-08-12 13:50:00-04:00,403.8699035644531,404.0799865722656,403.54998779296875,403.5889892578125
2026-08-12 13:55:00-04:00,403.6000061035156,403.7300109863281,403.489990234375,403.5150146484375
2026-08-12 14:00:00-04:00,403.5,403.510009765625,403.2200012207031,403.489990234375
2026-08-12 14:05:00-04:00,403.4800109863281,403.9512023925781,403.44000244140625,403.95001220703125
2026-08-12 14:10:00-04:00,403.9649963378906,404.1600036621094,403.9649963378906,404.1099853515625
2026-08-12 14:15:00-04:00,404.1099853515625,404.32000732421875,404.01971435546875,404.32000732421875
2026-08-12 14:20:00-04:00,404.3299865722656,404.5400085449219,404.24530029296875,404.5400085449219
2026-08-12 14:25:00-04:00,404.5400085449219,404.6099853515625,404.28448486328125,404.3800048828125
2026-08-12 14:30:00-04:00,404.3699951171875,404.79998779296875,404.3349914550781,404.7349853515625
2026-08-12 14:35:00-04:00,404.739990234375,404.7799987792969,404.57000732421875,404.6300048828125
2026-08-12 14:40:00-04:00,404.6199951171875,404.8594055175781,404.5799865722656,404.8399963378906
2026-08-12 14:45:00-04:00,404.8599853515625,405.239990234375,404.8500061035156,405.1499938964844
2026-08-12 14:50:00-04:00,405.1600036621094,405.1600036621094,404.7900085449219,404.82501220703125
2026-08-12 14:55:00-04:00,404.82000732421875,404.8699951171875,404.7550048828125,404.7799987792969
2026-08-12 15:00:00-04:00,404.7900085449219,405.1549987792969,404.75,405.1499938964844
2026-08-12 15:05:00-04:00,405.1199951171875,405.2799987792969,404.9700012207031,405.0450134277344
2026-08-12 15:10:00-04:00,405.0450134277344,405.1600036621094,405.0199890136719,405.0899963378906
2026-08-12 15:15:00-04:00,405.0849914550781,405.25,405.0849914550781,405.2049865722656
2026-08-12 15:20:00-04:00,405.17999267578125,405.2250061035156,405.0849914550781,405.1300048828125
2026-08-12 15:25:00-04:00,405.1099853515625,405.194091796875,405.0400085449219,405.1499938964844
2026-08-12 15:30:00-04:00,405.1600036621094,405.1600036621094,404.79998779296875,404.8399963378906
2026-08-12 15:35:00-04:00,404.8399963378906,404.8999938964844,404.6199951171875,404.6600036621094
2026-08-12 15:40:00-04:00,404.6700134277344,404.79998779296875,404.6300048828125,404.7900085449219
2026-08-12 15:45:00-04:00,404.7799987792969,404.82000732421875,404.29998779296875,404.45001220703125
2026-08-12 15:50:00-04:00,404.4599914550781,404.82000732421875,404.42999267578125,404.6199951171875
2026-08-12 15:55:00-04:00,404.6400146484375,404.9100036621094,404.5849914550781,404.8800048828125
2026-08-13 09:30:00-04:00,402.1700134277344,402.5799865722656,401.4100036621094,401.5
2026-08-13 09:35:00-04:00,401.5199890136719,401.8800048828125,401.2099914550781,401.8800048828125
2026-08-13 09:40:00-04:00,401.8699951171875,402.0199890136719,401.3399963378906,401.625
2026-08-13 09:45:00-04:00,401.57000732421875,401.8800048828125,401.260009765625,401.3999938964844
2026-08-13 09:50:00-04:00,401.3999938964844,401.4898986816406,400.79998779296875,401.2799987792969
2026-08-13 09:55:00-04:00,401.30999755859375,401.5350036621094,400.8999938964844,400.94000244140625
2026-08-13 10:00:00-04:00,400.9800109863281,401.510009765625,400.7349853515625,400.9800109863281
2026-08-13 10:05:00-04:00,401.0199890136719,401.5,400.5,400.6499938964844
2026-08-13 10:10:00-04:00,400.6499938964844,400.8599853515625,400.3900146484375,400.75
2026-08-13 10:15:00-04:00,400.7900085449219,401.42999267578125,400.6099853515625,401.19000244140625
2026-08-13 10:20:00-04:00,401.19000244140625,401.4200134277344,400.7699890136719,401.0799865722656
2026-08-13 10:25:00-04:00,401.1400146484375,401.260009765625,400.45001220703125,400.4949951171875
2026-08-13 10:30:00-04:00,400.4800109863281,401.2799987792969,399.1600036621094,401.1499938964844
2026-08-13 10:35:00-04:00,401.1700134277344,401.44000244140625,400.92999267578125,401.3901062011719
2026-08-13 10:40:00-04:00,401.3562927246094,401.7799987792969,401.32000732421875,401.739990234375
2026-08-13 10:45:00-04:00,401.7149963378906,402.2749938964844,401.70001220703125,402.1000061035156
2026-08-13 10:50:00-04:00,402.114990234375,402.30999755859375,401.8900146484375,402.0498962402344
2026-08-13 10:55:00-04:00,402.05999755859375,402.2699890136719,401.9700012207031,402.0050048828125
2026-08-13 11:00:00-04:00,402.010009765625,402.1700134277344,401.4599914550781,401.4700012207031
2026-08-13 11:05:00-04:00,401.4649963378906,401.4800109863281,400.6499938964844,400.8800048828125
2026-08-13 11:10:00-04:00,400.8699951171875,400.93499755859375,400.6199951171875,400.69500732421875
2026-08-13 11:15:00-04:00,400.67999267578125,400.75,400.1600036621094,400.5299987792969
2026-08-13 11:20:00-04:00,400.52508544921875,400.94000244140625,400.3999938964844,400.8900146484375
2026-08-13 11:25:00-04:00,400.8800048828125,401.1000061035156,400.20001220703125,400.2937927246094
2026-08-13 11:30:00-04:00,400.3337097167969,400.3337097167969,399.55999755859375,399.8399963378906
2026-08-13 11:35:00-04:00,399.8699951171875,400.8599853515625,399.8399963378906,400.65008544921875
2026-08-13 11:40:00-04:00,400.6400146484375,400.8699951171875,400.56500244140625,400.614990234375
2026-08-13 11:45:00-04:00,400.6099853515625,400.80999755859375,400.6000061035156,400.6560974121094
2026-08-13 11:50:00-04:00,400.6499938964844,400.7049865722656,400.32000732421875,400.3399963378906
2026-08-13 11:55:00-04:00,400.3500061035156,400.5299072265625,400.1199951171875,400.2900085449219
2026-08-13 12:00:00-04:00,400.28509521484375,400.4800109863281,400.0400085449219,400.1449890136719
2026-08-13 12:05:00-04:00,400.05999755859375,400.1000061035156,399.6499938964844,399.6700134277344
2026-08-13 12:10:00-04:00,399.6600036621094,399.8500061035156,399.2506103515625,399.3699951171875
2026-08-13 12:15:00-04:00,399.3699951171875,399.3699951171875,398.95001220703125,399.010009765625
2026-08-13 12:20:00-04:00,399.0299987792969,399.6300048828125,398.9800109863281,399.6300048828125
2026-08-13 12:25:00-04:00,399.6199951171875,400.04998779296875,399.489990234375,400.010009765625
2026-08-13 12:30:00-04:00,400.010986328125,400.3800048828125,400.010986328125,400.3800048828125
2026-08-13 12:35:00-04:00,400.3900146484375,400.4100036621094,400.1000061035156,400.1700134277344
2026-08-13 12:40:00-04:00,400.1650085449219,400.44000244140625,400.1199951171875,400.31500244140625
2026-08-13 12:45:00-04:00,400.3500061035156,400.4700012207031,400.30999755859375,400.3399963378906
2026-08-13 12:50:00-04:00,400.3599853515625,400.3800048828125,400.1700134277344,400.2699890136719
2026-08-13 12:55:00-04:00,400.2900085449219,400.55999755859375,400.2650146484375,400.3999938964844
2026-08-13 13:00:00-04:00,400.42999267578125,400.63153076171875,400.260009765625,400.3699951171875
2026-08-13 13:05:00-04:00,400.3699951171875,400.9649963378906,400.3699951171875,400.8999938964844
2026-08-13 13:10:00-04:00,400.9200134277344,401.0199890136719,400.86639404296875,400.86639404296875
2026-08-13 13:15:00-04:00,400.8699951171875,400.8999938964844,400.3900146484375,400.4849853515625
2026-08-13 13:20:00-04:00,400.5,400.6449890136719,400.44000244140625,400.5400085449219
2026-08-13 13:25:00-04:00,400.5899963378906,400.6050109863281,400.0299987792969,400.0899963378906
2026-08-13 13:30:00-04:00,400.1300048828125,400.19000244140625,399.7900085449219,399.9049987792969
2026-08-13 13:35:00-04:00,399.8699951171875,400.0299987792969,399.79998779296875,399.9092102050781
2026-08-13 13:40:00-04:00,399.92999267578125,400.0,399.44000244140625,399.5461120605469
2026-08-13 13:45:00-04:00,399.57000732421875,399.79998779296875,399.54998779296875,399.75
2026-08-13 13:50:00-04:00,399.739990234375,399.8299865722656,399.5400085449219,399.6300048828125
2026-08-13 13:55:00-04:00,399.5799865722656,399.63470458984375,399.4100036621094,399.44000244140625
2026-08-13 14:00:00-04:00,399.44000244140625,399.7900085449219,399.42999267578125,399.6300048828125
2026-08-13 14:05:00-04:00,399.6199951171875,399.7699890136719,399.5199890136719,399.7300109863281
2026-08-13 14:10:00-04:00,399.7099914550781,400.0199890136719,399.5950012207031,399.9551086425781
2026-08-13 14:15:00-04:00,399.9700012207031,400.1000061035156,399.8500061035156,400.05499267578125
2026-08-13 14:20:00-04:00,400.04998779296875,400.05999755859375,399.42999267578125,399.5
2026-08-13 14:25:00-04:00,399.5199890136719,399.6300048828125,399.32000732421875,399.55999755859375
2026-08-13 14:30:00-04:00,399.57000732421875,399.7300109863281,399.4599914550781,399.6300964355469
2026-08-13 14:35:00-04:00,399.635009765625,399.7900085449219,399.55999755859375,399.7250061035156
2026-08-13 14:40:00-04:00,399.739990234375,399.80999755859375,399.5400085449219,399.6300048828125
2026-08-13 14:45:00-04:00,399.6000061035156,399.6199951171875,399.45001220703125,399.5150146484375
2026-08-13 14:50:00-04:00,399.5199890136719,399.55999755859375,399.2900085449219,399.489990234375
2026-08-13 14:55:00-04:00,399.5,399.57000732421875,399.4800109863281,399.5249938964844
2026-08-13 15:00:00-04:00,399.5299987792969,399.6910095214844,399.45001220703125,399.6300048828125
2026-08-13 15:05:00-04:00,399.6300048828125,399.6499938964844,399.1600036621094,399.20001220703125
2026-08-13 15:10:00-04:00,399.20001220703125,399.2099914550781,398.5400085449219,398.6000061035156
2026-08-13 15:15:00-04:00,398.5899963378906,398.760009765625,398.2799987792969,398.69500732421875
2026-08-13 15:20:00-04:00,398.7099914550781,398.82501220703125,398.5799865722656,398.76629638671875
2026-08-13 15:25:00-04:00,398.7699890136719,399.05999755859375,398.75,399.04998779296875
2026-08-13 15:30:00-04:00,399.04998779296875,399.1000061035156,398.8999938964844,399.0
2026-08-13 15:35:00-04:00,399.0050048828125,399.2900085449219,398.989990234375,399.20001220703125
2026-08-13 15:40:00-04:00,399.17999267578125,399.2200012207031,398.9800109863281,399.0400085449219
2026-08-13 15:45:00-04:00,399.0400085449219,399.0400085449219,398.70001220703125,398.8699951171875
2026-08-13 15:50:00-04:00,398.8500061035156,399.0,398.79998779296875,398.9549865722656
2026-08-13 15:55:00-04:00,398.9549865722656,399.0,398.7099914550781,398.9599914550781
2026-08-14 09:30:00-04:00,402.17999267578125,402.8500061035156,402.07000732421875,402.7799987792969
2026-08-14 09:35:00-04:00,402.79998779296875,403.3299865722656,402.7699890136719,403.1449890136719
2026-08-14 09:40:00-04:00,403.20001220703125,403.25,402.7300109863281,403.06878662109375
2026-08-14 09:45:00-04:00,403.0299987792969,403.1400146484375,402.3778076171875,402.3800048828125
2026-08-14 09:50:00-04:00,402.3800048828125,402.54998779296875,402.03619384765625,402.19500732421875
2026-08-14 09:55:00-04:00,402.20001220703125,402.3299865722656,402.0350036621094,402.2099914550781
2026-08-14 10:00:00-04:00,402.17999267578125,402.9599914550781,402.17999267578125,402.8500061035156
2026-08-14 10:05:00-04:00,402.8399963378906,402.8999938964844,402.5899963378906,402.6099853515625
2026-08-14 10:10:00-04:00,402.6300048828125,403.0,402.4200134277344,402.75
2026-08-14 10:15:00-04:00,402.7850036621094,402.8900146484375,402.2900085449219,402.3800048828125
2026-08-14 10:20:00-04:00,402.3999938964844,402.9200134277344,402.239990234375,402.9100036621094
2026-08-14 10:25:00-04:00,402.8949890136719,403.1050109863281,402.739990234375,402.760009765625
2026-08-14 10:30:00-04:00,402.80999755859375,402.8599853515625,402.1700134277344,402.239990234375
2026-08-14 10:35:00-04:00,402.25,402.4599914550781,402.1600036621094,402.3299865722656
2026-08-14 10:40:00-04:00,402.3399963378906,402.364990234375,401.9353942871094,402.1499938964844
2026-08-14 10:45:00-04:00,402.1099853515625,402.1099853515625,401.6700134277344,401.82000732421875
2026-08-14 10:50:00-04:00,401.7575988769531,402.0249938964844,401.70001220703125,401.8800048828125
2026-08-14 10:55:00-04:00,401.8999938964844,402.010009765625,401.70001220703125,401.8399963378906
2026-08-14 11:00:00-04:00,401.8599853515625,402.7099914550781,401.8599853515625,402.4100036621094
2026-08-14 11:05:00-04:00,402.3900146484375,402.57000732421875,402.239990234375,402.32000732421875
2026-08-14 11:10:00-04:00,402.32000732421875,403.010009765625,402.2950134277344,402.8399963378906
2026-08-14 11:15:00-04:00,402.8399963378906,403.010009765625,402.2632141113281,402.2632141113281
2026-08-14 11:20:00-04:00,402.2950134277344,402.364990234375,402.0299987792969,402.04998779296875
2026-08-14 11:25:00-04:00,402.0450134277344,402.17999267578125,401.6400146484375,402.17498779296875
2026-08-14 11:30:00-04:00,402.20001220703125,402.5799865722656,402.1000061035156,402.489990234375
2026-08-14 11:35:00-04:00,402.45001220703125,402.67999267578125,402.3800048828125,402.4750061035156
2026-08-14 11:40:00-04:00,402.4800109863281,402.67999267578125,402.3900146484375,402.6300048828125
2026-08-14 11:45:00-04:00,402.6600036621094,403.1499938964844,402.6300048828125,402.8800048828125
2026-08-14 11:50:00-04:00,402.8999938964844,402.9649963378906,402.69000244140625,402.7300109863281
2026-08-14 11:55:00-04:00,402.75,402.9800109863281,402.739990234375,402.8349914550781
2026-08-14 12:00:00-04:00,402.8599853515625,403.2900085449219,402.7799987792969,402.7799987792969
2026-08-14 12:05:00-04:00,402.7699890136719,402.97900390625,402.6099853515625,402.6600036621094
2026-08-14 12:10:00-04:00,402.6700134277344,402.7099914550781,402.57501220703125,402.6449890136719
2026-08-14 12:15:00-04:00,402.6700134277344,402.8599853515625,402.6700134277344,402.8299865722656
2026-08-14 12:20:00-04:00,402.82501220703125,402.94000244140625,402.6449890136719,402.69000244140625
2026-08-14 12:25:00-04:00,402.6700134277344,402.6700134277344,402.3999938964844,402.4700012207031
2026-08-14 12:30:00-04:00,402.4700012207031,402.4700012207031,401.79998779296875,402.1549987792969
2026-08-14 12:35:00-04:00,402.135009765625,402.6000061035156,402.1000061035156,402.55999755859375
2026-08-14 12:40:00-04:00,402.5474853515625,402.57000732421875,402.2900085449219,402.30999755859375
2026-08-14 12:45:00-04:00,402.3399963378906,402.4100036621094,402.2650146484375,402.3900146484375
2026-08-14 12:50:00-04:00,402.3999938964844,402.4200134277344,402.27508544921875,402.3800048828125
2026-08-14 12:55:00-04:00,402.30999755859375,402.364990234375,402.2099914550781,402.2699890136719
2026-08-14 13:00:00-04:00,402.29998779296875,402.32000732421875,402.0199890136719,402.0400085449219
2026-08-14 13:05:00-04:00,402.05999755859375,402.1099853515625,401.8699951171875,401.9599914550781
2026-08-14 13:10:00-04:00,401.94000244140625,401.97088623046875,401.79998779296875,401.9599914550781
2026-08-14 13:15:00-04:00,401.9700012207031,402.2040100097656,401.8999938964844,401.8999938964844
2026-08-14 13:20:00-04:00,401.864990234375,401.9800109863281,401.739990234375,401.875
2026-08-14 13:25:00-04:00,401.875,401.94000244140625,401.6700134277344,401.70001220703125
2026-08-14 13:30:00-04:00,401.69000244140625,401.9700012207031,401.69000244140625,401.9700012207031
2026-08-14 13:35:00-04:00,401.92999267578125,401.92999267578125,401.69000244140625,401.7149963378906
2026-08-14 13:40:00-04:00,401.70001220703125,401.7900085449219,401.4700012207031,401.5299987792969
2026-08-14 13:45:00-04:00,401.510009765625,401.5199890136719,401.4200134277344,401.4700012207031
2026-08-14 13:50:00-04:00,401.4599914550781,401.6400146484375,401.4100036621094,401.55499267578125
2026-08-14 13:55:00-04:00,401.54010009765625,401.6000061035156,401.4700012207031,401.6000061035156
2026-08-14 14:00:00-04:00,401.6300048828125,401.8299865722656,401.42999267578125,401.818115234375
2026-08-14 14:05:00-04:00,401.85980224609375,401.9100036621094,401.69000244140625,401.7349853515625
2026-08-14 14:10:00-04:00,401.70001220703125,401.80499267578125,401.4549865722656,401.4800109863281
2026-08-14 14:15:00-04:00,401.5249938964844,401.6499938964844,401.4599914550781,401.6099853515625
2026-08-14 14:20:00-04:00,401.5799865722656,401.75,401.5799865722656,401.69000244140625
2026-08-14 14:25:00-04:00,401.70001220703125,401.7499084472656,401.5400085449219,401.69000244140625
2026-08-14 14:30:00-04:00,401.6700134277344,401.69970703125,401.4800109863281,401.5793151855469
2026-08-14 14:35:00-04:00,401.57501220703125,401.9700012207031,401.5700988769531,401.94000244140625
2026-08-14 14:40:00-04:00,401.9819641113281,401.9819641113281,401.3999938964844,401.45001220703125
2026-08-14 14:45:00-04:00,401.43499755859375,401.4700012207031,400.93499755859375,401.2051086425781
2026-08-14 14:50:00-04:00,401.2099914550781,401.3550109863281,401.1000061035156,401.1099853515625
2026-08-14 14:55:00-04:00,401.135009765625,401.239990234375,401.1000061035156,401.1600036621094
2026-08-14 15:00:00-04:00,401.1400146484375,401.19000244140625,401.05999755859375,401.08990478515625
2026-08-14 15:05:00-04:00,401.0899963378906,401.4800109863281,401.0400085449219,401.4400939941406
2026-08-14 15:10:00-04:00,401.4549865722656,401.510009765625,401.3699951171875,401.3900146484375
2026-08-14 15:15:00-04:00,401.3800048828125,401.44989013671875,401.2200012207031,401.32000732421875
2026-08-14 15:20:00-04:00,401.30499267578125,401.4800109863281,401.30499267578125,401.43011474609375
2026-08-14 15:25:00-04:00,401.45001220703125,401.5799865722656,401.43499755859375,401.5299987792969
2026-08-14 15:30:00-04:00,401.5199890136719,401.5899963378906,401.4599914550781,401.5150146484375
2026-08-14 15:35:00-04:00,401.510009765625,401.6199951171875,401.4100036621094,401.42498779296875
2026-08-14 15:40:00-04:00,401.43719482421875,401.54998779296875,401.3699951171875,401.3800048828125
2026-08-14 15:45:00-04:00,401.3900146484375,401.42999267578125,401.3200988769531,401.3599853515625
2026-08-14 15:50:00-04:00,401.3900146484375,401.7900085449219,401.3900146484375,401.614990234375
2026-08-14 15:55:00-04:00,401.6099853515625,401.6151123046875,401.19000244140625,401.42999267578125
2026-08-17 09:30:00-04:00,402.3349914550781,402.7200012207031,402.2699890136719,402.56298828125
2026-08-17 09:35:00-04:00,402.54998779296875,402.8800048828125,402.3200988769531,402.55999755859375
2026-08-17 09:40:00-04:00,402.55999755859375,402.5801086425781,402.2099914550781,402.2900085449219
2026-08-17 09:45:00-04:00,402.29998779296875,403.20001220703125,402.17999267578125,403.1499938964844
2026-08-17 09:50:00-04:00,403.1400146484375,404.2900085449219,403.1000061035156,403.7449951171875
2026-08-17 09:55:00-04:00,403.7699890136719,405.1000061035156,403.7301025390625,404.4700012207031
2026-08-17 10:00:00-04:00,404.44000244140625,404.57000732421875,404.010009765625,404.3299865722656
2026-08-17 10:05:00-04:00,404.3800048828125,404.3800048828125,404.07000732421875,404.1199035644531
2026-08-17 10:10:00-04:00,404.1099853515625,404.760009765625,403.9599914550781,404.739990234375
2026-08-17 10:15:00-04:00,404.739990234375,405.510009765625,404.67999267578125,405.2799987792969
2026-08-17 10:20:00-04:00,405.32000732421875,406.1600036621094,405.2099914550781,405.8399963378906
2026-08-17 10:25:00-04:00,405.8500061035156,406.0350036621094,405.05999755859375,405.2898864746094
2026-08-17 10:30:00-04:00,405.2900085449219,405.8500061035156,405.2900085449219,405.6400146484375
2026-08-17 10:35:00-04:00,405.6549987792969,405.760009765625,405.1099853515625,405.25
2026-08-17 10:40:00-04:00,405.239990234375,405.6000061035156,405.19000244140625,405.19000244140625
2026-08-17 10:45:00-04:00,405.2578125,405.4255065917969,404.8999938964844,405.2099914550781
2026-08-17 10:50:00-04:00,405.2200012207031,405.5299987792969,405.06298828125,405.0899963378906
2026-08-17 10:55:00-04:00,405.1228942871094,405.2900085449219,404.95001220703125,405.2099914550781
2026-08-17 11:00:00-04:00,405.2200012207031,405.3999938964844,405.0199890136719,405.32000732421875
2026-08-17 11:05:00-04:00,405.3699951171875,405.4100036621094,405.1199951171875,405.1600036621094
2026-08-17 11:10:00-04:00,405.1300048828125,405.67999267578125,405.0899963378906,405.55999755859375
2026-08-17 11:15:00-04:00,405.54998779296875,405.7699890136719,405.3900146484375,405.6499938964844
2026-08-17 11:20:00-04:00,405.7099914550781,405.82000732421875,405.6000061035156,405.75
2026-08-17 11:25:00-04:00,405.7699890136719,406.0199890136719,405.5199890136719,405.989990234375
2026-08-17 11:30:00-04:00,405.95001220703125,406.04998779296875,405.6099853515625,405.7099914550781
2026-08-17 11:35:00-04:00,405.70001220703125,405.79998779296875,405.4599914550781,405.6400146484375
2026-08-17 11:40:00-04:00,405.635009765625,405.7900085449219,405.3599853515625,405.3900146484375
2026-08-17 11:45:00-04:00,405.3999938964844,405.8399963378906,405.25,405.7749938964844
2026-08-17 11:50:00-04:00,405.7749938964844,406.0400085449219,405.7200012207031,406.0299987792969
2026-08-17 11:55:00-04:00,406.010009765625,406.1600036621094,405.989990234375,406.1199951171875
2026-08-17 12:00:00-04:00,406.1400146484375,406.17999267578125,405.8299865722656,405.94000244140625
2026-08-17 12:05:00-04:00,405.92999267578125,406.20001220703125,405.79998779296875,406.1400146484375
2026-08-17 12:10:00-04:00,406.1099853515625,406.2300109863281,405.9700012207031,405.9830017089844
2026-08-17 12:15:00-04:00,405.9849853515625,406.1400146484375,405.9100036621094,405.9700012207031
2026-08-17 12:20:00-04:00,405.92999267578125,406.1600036621094,405.8699951171875,405.9200134277344
2026-08-17 12:25:00-04:00,405.8999938964844,405.92999267578125,405.7099914550781,405.9100036621094
2026-08-17 12:30:00-04:00,405.9200134277344,405.95989990234375,405.70001220703125,405.82000732421875
2026-08-17 12:35:00-04:00,405.831298828125,406.0899963378906,405.7799987792969,406.06988525390625
2026-08-17 12:40:00-04:00,406.0450134277344,406.0799865722656,405.8399963378906,405.864990234375
2026-08-17 12:45:00-04:00,405.8599853515625,405.8999938964844,405.6700134277344,405.8299865722656
2026-08-17 12:50:00-04:00,405.80999755859375,405.9599914550781,405.67010498046875,405.75
2026-08-17 12:55:00-04:00,405.7699890136719,405.92999267578125,405.75,405.8349914550781
2026-08-17 13:00:00-04:00,405.8500061035156,406.010009765625,405.80999755859375,405.8800048828125
2026-08-17 13:05:00-04:00,405.8999938964844,405.8999938964844,405.55999755859375,405.65008544921875
2026-08-17 13:10:00-04:00,405.6499938964844,405.739990234375,405.6099853515625,405.7300109863281
2026-08-17 13:15:00-04:00,405.70001220703125,405.7300109863281,405.3479919433594,405.360107421875
2026-08-17 13:20:00-04:00,405.3800048828125,405.44000244140625,405.05999755859375,405.1199951171875
2026-08-17 13:25:00-04:00,405.1099853515625,405.1899108886719,404.8500061035156,405.1650085449219
2026-08-17 13:30:00-04:00,405.1700134277344,405.32000732421875,404.8800048828125,405.1600036621094
2026-08-17 13:35:00-04:00,405.1549987792969,405.2200012207031,404.67999267578125,404.69000244140625
2026-08-17 13:40:00-04:00,404.69000244140625,405.1600036621094,404.6099853515625,405.1499938964844
2026-08-17 13:45:00-04:00,405.19000244140625,405.4100036621094,405.17999267578125,405.3399963378906
2026-08-17 13:50:00-04:00,405.3900146484375,405.44110107421875,405.1600036621094,405.1600036621094
2026-08-17 13:55:00-04:00,405.20001220703125,405.239990234375,404.80999755859375,404.8599853515625
2026-08-17 14:00:00-04:00,404.860107421875,404.9200134277344,404.54998779296875,404.625
2026-08-17 14:05:00-04:00,404.635009765625,404.80999755859375,404.5400085449219,404.7099914550781
2026-08-17 14:10:00-04:00,404.6400146484375,404.8599853515625,404.54998779296875,404.8599853515625
2026-08-17 14:15:00-04:00,404.8699951171875,405.0799865722656,404.8299865722656,404.9599914550781
2026-08-17 14:20:00-04:00,404.94000244140625,405.0,404.3800048828125,404.4100036621094
2026-08-17 14:25:00-04:00,404.3999938964844,404.489990234375,404.0400085449219,404.1637878417969
2026-08-17 14:30:00-04:00,404.17999267578125,404.17999267578125,403.3999938964844,403.5899963378906
2026-08-17 14:35:00-04:00,403.5799865722656,403.7950134277344,403.510009765625,403.7850036621094
2026-08-17 14:40:00-04:00,403.7799987792969,404.0299987792969,403.7200012207031,403.7200012207031
2026-08-17 14:45:00-04:00,403.7799987792969,404.1700134277344,403.6300048828125,404.1300048828125
2026-08-17 14:50:00-04:00,404.1499938964844,404.3399963378906,404.04998779296875,404.2106018066406
2026-08-17 14:55:00-04:00,404.21990966796875,404.25,404.1199951171875,404.20001220703125
2026-08-17 15:00:00-04:00,404.2300109863281,404.2799987792969,403.7900085449219,403.9200134277344
2026-08-17 15:05:00-04:00,403.8900146484375,403.9200134277344,403.6300048828125,403.9100036621094
2026-08-17 15:10:00-04:00,403.9700012207031,404.4150085449219,403.92999267578125,404.4100036621094
2026-08-17 15:15:00-04:00,404.4100036621094,405.1199951171875,404.4100036621094,404.989990234375
2026-08-17 15:20:00-04:00,404.989990234375,405.1700134277344,404.9599914550781,405.06500244140625
2026-08-17 15:25:00-04:00,405.05999755859375,405.2099914550781,404.8299865722656,404.9200134277344
2026-08-17 15:30:00-04:00,404.9150085449219,405.125,404.8699951171875,405.05999755859375
2026-08-17 15:35:00-04:00,405.1000061035156,405.1499938964844,404.9800109863281,405.1199951171875
2026-08-17 15:40:00-04:00,405.1300048828125,405.5,405.010009765625,405.3800048828125
2026-08-17 15:45:00-04:00,405.385009765625,405.5400085449219,405.29998779296875,405.4601135253906
2026-08-17 15:50:00-04:00,405.4599914550781,405.4599914550781,405.0799865722656,405.2699890136719
2026-08-17 15:55:00-04:00,405.2662048339844,405.5299987792969,405.20001220703125,405.4700012207031
2026-08-18 09:30:00-04:00,402.54998779296875,403.5,401.3900146484375,403.3699951171875
2026-08-18 09:35:00-04:00,403.3500061035156,403.8999938964844,403.17999267578125,403.8599853515625
2026-08-18 09:40:00-04:00,403.864990234375,404.32000732421875,403.55999755859375,403.69000244140625
2026-08-18 09:45:00-04:00,403.739990234375,403.7900085449219,402.8399963378906,403.20001220703125
2026-08-18 09:50:00-04:00,403.1199951171875,403.3900146484375,402.6400146484375,402.75
2026-08-18 09:55:00-04:00,402.7799987792969,403.1549987792969,402.6700134277344,403.1549987792969
2026-08-18 10:00:00-04:00,403.1300964355469,404.20001220703125,403.04998779296875,403.9750061035156
2026-08-18 10:05:00-04:00,403.9700012207031,404.0199890136719,403.3800048828125,403.4609069824219
2026-08-18 10:10:00-04:00,403.3999938964844,403.5,402.7699890136719,402.9800109863281
2026-08-18 10:15:00-04:00,402.9200134277344,404.0115051269531,402.9200134277344,403.7099914550781
2026-08-18 10:20:00-04:00,403.7200012207031,403.80999755859375,403.19000244140625,403.3699951171875
2026-08-18 10:25:00-04:00,403.3800048828125,403.4599914550781,402.8999938964844,403.07000732421875
2026-08-18 10:30:00-04:00,403.04998779296875,403.239990234375,402.239990234375,402.6131896972656
2026-08-18 10:35:00-04:00,402.6000061035156,402.6199951171875,401.8800048828125,401.9599914550781
2026-08-18 10:40:00-04:00,401.9800109863281,402.1400146484375,401.4800109863281,401.6700134277344
2026-08-18 10:45:00-04:00,401.6499938964844,402.4549865722656,401.5199890136719,402.32000732421875
2026-08-18 10:50:00-04:00,402.30999755859375,402.5238952636719,400.95001220703125,401.5899963378906
2026-08-18 10:55:00-04:00,401.54998779296875,401.9599914550781,400.19000244140625,400.44000244140625
2026-08-18 11:00:00-04:00,400.4700012207031,401.37908935546875,400.3500061035156,401.2799987792969
2026-08-18 11:05:00-04:00,401.2850036621094,401.4599914550781,400.29998779296875,400.3699951171875
2026-08-18 11:10:00-04:00,400.375,400.5899963378906,399.6099853515625,399.79998779296875
2026-08-18 11:15:00-04:00,399.8299865722656,400.29998779296875,399.3500061035156,399.3800048828125
2026-08-18 11:20:00-04:00,399.3500061035156,399.57000732421875,399.07000732421875,399.30999755859375
2026-08-18 11:25:00-04:00,399.3399963378906,399.9100036621094,399.20001220703125,399.3900146484375
2026-08-18 11:30:00-04:00,399.3599853515625,400.0,399.3299865722656,399.7900085449219
2026-08-18 11:35:00-04:00,399.7950134277344,400.0400085449219,399.5,399.9849853515625
2026-08-18 11:40:00-04:00,399.8999938964844,400.010009765625,399.5400085449219,399.70001220703125
2026-08-18 11:45:00-04:00,399.7200012207031,400.29998779296875,399.7200012207031,400.2300109863281
2026-08-18 11:50:00-04:00,400.2300109863281,400.44000244140625,399.94000244140625,400.2699890136719
2026-08-18 11:55:00-04:00,400.2799987792969,400.3999938964844,400.1499938964844,400.2900085449219
2026-08-18 12:00:00-04:00,400.29998779296875,400.69000244140625,400.29998779296875,400.5799865722656
2026-08-18 12:05:00-04:00,400.56500244140625,400.9034118652344,400.44000244140625,400.8999938964844
2026-08-18 12:10:00-04:00,400.8999938964844,400.9100036621094,400.510009765625,400.54998779296875
2026-08-18 12:15:00-04:00,400.5400085449219,400.6000061035156,400.22900390625,400.4599914550781
2026-08-18 12:20:00-04:00,400.510009765625,400.7200012207031,400.44000244140625,400.6050109863281
2026-08-18 12:25:00-04:00,400.5799865722656,400.689697265625,400.1700134277344,400.2200012207031
2026-08-18 12:30:00-04:00,400.2300109863281,400.4599914550781,400.1449890136719,400.3500061035156
2026-08-18 12:35:00-04:00,400.4200134277344,400.5,400.1400146484375,400.3450927734375
2026-08-18 12:40:00-04:00,400.3349914550781,400.6199951171875,400.30999755859375,400.5199890136719
2026-08-18 12:45:00-04:00,400.54998779296875,400.55999755859375,400.110107421875,400.1549987792969
2026-08-18 12:50:00-04:00,400.1600036621094,400.6700134277344,400.1000061035156,400.6200866699219
2026-08-18 12:55:00-04:00,400.6199951171875,400.6199951171875,400.1300048828125,400.2200012207031
2026-08-18 13:00:00-04:00,400.19000244140625,400.3450927734375,400.1600036621094,400.25
2026-08-18 13:05:00-04:00,400.239990234375,400.4100036621094,400.239990234375,400.3550109863281
2026-08-18 13:10:00-04:00,400.3699951171875,400.4849853515625,400.2650146484375,400.4599914550781
2026-08-18 13:15:00-04:00,400.4700012207031,400.5799865722656,400.1300048828125,400.2300109863281
2026-08-18 13:20:00-04:00,400.2370910644531,400.5350036621094,400.2229919433594,400.5299987792969
2026-08-18 13:25:00-04:00,400.54998779296875,400.6000061035156,400.2099914550781,400.3349914550781
2026-08-18 13:30:00-04:00,400.30999755859375,400.4100036621094,399.9599914550781,400.2300109863281
2026-08-18 13:35:00-04:00,400.2200012207031,400.31939697265625,399.9100036621094,400.0899963378906
2026-08-18 13:40:00-04:00,400.0799865722656,400.29998779296875,399.739990234375,399.739990234375
2026-08-18 13:45:00-04:00,399.718994140625,399.8800048828125,399.55499267578125,399.6199951171875
2026-08-18 13:50:00-04:00,399.64569091796875,399.80999755859375,399.64569091796875,399.7099914550781
2026-08-18 13:55:00-04:00,399.7099914550781,399.75,399.5299987792969,399.6199951171875
2026-08-18 14:00:00-04:00,399.6499938964844,399.6499938964844,399.1600036621094,399.2300109863281
2026-08-18 14:05:00-04:00,399.25,399.4649963378906,399.20001220703125,399.44000244140625
2026-08-18 14:10:00-04:00,399.4599914550781,399.7099914550781,399.2200012207031,399.6600036621094
2026-08-18 14:15:00-04:00,399.69000244140625,399.8299865722656,399.6000061035156,399.7799987792969
2026-08-18 14:20:00-04:00,399.79998779296875,399.843505859375,399.4800109863281,399.5799865722656
2026-08-18 14:25:00-04:00,399.5592041015625,399.95001220703125,399.5299987792969,399.8999938964844
2026-08-18 14:30:00-04:00,399.8949890136719,399.94000244140625,399.70001220703125,399.82000732421875
2026-08-18 14:35:00-04:00,399.79998779296875,399.92498779296875,399.7149963378906,399.8399963378906
2026-08-18 14:40:00-04:00,399.79998779296875,399.79998779296875,399.25,399.32000732421875
2026-08-18 14:45:00-04:00,399.3299865722656,399.45001220703125,399.20001220703125,399.2803039550781
2026-08-18 14:50:00-04:00,399.30999755859375,399.4100036621094,399.30999755859375,399.3599853515625
2026-08-18 14:55:00-04:00,399.3634948730469,399.4949951171875,399.32501220703125,399.3349914550781
2026-08-18 15:00:00-04:00,399.3511962890625,399.7099914550781,399.32000732421875,399.45001220703125
2026-08-18 15:05:00-04:00,399.489990234375,399.6000061035156,399.3999938964844,399.4700012207031
2026-08-18 15:10:00-04:00,399.42999267578125,399.69000244140625,399.3900146484375,399.6099853515625
2026-08-18 15:15:00-04:00,399.5899963378906,399.760009765625,399.32000732421875,399.38909912109375
2026-08-18 15:20:00-04:00,399.3900146484375,399.54998779296875,399.2300109863281,399.260009765625
2026-08-18 15:25:00-04:00,399.2550048828125,399.4750061035156,399.20001220703125,399.4100036621094
2026-08-18 15:30:00-04:00,399.3800048828125,399.5799865722656,399.2799987792969,399.3349914550781
2026-08-18 15:35:00-04:00,399.3500061035156,399.45001220703125,399.29998779296875,399.3999938964844
2026-08-18 15:40:00-04:00,399.4200134277344,399.6700134277344,398.9200134277344,398.9200134277344
2026-08-18 15:45:00-04:00,398.9200134277344,399.2300109863281,398.3399963378906,398.5199890136719
2026-08-18 15:50:00-04:00,398.5249938964844,398.6199951171875,398.17999267578125,398.4849853515625
2026-08-18 15:55:00-04:00,398.4700012207031,398.6199951171875,397.8699951171875,398.5299987792969
2026-08-19 09:30:00-04:00,408.80999755859375,409.6700134277344,408.5245056152344,409.2699890136719
2026-08-19 09:35:00-04:00,409.2936096191406,409.2936096191406,407.4700012207031,408.70001220703125
2026-08-19 09:40:00-04:00,408.7200012207031,409.5299987792969,408.20001220703125,409.1700134277344
2026-08-19 09:45:00-04:00,409.1600036621094,409.2898864746094,408.1700134277344,408.20001220703125
2026-08-19 09:50:00-04:00,408.2101135253906,408.7749938964844,407.70001220703125,408.489990234375
2026-08-19 09:55:00-04:00,408.54998779296875,409.3900146484375,408.3299865722656,409.0299987792969
2026-08-19 10:00:00-04:00,409.0299987792969,409.2900085449219,408.6600036621094,409.1400146484375
2026-08-19 10:05:00-04:00,409.1449890136719,410.2300109863281,409.1300048828125,410.20001220703125
2026-08-19 10:10:00-04:00,410.19000244140625,410.55499267578125,409.95001220703125,410.3883972167969
2026-08-19 10:15:00-04:00,410.3900146484375,410.79998779296875,410.1600036621094,410.1600036621094
2026-08-19 10:20:00-04:00,410.19000244140625,410.9700012207031,410.044189453125,410.8299865722656
2026-08-19 10:25:00-04:00,410.7900085449219,411.6650085449219,410.70001220703125,411.4800109863281
2026-08-19 10:30:00-04:00,411.4849853515625,411.9599914550781,411.31060791015625,411.6199951171875
2026-08-19 10:35:00-04:00,411.6700134277344,412.0,411.54998779296875,411.7900085449219
2026-08-19 10:40:00-04:00,411.7900085449219,412.6300048828125,411.6300048828125,411.8500061035156
2026-08-19 10:45:00-04:00,411.82000732421875,411.822509765625,410.7300109863281,410.8299865722656
2026-08-19 10:50:00-04:00,410.8349914550781,411.5299987792969,410.75,411.45001220703125
2026-08-19 10:55:00-04:00,411.4800109863281,411.80999755859375,411.4200134277344,411.69500732421875
2026-08-19 11:00:00-04:00,411.7300109863281,411.7300109863281,411.03009033203125,411.3900146484375
2026-08-19 11:05:00-04:00,411.4100036621094,411.6099853515625,411.1199951171875,411.1199951171875
2026-08-19 11:10:00-04:00,411.1199951171875,411.6300048828125,410.8999938964844,411.45001220703125
2026-08-19 11:15:00-04:00,411.44000244140625,411.6000061035156,411.29998779296875,411.5199890136719
2026-08-19 11:20:00-04:00,411.4800109863281,411.6600036621094,411.0299987792969,411.0299987792969
2026-08-19 11:25:00-04:00,411.0,411.3399963378906,410.7900085449219,411.2699890136719
2026-08-19 11:30:00-04:00,411.260009765625,411.5,411.0,411.3550109863281
2026-08-19 11:35:00-04:00,411.3800048828125,411.6899108886719,411.3599853515625,411.5899963378906
2026-08-19 11:40:00-04:00,411.57000732421875,412.0400085449219,411.36749267578125,411.8800048828125
2026-08-19 11:45:00-04:00,411.8699951171875,412.239990234375,411.82000732421875,411.8999938964844
2026-08-19 11:50:00-04:00,411.8999938964844,412.1199951171875,411.7200012207031,411.9599914550781
2026-08-19 11:55:00-04:00,411.9548034667969,412.19000244140625,411.9200134277344,412.18499755859375
2026-08-19 12:00:00-04:00,412.20001220703125,412.5299987792969,412.1300048828125,412.1700134277344
2026-08-19 12:05:00-04:00,412.1698913574219,412.510009765625,411.9700012207031,412.4599914550781
2026-08-19 12:10:00-04:00,412.4501037597656,412.6700134277344,412.42999267578125,412.55999755859375
2026-08-19 12:15:00-04:00,412.55999755859375,412.70001220703125,412.3200988769531,412.32049560546875
2026-08-19 12:20:00-04:00,412.3299865722656,412.4700012207031,412.1700134277344,412.29998779296875
2026-08-19 12:25:00-04:00,412.30999755859375,412.3599853515625,411.9100036621094,411.9599914550781
2026-08-19 12:30:00-04:00,411.94500732421875,412.3699951171875,411.9200134277344,412.3550109863281
2026-08-19 12:35:00-04:00,412.3699951171875,412.4289855957031,412.07501220703125,412.3500061035156
2026-08-19 12:40:00-04:00,412.3599853515625,412.45001220703125,412.2200012207031,412.3320007324219
2026-08-19 12:45:00-04:00,412.3500061035156,412.5,412.20001220703125,412.2900085449219
2026-08-19 12:50:00-04:00,412.2900085449219,412.55999755859375,412.239990234375,412.28680419921875
2026-08-19 12:55:00-04:00,412.2799987792969,412.3599853515625,412.17498779296875,412.17498779296875
2026-08-19 13:00:00-04:00,412.19000244140625,412.6709899902344,412.1700134277344,412.4700012207031
2026-08-19 13:05:00-04:00,412.4800109863281,412.5299987792969,411.9700012207031,412.1700134277344
2026-08-19 13:10:00-04:00,412.1499938964844,412.2149963378906,411.75,412.0899963378906
2026-08-19 13:15:00-04:00,412.1199951171875,412.1199951171875,411.5899963378906,411.7900085449219
2026-08-19 13:20:00-04:00,411.8399963378906,411.92999267578125,411.6300048828125,411.8194885253906
2026-08-19 13:25:00-04:00,411.7900085449219,411.8002014160156,411.489990234375,411.6700134277344
2026-08-19 13:30:00-04:00,411.70001220703125,411.7640075683594,411.3299865722656,411.6700134277344
2026-08-19 13:35:00-04:00,411.70001220703125,411.8900146484375,411.5849914550781,411.739990234375
2026-08-19 13:40:00-04:00,411.739990234375,412.0299987792969,411.6000061035156,411.7300109863281
2026-08-19 13:45:00-04:00,411.7099914550781,411.79998779296875,411.6499938964844,411.7099914550781
2026-08-19 13:50:00-04:00,411.70001220703125,411.760009765625,411.45001220703125,411.5199890136719
2026-08-19 13:55:00-04:00,411.5199890136719,411.54998779296875,411.30999755859375,411.54998779296875
2026-08-19 14:00:00-04:00,411.57000732421875,412.38629150390625,411.4100036621094,412.35888671875
2026-08-19 14:05:00-04:00,412.3999938964844,412.40960693359375,411.5,411.7300109863281
2026-08-19 14:10:00-04:00,411.7300109863281,411.8500061035156,411.5,411.6000061035156
2026-08-19 14:15:00-04:00,411.6300964355469,411.6300964355469,411.1340026855469,411.3699951171875
2026-08-19 14:20:00-04:00,411.3900146484375,411.3900146484375,411.010009765625,411.0450134277344
2026-08-19 14:25:00-04:00,411.04998779296875,411.0899963378906,410.2300109863281,410.489990234375
2026-08-19 14:30:00-04:00,410.5,411.05999755859375,410.1600036621094,411.0
2026-08-19 14:35:00-04:00,411.0199890136719,411.3599853515625,410.8299865722656,411.30999755859375
2026-08-19 14:40:00-04:00,411.32000732421875,411.989990234375,411.2699890136719,411.8800048828125
2026-08-19 14:45:00-04:00,411.8800048828125,412.0150146484375,411.7900085449219,411.989990234375
2026-08-19 14:50:00-04:00,411.9949951171875,412.4700012207031,411.8924865722656,412.2200012207031
2026-08-19 14:55:00-04:00,412.260009765625,412.4100036621094,412.2300109863281,412.3299865722656
2026-08-19 15:00:00-04:00,412.3399963378906,412.625,412.260009765625,412.5
2026-08-19 15:05:00-04:00,412.5,413.2799987792969,412.34161376953125,413.2300109863281
2026-08-19 15:10:00-04:00,413.2300109863281,413.29998779296875,412.9599914550781,413.06500244140625
2026-08-19 15:15:00-04:00,413.05499267578125,413.3599853515625,413.04998779296875,413.19000244140625
2026-08-19 15:20:00-04:00,413.1600036621094,413.2699890136719,413.0150146484375,413.2699890136719
2026-08-19 15:25:00-04:00,413.25,413.4700012207031,413.0799865722656,413.42498779296875
2026-08-19 15:30:00-04:00,413.44989013671875,413.760009765625,413.32000732421875,413.6400146484375
2026-08-19 15:35:00-04:00,413.6400146484375,413.69500732421875,413.1099853515625,413.30499267578125
2026-08-19 15:40:00-04:00,413.30010986328125,413.489990234375,412.9599914550781,413.44000244140625
2026-08-19 15:45:00-04:00,413.4200134277344,413.8299865722656,413.2799987792969,413.80999755859375
2026-08-19 15:50:00-04:00,413.7900085449219,413.8900146484375,413.5400085449219,413.8399963378906
2026-08-19 15:55:00-04:00,413.82000732421875,414.0,413.54998779296875,413.8800048828125
2026-08-20 09:30:00-04:00,410.0799865722656,410.54998779296875,409.82000732421875,410.42999267578125
2026-08-20 09:35:00-04:00,410.45001220703125,411.4549865722656,410.32000732421875,411.1700134277344
2026-08-20 09:40:00-04:00,411.20001220703125,411.55999755859375,410.6199951171875,411.4599914550781
2026-08-20 09:45:00-04:00,411.4700012207031,411.70001220703125,410.8500061035156,411.0299987792969
2026-08-20 09:50:00-04:00,411.0299987792969,411.40301513671875,410.8900146484375,411.3349914550781
2026-08-20 09:55:00-04:00,411.3399963378906,411.4100036621094,410.69000244140625,410.92999267578125
2026-08-20 10:00:00-04:00,410.94000244140625,411.79998779296875,410.93499755859375,411.1300048828125
2026-08-20 10:05:00-04:00,411.1099853515625,411.42999267578125,410.3500061035156,411.2699890136719
2026-08-20 10:10:00-04:00,411.25,411.635009765625,411.1000061035156,411.2200012207031
2026-08-20 10:15:00-04:00,411.2349853515625,411.6400146484375,410.9599914550781,410.9800109863281
2026-08-20 10:20:00-04:00,410.9800109863281,412.05999755859375,410.94000244140625,411.7799987792969
2026-08-20 10:25:00-04:00,411.739990234375,411.9700012207031,411.3699951171875,411.8500061035156
2026-08-20 10:30:00-04:00,411.8349914550781,412.385009765625,411.8349914550781,412.1000061035156
2026-08-20 10:35:00-04:00,412.1400146484375,412.7200012207031,412.0199890136719,412.2699890136719
2026-08-20 10:40:00-04:00,412.2799987792969,412.75,412.05999755859375,412.5799865722656
2026-08-20 10:45:00-04:00,412.5799865722656,413.45001220703125,412.510009765625,413.3931884765625
2026-08-20 10:50:00-04:00,413.3699951171875,413.6099853515625,413.05999755859375,413.6000061035156
2026-08-20 10:55:00-04:00,413.55999755859375,414.1600036621094,413.510009765625,414.1099853515625
2026-08-20 11:00:00-04:00,414.1400146484375,416.04998779296875,414.04998779296875,415.9599914550781
2026-08-20 11:05:00-04:00,415.9100036621094,416.0400085449219,414.6400146484375,414.92999267578125
2026-08-20 11:10:00-04:00,414.8900146484375,416.2799987792969,414.6000061035156,415.9200134277344
2026-08-20 11:15:00-04:00,415.9200134277344,416.45001220703125,415.44000244140625,416.30999755859375
2026-08-20 11:20:00-04:00,416.29998779296875,416.45001220703125,414.7950134277344,415.1239929199219
2026-08-20 11:25:00-04:00,415.1000061035156,415.79998779296875,414.9800109863281,415.6400146484375
2026-08-20 11:30:00-04:00,415.67999267578125,415.7900085449219,414.7099914550781,414.82000732421875
2026-08-20 11:35:00-04:00,414.82000732421875,415.0799865722656,414.2300109863281,414.3699951171875
2026-08-20 11:40:00-04:00,414.3900146484375,414.4800109863281,413.4200134277344,413.739990234375
2026-08-20 11:45:00-04:00,413.739990234375,414.6499938964844,413.67999267578125,414.57000732421875
2026-08-20 11:50:00-04:00,414.54998779296875,414.69000244140625,414.1400146484375,414.42999267578125
2026-08-20 11:55:00-04:00,414.4599914550781,414.9100036621094,414.2699890136719,414.6700134277344
2026-08-20 12:00:00-04:00,414.70001220703125,414.9800109863281,414.4549865722656,414.510009765625
2026-08-20 12:05:00-04:00,414.5,414.7149963378906,414.42498779296875,414.510009765625
2026-08-20 12:10:00-04:00,414.5299987792969,414.55999755859375,413.6099853515625,413.69000244140625
2026-08-20 12:15:00-04:00,413.67999267578125,413.8299865722656,413.4100036621094,413.760009765625
2026-08-20 12:20:00-04:00,413.7699890136719,413.82000732421875,413.489990234375,413.739990234375
2026-08-20 12:25:00-04:00,413.7149963378906,413.7149963378906,413.1300048828125,413.4728088378906
2026-08-20 12:30:00-04:00,413.489990234375,413.5400085449219,412.8699951171875,413.489990234375
2026-08-20 12:35:00-04:00,413.5,413.8299865722656,413.3399963378906,413.3500061035156
2026-08-20 12:40:00-04:00,413.3349914550781,413.5899963378906,413.3299865722656,413.4800109863281
2026-08-20 12:45:00-04:00,413.4700012207031,413.7799987792969,413.32000732421875,413.75
2026-08-20 12:50:00-04:00,413.75,413.8900146484375,413.4200134277344,413.5
2026-08-20 12:55:00-04:00,413.4949951171875,413.6308898925781,413.3399963378906,413.5299987792969
2026-08-20 13:00:00-04:00,413.54998779296875,413.93499755859375,413.5400085449219,413.7099914550781
2026-08-20 13:05:00-04:00,413.7250061035156,413.7300109863281,413.3699951171875,413.5400085449219
2026-08-20 13:10:00-04:00,413.54998779296875,413.62689208984375,413.364990234375,413.510009765625
2026-08-20 13:15:00-04:00,413.4800109863281,413.67779541015625,413.3800048828125,413.42999267578125
2026-08-20 13:20:00-04:00,413.4599914550781,413.94000244140625,413.4200134277344,413.6700134277344
2026-08-20 13:25:00-04:00,413.6600036621094,414.135009765625,413.4700012207031,413.8349914550781
2026-08-20 13:30:00-04:00,413.8500061035156,414.3299865722656,413.635009765625,414.30999755859375
2026-08-20 13:35:00-04:00,414.29998779296875,414.3550109863281,414.1199951171875,414.19000244140625
2026-08-20 13:40:00-04:00,414.1700134277344,414.3599853515625,414.1600036621094,414.3251037597656
2026-08-20 13:45:00-04:00,414.32000732421875,414.5299072265625,414.2474060058594,414.42999267578125
2026-08-20 13:50:00-04:00,414.42999267578125,414.5098876953125,414.25,414.3599853515625
2026-08-20 13:55:00-04:00,414.3699951171875,414.5400085449219,414.3229064941406,414.42999267578125
2026-08-20 14:00:00-04:00,414.4840087890625,414.7049865722656,414.3349914550781,414.6499938964844
2026-08-20 14:05:00-04:00,414.67498779296875,414.7049865722656,414.010009765625,414.1549987792969
2026-08-20 14:10:00-04:00,414.1000061035156,414.1097412109375,413.5,413.6300048828125
2026-08-20 14:15:00-04:00,413.6300048828125,414.17999267578125,413.3999938964844,414.1347961425781
2026-08-20 14:20:00-04:00,414.1099853515625,414.29998779296875,414.0400085449219,414.1700134277344
2026-08-20 14:25:00-04:00,414.19000244140625,414.50640869140625,414.19000244140625,414.42401123046875
2026-08-20 14:30:00-04:00,414.385009765625,414.6199951171875,414.3699951171875,414.44000244140625
2026-08-20 14:35:00-04:00,414.3999938964844,414.82501220703125,414.3900146484375,414.6300048828125
2026-08-20 14:40:00-04:00,414.625,414.69000244140625,414.4800109863281,414.5299987792969
2026-08-20 14:45:00-04:00,414.5350036621094,414.6400146484375,414.3299865722656,414.6400146484375
2026-08-20 14:50:00-04:00,414.6400146484375,414.989990234375,414.6099853515625,414.9100036621094
2026-08-20 14:55:00-04:00,414.94000244140625,414.9700012207031,414.6300048828125,414.68011474609375
2026-08-20 15:00:00-04:00,414.68499755859375,414.7200012207031,414.32000732421875,414.6575012207031
2026-08-20 15:05:00-04:00,414.6499938964844,415.05731201171875,414.6300048828125,415.0350036621094
2026-08-20 15:10:00-04:00,415.05499267578125,415.260009765625,414.8999938964844,415.2085876464844
2026-08-20 15:15:00-04:00,415.2049865722656,415.3699951171875,415.0199890136719,415.0400085449219
2026-08-20 15:20:00-04:00,415.0400085449219,415.260009765625,414.8699951171875,415.1400146484375
2026-08-20 15:25:00-04:00,415.1300048828125,415.20001220703125,414.7373962402344,414.760009765625
2026-08-20 15:30:00-04:00,414.7300109863281,414.9194030761719,414.67498779296875,414.8699951171875
2026-08-20 15:35:00-04:00,414.85009765625,415.3699951171875,414.7699890136719,415.3450012207031
2026-08-20 15:40:00-04:00,415.32501220703125,415.3399963378906,415.0450134277344,415.0450134277344
2026-08-20 15:45:00-04:00,415.0400085449219,415.4200134277344,414.9258117675781,415.29998779296875
2026-08-20 15:50:00-04:00,415.2699890136719,415.5899963378906,415.226806640625,415.4800109863281
2026-08-20 15:55:00-04:00,415.4849853515625,415.5299987792969,415.0899963378906,415.260009765625
2026-08-21 09:30:00-04:00,420.5299987792969,420.7099914550781,419.4599914550781,419.5
2026-08-21 09:35:00-04:00,419.489990234375,421.0899963378906,419.4200134277344,420.7749938964844
2026-08-21 09:40:00-04:00,420.739990234375,421.05999755859375,420.489990234375,420.8500061035156
2026-08-21 09:45:00-04:00,420.7799987792969,421.239990234375,420.4700012207031,420.9599914550781
2026-08-21 09:50:00-04:00,420.9599914550781,421.0899963378906,419.75,420.159912109375
2026-08-21 09:55:00-04:00,420.1549987792969,420.5799865722656,420.05999755859375,420.125
2026-08-21 10:00:00-04:00,420.125,420.875,420.0199890136719,420.8550109863281
2026-08-21 10:05:00-04:00,420.87249755859375,421.0799865722656,420.3699951171875,420.7799987792969
2026-08-21 10:10:00-04:00,420.75,421.0199890136719,420.57000732421875,420.989990234375
2026-08-21 10:15:00-04:00,421.0,421.1199951171875,420.6892395019531,421.0450134277344
2026-08-21 10:20:00-04:00,421.04949951171875,421.7898864746094,420.989990234375,421.70001220703125
2026-08-21 10:25:00-04:00,421.739990234375,422.2398986816406,421.7200012207031,422.2398986816406
2026-08-21 10:30:00-04:00,422.2149963378906,422.2699890136719,420.9800109863281,421.0299987792969
2026-08-21 10:35:00-04:00,421.0,421.2799987792969,420.20001220703125,420.2950134277344
2026-08-21 10:40:00-04:00,420.30499267578125,421.0,420.1499938964844,420.3450012207031
2026-08-21 10:45:00-04:00,420.4200134277344,421.20001220703125,420.19989013671875,421.1700134277344
2026-08-21 10:50:00-04:00,421.17498779296875,421.4800109863281,420.8900146484375,420.95001220703125
2026-08-21 10:55:00-04:00,420.98199462890625,421.25,420.4700012207031,421.17999267578125
2026-08-21 11:00:00-04:00,421.1600036621094,421.4200134277344,420.760009765625,421.29998779296875
2026-08-21 11:05:00-04:00,421.3399963378906,421.760009765625,421.17999267578125,421.36810302734375
2026-08-21 11:10:00-04:00,421.3900146484375,421.70001220703125,421.3450012207031,421.4400939941406
2026-08-21 11:15:00-04:00,421.44500732421875,421.81500244140625,421.44500732421875,421.6400146484375
2026-08-21 11:20:00-04:00,421.70001220703125,422.1499938964844,421.5000915527344,422.1199951171875
2026-08-21 11:25:00-04:00,422.1300048828125,422.6199951171875,421.92999267578125,422.25
2026-08-21 11:30:00-04:00,422.2449951171875,422.489990234375,421.8900146484375,422.4587097167969
2026-08-21 11:35:00-04:00,422.489990234375,422.6700134277344,422.3662109375,422.5350036621094
2026-08-21 11:40:00-04:00,422.5534973144531,422.8999938964844,422.44000244140625,422.82000732421875
2026-08-21 11:45:00-04:00,422.81500244140625,422.9599914550781,422.57000732421875,422.6400146484375
2026-08-21 11:50:00-04:00,422.67999267578125,423.30999755859375,422.614990234375,423.20001220703125
2026-08-21 11:55:00-04:00,423.2099914550781,423.3599853515625,422.94000244140625,423.2799987792969
2026-08-21 12:00:00-04:00,423.2900085449219,423.57000732421875,423.1499938964844,423.5
2026-08-21 12:05:00-04:00,423.5,423.5199890136719,422.76690673828125,422.8200988769531
2026-08-21 12:10:00-04:00,422.8800048828125,423.3800048828125,422.8800048828125,423.2799072265625
2026-08-21 12:15:00-04:00,423.25,423.4100036621094,423.2099914550781,423.2200012207031
2026-08-21 12:20:00-04:00,423.2300109863281,423.79998779296875,422.95001220703125,423.13970947265625
2026-08-21 12:25:00-04:00,423.1099853515625,423.25,422.8399963378906,423.18499755859375
2026-08-21 12:30:00-04:00,423.20001220703125,423.3699951171875,423.0,423.32501220703125
2026-08-21 12:35:00-04:00,423.29998779296875,423.82000732421875,423.260009765625,423.6549987792969
2026-08-21 12:40:00-04:00,423.6700134277344,423.9599914550781,423.5199890136719,423.91400146484375
2026-08-21 12:45:00-04:00,423.9100036621094,424.2099914550781,423.8749084472656,424.1300048828125
2026-08-21 12:50:00-04:00,424.1700134277344,424.44000244140625,424.1000061035156,424.43548583984375
2026-08-21 12:55:00-04:00,424.42999267578125,424.6199951171875,424.30999755859375,424.57000732421875
2026-08-21 13:00:00-04:00,424.57000732421875,424.75,424.3800048828125,424.45001220703125
2026-08-21 13:05:00-04:00,424.4649963378906,424.8900146484375,424.3399963378906,424.7900085449219
2026-08-21 13:10:00-04:00,424.7799987792969,424.8399963378906,423.92138671875,424.1199951171875
2026-08-21 13:15:00-04:00,424.1099853515625,424.30999755859375,423.94000244140625,424.05999755859375
2026-08-21 13:20:00-04:00,424.0350036621094,424.2099914550781,423.3399963378906,423.6099853515625
2026-08-21 13:25:00-04:00,423.6099853515625,424.19000244140625,423.3599853515625,423.9849853515625
2026-08-21 13:30:00-04:00,423.9700012207031,423.989990234375,423.7200012207031,423.8399963378906
2026-08-21 13:35:00-04:00,423.8599853515625,424.19000244140625,423.8599853515625,424.0350036621094
2026-08-21 13:40:00-04:00,424.0299987792969,424.2099914550781,423.6300048828125,423.67999267578125
2026-08-21 13:45:00-04:00,423.6400146484375,423.75,423.4800109863281,423.6700134277344
2026-08-21 13:50:00-04:00,423.6600036621094,423.9750061035156,423.590087890625,423.7300109863281
2026-08-21 13:55:00-04:00,423.7200012207031,423.9255065917969,423.681396484375,423.82000732421875
2026-08-21 14:00:00-04:00,423.8399963378906,424.3399963378906,423.7699890136719,424.3210144042969
2026-08-21 14:05:00-04:00,424.3500061035156,424.4700012207031,424.1700134277344,424.3207092285156
2026-08-21 14:10:00-04:00,424.29998779296875,424.34991455078125,424.04998779296875,424.1499938964844
2026-08-21 14:15:00-04:00,424.1549987792969,424.3800048828125,424.1549987792969,424.3699951171875
2026-08-21 14:20:00-04:00,424.3699951171875,424.4700012207031,424.2699890136719,424.3699951171875
2026-08-21 14:25:00-04:00,424.3800048828125,424.4700012207031,424.1700134277344,424.260009765625
2026-08-21 14:30:00-04:00,424.2149963378906,424.260009765625,423.7699890136719,423.989990234375
2026-08-21 14:35:00-04:00,423.9750061035156,424.04998779296875,423.7300109863281,423.739990234375
2026-08-21 14:40:00-04:00,423.75,423.9200134277344,423.75,423.8500061035156
2026-08-21 14:45:00-04:00,423.8500061035156,424.32000732421875,423.8399963378906,424.19000244140625
2026-08-21 14:50:00-04:00,424.2099914550781,424.239990234375,424.04998779296875,424.2200012207031
2026-08-21 14:55:00-04:00,424.2099914550781,424.2200012207031,424.07000732421875,424.17498779296875
2026-08-21 15:00:00-04:00,424.19000244140625,424.2900085449219,423.9100036621094,423.9800109863281
2026-08-21 15:05:00-04:00,423.9599914550781,423.9800109863281,423.6099853515625,423.8736877441406
2026-08-21 15:10:00-04:00,423.8800048828125,424.1000061035156,423.82000732421875,424.0
2026-08-21 15:15:00-04:00,424.0199890136719,424.0299987792969,423.7799987792969,424.010009765625
2026-08-21 15:20:00-04:00,424.0,424.0799865722656,423.95001220703125,424.010009765625
2026-08-21 15:25:00-04:00,423.9800109863281,424.0559997558594,423.5799865722656,423.5899963378906
2026-08-21 15:30:00-04:00,423.6000061035156,423.739990234375,423.4599914550781,423.4599914550781
2026-08-21 15:35:00-04:00,423.489990234375,423.6099853515625,423.3599853515625,423.55999755859375
2026-08-21 15:40:00-04:00,423.57000732421875,423.739990234375,423.54998779296875,423.6000061035156
2026-08-21 15:45:00-04:00,423.5799865722656,424.05999755859375,423.52398681640625,424.0299987792969
2026-08-21 15:50:00-04:00,424.010009765625,424.1199951171875,423.8500061035156,424.0350036621094
2026-08-21 15:55:00-04:00,424.0299987792969,424.0350036621094,423.2300109863281,423.3800048828125
2026-08-24 09:30:00-04:00,428.54998779296875,429.29998779296875,428.3500061035156,429.260009765625
2026-08-24 09:35:00-04:00,429.2669982910156,429.4200134277344,428.05999755859375,428.07000732421875
2026-08-24 09:40:00-04:00,428.0899963378906,428.760009765625,427.2900085449219,427.2900085449219
2026-08-24 09:45:00-04:00,427.2699890136719,429.0799865722656,427.0400085449219,428.6600036621094
2026-08-24 09:50:00-04:00,428.6600036621094,428.8699951171875,427.2099914550781,428.0
2026-08-24 09:55:00-04:00,428.0400085449219,428.2298889160156,427.364990234375,427.8500061035156
2026-08-24 10:00:00-04:00,427.8299865722656,428.1300048828125,427.4309997558594,427.6600036621094
2026-08-24 10:05:00-04:00,427.69000244140625,428.3999938964844,427.6099853515625,428.3999938964844
2026-08-24 10:10:00-04:00,428.3999938964844,428.5636901855469,427.6300048828125,427.9632873535156
2026-08-24 10:15:00-04:00,427.9549865722656,428.0350036621094,426.67010498046875,427.9100036621094
2026-08-24 10:20:00-04:00,427.92999267578125,428.3598937988281,427.8599853515625,428.0199890136719
2026-08-24 10:25:00-04:00,427.9750061035156,428.79998779296875,427.9599914550781,428.5
2026-08-24 10:30:00-04:00,428.5400085449219,429.0199890136719,428.4100036621094,428.9695129394531
2026-08-24 10:35:00-04:00,428.9695129394531,429.1400146484375,428.760009765625,428.80999755859375
2026-08-24 10:40:00-04:00,428.864990234375,429.07000732421875,428.30999755859375,428.489990234375
2026-08-24 10:45:00-04:00,428.5150146484375,428.64990234375,427.864990234375,427.9049987792969
2026-08-24 10:50:00-04:00,427.989990234375,428.2200012207031,427.1300048828125,428.2200012207031
2026-08-24 10:55:00-04:00,428.2185974121094,428.860107421875,428.07000732421875,428.42999267578125
2026-08-24 11:00:00-04:00,428.4200134277344,428.9599914550781,427.8999938964844,428.8599853515625
2026-08-24 11:05:00-04:00,428.8800048828125,428.95001220703125,428.6300048828125,428.6700134277344
2026-08-24 11:10:00-04:00,428.69989013671875,428.7900085449219,428.44500732421875,428.625
2026-08-24 11:15:00-04:00,428.6300048828125,428.69000244140625,428.3349914550781,428.6099853515625
2026-08-24 11:20:00-04:00,428.6400146484375,428.6700134277344,428.1700134277344,428.3200988769531
2026-08-24 11:25:00-04:00,428.3399963378906,429.239990234375,428.2900085449219,428.8699951171875
2026-08-24 11:30:00-04:00,428.8900146484375,429.0400085449219,428.3450012207031,428.5450134277344
2026-08-24 11:35:00-04:00,428.55999755859375,428.760009765625,428.0799865722656,428.17999267578125
2026-08-24 11:40:00-04:00,428.2200012207031,428.2200012207031,427.3100891113281,427.4599914550781
2026-08-24 11:45:00-04:00,427.4100036621094,427.67999267578125,426.0303955078125,426.19830322265625
2026-08-24 11:50:00-04:00,426.1700134277344,426.9700012207031,426.1600036621094,426.7699890136719
2026-08-24 11:55:00-04:00,426.75,426.75,425.5400085449219,426.3900146484375
2026-08-24 12:00:00-04:00,426.4100036621094,427.5450134277344,426.1300048828125,427.2650146484375
2026-08-24 12:05:00-04:00,427.25,427.510009765625,426.8500061035156,426.8599853515625
2026-08-24 12:10:00-04:00,426.8699951171875,427.20001220703125,426.81500244140625,427.1700134277344
2026-08-24 12:15:00-04:00,427.1600036621094,427.4700012207031,427.04998779296875,427.2962951660156
2026-08-24 12:20:00-04:00,427.2200012207031,427.30999755859375,427.0,427.0299987792969
2026-08-24 12:25:00-04:00,427.04998779296875,427.32000732421875,427.0,427.2950134277344
2026-08-24 12:30:00-04:00,427.30999755859375,427.5,427.29998779296875,427.4100036621094
2026-08-24 12:35:00-04:00,427.42999267578125,427.5899963378906,427.32000732421875,427.375
2026-08-24 12:40:00-04:00,427.3500061035156,427.5,427.0899963378906,427.3299865722656
2026-08-24 12:45:00-04:00,427.3599853515625,427.3599853515625,426.9599914550781,427.1400146484375
2026-08-24 12:50:00-04:00,427.1499938964844,427.1600036621094,426.54998779296875,426.6600036621094
2026-08-24 12:55:00-04:00,426.6700134277344,426.6700134277344,425.6600036621094,425.9700012207031
2026-08-24 13:00:00-04:00,426.010009765625,426.2300109863281,425.6499938964844,426.05999755859375
2026-08-24 13:05:00-04:00,426.1050109863281,426.9700012207031,425.8999938964844,426.7099914550781
2026-08-24 13:10:00-04:00,426.69000244140625,426.8999938964844,426.43798828125,426.6199951171875
2026-08-24 13:15:00-04:00,426.6700134277344,426.9200134277344,426.30999755859375,426.3500061035156
2026-08-24 13:20:00-04:00,426.3399963378906,426.3399963378906,424.6400146484375,425.2699890136719
2026-08-24 13:25:00-04:00,425.2799987792969,426.05999755859375,424.94000244140625,425.3999938964844
2026-08-24 13:30:00-04:00,425.43499755859375,425.70001220703125,425.1860046386719,425.3399963378906
2026-08-24 13:35:00-04:00,425.30999755859375,425.864990234375,425.260009765625,425.69500732421875
2026-08-24 13:40:00-04:00,425.70001220703125,425.79998779296875,425.2701110839844,425.42999267578125
2026-08-24 13:45:00-04:00,425.42999267578125,425.489990234375,424.9599914550781,424.9700012207031
2026-08-24 13:50:00-04:00,424.9700012207031,425.4800109863281,424.8399963378906,425.05999755859375
2026-08-24 13:55:00-04:00,425.0350036621094,425.3399963378906,424.93499755859375,425.260009765625
2026-08-24 14:00:00-04:00,425.260009765625,425.6700134277344,425.1400146484375,425.5799865722656
2026-08-24 14:05:00-04:00,425.55999755859375,425.6099853515625,424.2200012207031,424.8599853515625
2026-08-24 14:10:00-04:00,424.8800048828125,425.125,424.6600036621094,424.8699951171875
2026-08-24 14:15:00-04:00,424.8999938964844,425.07000732421875,424.3999938964844,424.489990234375
2026-08-24 14:20:00-04:00,424.489990234375,425.29998779296875,424.3800048828125,425.2300109863281
2026-08-24 14:25:00-04:00,425.239990234375,425.7900085449219,425.239990234375,425.6531982421875
2026-08-24 14:30:00-04:00,425.70001220703125,425.760009765625,424.8450012207031,424.8949890136719
2026-08-24 14:35:00-04:00,424.8900146484375,424.989990234375,424.20001220703125,424.7149963378906
2026-08-24 14:40:00-04:00,424.739990234375,425.2149963378906,424.7300109863281,425.1600036621094
2026-08-24 14:45:00-04:00,425.1499938964844,425.19000244140625,424.81500244140625,425.0
2026-08-24 14:50:00-04:00,424.989990234375,425.19000244140625,424.9700012207031,425.0299987792969
2026-08-24 14:55:00-04:00,425.0400085449219,425.3699951171875,425.0400085449219,425.28619384765625
2026-08-24 15:00:00-04:00,425.25,425.6698913574219,425.25,425.510009765625
2026-08-24 15:05:00-04:00,425.510009765625,425.6650085449219,425.2799987792969,425.4649963378906
2026-08-24 15:10:00-04:00,425.4800109863281,425.5,425.2300109863281,425.25
2026-08-24 15:15:00-04:00,425.2850036621094,425.8900146484375,425.2349853515625,425.8900146484375
2026-08-24 15:20:00-04:00,425.8699951171875,426.05999755859375,425.7200012207031,425.80999755859375
2026-08-24 15:25:00-04:00,425.8599853515625,425.8800048828125,425.6000061035156,425.760009765625
2026-08-24 15:30:00-04:00,425.718994140625,425.8399963378906,425.6300048828125,425.6889953613281
2026-08-24 15:35:00-04:00,425.70001220703125,426.19000244140625,425.6700134277344,426.0299987792969
2026-08-24 15:40:00-04:00,426.05499267578125,426.6099853515625,426.0299987792969,426.5299987792969
2026-08-24 15:45:00-04:00,426.5299987792969,427.0,426.510009765625,426.9800109863281
2026-08-24 15:50:00-04:00,426.9800109863281,427.0899963378906,426.6400146484375,426.7900085449219
2026-08-24 15:55:00-04:00,426.7799987792969,426.8999938964844,426.5199890136719,426.7300109863281
2026-08-25 09:30:00-04:00,422.7749938964844,424.04998779296875,422.7200012207031,423.8999938964844
2026-08-25 09:35:00-04:00,423.8999938964844,423.9049987792969,422.7803955078125,423.3699951171875
2026-08-25 09:40:00-04:00,423.3599853515625,423.8699951171875,422.8999938964844,423.04998779296875
2026-08-25 09:45:00-04:00,423.0799865722656,423.2695007324219,422.3299865722656,422.5
2026-08-25 09:50:00-04:00,422.4800109863281,422.9800109863281,422.385009765625,422.5498962402344
2026-08-25 09:55:00-04:00,422.5299987792969,423.4549865722656,422.3500061035156,423.3699951171875
2026-08-25 10:00:00-04:00,423.3599853515625,423.8299865722656,423.1400146484375,423.5899963378906
2026-08-25 10:05:00-04:00,423.6000061035156,424.1499938964844,423.5299987792969,423.989990234375
2026-08-25 10:10:00-04:00,423.989990234375,424.3299865722656,423.8599853515625,423.9700012207031
2026-08-25 10:15:00-04:00,423.9800109863281,424.1199951171875,423.6300048828125,423.6300048828125
2026-08-25 10:20:00-04:00,423.6400146484375,424.25,423.55999755859375,424.2499084472656
2026-08-25 10:25:00-04:00,424.2300109863281,424.489990234375,424.0299987792969,424.05999755859375
2026-08-25 10:30:00-04:00,424.05999755859375,424.7799987792969,423.0,424.5899963378906
2026-08-25 10:35:00-04:00,424.6199951171875,425.3500061035156,424.5899963378906,425.2900085449219
2026-08-25 10:40:00-04:00,425.2699890136719,425.4100036621094,424.76251220703125,425.32000732421875
2026-08-25 10:45:00-04:00,425.29998779296875,425.5899963378906,425.1300048828125,425.260009765625
2026-08-25 10:50:00-04:00,425.29998779296875,425.3999938964844,424.8999938964844,425.1400146484375
2026-08-25 10:55:00-04:00,425.1499938964844,425.32000732421875,424.94000244140625,425.1600036621094
2026-08-25 11:00:00-04:00,425.1700134277344,425.3489074707031,424.75,424.8500061035156
2026-08-25 11:05:00-04:00,424.8500061035156,425.0190124511719,424.69000244140625,424.8900146484375
2026-08-25 11:10:00-04:00,424.8800048828125,425.1476135253906,424.7699890136719,424.9800109863281
2026-08-25 11:15:00-04:00,424.9700012207031,425.5398864746094,424.6000061035156,425.4800109863281
2026-08-25 11:20:00-04:00,425.4700012207031,426.0299987792969,425.4599914550781,425.64801025390625
2026-08-25 11:25:00-04:00,425.6400146484375,425.8800048828125,425.2900085449219,425.6300048828125
2026-08-25 11:30:00-04:00,425.57000732421875,426.5899963378906,425.57000732421875,426.3500061035156
2026-08-25 11:35:00-04:00,426.3299865722656,427.239990234375,426.32000732421875,427.0400085449219
2026-08-25 11:40:00-04:00,427.0350036621094,427.3799133300781,426.8800048828125,427.07000732421875
2026-08-25 11:45:00-04:00,427.0799865722656,427.1700134277344,426.54998779296875,426.614990234375
2026-08-25 11:50:00-04:00,426.6300048828125,426.69500732421875,426.3599853515625,426.5398864746094
2026-08-25 11:55:00-04:00,426.54998779296875,426.8399963378906,426.3599853515625,426.739990234375
2026-08-25 12:00:00-04:00,426.7799987792969,426.82501220703125,426.2900085449219,426.3299865722656
2026-08-25 12:05:00-04:00,426.3299865722656,426.4100036621094,426.0,426.0
2026-08-25 12:10:00-04:00,426.0,426.1199951171875,425.80999755859375,426.0199890136719
2026-08-25 12:15:00-04:00,426.010009765625,426.260009765625,425.75,425.8500061035156
2026-08-25 12:20:00-04:00,425.8399963378906,425.8699951171875,425.3399963378906,425.55950927734375
2026-08-25 12:25:00-04:00,425.5799865722656,425.7699890136719,425.4700012207031,425.5950012207031
2026-08-25 12:30:00-04:00,425.5899963378906,425.739990234375,425.3699951171875,425.4100036621094
2026-08-25 12:35:00-04:00,425.3999938964844,426.0400085449219,425.2900085449219,425.92010498046875
2026-08-25 12:40:00-04:00,425.9200134277344,425.989990234375,425.7900085449219,425.8999938964844
2026-08-25 12:45:00-04:00,425.8699951171875,426.0794982910156,425.69000244140625,425.9949951171875
2026-08-25 12:50:00-04:00,426.0299072265625,426.1000061035156,425.8800048828125,425.8800048828125
2026-08-25 12:55:00-04:00,425.8800048828125,426.010009765625,425.57000732421875,425.8399963378906
2026-08-25 13:00:00-04:00,425.8800048828125,425.8800048828125,425.375,425.54998779296875
2026-08-25 13:05:00-04:00,425.5400085449219,425.55999755859375,425.04998779296875,425.17498779296875
2026-08-25 13:10:00-04:00,425.1700134277344,425.5,424.9800109863281,425.3399963378906
2026-08-25 13:15:00-04:00,425.3299865722656,425.79840087890625,425.0,425.7850036621094
2026-08-25 13:20:00-04:00,425.7699890136719,425.9800109863281,425.32000732421875,425.4399108886719
2026-08-25 13:25:00-04:00,425.4200134277344,425.6099853515625,425.1700134277344,425.2300109863281
2026-08-25 13:30:00-04:00,425.2799987792969,425.489990234375,425.20001220703125,425.3599853515625
2026-08-25 13:35:00-04:00,425.364990234375,425.8299865722656,425.364990234375,425.76800537109375
2026-08-25 13:40:00-04:00,425.7699890136719,425.9200134277344,425.6785583496094,425.79998779296875
2026-08-25 13:45:00-04:00,425.80999755859375,426.1449890136719,425.79998779296875,426.0849914550781
2026-08-25 13:50:00-04:00,426.1000061035156,426.114990234375,425.7774963378906,426.010009765625
2026-08-25 13:55:00-04:00,425.989990234375,426.31500244140625,425.9800109863281,426.30999755859375
2026-08-25 14:00:00-04:00,426.32501220703125,426.32501220703125,425.9649963378906,425.9750061035156
2026-08-25 14:05:00-04:00,425.9800109863281,426.239990234375,425.9200134277344,426.14801025390625
2026-08-25 14:10:00-04:00,426.1499938964844,426.489990234375,426.0950012207031,426.2200012207031
2026-08-25 14:15:00-04:00,426.2099914550781,426.3900146484375,426.12799072265625,426.3599853515625
2026-08-25 14:20:00-04:00,426.35101318359375,426.44000244140625,426.2900085449219,426.3599853515625
2026-08-25 14:25:00-04:00,426.3999938964844,426.510009765625,426.3599853515625,426.4800109863281
2026-08-25 14:30:00-04:00,426.4800109863281,426.4800109863281,426.1000061035156,426.2298889160156
2026-08-25 14:35:00-04:00,426.239990234375,426.29998779296875,426.0790100097656,426.260009765625
2026-08-25 14:40:00-04:00,426.260009765625,426.489990234375,426.2449951171875,426.3800964355469
2026-08-25 14:45:00-04:00,426.4049987792969,426.6600036621094,426.3900146484375,426.5899963378906
2026-08-25 14:50:00-04:00,426.57000732421875,426.5899963378906,426.4491882324219,426.54998779296875
2026-08-25 14:55:00-04:00,426.5400085449219,426.9200134277344,426.5101013183594,426.8601989746094
2026-08-25 15:00:00-04:00,426.8599853515625,427.1610107421875,426.7650146484375,426.8299865722656
2026-08-25 15:05:00-04:00,426.80999755859375,427.3900146484375,426.7900085449219,427.2850036621094
2026-08-25 15:10:00-04:00,427.2799987792969,427.6400146484375,427.239990234375,427.55999755859375
2026-08-25 15:15:00-04:00,427.5799865722656,428.10101318359375,427.5400085449219,428.0
2026-08-25 15:20:00-04:00,428.0,428.0299987792969,427.6499938964844,427.75
2026-08-25 15:25:00-04:00,427.7300109863281,427.7300109863281,427.3500061035156,427.4800109863281
2026-08-25 15:30:00-04:00,427.510009765625,427.57550048828125,427.2799987792969,427.29998779296875
2026-08-25 15:35:00-04:00,427.3125,427.4200134277344,427.2200012207031,427.3500061035156
2026-08-25 15:40:00-04:00,427.3501892089844,427.8699951171875,427.3399963378906,427.6099853515625
2026-08-25 15:45:00-04:00,427.6099853515625,427.8500061035156,427.4200134277344,427.82501220703125
2026-08-25 15:50:00-04:00,427.82000732421875,428.0899963378906,427.5899963378906,427.8800964355469
2026-08-25 15:55:00-04:00,427.885009765625,428.1300048828125,427.5199890136719,428.1000061035156
2026-08-26 09:30:00-04:00,423.0,423.6400146484375,422.8299865722656,423.3900146484375
2026-08-26 09:35:00-04:00,423.44000244140625,423.5,423.07000732421875,423.1300048828125
2026-08-26 09:40:00-04:00,423.1426086425781,424.05999755859375,422.9599914550781,423.7349853515625
2026-08-26 09:45:00-04:00,423.70001220703125,424.29998779296875,423.6099853515625,424.2900085449219
2026-08-26 09:50:00-04:00,424.2799987792969,424.5799865722656,424.0,424.0950012207031
2026-08-26 09:55:00-04:00,424.1199951171875,424.82000732421875,424.1099853515625,424.7799987792969
2026-08-26 10:00:00-04:00,424.79998779296875,424.95001220703125,423.9599914550781,424.135009765625
2026-08-26 10:05:00-04:00,424.1499938964844,424.2900085449219,423.79998779296875,423.9800109863281
2026-08-26 10:10:00-04:00,423.9599914550781,424.3500061035156,423.6499938964844,423.7200012207031
2026-08-26 10:15:00-04:00,423.739990234375,424.1000061035156,423.6400146484375,423.9599914550781
2026-08-26 10:20:00-04:00,423.989990234375,424.29998779296875,423.614990234375,423.80999755859375
2026-08-26 10:25:00-04:00,423.82000732421875,423.8299865722656,423.32000732421875,423.3900146484375
2026-08-26 10:30:00-04:00,423.3599853515625,423.67999267578125,423.239990234375,423.5899963378906
2026-08-26 10:35:00-04:00,423.54901123046875,423.5899963378906,423.0899963378906,423.45001220703125
2026-08-26 10:40:00-04:00,423.4649963378906,423.9800109863281,423.4649963378906,423.8999938964844
2026-08-26 10:45:00-04:00,423.9200134277344,423.9599914550781,422.9700012207031,423.07000732421875
2026-08-26 10:50:00-04:00,423.0,423.1700134277344,422.489990234375,422.639892578125
2026-08-26 10:55:00-04:00,422.6400146484375,423.0400085449219,422.1600036621094,422.17999267578125
2026-08-26 11:00:00-04:00,422.1499938964844,422.3800048828125,421.2699890136719,421.7300109863281
2026-08-26 11:05:00-04:00,421.7300109863281,421.7300109863281,420.760009765625,421.68121337890625
2026-08-26 11:10:00-04:00,421.6650085449219,421.8599853515625,420.80999755859375,420.8699951171875
2026-08-26 11:15:00-04:00,420.875,421.3399963378906,420.30999755859375,421.0199890136719
2026-08-26 11:20:00-04:00,420.9800109863281,421.3399963378906,420.8299865722656,421.1199951171875
2026-08-26 11:25:00-04:00,421.1199951171875,421.739990234375,421.0,421.42999267578125
2026-08-26 11:30:00-04:00,421.3999938964844,421.70001220703125,421.3900146484375,421.70001220703125
2026-08-26 11:35:00-04:00,421.7132873535156,421.9997863769531,421.6300048828125,421.9997863769531
2026-08-26 11:40:00-04:00,421.9949951171875,422.30999755859375,421.8900146484375,422.29998779296875
2026-08-26 11:45:00-04:00,422.30999755859375,422.6968078613281,422.2699890136719,422.6199951171875
2026-08-26 11:50:00-04:00,422.6300048828125,422.6400146484375,421.7349853515625,421.9200134277344
2026-08-26 11:55:00-04:00,421.8900146484375,422.20001220703125,421.510009765625,421.5299987792969
2026-08-26 12:00:00-04:00,421.5,421.7900085449219,421.0,421.6300048828125
2026-08-26 12:05:00-04:00,421.635009765625,422.0799865722656,421.6000061035156,421.8999938964844
2026-08-26 12:10:00-04:00,421.875,421.9200134277344,421.6199951171875,421.9200134277344
2026-08-26 12:15:00-04:00,421.8999938964844,421.94000244140625,421.6099853515625,421.82000732421875
2026-08-26 12:20:00-04:00,421.80999755859375,421.875,421.3699951171875,421.510009765625
2026-08-26 12:25:00-04:00,421.55999755859375,421.635009765625,421.3800048828125,421.44720458984375
2026-08-26 12:30:00-04:00,421.4549865722656,421.55999755859375,421.260009765625,421.3800048828125
2026-08-26 12:35:00-04:00,421.3399963378906,421.4700012207031,420.70001220703125,420.7300109863281
2026-08-26 12:40:00-04:00,420.739990234375,421.1099853515625,420.5899963378906,420.7909851074219
2026-08-26 12:45:00-04:00,420.8299865722656,421.3999938964844,420.82000732421875,421.3999938964844
2026-08-26 12:50:00-04:00,421.4276123046875,421.6099853515625,420.8800048828125,420.95001220703125
2026-08-26 12:55:00-04:00,420.8999938964844,421.1578063964844,420.8500061035156,421.1000061035156
2026-08-26 13:00:00-04:00,421.1400146484375,421.3399963378906,421.0899963378906,421.2799987792969
2026-08-26 13:05:00-04:00,421.2699890136719,421.5400085449219,421.010009765625,421.3399963378906
2026-08-26 13:10:00-04:00,421.34820556640625,421.45001220703125,421.2699890136719,421.4200134277344
2026-08-26 13:15:00-04:00,421.4200134277344,421.510009765625,421.2712097167969,421.510009765625
2026-08-26 13:20:00-04:00,421.5150146484375,421.7799987792969,421.4700012207031,421.568603515625
2026-08-26 13:25:00-04:00,421.55499267578125,421.75,421.34368896484375,421.6499938964844
2026-08-26 13:30:00-04:00,421.6700134277344,422.07501220703125,421.5899963378906,421.9812927246094
2026-08-26 13:35:00-04:00,421.989990234375,422.0,421.4800109863281,421.6000061035156
2026-08-26 13:40:00-04:00,421.6000061035156,421.79998779296875,421.5,421.6000061035156
2026-08-26 13:45:00-04:00,421.6199951171875,421.7650146484375,421.52410888671875,421.7099914550781
2026-08-26 13:50:00-04:00,421.7200012207031,421.7900085449219,421.6400146484375,421.6600036621094
2026-08-26 13:55:00-04:00,421.6400146484375,421.69000244140625,421.3399963378906,421.6600036621094
2026-08-26 14:00:00-04:00,421.6600036621094,422.17999267578125,421.6000061035156,422.1499938964844
2026-08-26 14:05:00-04:00,422.1499938964844,422.32000732421875,421.95001220703125,422.0899963378906
2026-08-26 14:10:00-04:00,422.06500244140625,422.2200012207031,421.8699951171875,421.8999938964844
2026-08-26 14:15:00-04:00,421.9200134277344,421.94000244140625,421.45001220703125,421.4700012207031
2026-08-26 14:20:00-04:00,421.4849853515625,421.489990234375,421.2300109863281,421.3399963378906
2026-08-26 14:25:00-04:00,421.3699951171875,421.45001220703125,421.260009765625,421.4299011230469
2026-08-26 14:30:00-04:00,421.4100036621094,421.489990234375,421.27099609375,421.2900085449219
2026-08-26 14:35:00-04:00,421.25,421.54998779296875,421.17388916015625,421.3299865722656
2026-08-26 14:40:00-04:00,421.3399963378906,421.67999267578125,421.3399963378906,421.6050109863281
2026-08-26 14:45:00-04:00,421.6000061035156,421.7099914550781,421.510009765625,421.6099853515625
2026-08-26 14:50:00-04:00,421.5799865722656,421.69000244140625,421.5450134277344,421.5450134277344
2026-08-26 14:55:00-04:00,421.54998779296875,421.54998779296875,421.2799987792969,421.3299865722656
2026-08-26 15:00:00-04:00,421.3500061035156,421.44000244140625,421.0799865722656,421.1600036621094
2026-08-26 15:05:00-04:00,421.1700134277344,421.29998779296875,421.07501220703125,421.260009765625
2026-08-26 15:10:00-04:00,421.260009765625,421.489990234375,421.25,421.3599853515625
2026-08-26 15:15:00-04:00,421.3599853515625,421.4895935058594,421.1300048828125,421.1549987792969
2026-08-26 15:20:00-04:00,421.1400146484375,421.3900146484375,421.0989990234375,421.3699951171875
2026-08-26 15:25:00-04:00,421.3699951171875,421.7799987792969,421.3699951171875,421.7200012207031
2026-08-26 15:30:00-04:00,421.7300109863281,421.989990234375,421.6000061035156,421.6499938964844
2026-08-26 15:35:00-04:00,421.6400146484375,421.75,421.56549072265625,421.5799865722656
2026-08-26 15:40:00-04:00,421.57000732421875,421.6000061035156,421.3500061035156,421.4800109863281
2026-08-26 15:45:00-04:00,421.5,421.57000732421875,421.39898681640625,421.4361877441406
2026-08-26 15:50:00-04:00,421.4200134277344,421.45001220703125,421.17999267578125,421.2950134277344
2026-08-26 15:55:00-04:00,421.29998779296875,421.42999267578125,421.1600036621094,421.3299865722656
2026-08-27 09:30:00-04:00,420.81500244140625,421.1300048828125,419.4599914550781,419.510009765625
2026-08-27 09:35:00-04:00,419.5199890136719,420.04998779296875,419.3900146484375,419.5299987792969
2026-08-27 09:40:00-04:00,419.4599914550781,420.3299865722656,419.2099914550781,419.7900085449219
2026-08-27 09:45:00-04:00,419.75,419.8999938964844,418.42999267578125,419.6000061035156
2026-08-27 09:50:00-04:00,419.6499938964844,420.1400146484375,418.9700012207031,419.1499938964844
2026-08-27 09:55:00-04:00,419.17999267578125,419.4750061035156,419.04998779296875,419.19000244140625
2026-08-27 10:00:00-04:00,419.17999267578125,419.5299987792969,418.8417053222656,419.5
2026-08-27 10:05:00-04:00,419.5400085449219,419.8299865722656,419.1000061035156,419.3699951171875
2026-08-27 10:10:00-04:00,419.385009765625,419.6600036621094,419.1300048828125,419.30999755859375
2026-08-27 10:15:00-04:00,419.30999755859375,420.0899963378906,419.29998779296875,419.80999755859375
2026-08-27 10:20:00-04:00,419.8299865722656,420.2499084472656,419.44000244140625,419.71990966796875
2026-08-27 10:25:00-04:00,419.70001220703125,420.010009765625,419.32000732421875,419.9800109863281
2026-08-27 10:30:00-04:00,419.9845886230469,420.42999267578125,419.9845886230469,420.4200134277344
2026-08-27 10:35:00-04:00,420.4100036621094,420.9100036621094,420.3999938964844,420.72698974609375
2026-08-27 10:40:00-04:00,420.75,421.489990234375,420.4750061035156,421.2200012207031
2026-08-27 10:45:00-04:00,421.2300109863281,421.57000732421875,420.9700012207031,421.05389404296875
2026-08-27 10:50:00-04:00,421.07000732421875,421.1499938964844,420.8492126464844,420.8900146484375
2026-08-27 10:55:00-04:00,420.8800048828125,421.07000732421875,420.57501220703125,420.8900146484375
2026-08-27 11:00:00-04:00,420.8949890136719,421.2799987792969,420.8949890136719,421.1099853515625
2026-08-27 11:05:00-04:00,421.1099853515625,421.260009765625,420.8500061035156,420.9305114746094
2026-08-27 11:10:00-04:00,420.9200134277344,421.239990234375,420.9100036621094,420.9800109863281
2026-08-27 11:15:00-04:00,420.9800109863281,421.489990234375,420.9800109863281,421.4700012207031
2026-08-27 11:20:00-04:00,421.42999267578125,421.44000244140625,420.7300109863281,420.7900085449219
2026-08-27 11:25:00-04:00,420.7900085449219,421.2699890136719,420.6700134277344,421.0299987792969
2026-08-27 11:30:00-04:00,421.0299987792969,421.55999755859375,420.9599914550781,421.3999938964844
2026-08-27 11:35:00-04:00,421.3999938964844,421.6300048828125,421.32000732421875,421.6300048828125
2026-08-27 11:40:00-04:00,421.625,422.19000244140625,421.6099853515625,421.7550048828125
2026-08-27 11:45:00-04:00,421.7699890136719,422.1195068359375,421.67999267578125,422.0799865722656
2026-08-27 11:50:00-04:00,422.0799865722656,422.6199951171875,422.0,422.55999755859375
2026-08-27 11:55:00-04:00,422.54998779296875,422.7300109863281,422.4599914550781,422.6650085449219
2026-08-27 12:00:00-04:00,422.6499938964844,422.8699951171875,422.51611328125,422.7799987792969
2026-08-27 12:05:00-04:00,422.7215881347656,422.75,422.2099914550781,422.3399963378906
2026-08-27 12:10:00-04:00,422.3500061035156,422.3800048828125,422.0799865722656,422.1099853515625
2026-08-27 12:15:00-04:00,422.0950012207031,422.17498779296875,421.9200134277344,421.9700012207031
2026-08-27 12:20:00-04:00,421.9700012207031,422.44000244140625,421.9700012207031,422.2699890136719
2026-08-27 12:25:00-04:00,422.2799987792969,422.464599609375,422.239990234375,422.3900146484375
2026-08-27 12:30:00-04:00,422.3900146484375,422.54998779296875,422.25,422.54998779296875
2026-08-27 12:35:00-04:00,422.4949951171875,422.8800048828125,422.44000244140625,422.80670166015625
2026-08-27 12:40:00-04:00,422.7650146484375,422.7799987792969,422.625,422.760009765625
2026-08-27 12:45:00-04:00,422.7799987792969,423.06781005859375,422.6700134277344,422.7099914550781
2026-08-27 12:50:00-04:00,422.7099914550781,423.239990234375,422.6300048828125,423.19000244140625
2026-08-27 12:55:00-04:00,423.222412109375,423.222412109375,422.875,423.1099853515625
2026-08-27 13:00:00-04:00,423.1300048828125,423.25,422.8800048828125,423.04998779296875
2026-08-27 13:05:00-04:00,423.0299987792969,423.0299987792969,422.6700134277344,422.69500732421875
2026-08-27 13:10:00-04:00,422.70001220703125,422.7799987792969,422.5,422.6499938964844
2026-08-27 13:15:00-04:00,422.6549987792969,422.6600036621094,422.489990234375,422.5299987792969
2026-08-27 13:20:00-04:00,422.5899963378906,422.79998779296875,422.55999755859375,422.7900085449219
2026-08-27 13:25:00-04:00,422.79998779296875,422.8399963378906,422.57000732421875,422.67498779296875
2026-08-27 13:30:00-04:00,422.6600036621094,422.7650146484375,422.57000732421875,422.635009765625
2026-08-27 13:35:00-04:00,422.6099853515625,422.75,422.489990234375,422.75
2026-08-27 13:40:00-04:00,422.760009765625,423.03350830078125,422.6199951171875,422.7699890136719
2026-08-27 13:45:00-04:00,422.7699890136719,422.80499267578125,422.3299865722656,422.6449890136719
2026-08-27 13:50:00-04:00,422.6300048828125,422.6700134277344,422.3599853515625,422.4700012207031
2026-08-27 13:55:00-04:00,422.4800109863281,422.57000732421875,422.2099914550781,422.29998779296875
2026-08-27 14:00:00-04:00,422.32000732421875,422.3949890136719,421.92999267578125,422.010009765625
2026-08-27 14:05:00-04:00,421.9964904785156,422.45001220703125,421.9964904785156,422.1499938964844
2026-08-27 14:10:00-04:00,422.20001220703125,422.30999755859375,422.0799865722656,422.2300109863281
2026-08-27 14:15:00-04:00,422.2250061035156,422.3999938964844,422.17169189453125,422.3999938964844
2026-08-27 14:20:00-04:00,422.39300537109375,422.44000244140625,421.98309326171875,422.0299987792969
2026-08-27 14:25:00-04:00,422.0255126953125,422.0255126953125,421.7900085449219,421.8500061035156
2026-08-27 14:30:00-04:00,421.8299865722656,422.04998779296875,421.79998779296875,421.9150085449219
2026-08-27 14:35:00-04:00,421.8999938964844,422.19000244140625,421.8999938964844,422.04998779296875
2026-08-27 14:40:00-04:00,422.1099853515625,422.1400146484375,422.04998779296875,422.0899963378906
2026-08-27 14:45:00-04:00,422.0950012207031,422.33099365234375,422.0899963378906,422.2449951171875
2026-08-27 14:50:00-04:00,422.2300109863281,422.74700927734375,422.1499938964844,422.54998779296875
2026-08-27 14:55:00-04:00,422.5199890136719,422.68499755859375,422.489990234375,422.6300048828125
2026-08-27 15:00:00-04:00,422.6400146484375,423.2213134765625,422.6400146484375,422.92999267578125
2026-08-27 15:05:00-04:00,422.94000244140625,423.3500061035156,422.8500061035156,423.2699890136719
2026-08-27 15:10:00-04:00,423.260009765625,423.2799987792969,423.05499267578125,423.1300048828125
2026-08-27 15:15:00-04:00,423.1400146484375,423.17999267578125,422.5899963378906,422.74029541015625
2026-08-27 15:20:00-04:00,422.7900085449219,422.7900085449219,422.32000732421875,422.3901062011719
2026-08-27 15:25:00-04:00,422.385009765625,422.489990234375,422.1099853515625,422.260009765625
2026-08-27 15:30:00-04:00,422.2699890136719,422.4700012207031,422.17999267578125,422.3599853515625
2026-08-27 15:35:00-04:00,422.3999938964844,422.5,422.3500061035156,422.44500732421875
2026-08-27 15:40:00-04:00,422.44500732421875,422.6499938964844,422.42999267578125,422.6300048828125
2026-08-27 15:45:00-04:00,422.64898681640625,422.8999938964844,422.5249938964844,422.6700134277344
2026-08-27 15:50:00-04:00,422.6700134277344,422.67999267578125,422.3299865722656,422.4649963378906
2026-08-27 15:55:00-04:00,422.4649963378906,422.6499938964844,422.2099914550781,422.6000061035156
2026-08-28 09:30:00-04:00,422.239990234375,422.30999755859375,421.7200012207031,422.2862854003906
2026-08-28 09:35:00-04:00,422.2799987792969,422.46990966796875,421.8800048828125,422.3800048828125
2026-08-28 09:40:00-04:00,422.3800048828125,422.53900146484375,421.9800109863281,422.2300109863281
2026-08-28 09:45:00-04:00,422.260009765625,422.92999267578125,422.260009765625,422.67999267578125
2026-08-28 09:50:00-04:00,422.760009765625,422.93499755859375,422.489990234375,422.7749938964844
2026-08-28 09:55:00-04:00,422.760009765625,424.3299865722656,422.04998779296875,422.2099914550781
2026-08-28 10:00:00-04:00,422.0,424.7900085449219,419.3500061035156,419.7341003417969
2026-08-28 10:05:00-04:00,419.760009765625,420.19000244140625,417.0400085449219,419.42999267578125
2026-08-28 10:10:00-04:00,419.4068908691406,419.4068908691406,416.3999938964844,416.82501220703125
2026-08-28 10:15:00-04:00,416.8699951171875,418.7799987792969,416.739990234375,417.5199890136719
2026-08-28 10:20:00-04:00,417.5299987792969,418.94000244140625,417.0199890136719,417.9100036621094
2026-08-28 10:25:00-04:00,417.9100036621094,418.0799865722656,415.239990234375,417.31500244140625
2026-08-28 10:30:00-04:00,417.32501220703125,419.0400085449219,417.32501220703125,419.0199890136719
2026-08-28 10:35:00-04:00,418.989990234375,419.6300048828125,418.5,418.5299987792969
2026-08-28 10:40:00-04:00,418.543212890625,418.8599853515625,417.80999755859375,418.20001220703125
2026-08-28 10:45:00-04:00,418.1600036621094,418.3299865722656,417.3399963378906,417.4599914550781
2026-08-28 10:50:00-04:00,417.44500732421875,419.07000732421875,417.20001220703125,419.0350036621094
2026-08-28 10:55:00-04:00,419.1000061035156,419.9800109863281,418.9700012207031,419.5199890136719
2026-08-28 11:00:00-04:00,419.5199890136719,420.04998779296875,419.0299987792969,419.7850036621094
2026-08-28 11:05:00-04:00,419.760009765625,419.9200134277344,419.0400085449219,419.1400146484375
2026-08-28 11:10:00-04:00,419.1099853515625,419.19000244140625,417.6600036621094,417.8699951171875
2026-08-28 11:15:00-04:00,417.8999938964844,418.3599853515625,417.3900146484375,417.5
2026-08-28 11:20:00-04:00,417.55999755859375,418.5,417.19000244140625,418.4700012207031
2026-08-28 11:25:00-04:00,418.489990234375,418.7550048828125,417.75,418.54998779296875
2026-08-28 11:30:00-04:00,418.55499267578125,418.5799865722656,417.44000244140625,417.7300109863281
2026-08-28 11:35:00-04:00,417.7799987792969,418.260009765625,416.7799987792969,416.8299865722656
2026-08-28 11:40:00-04:00,416.8299865722656,416.8949890136719,415.6099853515625,416.0
2026-08-28 11:45:00-04:00,416.1099853515625,416.7099914550781,415.3800048828125,415.7049865722656
2026-08-28 11:50:00-04:00,415.7300109863281,416.6600036621094,415.6099853515625,416.1300048828125
2026-08-28 11:55:00-04:00,416.0799865722656,416.2099914550781,414.5610046386719,414.6600036621094
2026-08-28 12:00:00-04:00,414.6400146484375,415.05499267578125,414.260009765625,414.2701110839844
2026-08-28 12:05:00-04:00,414.2300109863281,414.25,413.1300048828125,413.1600036621094
2026-08-28 12:10:00-04:00,413.1300048828125,413.80999755859375,412.1099853515625,412.2300109863281
2026-08-28 12:15:00-04:00,412.19000244140625,412.7200012207031,410.6830139160156,410.6830139160156
2026-08-28 12:20:00-04:00,410.7013854980469,410.9200134277344,409.1099853515625,409.5299987792969
2026-08-28 12:25:00-04:00,409.5199890136719,410.80999755859375,409.19000244140625,410.68499755859375
2026-08-28 12:30:00-04:00,410.6700134277344,411.3399963378906,409.9100036621094,410.0899963378906
2026-08-28 12:35:00-04:00,410.1050109863281,411.45001220703125,410.0968017578125,411.13848876953125
2026-08-28 12:40:00-04:00,411.1300048828125,411.260009765625,409.4200134277344,409.6499938964844
2026-08-28 12:45:00-04:00,409.70001220703125,410.8363037109375,409.70001220703125,410.8357849121094
2026-08-28 12:50:00-04:00,410.8399963378906,411.1099853515625,410.5799865722656,410.67999267578125
2026-08-28 12:55:00-04:00,410.69000244140625,410.8599853515625,410.1499938964844,410.5899963378906
2026-08-28 13:00:00-04:00,410.6199951171875,410.79998779296875,410.0400085449219,410.29998779296875
2026-08-28 13:05:00-04:00,410.32000732421875,410.95001220703125,410.260009765625,410.6499938964844
2026-08-28 13:10:00-04:00,410.6499938964844,410.7699890136719,409.8804931640625,410.7699890136719
2026-08-28 13:15:00-04:00,410.8699951171875,410.8900146484375,410.25,410.7799987792969
2026-08-28 13:20:00-04:00,410.80999755859375,411.2995910644531,410.7001037597656,411.1445007324219
2026-08-28 13:25:00-04:00,411.19000244140625,411.25,410.32000732421875,410.489990234375
2026-08-28 13:30:00-04:00,410.57000732421875,410.8399963378906,410.07000732421875,410.6127014160156
2026-08-28 13:35:00-04:00,410.6099853515625,410.8500061035156,409.8900146484375,409.94000244140625
2026-08-28 13:40:00-04:00,409.96771240234375,410.25,408.8700866699219,409.5899963378906
2026-08-28 13:45:00-04:00,409.54998779296875,410.30999755859375,409.489990234375,410.1600036621094
2026-08-28 13:50:00-04:00,410.17498779296875,410.30499267578125,409.9700012207031,410.0400085449219
2026-08-28 13:55:00-04:00,410.010009765625,410.010009765625,409.5,409.760009765625
2026-08-28 14:00:00-04:00,409.77630615234375,409.9599914550781,408.92999267578125,409.0
2026-08-28 14:05:00-04:00,409.0199890136719,409.5899963378906,408.8699951171875,409.0899963378906
2026-08-28 14:10:00-04:00,409.0899963378906,409.4070129394531,408.8999938964844,409.0799865722656
2026-08-28 14:15:00-04:00,409.04998779296875,409.19000244140625,408.32000732421875,408.8500061035156
2026-08-28 14:20:00-04:00,408.8312072753906,409.2699890136719,408.0801086425781,408.3800048828125
2026-08-28 14:25:00-04:00,408.4200134277344,409.25628662109375,408.2799987792969,408.6099853515625
2026-08-28 14:30:00-04:00,408.57000732421875,408.8500061035156,408.239990234375,408.70001220703125
2026-08-28 14:35:00-04:00,408.69000244140625,408.7099914550781,408.1400146484375,408.30999755859375
2026-08-28 14:40:00-04:00,408.31500244140625,408.5400085449219,407.6199951171875,408.17999267578125
2026-08-28 14:45:00-04:00,408.1899108886719,408.5299987792969,407.8800048828125,408.3500061035156
2026-08-28 14:50:00-04:00,408.364990234375,408.69000244140625,408.2200012207031,408.45001220703125
2026-08-28 14:55:00-04:00,408.4599914550781,408.83990478515625,408.2900085449219,408.70001220703125
2026-08-28 15:00:00-04:00,408.6449890136719,409.1700134277344,408.30999755859375,408.7300109863281
2026-08-28 15:05:00-04:00,408.75,409.19000244140625,408.6700134277344,409.1199951171875
2026-08-28 15:10:00-04:00,409.1099853515625,409.1400146484375,408.4200134277344,408.6400146484375
2026-08-28 15:15:00-04:00,408.6705017089844,409.0299987792969,408.4800109863281,408.9599914550781
2026-08-28 15:20:00-04:00,408.9599914550781,409.1549987792969,408.69500732421875,408.8450012207031
2026-08-28 15:25:00-04:00,408.8900146484375,409.2898864746094,408.8900146484375,409.16009521484375
2026-08-28 15:30:00-04:00,409.135009765625,409.3999938964844,409.05499267578125,409.2099914550781
2026-08-28 15:35:00-04:00,409.2149963378906,409.5899963378906,409.1199951171875,409.5199890136719
2026-08-28 15:40:00-04:00,409.5199890136719,409.5799865722656,409.3599853515625,409.40130615234375
2026-08-28 15:45:00-04:00,409.4049987792969,409.4049987792969,408.4849853515625,408.71490478515625
2026-08-28 15:50:00-04:00,408.70001220703125,408.96771240234375,408.2799987792969,408.7200012207031
2026-08-28 15:55:00-04:00,408.7200012207031,409.1199951171875,408.6400146484375,408.80999755859375
2026-08-31 09:30:00-04:00,407.760009765625,407.9100036621094,406.95001220703125,406.989990234375
2026-08-31 09:35:00-04:00,407.0299987792969,407.4599914550781,406.75,406.8500061035156
2026-08-31 09:40:00-04:00,406.8399963378906,406.9599914550781,406.3999938964844,406.57000732421875
2026-08-31 09:45:00-04:00,406.5899963378906,406.5899963378906,405.760009765625,405.80999755859375
2026-08-31 09:50:00-04:00,405.7904968261719,406.1499938964844,405.2799987792969,405.70001220703125
2026-08-31 09:55:00-04:00,405.739990234375,405.7799987792969,404.8999938964844,405.1708984375
2026-08-31 10:00:00-04:00,405.17999267578125,405.6499938964844,405.0299987792969,405.4049987792969
2026-08-31 10:05:00-04:00,405.3800048828125,406.0299987792969,405.2900085449219,405.9649963378906
2026-08-31 10:10:00-04:00,405.9580993652344,406.010009765625,405.42498779296875,406.010009765625
2026-08-31 10:15:00-04:00,406.010009765625,406.3399963378906,405.7300109863281,405.94000244140625
2026-08-31 10:20:00-04:00,405.9200134277344,405.9200134277344,404.9700012207031,405.2099914550781
2026-08-31 10:25:00-04:00,405.1799011230469,405.5899963378906,405.07000732421875,405.2799987792969
2026-08-31 10:30:00-04:00,405.2799987792969,406.0799865722656,405.2200012207031,405.75
2026-08-31 10:35:00-04:00,405.7799987792969,406.8500061035156,405.760009765625,406.5799865722656
2026-08-31 10:40:00-04:00,406.57000732421875,406.7900085449219,406.3599853515625,406.5
2026-08-31 10:45:00-04:00,406.5,406.7900085449219,406.0950012207031,406.1300048828125
2026-08-31 10:50:00-04:00,406.1099853515625,406.57000732421875,405.8800048828125,406.5350036621094
2026-08-31 10:55:00-04:00,406.5299987792969,406.82000732421875,406.3599853515625,406.3999938964844
2026-08-31 11:00:00-04:00,406.4100036621094,406.8699951171875,406.1199951171875,406.1199951171875
2026-08-31 11:05:00-04:00,406.1300048828125,406.6700134277344,406.1000061035156,406.6600036621094
2026-08-31 11:10:00-04:00,406.6499938964844,406.9700012207031,406.4700012207031,406.739990234375
2026-08-31 11:15:00-04:00,406.75,406.9700012207031,406.19000244140625,406.4700012207031
2026-08-31 11:20:00-04:00,406.4800109863281,406.7799987792969,406.2099914550781,406.5799865722656
2026-08-31 11:25:00-04:00,406.6000061035156,406.70001220703125,406.3599853515625,406.55999755859375
2026-08-31 11:30:00-04:00,406.5299987792969,406.67999267578125,406.1199951171875,406.29998779296875
2026-08-31 11:35:00-04:00,406.29998779296875,406.5299987792969,406.0,406.239990234375
2026-08-31 11:40:00-04:00,406.260009765625,406.3900146484375,405.9599914550781,406.05999755859375
2026-08-31 11:45:00-04:00,406.04998779296875,406.57989501953125,406.04998779296875,406.4200134277344
2026-08-31 11:50:00-04:00,406.3999938964844,406.5,405.989990234375,406.0899963378906
2026-08-31 11:55:00-04:00,406.0849914550781,406.19000244140625,405.7799987792969,405.9200134277344
2026-08-31 12:00:00-04:00,405.9599914550781,406.510009765625,405.6700134277344,406.32501220703125
2026-08-31 12:05:00-04:00,406.30999755859375,406.8299865722656,406.2850036621094,406.6600036621094
2026-08-31 12:10:00-04:00,406.6600036621094,406.94000244140625,406.5199890136719,406.7099914550781
2026-08-31 12:15:00-04:00,406.7550048828125,406.8999938964844,406.6700134277344,406.7200012207031
2026-08-31 12:20:00-04:00,406.7300109863281,406.8699951171875,406.5799865722656,406.79998779296875
2026-08-31 12:25:00-04:00,406.8299865722656,407.05999755859375,406.75,407.04998779296875
2026-08-31 12:30:00-04:00,407.05999755859375,407.2099914550781,406.7701110839844,406.8699951171875
2026-08-31 12:35:00-04:00,406.8599853515625,406.8599853515625,406.40899658203125,406.4800109863281
2026-08-31 12:40:00-04:00,406.4599914550781,406.9744873046875,406.4200134277344,406.82000732421875
2026-08-31 12:45:00-04:00,406.8399963378906,406.92999267578125,406.510009765625,406.6600036621094
2026-08-31 12:50:00-04:00,406.6449890136719,406.9649963378906,406.6400146484375,406.6650085449219
2026-08-31 12:55:00-04:00,406.69000244140625,406.69000244140625,406.489990234375,406.5899963378906
2026-08-31 13:00:00-04:00,406.6000061035156,406.7099914550781,406.3949890136719,406.5199890136719
2026-08-31 13:05:00-04:00,406.5299987792969,406.55999755859375,406.3299865722656,406.4599914550781
2026-08-31 13:10:00-04:00,406.42999267578125,406.76739501953125,406.4200134277344,406.6499938964844
2026-08-31 13:15:00-04:00,406.55999755859375,406.8599853515625,406.5400085449219,406.8299865722656
2026-08-31 13:20:00-04:00,406.8299865722656,406.9200134277344,406.54998779296875,406.54998779296875
2026-08-31 13:25:00-04:00,406.57000732421875,406.760009765625,406.17999267578125,406.3599853515625
2026-08-31 13:30:00-04:00,406.3299865722656,406.7300109863281,406.2799987792969,406.5400085449219
2026-08-31 13:35:00-04:00,406.57000732421875,406.79998779296875,406.57000732421875,406.6300048828125
2026-08-31 13:40:00-04:00,406.6199951171875,406.92999267578125,406.57000732421875,406.885009765625
2026-08-31 13:45:00-04:00,406.8699951171875,407.20001220703125,406.79998779296875,407.07000732421875
2026-08-31 13:50:00-04:00,407.0751037597656,407.2095031738281,406.94000244140625,406.9844055175781
2026-08-31 13:55:00-04:00,406.980712890625,407.010009765625,406.79998779296875,406.8900146484375
2026-08-31 14:00:00-04:00,406.8999938964844,406.8999938964844,406.3299865722656,406.489990234375
2026-08-31 14:05:00-04:00,406.4800109863281,406.5400085449219,406.3800048828125,406.4100036621094
2026-08-31 14:10:00-04:00,406.4049987792969,406.6099853515625,406.30999755859375,406.6099853515625
2026-08-31 14:15:00-04:00,406.6199951171875,406.69000244140625,406.42999267578125,406.44989013671875
2026-08-31 14:20:00-04:00,406.45001220703125,406.5599060058594,406.44500732421875,406.5199890136719
2026-08-31 14:25:00-04:00,406.5150146484375,406.5199890136719,406.2349853515625,406.25
2026-08-31 14:30:00-04:00,406.2300109863281,406.2300109863281,405.9309997558594,406.05999755859375
2026-08-31 14:35:00-04:00,406.05999755859375,406.1650085449219,405.9849853515625,406.1300048828125
2026-08-31 14:40:00-04:00,406.1400146484375,406.29998779296875,406.04998779296875,406.2200012207031
2026-08-31 14:45:00-04:00,406.20001220703125,406.5400085449219,406.20001220703125,406.5400085449219
2026-08-31 14:50:00-04:00,406.5400085449219,406.69000244140625,406.4901123046875,406.5799865722656
2026-08-31 14:55:00-04:00,406.5799865722656,406.6300048828125,406.32501220703125,406.3699035644531
2026-08-31 15:00:00-04:00,406.3623046875,406.57989501953125,406.2101135253906,406.3500061035156
2026-08-31 15:05:00-04:00,406.3500061035156,406.7200012207031,406.3500061035156,406.7200012207031
2026-08-31 15:10:00-04:00,406.75,406.7699890136719,406.5199890136719,406.6300048828125
2026-08-31 15:15:00-04:00,406.6199951171875,406.6700134277344,406.5899963378906,406.6099853515625
2026-08-31 15:20:00-04:00,406.6299133300781,407.1700134277344,406.54998779296875,407.1300048828125
2026-08-31 15:25:00-04:00,407.1600036621094,407.44000244140625,407.0299987792969,407.25
2026-08-31 15:30:00-04:00,407.260009765625,407.29998779296875,407.1499938964844,407.260009765625
2026-08-31 15:35:00-04:00,407.260009765625,407.7099914550781,407.2099914550781,407.4849853515625
2026-08-31 15:40:00-04:00,407.489990234375,407.5350036621094,407.1000061035156,407.48193359375
2026-08-31 15:45:00-04:00,407.4700012207031,408.010009765625,407.32000732421875,408.0
2026-08-31 15:50:00-04:00,408.0,408.3800048828125,407.8399963378906,408.1600036621094
2026-08-31 15:55:00-04:00,408.1499938964844,408.79998779296875,407.9200134277344,408.44000244140625
2026-09-01 09:30:00-04:00,398.2850036621094,399.4198913574219,398.0799865722656,399.2300109863281
2026-09-01 09:35:00-04:00,399.2799987792969,399.71990966796875,398.67999267578125,399.25
2026-09-01 09:40:00-04:00,399.239990234375,400.07000732421875,399.04998779296875,400.033203125
2026-09-01 09:45:00-04:00,400.010009765625,400.0799865722656,399.3299865722656,399.9949951171875
2026-09-01 09:50:00-04:00,399.989990234375,400.2900085449219,399.5783996582031,399.6600036621094
2026-09-01 09:55:00-04:00,399.69000244140625,400.5799865722656,399.6805114746094,400.4100036621094
2026-09-01 10:00:00-04:00,400.45001220703125,400.8999938964844,399.2699890136719,399.2799987792969
2026-09-01 10:05:00-04:00,399.260009765625,400.7200012207031,399.25,400.3999938964844
2026-09-01 10:10:00-04:00,400.3900146484375,400.7900085449219,400.0400085449219,400.7900085449219
2026-09-01 10:15:00-04:00,400.7799987792969,401.1650085449219,400.6400146484375,400.8599853515625
2026-09-01 10:20:00-04:00,400.875,401.25,400.8562927246094,401.05999755859375
2026-09-01 10:25:00-04:00,401.04998779296875,401.1300048828125,400.3399963378906,400.3599853515625
2026-09-01 10:30:00-04:00,400.3500061035156,401.0,400.3500061035156,400.989990234375
2026-09-01 10:35:00-04:00,400.9800109863281,401.0950012207031,400.3599853515625,400.4027099609375
2026-09-01 10:40:00-04:00,400.4200134277344,400.5932922363281,400.2701110839844,400.5299987792969
2026-09-01 10:45:00-04:00,400.5151062011719,400.82000732421875,399.9100036621094,400.0199890136719
2026-09-01 10:50:00-04:00,400.0400085449219,400.6000061035156,399.7102966308594,399.8550109863281
2026-09-01 10:55:00-04:00,399.8599853515625,399.9100036621094,399.57000732421875,399.8999938964844
2026-09-01 11:00:00-04:00,399.9200134277344,400.1199951171875,399.4100036621094,399.6000061035156
2026-09-01 11:05:00-04:00,399.5899963378906,399.9100036621094,399.5199890136719,399.8800048828125
2026-09-01 11:10:00-04:00,399.8699951171875,400.1300048828125,399.5799865722656,399.6499938964844
2026-09-01 11:15:00-04:00,399.6300048828125,400.21990966796875,399.5299987792969,400.1600036621094
2026-09-01 11:20:00-04:00,400.1600036621094,400.3699951171875,400.0199890136719,400.0899963378906
2026-09-01 11:25:00-04:00,400.07000732421875,400.3999938964844,399.760009765625,400.3999938964844
2026-09-01 11:30:00-04:00,400.3999938964844,400.4800109863281,400.1400146484375,400.1499938964844
2026-09-01 11:35:00-04:00,400.1400146484375,400.4800109863281,400.010009765625,400.239990234375
2026-09-01 11:40:00-04:00,400.25,400.8599853515625,400.25,400.8500061035156
2026-09-01 11:45:00-04:00,400.8599853515625,400.9100036621094,400.6300048828125,400.8800048828125
2026-09-01 11:50:00-04:00,400.8598937988281,401.05999755859375,400.7300109863281,401.04998779296875
2026-09-01 11:55:00-04:00,401.0299987792969,401.1099853515625,400.82000732421875,401.0199890136719
2026-09-01 12:00:00-04:00,401.04998779296875,401.19000244140625,400.8999938964844,400.9798889160156
2026-09-01 12:05:00-04:00,400.9599914550781,401.0799865722656,400.6050109863281,400.6050109863281
2026-09-01 12:10:00-04:00,400.6099853515625,400.635009765625,400.0899963378906,400.0899963378906
2026-09-01 12:15:00-04:00,400.0799865722656,400.389892578125,399.760009765625,399.760009765625
2026-09-01 12:20:00-04:00,399.7699890136719,399.7699890136719,399.4601135253906,399.6940002441406
2026-09-01 12:25:00-04:00,399.70001220703125,399.760009765625,399.1600036621094,399.19000244140625
2026-09-01 12:30:00-04:00,399.19000244140625,399.25,398.67999267578125,398.82000732421875
2026-09-01 12:35:00-04:00,398.80999755859375,399.468994140625,398.69000244140625,399.45001220703125
2026-09-01 12:40:00-04:00,399.44000244140625,399.6700134277344,399.17999267578125,399.39898681640625
2026-09-01 12:45:00-04:00,399.42999267578125,399.7799987792969,399.42999267578125,399.6099853515625
2026-09-01 12:50:00-04:00,399.6400146484375,399.739990234375,399.2900085449219,399.43499755859375
2026-09-01 12:55:00-04:00,399.4245910644531,399.5199890136719,399.04998779296875,399.0899963378906
2026-09-01 13:00:00-04:00,399.0799865722656,399.125,398.6700134277344,398.6709899902344
2026-09-01 13:05:00-04:00,398.6700134277344,398.760009765625,398.44000244140625,398.5799865722656
2026-09-01 13:10:00-04:00,398.5899963378906,398.7349853515625,398.4200134277344,398.6285095214844
2026-09-01 13:15:00-04:00,398.6099853515625,398.8299865722656,398.3699951171875,398.6700134277344
2026-09-01 13:20:00-04:00,398.6099853515625,398.7699890136719,398.4599914550781,398.6805114746094
2026-09-01 13:25:00-04:00,398.6700134277344,398.9549865722656,398.20001220703125,398.9549865722656
2026-09-01 13:30:00-04:00,398.9599914550781,399.1400146484375,398.7099914550781,398.7499084472656
2026-09-01 13:35:00-04:00,398.7699890136719,399.010009765625,398.57000732421875,398.57000732421875
2026-09-01 13:40:00-04:00,398.6050109863281,398.70001220703125,398.3059997558594,398.42999267578125
2026-09-01 13:45:00-04:00,398.4200134277344,398.45001220703125,398.1199951171875,398.3370056152344
2026-09-01 13:50:00-04:00,398.32000732421875,398.4599914550781,398.1499938964844,398.30999755859375
2026-09-01 13:55:00-04:00,398.3800048828125,398.4100036621094,398.20001220703125,398.30499267578125
2026-09-01 14:00:00-04:00,398.31500244140625,398.45989990234375,397.8999938964844,397.94500732421875
2026-09-01 14:05:00-04:00,397.9700012207031,398.0799865722656,397.7200012207031,397.7401123046875
2026-09-01 14:10:00-04:00,397.7300109863281,397.8299865722656,397.5400085449219,397.7099914550781
2026-09-01 14:15:00-04:00,397.7090148925781,398.1400146484375,397.6099853515625,398.0950012207031
2026-09-01 14:20:00-04:00,398.0799865722656,398.19000244140625,398.014404296875,398.1600036621094
2026-09-01 14:25:00-04:00,398.1600036621094,398.1600036621094,397.7672119140625,397.7672119140625
2026-09-01 14:30:00-04:00,397.75,397.75,397.3800048828125,397.4949951171875
2026-09-01 14:35:00-04:00,397.5,397.5050048828125,397.0400085449219,397.0950012207031
2026-09-01 14:40:00-04:00,397.1099853515625,397.2099914550781,396.9800109863281,397.0799865722656
2026-09-01 14:45:00-04:00,397.1300964355469,397.2799987792969,396.9700012207031,397.2699890136719
2026-09-01 14:50:00-04:00,397.2900085449219,397.5400085449219,397.04998779296875,397.05999755859375
2026-09-01 14:55:00-04:00,397.07000732421875,397.44000244140625,396.9700012207031,397.29998779296875
2026-09-01 15:00:00-04:00,397.2799987792969,397.3599853515625,397.0400085449219,397.29998779296875
2026-09-01 15:05:00-04:00,397.2900085449219,397.489990234375,397.0899963378906,397.25
2026-09-01 15:10:00-04:00,397.2650146484375,397.79998779296875,397.2200012207031,397.79998779296875
2026-09-01 15:15:00-04:00,397.7950134277344,397.80999755859375,397.5199890136719,397.5899963378906
2026-09-01 15:20:00-04:00,397.5799865722656,397.6300048828125,397.44000244140625,397.489990234375
2026-09-01 15:25:00-04:00,397.5199890136719,397.6300048828125,397.5199890136719,397.54998779296875
2026-09-01 15:30:00-04:00,397.54998779296875,397.55999755859375,396.9700012207031,397.1499938964844
2026-09-01 15:35:00-04:00,397.1499938964844,397.19000244140625,396.45001220703125,396.510009765625
2026-09-01 15:40:00-04:00,396.5,396.94500732421875,396.45001220703125,396.82000732421875
2026-09-01 15:45:00-04:00,396.81500244140625,397.1099853515625,396.5400085449219,396.8900146484375
2026-09-01 15:50:00-04:00,396.8699951171875,397.17999267578125,396.79998779296875,396.95001220703125
2026-09-01 15:55:00-04:00,396.9700012207031,397.1099853515625,396.5799865722656,396.82000732421875
2026-09-02 09:30:00-04:00,399.7099914550781,400.5299987792969,399.5799865722656,400.29998779296875
2026-09-02 09:35:00-04:00,400.32501220703125,400.6636047363281,400.0299987792969,400.489990234375
2026-09-02 09:40:00-04:00,400.5299987792969,401.6300048828125,400.29998779296875,401.5
2026-09-02 09:45:00-04:00,401.489990234375,401.6173095703125,400.57000732421875,400.6000061035156
2026-09-02 09:50:00-04:00,400.5799865722656,401.4599914550781,400.5299987792969,401.375
2026-09-02 09:55:00-04:00,401.3599853515625,402.25,400.9549865722656,402.2200012207031
2026-09-02 10:00:00-04:00,402.20001220703125,402.25,401.57000732421875,402.125
2026-09-02 10:05:00-04:00,402.1400146484375,403.260009765625,402.0899963378906,402.739990234375
2026-09-02 10:10:00-04:00,402.7099914550781,403.32000732421875,402.3399963378906,402.4200134277344
2026-09-02 10:15:00-04:00,402.44000244140625,402.9100036621094,402.1600036621094,402.8699951171875
2026-09-02 10:20:00-04:00,402.875,403.3299865722656,402.3500061035156,402.42999267578125
2026-09-02 10:25:00-04:00,402.42999267578125,402.7200012207031,402.2300109863281,402.4800109863281
2026-09-02 10:30:00-04:00,402.42999267578125,402.4800109863281,402.0,402.3299865722656
2026-09-02 10:35:00-04:00,402.3500061035156,402.4100036621094,401.9599914550781,402.0150146484375
2026-09-02 10:40:00-04:00,401.99969482421875,402.30999755859375,401.8599853515625,402.2650146484375
2026-09-02 10:45:00-04:00,402.25,402.3599853515625,401.6400146484375,401.8399963378906
2026-09-02 10:50:00-04:00,401.79998779296875,401.94000244140625,401.3800048828125,401.45001220703125
2026-09-02 10:55:00-04:00,401.42999267578125,401.6099853515625,401.2200012207031,401.4898986816406
2026-09-02 11:00:00-04:00,401.4700012207031,401.8590087890625,401.2200012207031,401.56500244140625
2026-09-02 11:05:00-04:00,401.54998779296875,401.82000732421875,401.19000244140625,401.45001220703125
2026-09-02 11:10:00-04:00,401.45001220703125,401.6000061035156,401.07080078125,401.1000061035156
2026-09-02 11:15:00-04:00,401.0799865722656,401.0799865722656,400.7300109863281,400.81500244140625
2026-09-02 11:20:00-04:00,400.8349914550781,400.989990234375,400.42999267578125,400.8399963378906
2026-09-02 11:25:00-04:00,400.8699951171875,401.1099853515625,400.6000061035156,401.09991455078125
2026-09-02 11:30:00-04:00,401.0849914550781,401.30999755859375,400.9599914550781,401.010009765625
2026-09-02 11:35:00-04:00,400.989990234375,401.0899963378906,400.6099853515625,400.885009765625
2026-09-02 11:40:00-04:00,400.8900146484375,401.0450134277344,400.489990234375,400.5050048828125
2026-09-02 11:45:00-04:00,400.4800109863281,400.79998779296875,400.3599853515625,400.6499938964844
2026-09-02 11:50:00-04:00,400.6499938964844,400.80999755859375,400.6000061035156,400.7200012207031
2026-09-02 11:55:00-04:00,400.7099914550781,401.20001220703125,400.67498779296875,401.1300048828125
2026-09-02 12:00:00-04:00,401.1199951171875,401.32000732421875,401.0,401.1300048828125
2026-09-02 12:05:00-04:00,401.1199951171875,401.1400146484375,400.739990234375,400.8999938964844
2026-09-02 12:10:00-04:00,400.8901062011719,401.1400146484375,400.8800048828125,401.05999755859375
2026-09-02 12:15:00-04:00,401.0199890136719,401.07000732421875,400.6376037597656,400.81500244140625
2026-09-02 12:20:00-04:00,400.80999755859375,400.9100036621094,400.69000244140625,400.7799987792969
2026-09-02 12:25:00-04:00,400.7799987792969,400.8599853515625,400.6300048828125,400.7300109863281
2026-09-02 12:30:00-04:00,400.7200012207031,400.8999938964844,400.5899963378906,400.6000061035156
2026-09-02 12:35:00-04:00,400.6000061035156,400.760009765625,400.510009765625,400.7200012207031
2026-09-02 12:40:00-04:00,400.7099914550781,400.7099914550781,400.3399963378906,400.42999267578125
2026-09-02 12:45:00-04:00,400.385009765625,400.55499267578125,400.3599853515625,400.481689453125
2026-09-02 12:50:00-04:00,400.4700012207031,400.9200134277344,400.3800048828125,400.8299865722656
2026-09-02 12:55:00-04:00,400.8399963378906,400.89990234375,400.6600036621094,400.67999267578125
2026-09-02 13:00:00-04:00,400.7300109863281,400.92999267578125,400.69000244140625,400.92999267578125
2026-09-02 13:05:00-04:00,400.92999267578125,400.9599914550781,400.7799987792969,400.8200988769531
2026-09-02 13:10:00-04:00,400.8699951171875,400.92999267578125,400.6199951171875,400.760009765625
2026-09-02 13:15:00-04:00,400.78131103515625,400.79998779296875,400.3500061035156,400.42999267578125
2026-09-02 13:20:00-04:00,400.42999267578125,400.625,400.3500061035156,400.6099853515625
2026-09-02 13:25:00-04:00,400.6050109863281,400.8251037597656,400.55999755859375,400.8251037597656
2026-09-02 13:30:00-04:00,400.82000732421875,400.989990234375,400.6700134277344,400.6700134277344
2026-09-02 13:35:00-04:00,400.6400146484375,400.80999755859375,400.5199890136719,400.5199890136719
2026-09-02 13:40:00-04:00,400.54998779296875,401.57000732421875,400.54998779296875,401.3999938964844
2026-09-02 13:45:00-04:00,401.4800109863281,401.82000732421875,401.3699951171875,401.42999267578125
2026-09-02 13:50:00-04:00,401.3949890136719,401.5400085449219,401.3599853515625,401.42999267578125
2026-09-02 13:55:00-04:00,401.3900146484375,401.760009765625,401.3599853515625,401.4949951171875
2026-09-02 14:00:00-04:00,401.510009765625,401.5400085449219,401.0799865722656,401.3489990234375
2026-09-02 14:05:00-04:00,401.32000732421875,401.3800048828125,401.17999267578125,401.2049865722656
2026-09-02 14:10:00-04:00,401.20001220703125,401.2300109863281,400.8699951171875,400.9200134277344
2026-09-02 14:15:00-04:00,400.82000732421875,401.760009765625,400.82000732421875,401.57000732421875
2026-09-02 14:20:00-04:00,401.57000732421875,401.739990234375,401.0799865722656,401.1400146484375
2026-09-02 14:25:00-04:00,401.20001220703125,401.20001220703125,401.05999755859375,401.1700134277344
2026-09-02 14:30:00-04:00,401.13800048828125,401.6199951171875,401.13800048828125,401.4800109863281
2026-09-02 14:35:00-04:00,401.4700012207031,401.6099853515625,401.3699951171875,401.4549865722656
2026-09-02 14:40:00-04:00,401.44000244140625,401.489990234375,401.1000061035156,401.1600036621094
2026-09-02 14:45:00-04:00,401.1549987792969,401.32000732421875,401.114990234375,401.239990234375
2026-09-02 14:50:00-04:00,401.2598876953125,401.4200134277344,401.2200012207031,401.30999755859375
2026-09-02 14:55:00-04:00,401.30499267578125,401.3900146484375,401.1199951171875,401.19500732421875
2026-09-02 15:00:00-04:00,401.2550048828125,401.3699035644531,401.04998779296875,401.3475036621094
2026-09-02 15:05:00-04:00,401.3450012207031,401.56500244140625,401.32000732421875,401.5400085449219
2026-09-02 15:10:00-04:00,401.55999755859375,401.8399963378906,401.4700012207031,401.75
2026-09-02 15:15:00-04:00,401.7349853515625,401.8399963378906,401.6099853515625,401.7699890136719
2026-09-02 15:20:00-04:00,401.75,401.8999938964844,401.6600036621094,401.7900085449219
2026-09-02 15:25:00-04:00,401.7998962402344,402.0799865722656,401.7799987792969,401.9049987792969
2026-09-02 15:30:00-04:00,401.92999267578125,402.19000244140625,401.8999938964844,402.1600036621094
2026-09-02 15:35:00-04:00,402.1499938964844,402.1700134277344,401.9100036621094,402.1700134277344
2026-09-02 15:40:00-04:00,402.1698913574219,402.57000732421875,402.1099853515625,402.510009765625
2026-09-02 15:45:00-04:00,402.51019287109375,402.6000061035156,402.2200012207031,402.3999938964844
2026-09-02 15:50:00-04:00,402.4100036621094,402.67999267578125,402.2699890136719,402.4599914550781
2026-09-02 15:55:00-04:00,402.42999267578125,402.8800048828125,402.30999755859375,402.7799987792969
2026-09-03 09:30:00-04:00,410.7099914550781,410.964599609375,410.2099914550781,410.55999755859375
2026-09-03 09:35:00-04:00,410.55999755859375,410.739990234375,410.0799865722656,410.29998779296875
2026-09-03 09:40:00-04:00,410.30999755859375,410.32000732421875,409.6099853515625,409.8599853515625
2026-09-03 09:45:00-04:00,409.80999755859375,409.8399963378906,408.5400085449219,408.70001220703125
2026-09-03 09:50:00-04:00,408.7099914550781,409.3399963378906,408.69000244140625,409.2200012207031
2026-09-03 09:55:00-04:00,409.2200012207031,409.8399963378906,409.1300048828125,409.75
2026-09-03 10:00:00-04:00,409.80999755859375,409.80999755859375,408.70001220703125,409.3599853515625
2026-09-03 10:05:00-04:00,409.3500061035156,410.1199951171875,409.135009765625,409.32000732421875
2026-09-03 10:10:00-04:00,409.30999755859375,409.8349914550781,409.05999755859375,409.7799987792969
2026-09-03 10:15:00-04:00,409.7749938964844,410.5150146484375,409.77069091796875,410.46661376953125
2026-09-03 10:20:00-04:00,410.5,410.8299865722656,410.04998779296875,410.3800048828125
2026-09-03 10:25:00-04:00,410.3999938964844,410.6400146484375,409.9200134277344,410.5899963378906
2026-09-03 10:30:00-04:00,410.5199890136719,410.7550048828125,409.8399963378906,409.8550109863281
2026-09-03 10:35:00-04:00,409.9200134277344,410.2200012207031,409.6600036621094,409.7699890136719
2026-09-03 10:40:00-04:00,409.79998779296875,410.29998779296875,409.4700012207031,410.07000732421875
2026-09-03 10:45:00-04:00,410.114990234375,410.760009765625,410.114990234375,410.2300109863281
2026-09-03 10:50:00-04:00,410.2699890136719,410.71759033203125,410.2699890136719,410.4849853515625
2026-09-03 10:55:00-04:00,410.5,411.2349853515625,409.7799987792969,411.2300109863281
2026-09-03 11:00:00-04:00,411.260009765625,412.55999755859375,411.1000061035156,412.3900146484375
2026-09-03 11:05:00-04:00,412.385009765625,412.89910888671875,412.2882995605469,412.3349914550781
2026-09-03 11:10:00-04:00,412.32501220703125,412.9700012207031,412.1000061035156,412.9200134277344
2026-09-03 11:15:00-04:00,412.9049987792969,413.5299987792969,412.7200012207031,413.489990234375
2026-09-03 11:20:00-04:00,413.48651123046875,413.5400085449219,412.8800048828125,412.9601135253906
2026-09-03 11:25:00-04:00,412.9599914550781,413.30999755859375,412.9599914550781,413.20001220703125
2026-09-03 11:30:00-04:00,413.2300109863281,413.4599914550781,412.56500244140625,412.8695068359375
2026-09-03 11:35:00-04:00,412.8699951171875,413.0050048828125,412.1199951171875,412.2501525878906
2026-09-03 11:40:00-04:00,412.2950134277344,412.4299011230469,412.1000061035156,412.1000061035156
2026-09-03 11:45:00-04:00,412.1199951171875,412.1499938964844,411.3999938964844,411.5
2026-09-03 11:50:00-04:00,411.4700012207031,411.82000732421875,411.409912109375,411.67999267578125
2026-09-03 11:55:00-04:00,411.6650085449219,411.95001220703125,411.25,411.92999267578125
2026-09-03 12:00:00-04:00,411.94000244140625,411.9693908691406,411.6700134277344,411.68499755859375
2026-09-03 12:05:00-04:00,411.6924133300781,411.94000244140625,411.42010498046875,411.8500061035156
2026-09-03 12:10:00-04:00,411.8599853515625,412.1400146484375,411.8500061035156,411.989990234375
2026-09-03 12:15:00-04:00,412.0050048828125,412.1000061035156,411.7950134277344,412.010009765625
2026-09-03 12:20:00-04:00,412.04998779296875,412.04998779296875,411.739990234375,411.9100036621094
2026-09-03 12:25:00-04:00,411.95001220703125,412.0400085449219,411.7699890136719,411.9599914550781
2026-09-03 12:30:00-04:00,411.9800109863281,412.17999267578125,411.6206970214844,411.7349853515625
2026-09-03 12:35:00-04:00,411.7200012207031,411.80999755859375,411.6499938964844,411.760009765625
2026-09-03 12:40:00-04:00,411.7449951171875,411.7449951171875,411.3500061035156,411.42999267578125
2026-09-03 12:45:00-04:00,411.44000244140625,411.71990966796875,411.3800048828125,411.5350036621094
2026-09-03 12:50:00-04:00,411.5,411.6400146484375,411.2200012207031,411.385009765625
2026-09-03 12:55:00-04:00,411.3500061035156,411.5,411.239990234375,411.260009765625
2026-09-03 13:00:00-04:00,411.29998779296875,411.42999267578125,411.0199890136719,411.3399963378906
2026-09-03 13:05:00-04:00,411.3599853515625,411.54998779296875,411.2434997558594,411.2900085449219
2026-09-03 13:10:00-04:00,411.29998779296875,411.4949951171875,411.2401123046875,411.4100036621094
2026-09-03 13:15:00-04:00,411.4700012207031,411.5,411.20001220703125,411.4200134277344
2026-09-03 13:20:00-04:00,411.4200134277344,411.760009765625,411.3999938964844,411.70001220703125
2026-09-03 13:25:00-04:00,411.69000244140625,411.9599914550781,411.6199951171875,411.8999938964844
2026-09-03 13:30:00-04:00,411.8999938964844,411.997314453125,411.7300109863281,411.7950134277344
2026-09-03 13:35:00-04:00,411.80999755859375,412.0,411.7799987792969,411.9100036621094
2026-09-03 13:40:00-04:00,411.9399108886719,411.95001220703125,411.7966003417969,411.81988525390625
2026-09-03 13:45:00-04:00,411.79998779296875,412.07000732421875,411.7550964355469,411.79998779296875
2026-09-03 13:50:00-04:00,411.67999267578125,411.70001220703125,411.4800109863281,411.5159912109375
2026-09-03 13:55:00-04:00,411.54998779296875,411.614990234375,411.2799987792969,411.3299865722656
2026-09-03 14:00:00-04:00,411.32000732421875,411.6099853515625,411.32000732421875,411.55499267578125
2026-09-03 14:05:00-04:00,411.55499267578125,411.55999755859375,411.1300048828125,411.5199890136719
2026-09-03 14:10:00-04:00,411.5299987792969,411.6099853515625,411.07000732421875,411.07000732421875
2026-09-03 14:15:00-04:00,411.1099853515625,411.31500244140625,411.0899963378906,411.2850036621094
2026-09-03 14:20:00-04:00,411.2900085449219,411.45001220703125,410.8999938964844,411.0350036621094
2026-09-03 14:25:00-04:00,411.0400085449219,411.1199951171875,410.69500732421875,410.7200012207031
2026-09-03 14:30:00-04:00,410.7200012207031,410.75,410.31500244140625,410.6400146484375
2026-09-03 14:35:00-04:00,410.6499938964844,410.9700012207031,410.6000061035156,410.9299011230469
2026-09-03 14:40:00-04:00,410.94000244140625,410.9599914550781,410.7650146484375,410.8399963378906
2026-09-03 14:45:00-04:00,410.82000732421875,410.95001220703125,410.4599914550781,410.55999755859375
2026-09-03 14:50:00-04:00,410.57501220703125,410.6300048828125,410.260009765625,410.260009765625
2026-09-03 14:55:00-04:00,410.25,410.3399963378906,410.1300048828125,410.20001220703125
2026-09-03 15:00:00-04:00,410.2250061035156,410.3699951171875,410.1099853515625,410.19000244140625
2026-09-03 15:05:00-04:00,410.19000244140625,410.3500061035156,410.1099853515625,410.3500061035156
2026-09-03 15:10:00-04:00,410.3699951171875,410.3900146484375,410.010009765625,410.1650085449219
2026-09-03 15:15:00-04:00,410.1600036621094,410.3599853515625,410.1050109863281,410.30499267578125
2026-09-03 15:20:00-04:00,410.30999755859375,410.3299865722656,410.1400146484375,410.1499938964844
2026-09-03 15:25:00-04:00,410.1400146484375,410.2898864746094,410.010009765625,410.2799987792969
2026-09-03 15:30:00-04:00,410.2850036621094,410.42999267578125,410.1400146484375,410.1400146484375
2026-09-03 15:35:00-04:00,410.1400146484375,410.3299865722656,410.1199951171875,410.239990234375
2026-09-03 15:40:00-04:00,410.2300109863281,410.5751037597656,410.2300109863281,410.4400939941406
2026-09-03 15:45:00-04:00,410.4549865722656,410.760009765625,410.4549865722656,410.6300048828125
2026-09-03 15:50:00-04:00,410.6199951171875,410.6199951171875,410.3399963378906,410.4800109863281
2026-09-03 15:55:00-04:00,410.4800109863281,410.54998779296875,410.0199890136719,410.2699890136719
2026-09-04 09:30:00-04:00,404.6600036621094,405.4200134277344,404.6000061035156,404.7900085449219
2026-09-04 09:35:00-04:00,404.79998779296875,405.1400146484375,403.9599914550781,404.2300109863281
2026-09-04 09:40:00-04:00,404.20001220703125,405.75,404.181396484375,405.75
2026-09-04 09:45:00-04:00,405.67999267578125,406.70001220703125,405.19000244140625,406.2799987792969
2026-09-04 09:50:00-04:00,406.29998779296875,406.44000244140625,405.4560852050781,405.6199951171875
2026-09-04 09:55:00-04:00,405.69000244140625,405.989990234375,404.7200012207031,404.75
2026-09-04 10:00:00-04:00,404.760009765625,405.3299865722656,404.6099853515625,405.19000244140625
2026-09-04 10:05:00-04:00,405.4200134277344,405.989990234375,404.94000244140625,405.70001220703125
2026-09-04 10:10:00-04:00,405.70001220703125,406.7099914550781,405.2300109863281,406.6000061035156
2026-09-04 10:15:00-04:00,406.57000732421875,406.8800048828125,406.1499938964844,406.45001220703125
2026-09-04 10:20:00-04:00,406.3999938964844,406.7250061035156,405.9100036621094,406.2699890136719
2026-09-04 10:25:00-04:00,406.260009765625,406.90771484375,406.1300048828125,406.1300048828125
2026-09-04 10:30:00-04:00,406.1549987792969,407.1199951171875,406.15069580078125,407.08099365234375
2026-09-04 10:35:00-04:00,407.07000732421875,407.3500061035156,406.1099853515625,406.19000244140625
2026-09-04 10:40:00-04:00,406.1499938964844,406.4100036621094,405.8500061035156,406.1300048828125
2026-09-04 10:45:00-04:00,406.1600036621094,406.3999938964844,405.57000732421875,406.05999755859375
2026-09-04 10:50:00-04:00,406.0350036621094,406.1199951171875,405.0799865722656,405.1000061035156
2026-09-04 10:55:00-04:00,405.1099853515625,406.2419128417969,405.07000732421875,406.0299987792969
2026-09-04 11:00:00-04:00,406.04998779296875,406.2900085449219,405.57000732421875,406.2900085449219
2026-09-04 11:05:00-04:00,406.2300109863281,407.1199951171875,406.2200012207031,406.8900146484375
2026-09-04 11:10:00-04:00,406.8999938964844,407.5400085449219,406.70001220703125,407.5
2026-09-04 11:15:00-04:00,407.5,407.95001220703125,407.3299865722656,407.8999938964844
2026-09-04 11:20:00-04:00,407.92999267578125,408.0,407.20001220703125,407.4700012207031
2026-09-04 11:25:00-04:00,407.44000244140625,407.739990234375,407.1600036621094,407.2049865722656
2026-09-04 11:30:00-04:00,407.19000244140625,407.54998779296875,407.0400085449219,407.1700134277344
2026-09-04 11:35:00-04:00,407.1600036621094,407.28509521484375,406.95001220703125,407.0299987792969
2026-09-04 11:40:00-04:00,407.0199890136719,407.7749938964844,406.8900146484375,407.4549865722656
2026-09-04 11:45:00-04:00,407.4881896972656,407.6499938964844,407.3900146484375,407.5400085449219
2026-09-04 11:50:00-04:00,407.5199890136719,407.7300109863281,407.1400146484375,407.1499938964844
2026-09-04 11:55:00-04:00,407.17999267578125,407.29998779296875,406.760009765625,406.8500061035156
2026-09-04 12:00:00-04:00,406.8399963378906,407.19000244140625,406.80999755859375,407.1600036621094
2026-09-04 12:05:00-04:00,407.1700134277344,407.2200012207031,406.5799865722656,406.6099853515625
2026-09-04 12:10:00-04:00,406.6000061035156,407.1199951171875,406.4800109863281,407.07501220703125
2026-09-04 12:15:00-04:00,407.04998779296875,407.4700012207031,406.94000244140625,407.30999755859375
2026-09-04 12:20:00-04:00,407.31878662109375,407.3800048828125,406.760009765625,406.94000244140625
2026-09-04 12:25:00-04:00,406.9599914550781,407.0,406.5400085449219,406.67999267578125
2026-09-04 12:30:00-04:00,406.6400146484375,407.07000732421875,406.5799865722656,406.9700012207031
2026-09-04 12:35:00-04:00,406.9849853515625,407.05999755859375,406.8851013183594,406.9599914550781
2026-09-04 12:40:00-04:00,406.9599914550781,407.1973876953125,406.80499267578125,407.0199890136719
2026-09-04 12:45:00-04:00,407.0400085449219,407.2298889160156,406.9800109863281,407.20989990234375
2026-09-04 12:50:00-04:00,407.239990234375,407.239990234375,406.82000732421875,406.82000732421875
2026-09-04 12:55:00-04:00,406.82000732421875,407.0299987792969,406.7300109863281,406.7900085449219
2026-09-04 13:00:00-04:00,406.7799987792969,406.8599853515625,406.2900085449219,406.4700012207031
2026-09-04 13:05:00-04:00,406.3999938964844,406.6099853515625,406.3299865722656,406.4599914550781
2026-09-04 13:10:00-04:00,406.510009765625,406.739990234375,406.4700012207031,406.70001220703125
2026-09-04 13:15:00-04:00,406.6499938964844,407.08990478515625,406.55999755859375,407.0498962402344
2026-09-04 13:20:00-04:00,407.1000061035156,407.239990234375,406.3999938964844,406.53009033203125
2026-09-04 13:25:00-04:00,406.57000732421875,406.5740966796875,406.05999755859375,406.1499938964844
2026-09-04 13:30:00-04:00,406.1499938964844,406.260009765625,405.6099853515625,405.7200012207031
2026-09-04 13:35:00-04:00,405.7300109863281,405.8399963378906,405.5199890136719,405.54998779296875
2026-09-04 13:40:00-04:00,405.54998779296875,405.57000732421875,404.8699951171875,405.0950012207031
2026-09-04 13:45:00-04:00,405.0799865722656,405.3999938964844,404.9599914550781,405.32000732421875
2026-09-04 13:50:00-04:00,405.29998779296875,405.47088623046875,405.20001220703125,405.2550048828125
2026-09-04 13:55:00-04:00,405.25,405.2900085449219,404.9599914550781,405.0
2026-09-04 14:00:00-04:00,404.989990234375,405.0799865722656,404.55999755859375,404.6400146484375
2026-09-04 14:05:00-04:00,404.6400146484375,405.1199951171875,404.6000061035156,405.1099853515625
2026-09-04 14:10:00-04:00,405.0899963378906,405.2900085449219,404.9599914550781,405.2900085449219
2026-09-04 14:15:00-04:00,405.2900085449219,405.57000732421875,405.25,405.25
2026-09-04 14:20:00-04:00,405.29998779296875,405.75,405.239990234375,405.75
2026-09-04 14:25:00-04:00,405.760009765625,405.9700012207031,405.6300048828125,405.760009765625
2026-09-04 14:30:00-04:00,405.7699890136719,405.81988525390625,405.6199951171875,405.79998779296875
2026-09-04 14:35:00-04:00,405.79998779296875,405.80999755859375,405.4649963378906,405.57000732421875
2026-09-04 14:40:00-04:00,405.5899963378906,405.8999938964844,405.5299987792969,405.60009765625
2026-09-04 14:45:00-04:00,405.6199951171875,405.7598876953125,405.54998779296875,405.677490234375
2026-09-04 14:50:00-04:00,405.68499755859375,405.875,405.6600036621094,405.8299865722656
2026-09-04 14:55:00-04:00,405.8299865722656,405.9100036621094,405.6300964355469,405.7099914550781
2026-09-04 15:00:00-04:00,405.7099914550781,405.8299865722656,405.5799865722656,405.67498779296875
2026-09-04 15:05:00-04:00,405.67999267578125,405.8800048828125,405.6000061035156,405.8500061035156
2026-09-04 15:10:00-04:00,405.8299865722656,406.30999755859375,405.79998779296875,406.2300109863281
2026-09-04 15:15:00-04:00,406.2099914550781,406.510009765625,406.1600036621094,406.20001220703125
2026-09-04 15:20:00-04:00,406.1698913574219,406.4200134277344,405.9700012207031,406.364990234375
2026-09-04 15:25:00-04:00,406.3599853515625,406.84991455078125,406.2900085449219,406.80499267578125
2026-09-04 15:30:00-04:00,406.80999755859375,407.0350036621094,406.6600036621094,406.9800109863281
2026-09-04 15:35:00-04:00,406.9800109863281,407.0,406.75,406.8800048828125
2026-09-04 15:40:00-04:00,406.8999938964844,406.989990234375,406.7200012207031,406.9200134277344
2026-09-04 15:45:00-04:00,406.92999267578125,406.9599914550781,406.5899963378906,406.7650146484375
2026-09-04 15:50:00-04:00,406.7799987792969,406.8900146484375,406.6700134277344,406.8800048828125
2026-09-04 15:55:00-04:00,406.8900146484375,406.8900146484375,406.5400085449219,406.7449951171875
2026-09-08 09:30:00-04:00,403.55999755859375,403.989990234375,403.2699890136719,403.31500244140625
2026-09-08 09:35:00-04:00,403.32000732421875,403.75,403.1199951171875,403.510009765625
2026-09-08 09:40:00-04:00,403.4599914550781,403.4599914550781,402.5799865722656,403.114990234375
2026-09-08 09:45:00-04:00,403.1400146484375,403.7370910644531,402.9700012207031,403.7370910644531
2026-09-08 09:50:00-04:00,403.70001220703125,403.8500061035156,403.17999267578125,403.8500061035156
2026-09-08 09:55:00-04:00,403.7900085449219,404.125,403.04998779296875,403.04998779296875
2026-09-08 10:00:00-04:00,403.0899963378906,403.6669921875,402.97711181640625,403.6669921875
2026-09-08 10:05:00-04:00,403.635009765625,403.739990234375,403.30999755859375,403.3999938964844
2026-09-08 10:10:00-04:00,403.3299865722656,403.3699951171875,402.7099914550781,402.9700012207031
2026-09-08 10:15:00-04:00,402.9599914550781,403.489990234375,402.9200134277344,403.4100036621094
2026-09-08 10:20:00-04:00,403.42999267578125,403.6099853515625,403.0400085449219,403.6000061035156
2026-09-08 10:25:00-04:00,403.5950012207031,403.739990234375,403.1000061035156,403.1099853515625
2026-09-08 10:30:00-04:00,403.1499938964844,403.3699951171875,402.9700012207031,403.2699890136719
2026-09-08 10:35:00-04:00,403.239990234375,403.5,402.9700012207031,403.0299987792969
2026-09-08 10:40:00-04:00,403.0150146484375,403.239990234375,402.7699890136719,403.2049865722656
2026-09-08 10:45:00-04:00,403.2099914550781,403.3399963378906,402.7099914550781,402.8399963378906
2026-09-08 10:50:00-04:00,402.8399963378906,403.0780944824219,402.45001220703125,402.875
2026-09-08 10:55:00-04:00,402.8800048828125,403.29998779296875,402.73199462890625,403.29998779296875
2026-09-08 11:00:00-04:00,403.3500061035156,404.0992126464844,403.25,403.7049865722656
2026-09-08 11:05:00-04:00,403.7300109863281,403.79998779296875,403.47601318359375,403.75
2026-09-08 11:10:00-04:00,403.760009765625,404.19000244140625,403.760009765625,403.8599853515625
2026-09-08 11:15:00-04:00,403.8900146484375,404.2799987792969,403.8800048828125,403.93011474609375
2026-09-08 11:20:00-04:00,403.9599914550781,403.9599914550781,403.1199951171875,403.2900085449219
2026-09-08 11:25:00-04:00,403.2799987792969,404.0,403.25,403.3599853515625
2026-09-08 11:30:00-04:00,403.3399963378906,403.760009765625,403.3399963378906,403.760009765625
2026-09-08 11:35:00-04:00,403.7803955078125,403.7803955078125,403.2904968261719,403.39569091796875
2026-09-08 11:40:00-04:00,403.3900146484375,403.5199890136719,403.20001220703125,403.44000244140625
2026-09-08 11:45:00-04:00,403.42999267578125,403.42999267578125,403.05999755859375,403.1451110839844
2026-09-08 11:50:00-04:00,403.1282958984375,403.4700012207031,403.0899963378906,403.2099914550781
2026-09-08 11:55:00-04:00,403.2099914550781,403.32000732421875,402.9700012207031,402.9800109863281
2026-09-08 12:00:00-04:00,402.9599914550781,402.9713134765625,402.6300048828125,402.95001220703125
2026-09-08 12:05:00-04:00,402.94000244140625,402.94000244140625,401.6400146484375,401.7449951171875
2026-09-08 12:10:00-04:00,401.7325134277344,402.1700134277344,401.66900634765625,402.1700134277344
2026-09-08 12:15:00-04:00,402.17999267578125,402.30999755859375,401.9700012207031,402.0799865722656
2026-09-08 12:20:00-04:00,402.1099853515625,402.7900085449219,402.1099853515625,402.7900085449219
2026-09-08 12:25:00-04:00,402.7699890136719,403.0199890136719,402.6000061035156,402.8900146484375
2026-09-08 12:30:00-04:00,402.8999938964844,403.1099853515625,402.79998779296875,402.92999267578125
2026-09-08 12:35:00-04:00,402.94000244140625,403.1000061035156,402.8599853515625,402.9200134277344
2026-09-08 12:40:00-04:00,402.9580993652344,403.0299987792969,402.82049560546875,402.8999938964844
2026-09-08 12:45:00-04:00,402.8999938964844,402.9200134277344,402.68499755859375,402.8500061035156
2026-09-08 12:50:00-04:00,402.8399963378906,403.2799987792969,402.7699890136719,402.8900146484375
2026-09-08 12:55:00-04:00,402.8999938964844,403.010009765625,402.5199890136719,402.8900146484375
2026-09-08 13:00:00-04:00,402.8599853515625,403.6050109863281,402.8599853515625,403.5924987792969
2026-09-08 13:05:00-04:00,403.57000732421875,403.7749938964844,403.19000244140625,403.2300109863281
2026-09-08 13:10:00-04:00,403.239990234375,403.3550109863281,402.93499755859375,403.0299987792969
2026-09-08 13:15:00-04:00,403.0199890136719,403.20001220703125,403.0199890136719,403.12200927734375
2026-09-08 13:20:00-04:00,403.1199951171875,403.1199951171875,402.79010009765625,402.9200134277344
2026-09-08 13:25:00-04:00,402.9100036621094,402.9849853515625,402.7300109863281,402.88128662109375
2026-09-08 13:30:00-04:00,402.8999938964844,403.0,402.6600036621094,402.6600036621094
2026-09-08 13:35:00-04:00,402.6499938964844,402.7699890136719,402.4800109863281,402.4800109863281
2026-09-08 13:40:00-04:00,402.4700012207031,402.4700927734375,402.1000061035156,402.1000061035156
2026-09-08 13:45:00-04:00,402.1099853515625,402.32000732421875,402.07000732421875,402.239990234375
2026-09-08 13:50:00-04:00,402.2493896484375,402.4599914550781,402.2301025390625,402.4200134277344
2026-09-08 13:55:00-04:00,402.3999938964844,402.5299987792969,402.30999755859375,402.5
2026-09-08 14:00:00-04:00,402.5,402.5201110839844,402.260009765625,402.260009765625
2026-09-08 14:05:00-04:00,402.239990234375,402.3399963378906,402.0400085449219,402.0400085449219
2026-09-08 14:10:00-04:00,402.0400085449219,402.2699890136719,401.9549865722656,402.2699890136719
2026-09-08 14:15:00-04:00,402.2799987792969,402.2850036621094,401.989990234375,402.1099853515625
2026-09-08 14:20:00-04:00,402.1000061035156,402.2049865722656,402.010009765625,402.05010986328125
2026-09-08 14:25:00-04:00,402.0799865722656,402.1499938964844,401.9599914550781,402.1300048828125
2026-09-08 14:30:00-04:00,402.06500244140625,402.06500244140625,401.7109069824219,401.9700012207031
2026-09-08 14:35:00-04:00,401.9800109863281,402.0299987792969,401.82000732421875,401.9750061035156
2026-09-08 14:40:00-04:00,401.9750061035156,402.1099853515625,401.8999938964844,402.0799865722656
2026-09-08 14:45:00-04:00,402.0899963378906,402.17999267578125,400.010009765625,400.1300048828125
2026-09-08 14:50:00-04:00,400.1300048828125,401.19000244140625,399.6199951171875,401.1600036621094
2026-09-08 14:55:00-04:00,401.19000244140625,401.4200134277344,400.8909912109375,401.2099914550781
2026-09-08 15:00:00-04:00,401.1700134277344,401.3299865722656,400.75,401.0950012207031
2026-09-08 15:05:00-04:00,401.0950012207031,401.1600036621094,400.6099853515625,400.80499267578125
2026-09-08 15:10:00-04:00,400.79998779296875,401.06109619140625,400.70001220703125,400.7099914550781
2026-09-08 15:15:00-04:00,400.70001220703125,400.94500732421875,400.4800109863281,400.4800109863281
2026-09-08 15:20:00-04:00,400.4800109863281,400.739990234375,400.3599853515625,400.3900146484375
2026-09-08 15:25:00-04:00,400.3999938964844,400.7099914550781,400.3399963378906,400.5578918457031
2026-09-08 15:30:00-04:00,400.55999755859375,400.57000732421875,399.9100036621094,400.1499938964844
2026-09-08 15:35:00-04:00,400.1792907714844,400.67999267578125,400.1400146484375,400.43499755859375
2026-09-08 15:40:00-04:00,400.44000244140625,400.6199951171875,400.3500061035156,400.54998779296875
2026-09-08 15:45:00-04:00,400.5450134277344,400.55499267578125,400.19000244140625,400.3038024902344
2026-09-08 15:50:00-04:00,400.29998779296875,400.30999755859375,399.8399963378906,400.0799865722656
2026-09-08 15:55:00-04:00,400.1000061035156,400.1499938964844,399.4800109863281,399.70001220703125
2026-09-09 09:30:00-04:00,406.1099853515625,406.55999755859375,406.0150146484375,406.20001220703125
2026-09-09 09:35:00-04:00,406.2300109863281,406.239990234375,405.239990234375,405.3799133300781
2026-09-09 09:40:00-04:00,405.3800048828125,405.44000244140625,404.6000061035156,405.010009765625
2026-09-09 09:45:00-04:00,405.0,405.4100036621094,404.9150085449219,405.4100036621094
2026-09-09 09:50:00-04:00,405.3900146484375,405.6199951171875,404.8399963378906,404.92999267578125
2026-09-09 09:55:00-04:00,404.95001220703125,404.9800109863281,404.3999938964844,404.81500244140625
2026-09-09 10:00:00-04:00,404.8299865722656,405.69000244140625,404.7300109863281,405.5799865722656
2026-09-09 10:05:00-04:00,405.6300048828125,406.0799865722656,405.3800048828125,405.4849853515625
2026-09-09 10:10:00-04:00,405.4750061035156,405.6300048828125,405.0799865722656,405.6300048828125
2026-09-09 10:15:00-04:00,405.6000061035156,405.6099853515625,404.739990234375,405.0
2026-09-09 10:20:00-04:00,405.0199890136719,405.05499267578125,404.3900146484375,404.4100036621094
2026-09-09 10:25:00-04:00,404.4100036621094,405.8500061035156,404.4100036621094,405.80999755859375
2026-09-09 10:30:00-04:00,405.8399963378906,405.8399963378906,405.3349914550781,405.55999755859375
2026-09-09 10:35:00-04:00,405.57000732421875,405.92999267578125,405.5400085449219,405.8599853515625
2026-09-09 10:40:00-04:00,405.8399963378906,405.9100036621094,405.17999267578125,405.2099914550781
2026-09-09 10:45:00-04:00,405.17999267578125,405.5,405.1000061035156,405.3900146484375
2026-09-09 10:50:00-04:00,405.3599853515625,405.5950012207031,405.25,405.260009765625
2026-09-09 10:55:00-04:00,405.2799987792969,405.3299865722656,404.8550109863281,405.1700134277344
2026-09-09 11:00:00-04:00,405.17999267578125,406.44000244140625,402.9599914550781,403.01959228515625
2026-09-09 11:05:00-04:00,403.0400085449219,403.3399963378906,401.6571044921875,402.6780090332031
2026-09-09 11:10:00-04:00,402.5400085449219,402.75,401.79998779296875,402.6700134277344
2026-09-09 11:15:00-04:00,402.5199890136719,402.8299865722656,401.5799865722656,402.06988525390625
2026-09-09 11:20:00-04:00,402.0870056152344,402.4100036621094,401.1814880371094,401.8999938964844
2026-09-09 11:25:00-04:00,401.9599914550781,403.0400085449219,401.9200134277344,402.9599914550781
2026-09-09 11:30:00-04:00,403.010009765625,403.5899963378906,402.7699890136719,403.57000732421875
2026-09-09 11:35:00-04:00,403.55999755859375,404.1400146484375,403.2799987792969,404.05999755859375
2026-09-09 11:40:00-04:00,404.0899963378906,404.1499938964844,403.4100036621094,403.79864501953125
2026-09-09 11:45:00-04:00,403.80999755859375,403.92401123046875,403.4100036621094,403.69000244140625
2026-09-09 11:50:00-04:00,403.69000244140625,404.1400146484375,403.4200134277344,403.5299987792969
2026-09-09 11:55:00-04:00,403.57000732421875,403.57000732421875,403.30499267578125,403.30499267578125
2026-09-09 12:00:00-04:00,403.32000732421875,403.739990234375,403.2099914550781,403.7200012207031
2026-09-09 12:05:00-04:00,403.7099914550781,403.7099914550781,402.989990234375,403.07000732421875
2026-09-09 12:10:00-04:00,403.0400085449219,403.3500061035156,403.0199890136719,403.2799987792969
2026-09-09 12:15:00-04:00,403.32000732421875,403.32000732421875,402.67999267578125,402.8900146484375
2026-09-09 12:20:00-04:00,402.8999938964844,403.30999755859375,402.856201171875,403.29998779296875
2026-09-09 12:25:00-04:00,403.3900146484375,403.70001220703125,403.3900146484375,403.5350036621094
2026-09-09 12:30:00-04:00,403.614990234375,403.78900146484375,403.3699951171875,403.7099914550781
2026-09-09 12:35:00-04:00,403.7898864746094,403.8699951171875,403.3999938964844,403.8500061035156
2026-09-09 12:40:00-04:00,403.82501220703125,404.19000244140625,403.7699890136719,404.1700134277344
2026-09-09 12:45:00-04:00,404.1700134277344,404.2950134277344,404.0299987792969,404.1099853515625
2026-09-09 12:50:00-04:00,404.1300048828125,404.20001220703125,403.9599914550781,404.1000061035156
2026-09-09 12:55:00-04:00,404.07000732421875,404.3900146484375,404.07000732421875,404.3500061035156
2026-09-09 13:00:00-04:00,404.3399963378906,404.7300109863281,404.2900085449219,404.70001220703125
2026-09-09 13:05:00-04:00,404.6700134277344,405.3299865722656,404.6400146484375,405.1700134277344
2026-09-09 13:10:00-04:00,405.1400146484375,405.2200012207031,404.8699951171875,405.07000732421875
2026-09-09 13:15:00-04:00,405.0,405.1449890136719,404.8299865722656,405.010009765625
2026-09-09 13:20:00-04:00,404.9700012207031,405.1600036621094,404.8999938964844,405.1300048828125
2026-09-09 13:25:00-04:00,405.1199951171875,405.3406066894531,404.760009765625,404.80841064453125
2026-09-09 13:30:00-04:00,404.82000732421875,404.8299865722656,404.55499267578125,404.625
2026-09-09 13:35:00-04:00,404.6000061035156,404.760009765625,404.5662841796875,404.6700134277344
2026-09-09 13:40:00-04:00,404.67999267578125,405.0199890136719,404.67999267578125,404.7090148925781
2026-09-09 13:45:00-04:00,404.7200012207031,404.8500061035156,404.69000244140625,404.7349853515625
2026-09-09 13:50:00-04:00,404.75,404.95001220703125,404.7101135253906,404.8500061035156
2026-09-09 13:55:00-04:00,404.840087890625,405.0299987792969,404.840087890625,404.92999267578125
2026-09-09 14:00:00-04:00,404.92059326171875,405.17999267578125,404.9200134277344,405.1600036621094
2026-09-09 14:05:00-04:00,405.1499938964844,405.2099914550781,404.9200134277344,405.1099853515625
2026-09-09 14:10:00-04:00,405.1199951171875,405.4049987792969,405.0899963378906,405.29998779296875
2026-09-09 14:15:00-04:00,405.28240966796875,405.3599853515625,405.1300964355469,405.20001220703125
2026-09-09 14:20:00-04:00,405.19000244140625,405.239990234375,405.010009765625,405.0400085449219
2026-09-09 14:25:00-04:00,405.04998779296875,405.0799865722656,404.95001220703125,405.04998779296875
2026-09-09 14:30:00-04:00,405.07000732421875,405.1099853515625,404.70001220703125,404.79998779296875
2026-09-09 14:35:00-04:00,404.80999755859375,404.8599853515625,404.67999267578125,404.7799987792969
2026-09-09 14:40:00-04:00,404.79998779296875,404.9599914550781,404.2900085449219,404.32000732421875
2026-09-09 14:45:00-04:00,404.3100891113281,404.3399963378906,404.0,404.010009765625
2026-09-09 14:50:00-04:00,404.0150146484375,404.1300964355469,403.8699951171875,403.94000244140625
2026-09-09 14:55:00-04:00,403.95001220703125,404.0799865722656,403.6050109863281,403.7499084472656
2026-09-09 15:00:00-04:00,403.7200012207031,403.82000732421875,403.1400146484375,403.2699890136719
2026-09-09 15:05:00-04:00,403.2650146484375,403.44000244140625,403.1600036621094,403.3399963378906
2026-09-09 15:10:00-04:00,403.3500061035156,403.4800109863281,403.1600036621094,403.44000244140625
2026-09-09 15:15:00-04:00,403.44500732421875,403.6300048828125,403.2699890136719,403.5899963378906
2026-09-09 15:20:00-04:00,403.6000061035156,403.8800048828125,403.57000732421875,403.8399963378906
2026-09-09 15:25:00-04:00,403.8550109863281,403.8599853515625,403.3999938964844,403.409912109375
2026-09-09 15:30:00-04:00,403.32000732421875,403.5050048828125,403.3067932128906,403.3399963378906
2026-09-09 15:35:00-04:00,403.3299865722656,403.3299865722656,403.03009033203125,403.17999267578125
2026-09-09 15:40:00-04:00,403.17999267578125,403.4599914550781,403.07000732421875,403.45001220703125
2026-09-09 15:45:00-04:00,403.45001220703125,403.6199951171875,403.4200134277344,403.489990234375
2026-09-09 15:50:00-04:00,403.489990234375,403.5350036621094,403.0899963378906,403.3599853515625
2026-09-09 15:55:00-04:00,403.3399963378906,403.45001220703125,403.2049865722656,403.3399963378906
2026-09-10 09:30:00-04:00,399.5299987792969,400.4599914550781,398.9800109863281,400.0299987792969
2026-09-10 09:35:00-04:00,400.010009765625,400.7699890136719,399.6600036621094,400.6400146484375
2026-09-10 09:40:00-04:00,400.5801086425781,400.9599914550781,400.010009765625,400.07000732421875
2026-09-10 09:45:00-04:00,400.1000061035156,401.1499938964844,400.0400085449219,400.7900085449219
2026-09-10 09:50:00-04:00,400.7449951171875,401.0299987792969,399.8800048828125,400.4049987792969
2026-09-10 09:55:00-04:00,400.3399963378906,400.6000061035156,400.07000732421875,400.20001220703125
2026-09-10 10:00:00-04:00,400.2650146484375,401.0745849609375,400.25,400.5899963378906
2026-09-10 10:05:00-04:00,400.54998779296875,400.7099914550781,399.7699890136719,400.0299987792969
2026-09-10 10:10:00-04:00,400.0,400.29998779296875,399.5799865722656,399.6000061035156
2026-09-10 10:15:00-04:00,399.5899963378906,399.93060302734375,399.1099853515625,399.8288879394531
2026-09-10 10:20:00-04:00,399.8399963378906,400.8999938964844,399.5799865722656,400.6700134277344
2026-09-10 10:25:00-04:00,400.6849060058594,401.1300048828125,399.8699951171875,399.8901062011719
2026-09-10 10:30:00-04:00,399.8599853515625,400.1499938964844,399.67999267578125,400.1199951171875
2026-09-10 10:35:00-04:00,400.0899963378906,400.614990234375,399.92999267578125,399.95001220703125
2026-09-10 10:40:00-04:00,399.94500732421875,400.5400085449219,399.32000732421875,399.3699951171875
2026-09-10 10:45:00-04:00,399.29998779296875,399.55999755859375,399.1499938964844,399.4700012207031
2026-09-10 10:50:00-04:00,399.430908203125,399.82000732421875,399.18499755859375,399.2099914550781
2026-09-10 10:55:00-04:00,399.2300109863281,399.6499938964844,399.1300048828125,399.5
2026-09-10 11:00:00-04:00,399.510009765625,399.510009765625,399.010009765625,399.0899963378906
2026-09-10 11:05:00-04:00,399.1099853515625,399.5799865722656,399.0400085449219,399.2401123046875
2026-09-10 11:10:00-04:00,399.260009765625,399.80999755859375,399.260009765625,399.6600036621094
2026-09-10 11:15:00-04:00,399.6700134277344,400.1099853515625,399.5899963378906,399.9599914550781
2026-09-10 11:20:00-04:00,399.95001220703125,400.30999755859375,399.760009765625,400.2049865722656
2026-09-10 11:25:00-04:00,400.2099914550781,400.3699951171875,399.94000244140625,400.1499938964844
2026-09-10 11:30:00-04:00,400.1579895019531,400.5299987792969,399.8599853515625,400.5299987792969
2026-09-10 11:35:00-04:00,400.5299987792969,400.7799987792969,400.2900085449219,400.42999267578125
2026-09-10 11:40:00-04:00,400.4599914550781,400.4800109863281,400.05999755859375,400.2200012207031
2026-09-10 11:45:00-04:00,400.239990234375,400.2699890136719,399.7300109863281,400.2698974609375
2026-09-10 11:50:00-04:00,400.25,400.55999755859375,400.1499938964844,400.1875
2026-09-10 11:55:00-04:00,400.1600036621094,400.364990234375,400.0,400.20001220703125
2026-09-10 12:00:00-04:00,400.2099914550781,400.57501220703125,400.1000061035156,400.37811279296875
2026-09-10 12:05:00-04:00,400.29998779296875,400.4549865722656,399.6400146484375,399.6499938964844
2026-09-10 12:10:00-04:00,399.6499938964844,399.739990234375,399.0899963378906,399.5478820800781
2026-09-10 12:15:00-04:00,399.54998779296875,399.739990234375,399.2301025390625,399.57000732421875
2026-09-10 12:20:00-04:00,399.5899963378906,399.8900146484375,399.54998779296875,399.7650146484375
2026-09-10 12:25:00-04:00,399.7749938964844,400.0,399.6600036621094,399.9200134277344
2026-09-10 12:30:00-04:00,399.8999938964844,400.1600036621094,399.3800048828125,399.4200134277344
2026-09-10 12:35:00-04:00,399.44000244140625,399.79998779296875,399.2699890136719,399.739990234375
2026-09-10 12:40:00-04:00,399.739990234375,399.7799987792969,399.3550109863281,399.3699951171875
2026-09-10 12:45:00-04:00,399.3900146484375,399.9700012207031,399.3900146484375,399.69000244140625
2026-09-10 12:50:00-04:00,399.7099914550781,400.05999755859375,399.7099914550781,399.8450012207031
2026-09-10 12:55:00-04:00,399.81500244140625,400.07000732421875,399.70001220703125,400.05999755859375
2026-09-10 13:00:00-04:00,400.0400085449219,400.4800109863281,399.6401062011719,400.010009765625
2026-09-10 13:05:00-04:00,400.03009033203125,400.1000061035156,399.760009765625,399.8500061035156
2026-09-10 13:10:00-04:00,399.9599914550781,400.27239990234375,399.8450012207031,399.93499755859375
2026-09-10 13:15:00-04:00,399.90679931640625,400.1499938964844,399.84991455078125,400.0799865722656
2026-09-10 13:20:00-04:00,400.0400085449219,400.20001220703125,399.9200134277344,399.9200134277344
2026-09-10 13:25:00-04:00,399.9599914550781,400.3299865722656,399.94000244140625,400.239990234375
2026-09-10 13:30:00-04:00,400.25,400.2865905761719,399.9150085449219,399.95001220703125
2026-09-10 13:35:00-04:00,399.95001220703125,400.07000732421875,399.54998779296875,399.5799865722656
2026-09-10 13:40:00-04:00,399.54998779296875,399.6700134277344,399.2799987792969,399.6600036621094
2026-09-10 13:45:00-04:00,399.6650085449219,399.7200012207031,399.3999938964844,399.4949951171875
2026-09-10 13:50:00-04:00,399.5,399.7300109863281,399.4501037597656,399.67999267578125
2026-09-10 13:55:00-04:00,399.6700134277344,399.6700134277344,398.8999938964844,399.0400085449219
2026-09-10 14:00:00-04:00,399.0400085449219,399.3299865722656,398.6700134277344,398.8699951171875
2026-09-10 14:05:00-04:00,398.82000732421875,398.8641357421875,398.03289794921875,398.19000244140625
2026-09-10 14:10:00-04:00,398.1700134277344,398.2300109863281,397.8999938964844,398.0299987792969
2026-09-10 14:15:00-04:00,397.8900146484375,398.29998779296875,397.7099914550781,398.07000732421875
2026-09-10 14:20:00-04:00,398.07000732421875,398.44000244140625,398.04998779296875,398.2099914550781
2026-09-10 14:25:00-04:00,398.25,398.3299865722656,397.5899963378906,397.7200012207031
2026-09-10 14:30:00-04:00,397.7300109863281,397.7449951171875,397.1700134277344,397.4200134277344
2026-09-10 14:35:00-04:00,397.4549865722656,397.4700012207031,397.2200012207031,397.3399963378906
2026-09-10 14:40:00-04:00,397.3299865722656,397.4549865722656,397.1199951171875,397.2950134277344
2026-09-10 14:45:00-04:00,397.2799987792969,397.3299865722656,396.95001220703125,397.0799865722656
2026-09-10 14:50:00-04:00,397.06500244140625,397.69000244140625,396.8800048828125,397.0199890136719
2026-09-10 14:55:00-04:00,397.0249938964844,397.5299987792969,397.0,397.20001220703125
2026-09-10 15:00:00-04:00,397.17999267578125,397.20001220703125,395.45098876953125,395.69000244140625
2026-09-10 15:05:00-04:00,395.67999267578125,396.45001220703125,395.6600036621094,396.45001220703125
2026-09-10 15:10:00-04:00,396.44000244140625,396.45001220703125,396.0299987792969,396.239990234375
2026-09-10 15:15:00-04:00,396.25,396.3599853515625,395.95001220703125,396.1199951171875
2026-09-10 15:20:00-04:00,396.1300048828125,396.9100036621094,396.1000061035156,396.8900146484375
2026-09-10 15:25:00-04:00,396.8800048828125,397.04998779296875,396.6099853515625,396.67999267578125
2026-09-10 15:30:00-04:00,396.69000244140625,396.9200134277344,396.4800109863281,396.6705017089844
2026-09-10 15:35:00-04:00,396.69000244140625,396.7950134277344,396.42999267578125,396.67999267578125
2026-09-10 15:40:00-04:00,396.69000244140625,396.7799987792969,396.3800048828125,396.45001220703125
2026-09-10 15:45:00-04:00,396.4599914550781,396.5899963378906,396.0899963378906,396.30999755859375
2026-09-10 15:50:00-04:00,396.29998779296875,396.5,396.04998779296875,396.3900146484375
2026-09-10 15:55:00-04:00,396.3900146484375,396.489990234375,396.2300109863281,396.45001220703125
2026-09-11 09:30:00-04:00,402.5260009765625,402.989990234375,401.7300109863281,402.989990234375
2026-09-11 09:35:00-04:00,402.9800109863281,403.45001220703125,401.9200134277344,402.54998779296875
2026-09-11 09:40:00-04:00,402.5899963378906,403.4599914550781,402.239990234375,402.9100036621094
2026-09-11 09:45:00-04:00,402.9599914550781,403.4849853515625,402.5199890136719,402.7900085449219
2026-09-11 09:50:00-04:00,402.7898864746094,402.8500061035156,402.2699890136719,402.42999267578125
2026-09-11 09:55:00-04:00,402.4700012207031,403.6499938964844,402.2300109863281,403.5849914550781
2026-09-11 10:00:00-04:00,403.5400085449219,403.6199951171875,401.7099914550781,402.5799865722656
2026-09-11 10:05:00-04:00,402.45001220703125,402.67999267578125,402.1199951171875,402.2900085449219
2026-09-11 10:10:00-04:00,402.2650146484375,402.30999755859375,401.75,401.93499755859375
2026-09-11 10:15:00-04:00,401.8500061035156,402.0400085449219,401.2650146484375,401.8299865722656
2026-09-11 10:20:00-04:00,401.8800048828125,402.1000061035156,401.42999267578125,401.55999755859375
2026-09-11 10:25:00-04:00,401.5799865722656,401.5799865722656,401.1300048828125,401.20001220703125
2026-09-11 10:30:00-04:00,401.20001220703125,401.20001220703125,400.80718994140625,400.8500061035156
2026-09-11 10:35:00-04:00,400.80999755859375,400.95001220703125,400.239990234375,400.510009765625
2026-09-11 10:40:00-04:00,400.5450134277344,400.9150085449219,400.4849853515625,400.7900085449219
2026-09-11 10:45:00-04:00,400.94000244140625,402.05999755859375,400.92999267578125,401.635009765625
2026-09-11 10:50:00-04:00,401.4800109863281,401.9800109863281,401.3550109863281,401.4700012207031
2026-09-11 10:55:00-04:00,401.4200134277344,401.4549865722656,400.7300109863281,400.7650146484375
2026-09-11 11:00:00-04:00,400.70001220703125,400.9294128417969,400.3699951171875,400.6400146484375
2026-09-11 11:05:00-04:00,400.6199951171875,400.739990234375,399.8800048828125,400.04998779296875
2026-09-11 11:10:00-04:00,399.989501953125,400.1300048828125,399.67999267578125,400.0
2026-09-11 11:15:00-04:00,400.0199890136719,400.2900085449219,399.8900146484375,399.92999267578125
2026-09-11 11:20:00-04:00,399.95001220703125,400.493896484375,399.95001220703125,400.2300109863281
2026-09-11 11:25:00-04:00,400.260009765625,400.9200134277344,400.2300109863281,400.70001220703125
2026-09-11 11:30:00-04:00,400.6700134277344,401.19000244140625,400.54010009765625,401.010009765625
2026-09-11 11:35:00-04:00,400.94989013671875,401.32000732421875,400.75,401.05999755859375
2026-09-11 11:40:00-04:00,401.0400085449219,401.1449890136719,400.7200012207031,400.9390869140625
2026-09-11 11:45:00-04:00,400.9100036621094,400.94500732421875,400.5400085449219,400.94500732421875
2026-09-11 11:50:00-04:00,400.9549865722656,400.9800109863281,400.2900085449219,400.55999755859375
2026-09-11 11:55:00-04:00,400.5400085449219,400.55999755859375,400.2099914550781,400.3999938964844
2026-09-11 12:00:00-04:00,400.3800048828125,400.864990234375,400.3800048828125,400.79998779296875
2026-09-11 12:05:00-04:00,400.7699890136719,400.8783874511719,400.29998779296875,400.3999938964844
2026-09-11 12:10:00-04:00,400.3999938964844,400.6099853515625,399.8399963378906,399.8599853515625
2026-09-11 12:15:00-04:00,399.8399963378906,400.04998779296875,399.6700134277344,399.70001220703125
2026-09-11 12:20:00-04:00,399.70001220703125,399.8399963378906,399.05999755859375,399.1199951171875
2026-09-11 12:25:00-04:00,399.1300048828125,399.9800109863281,399.1199951171875,399.2550048828125
2026-09-11 12:30:00-04:00,399.2799987792969,400.2300109863281,399.1199951171875,400.1600036621094
2026-09-11 12:35:00-04:00,400.1000061035156,400.1000061035156,399.6600036621094,399.79998779296875
2026-09-11 12:40:00-04:00,399.69000244140625,400.1199951171875,399.6300048828125,400.07000732421875
2026-09-11 12:45:00-04:00,400.0799865722656,400.17999267578125,399.8299865722656,399.8399963378906
2026-09-11 12:50:00-04:00,399.7900085449219,399.8851013183594,399.7699890136719,399.8399963378906
2026-09-11 12:55:00-04:00,399.8399963378906,400.0299987792969,399.8299865722656,399.875
2026-09-11 13:00:00-04:00,399.8999938964844,400.0899963378906,399.8500061035156,400.0223083496094
2026-09-11 13:05:00-04:00,400.0,400.5799865722656,399.864990234375,400.1099853515625
2026-09-11 13:10:00-04:00,400.0899963378906,400.3399963378906,399.95001220703125,400.239990234375
2026-09-11 13:15:00-04:00,400.2550048828125,400.5199890136719,400.0350036621094,400.45001220703125
2026-09-11 13:20:00-04:00,400.42999267578125,400.57000732421875,400.2300109863281,400.57000732421875
2026-09-11 13:25:00-04:00,400.57000732421875,400.6099853515625,400.2699890136719,400.3500061035156
2026-09-11 13:30:00-04:00,400.3500061035156,400.67999267578125,400.2250061035156,400.57000732421875
2026-09-11 13:35:00-04:00,400.57000732421875,400.5899963378906,399.92999267578125,399.92999267578125
2026-09-11 13:40:00-04:00,399.94000244140625,400.04998779296875,399.739990234375,399.9100036621094
2026-09-11 13:45:00-04:00,399.9100036621094,399.92999267578125,399.67999267578125,399.8699951171875
2026-09-11 13:50:00-04:00,399.8900146484375,400.07000732421875,399.82000732421875,399.9849853515625
2026-09-11 13:55:00-04:00,399.9800109863281,400.0,399.5450134277344,399.5899963378906
2026-09-11 14:00:00-04:00,399.57000732421875,399.7099914550781,399.5,399.7099914550781
2026-09-11 14:05:00-04:00,399.69000244140625,399.7200012207031,399.1499938964844,399.17999267578125
2026-09-11 14:10:00-04:00,399.1700134277344,399.3599853515625,398.4700012207031,398.5423889160156
2026-09-11 14:15:00-04:00,398.54998779296875,399.05999755859375,398.3999938964844,398.8500061035156
2026-09-11 14:20:00-04:00,398.8500061035156,398.8900146484375,398.29998779296875,398.7900085449219
2026-09-11 14:25:00-04:00,398.7749938964844,399.0802001953125,398.7200012207031,398.8800048828125
2026-09-11 14:30:00-04:00,398.9200134277344,398.989990234375,398.44000244140625,398.6700134277344
2026-09-11 14:35:00-04:00,398.6700134277344,398.8500061035156,398.5299987792969,398.54998779296875
2026-09-11 14:40:00-04:00,398.57000732421875,398.75,398.54998779296875,398.57000732421875
2026-09-11 14:45:00-04:00,398.5799865722656,398.5799865722656,398.30999755859375,398.4200134277344
2026-09-11 14:50:00-04:00,398.3800048828125,398.53948974609375,398.3599853515625,398.4100036621094
2026-09-11 14:55:00-04:00,398.3800048828125,398.55999755859375,398.3599853515625,398.5199890136719
2026-09-11 15:00:00-04:00,398.55999755859375,398.67999267578125,398.4150085449219,398.6600036621094
2026-09-11 15:05:00-04:00,398.6200866699219,398.7900085449219,398.3399963378906,398.6000061035156
2026-09-11 15:10:00-04:00,398.6099853515625,399.0050048828125,398.56500244140625,399.0
2026-09-11 15:15:00-04:00,399.010009765625,399.1700134277344,398.7699890136719,398.7699890136719
2026-09-11 15:20:00-04:00,398.7850036621094,398.9649963378906,398.6700134277344,398.9549865722656
2026-09-11 15:25:00-04:00,398.9700012207031,399.1300048828125,398.54998779296875,398.54998779296875
2026-09-11 15:30:00-04:00,398.55499267578125,398.6600036621094,398.3599853515625,398.5599060058594
2026-09-11 15:35:00-04:00,398.54998779296875,398.614990234375,398.4049987792969,398.5000915527344
2026-09-11 15:40:00-04:00,398.5,398.6499938964844,398.3800048828125,398.4599914550781
2026-09-11 15:45:00-04:00,398.45001220703125,398.4700012207031,398.1499938964844,398.19000244140625
2026-09-11 15:50:00-04:00,398.17999267578125,398.44000244140625,398.1400146484375,398.3800048828125
2026-09-11 15:55:00-04:00,398.3699951171875,398.739990234375,398.3299865722656,398.6000061035156
2026-09-14 09:30:00-04:00,391.8900146484375,392.3299865722656,391.71051025390625,391.7106018066406
2026-09-14 09:35:00-04:00,391.7200012207031,391.95001220703125,391.3900146484375,391.3900146484375
2026-09-14 09:40:00-04:00,391.4200134277344,392.0,391.2349853515625,391.989990234375
2026-09-14 09:45:00-04:00,392.0,392.55999755859375,391.7200012207031,392.135009765625
2026-09-14 09:50:00-04:00,392.1549987792969,392.59991455078125,391.62908935546875,391.7799987792969
2026-09-14 09:55:00-04:00,391.79998779296875,392.04998779296875,391.5249938964844,391.7701110839844
2026-09-14 10:00:00-04:00,391.79998779296875,392.0799865722656,391.1499938964844,391.3299865722656
2026-09-14 10:05:00-04:00,391.29998779296875,391.6799011230469,391.04998779296875,391.6000061035156
2026-09-14 10:10:00-04:00,391.6099853515625,392.6400146484375,391.6099853515625,392.6000061035156
2026-09-14 10:15:00-04:00,392.6099853515625,392.7300109863281,391.79998779296875,392.0899963378906
2026-09-14 10:20:00-04:00,392.0849914550781,392.0849914550781,390.989990234375,391.0799865722656
2026-09-14 10:25:00-04:00,391.04998779296875,391.4800109863281,390.9599914550781,391.4800109863281
2026-09-14 10:30:00-04:00,391.5299987792969,391.6700134277344,391.1499938964844,391.6700134277344
2026-09-14 10:35:00-04:00,391.6600036621094,391.7300109863281,391.3599853515625,391.6600036621094
2026-09-14 10:40:00-04:00,391.6278991699219,392.1698913574219,391.44000244140625,392.1419982910156
2026-09-14 10:45:00-04:00,392.1911926269531,392.3900146484375,392.1099853515625,392.30499267578125
2026-09-14 10:50:00-04:00,392.32000732421875,392.3800048828125,391.8900146484375,392.07000732421875
2026-09-14 10:55:00-04:00,392.06500244140625,392.3900146484375,391.9338073730469,392.3900146484375
2026-09-14 11:00:00-04:00,392.3999938964844,392.42498779296875,391.7149963378906,391.7349853515625
2026-09-14 11:05:00-04:00,391.7099914550781,393.0400085449219,391.7099914550781,392.45001220703125
2026-09-14 11:10:00-04:00,392.5,392.70001220703125,392.2300109863281,392.2300109863281
2026-09-14 11:15:00-04:00,392.1499938964844,392.3489990234375,391.75,392.0400085449219
2026-09-14 11:20:00-04:00,392.04998779296875,392.3900146484375,391.8900146484375,392.375
2026-09-14 11:25:00-04:00,392.3500061035156,392.8599853515625,392.2799987792969,392.7998962402344
2026-09-14 11:30:00-04:00,392.7850036621094,393.7099914550781,392.69000244140625,393.6600036621094
2026-09-14 11:35:00-04:00,393.739990234375,394.0320129394531,393.3349914550781,394.0050048828125
2026-09-14 11:40:00-04:00,394.0249938964844,394.1000061035156,393.5899963378906,393.760009765625
2026-09-14 11:45:00-04:00,393.79998779296875,393.82000732421875,393.19989013671875,393.2499084472656
2026-09-14 11:50:00-04:00,393.2149963378906,393.3999938964844,393.0400085449219,393.32000732421875
2026-09-14 11:55:00-04:00,393.3399963378906,393.4800109863281,393.1400146484375,393.1700134277344
2026-09-14 12:00:00-04:00,393.19000244140625,393.3599853515625,393.0299987792969,393.0299987792969
2026-09-14 12:05:00-04:00,393.0199890136719,393.7900085449219,393.0199890136719,393.7773132324219
2026-09-14 12:10:00-04:00,393.80499267578125,394.05999755859375,393.75,393.75
2026-09-14 12:15:00-04:00,393.7799987792969,394.19000244140625,393.7799987792969,394.1400146484375
2026-09-14 12:20:00-04:00,394.1400146484375,394.69500732421875,394.0199890136719,394.6499938964844
2026-09-14 12:25:00-04:00,394.67498779296875,394.7200012207031,394.260009765625,394.29400634765625
2026-09-14 12:30:00-04:00,394.26800537109375,394.8399963378906,394.2179870605469,394.364501953125
2026-09-14 12:35:00-04:00,394.3599853515625,394.54998779296875,394.260009765625,394.510009765625
2026-09-14 12:40:00-04:00,394.5264892578125,395.0,394.510009765625,394.8699951171875
2026-09-14 12:45:00-04:00,394.8299865722656,395.67999267578125,394.7300109863281,395.5422058105469
2026-09-14 12:50:00-04:00,395.54998779296875,395.8900146484375,395.4100036621094,395.7900085449219
2026-09-14 12:55:00-04:00,395.760009765625,395.8999938964844,395.6000061035156,395.7200012207031
2026-09-14 13:00:00-04:00,395.7200012207031,395.80999755859375,395.4100036621094,395.6200866699219
2026-09-14 13:05:00-04:00,395.6499938964844,395.6499938964844,395.4100036621094,395.5400085449219
2026-09-14 13:10:00-04:00,395.53277587890625,395.75,395.2850036621094,395.2850036621094
2026-09-14 13:15:00-04:00,395.29998779296875,395.4800109863281,395.1400146484375,395.20001220703125
2026-09-14 13:20:00-04:00,395.239990234375,395.3999938964844,395.19000244140625,395.3500061035156
2026-09-14 13:25:00-04:00,395.3299865722656,395.6000061035156,395.239990234375,395.3699951171875
2026-09-14 13:30:00-04:00,395.3999938964844,395.54998779296875,395.1050109863281,395.1050109863281
2026-09-14 13:35:00-04:00,395.1050109863281,395.3500061035156,394.9800109863281,395.260009765625
2026-09-14 13:40:00-04:00,395.2900085449219,395.3500061035156,395.1449890136719,395.2200012207031
2026-09-14 13:45:00-04:00,395.20001220703125,395.3297119140625,395.0899963378906,395.139892578125
2026-09-14 13:50:00-04:00,395.1199951171875,395.5299987792969,395.08648681640625,395.4200134277344
2026-09-14 13:55:00-04:00,395.4200134277344,395.54998779296875,395.2699890136719,395.2699890136719
2026-09-14 14:00:00-04:00,395.33319091796875,395.75,395.2300109863281,395.239990234375
2026-09-14 14:05:00-04:00,395.260009765625,395.3500061035156,395.05999755859375,395.25
2026-09-14 14:10:00-04:00,395.239990234375,395.4580993652344,395.2207946777344,395.44500732421875
2026-09-14 14:15:00-04:00,395.45001220703125,395.4621887207031,395.3200988769531,395.3699951171875
2026-09-14 14:20:00-04:00,395.3500061035156,395.3999938964844,395.0,395.0199890136719
2026-09-14 14:25:00-04:00,395.0199890136719,395.1499938964844,394.875,395.1400146484375
2026-09-14 14:30:00-04:00,395.1549987792969,395.5,395.0899963378906,395.3900146484375
2026-09-14 14:35:00-04:00,395.340087890625,395.47174072265625,395.2950134277344,395.30999755859375
2026-09-14 14:40:00-04:00,395.2900085449219,395.30999755859375,395.1199951171875,395.1700134277344
2026-09-14 14:45:00-04:00,395.1499938964844,395.17999267578125,394.95001220703125,395.0
2026-09-14 14:50:00-04:00,394.95001220703125,394.95001220703125,394.739990234375,394.8974304199219
2026-09-14 14:55:00-04:00,394.8800048828125,395.0,394.7900085449219,394.9599914550781
2026-09-14 15:00:00-04:00,394.9800109863281,395.0,394.6600036621094,394.8699951171875
2026-09-14 15:05:00-04:00,394.8800048828125,394.8800048828125,394.54998779296875,394.6499938964844
2026-09-14 15:10:00-04:00,394.6700134277344,394.92999267578125,394.5799865722656,394.8299865722656
2026-09-14 15:15:00-04:00,394.82000732421875,394.8399963378906,394.260009765625,394.4200134277344
2026-09-14 15:20:00-04:00,394.4200134277344,394.510009765625,393.9100036621094,394.0299987792969
2026-09-14 15:25:00-04:00,394.010009765625,394.1499938964844,393.9599914550781,393.9649963378906
2026-09-14 15:30:00-04:00,393.9599914550781,394.0450134277344,393.625,393.6449890136719
2026-09-14 15:35:00-04:00,393.6600036621094,393.7950134277344,393.5400085449219,393.54998779296875
2026-09-14 15:40:00-04:00,393.55999755859375,393.5950012207031,393.42999267578125,393.57000732421875
2026-09-14 15:45:00-04:00,393.55999755859375,393.55999755859375,393.1600036621094,393.19000244140625
2026-09-14 15:50:00-04:00,393.1600036621094,393.2099914550781,392.8999938964844,393.07000732421875
2026-09-14 15:55:00-04:00,393.07000732421875,393.0799865722656,392.6400146484375,392.739990234375
2026-09-15 09:30:00-04:00,393.1099853515625,393.5,392.82470703125,393.0799865722656
2026-09-15 09:35:00-04:00,393.1199951171875,393.7799987792969,393.0199890136719,393.0400085449219
2026-09-15 09:40:00-04:00,393.0400085449219,393.45001220703125,392.92999267578125,393.364990234375
2026-09-15 09:45:00-04:00,393.3599853515625,393.8800048828125,393.2300109863281,393.82501220703125
2026-09-15 09:50:00-04:00,393.7900085449219,394.07000732421875,393.5799865722656,393.8900146484375
2026-09-15 09:55:00-04:00,393.8999938964844,394.1499938964844,393.760009765625,393.8299865722656
2026-09-15 10:00:00-04:00,393.82000732421875,394.2099914550781,393.7699890136719,393.82501220703125
2026-09-15 10:05:00-04:00,393.8399963378906,394.3399963378906,393.7099914550781,394.1099853515625
2026-09-15 10:10:00-04:00,394.1099853515625,394.1400146484375,393.69000244140625,393.7799987792969
2026-09-15 10:15:00-04:00,393.7850036621094,393.8699951171875,393.3299865722656,393.6700134277344
2026-09-15 10:20:00-04:00,393.7099914550781,393.79998779296875,392.9700012207031,393.19000244140625
2026-09-15 10:25:00-04:00,393.2200012207031,393.2799987792969,392.6000061035156,392.8299865722656
2026-09-15 10:30:00-04:00,392.7300109863281,392.8699951171875,392.3703918457031,392.760009765625
2026-09-15 10:35:00-04:00,392.75,392.9700012207031,392.0199890136719,392.25
2026-09-15 10:40:00-04:00,392.2300109863281,392.3299865722656,392.09698486328125,392.20001220703125
2026-09-15 10:45:00-04:00,392.2300109863281,392.6600036621094,392.1300048828125,392.2699890136719
2026-09-15 10:50:00-04:00,392.2550048828125,392.489990234375,391.80999755859375,392.44000244140625
2026-09-15 10:55:00-04:00,392.43060302734375,392.44000244140625,392.0,392.1700134277344
2026-09-15 11:00:00-04:00,392.2049865722656,392.7250061035156,392.1000061035156,392.7250061035156
2026-09-15 11:05:00-04:00,392.739990234375,392.8399963378906,392.5,392.6400146484375
2026-09-15 11:10:00-04:00,392.6199951171875,393.0,392.57000732421875,392.8999938964844
2026-09-15 11:15:00-04:00,392.8999938964844,393.1000061035156,392.7650146484375,393.0
2026-09-15 11:20:00-04:00,393.0,393.07000732421875,392.60260009765625,392.885009765625
2026-09-15 11:25:00-04:00,392.8999938964844,392.9800109863281,392.70001220703125,392.760009765625
2026-09-15 11:30:00-04:00,392.7699890136719,392.9200134277344,392.55999755859375,392.8699951171875
2026-09-15 11:35:00-04:00,392.8900146484375,393.1400146484375,392.7749938964844,393.1099853515625
2026-09-15 11:40:00-04:00,393.114990234375,393.3599853515625,393.0609130859375,393.1199951171875
2026-09-15 11:45:00-04:00,393.1499938964844,393.19000244140625,392.8900146484375,392.9999084472656
2026-09-15 11:50:00-04:00,393.0400085449219,393.5299987792969,393.0400085449219,393.3399963378906
2026-09-15 11:55:00-04:00,393.31500244140625,393.7900085449219,393.1700134277344,393.260009765625
2026-09-15 12:00:00-04:00,393.25,393.4750061035156,393.1700134277344,393.4750061035156
2026-09-15 12:05:00-04:00,393.4599914550781,393.489990234375,393.29998779296875,393.45001220703125
2026-09-15 12:10:00-04:00,393.44000244140625,393.4700012207031,393.0299987792969,393.0400085449219
2026-09-15 12:15:00-04:00,393.0400085449219,393.25,392.9599914550781,393.2349853515625
2026-09-15 12:20:00-04:00,393.2300109863281,393.9872131347656,393.17999267578125,393.9700012207031
2026-09-15 12:25:00-04:00,393.9700012207031,394.0,393.7900085449219,393.8599853515625
2026-09-15 12:30:00-04:00,393.8699035644531,394.0799865722656,393.6300048828125,393.64990234375
2026-09-15 12:35:00-04:00,393.6199951171875,393.8900146484375,393.5,393.843505859375
2026-09-15 12:40:00-04:00,393.82000732421875,393.989990234375,393.6383972167969,393.95001220703125
2026-09-15 12:45:00-04:00,393.9800109863281,394.05999755859375,393.8399963378906,393.8599853515625
2026-09-15 12:50:00-04:00,393.8399963378906,394.1400146484375,393.82000732421875,394.07501220703125
2026-09-15 12:55:00-04:00,394.08990478515625,394.08990478515625,393.8599853515625,393.8800048828125
2026-09-15 13:00:00-04:00,393.875,393.9599914550781,393.4599914550781,393.4599914550781
2026-09-15 13:05:00-04:00,393.4599914550781,393.7099914550781,393.3900146484375,393.5799865722656
2026-09-15 13:10:00-04:00,393.635009765625,394.19000244140625,393.635009765625,393.840087890625
2026-09-15 13:15:00-04:00,393.82501220703125,393.989990234375,393.70001220703125,393.92999267578125
2026-09-15 13:20:00-04:00,393.92999267578125,393.9700012207031,393.55999755859375,393.6400146484375
2026-09-15 13:25:00-04:00,393.6300048828125,393.80999755859375,393.5,393.6499938964844
2026-09-15 13:30:00-04:00,393.6600036621094,394.09991455078125,393.6600036621094,394.0
2026-09-15 13:35:00-04:00,394.0,394.1720886230469,393.8500061035156,393.8500061035156
2026-09-15 13:40:00-04:00,393.8500061035156,393.8599853515625,393.57000732421875,393.69000244140625
2026-09-15 13:45:00-04:00,393.70001220703125,393.9200134277344,393.6700134277344,393.80999755859375
2026-09-15 13:50:00-04:00,393.79998779296875,393.92999267578125,393.739990234375,393.8699951171875
2026-09-15 13:55:00-04:00,393.8800048828125,393.9198913574219,393.7799987792969,393.82000732421875
2026-09-15 14:00:00-04:00,393.8599853515625,393.94000244140625,393.6499938964844,393.8599853515625
2026-09-15 14:05:00-04:00,393.8349914550781,394.1889953613281,393.8349914550781,393.989990234375
2026-09-15 14:10:00-04:00,393.989990234375,394.69000244140625,393.95001220703125,394.5299987792969
2026-09-15 14:15:00-04:00,394.57000732421875,394.9200134277344,394.5050048828125,394.79998779296875
2026-09-15 14:20:00-04:00,394.79998779296875,394.80999755859375,394.6199951171875,394.7250061035156
2026-09-15 14:25:00-04:00,394.7250061035156,394.875,394.625,394.739990234375
2026-09-15 14:30:00-04:00,394.7200012207031,394.7200012207031,394.4505920410156,394.56500244140625
2026-09-15 14:35:00-04:00,394.57000732421875,394.6499938964844,394.42999267578125,394.6300048828125
2026-09-15 14:40:00-04:00,394.6000061035156,395.0899963378906,394.5809020996094,394.760009765625
2026-09-15 14:45:00-04:00,394.7301025390625,395.0350036621094,394.69000244140625,394.92999267578125
2026-09-15 14:50:00-04:00,394.9352111816406,395.239990234375,394.9352111816406,395.1000061035156
2026-09-15 14:55:00-04:00,395.1000061035156,395.1050109863281,394.8800048828125,395.0884094238281
2026-09-15 15:00:00-04:00,395.0899963378906,395.30999755859375,394.739990234375,394.739990234375
2026-09-15 15:05:00-04:00,394.74627685546875,394.7950134277344,394.5199890136719,394.67999267578125
2026-09-15 15:10:00-04:00,394.6700134277344,394.70001220703125,394.32000732421875,394.32501220703125
2026-09-15 15:15:00-04:00,394.32000732421875,394.510009765625,394.2384033203125,394.32000732421875
2026-09-15 15:20:00-04:00,394.30999755859375,394.45001220703125,394.1300048828125,394.3999938964844
2026-09-15 15:25:00-04:00,394.3999938964844,394.4800109863281,394.2900085449219,394.3999938964844
2026-09-15 15:30:00-04:00,394.3900146484375,394.5199890136719,394.1700134277344,394.2099914550781
2026-09-15 15:35:00-04:00,394.2200012207031,394.25,394.1400146484375,394.20001220703125
2026-09-15 15:40:00-04:00,394.19000244140625,394.19500732421875,393.989990234375,394.010009765625
2026-09-15 15:45:00-04:00,393.989990234375,394.2900085449219,393.95001220703125,394.19000244140625
2026-09-15 15:50:00-04:00,394.17999267578125,394.2799987792969,393.8999938964844,393.9757080078125
2026-09-15 15:55:00-04:00,393.9700012207031,394.1400146484375,393.760009765625,394.1400146484375
2026-09-16 09:30:00-04:00,398.92999267578125,399.2049865722656,398.6499938964844,398.67498779296875
2026-09-16 09:35:00-04:00,398.67999267578125,398.8550109863281,398.3699951171875,398.3999938964844
2026-09-16 09:40:00-04:00,398.3800048828125,398.54998779296875,397.9100036621094,397.9200134277344
2026-09-16 09:45:00-04:00,397.9100036621094,398.3999938964844,397.9100036621094,398.1199951171875
2026-09-16 09:50:00-04:00,398.1600036621094,398.3349914550781,397.6499938964844,397.75
2026-09-16 09:55:00-04:00,397.760009765625,397.8299865722656,397.4200134277344,397.747314453125
2026-09-16 10:00:00-04:00,397.7300109863281,397.7900085449219,396.82000732421875,396.8699951171875
2026-09-16 10:05:00-04:00,396.82000732421875,397.0199890136719,396.3999938964844,396.9200134277344
2026-09-16 10:10:00-04:00,396.92999267578125,397.8900146484375,396.92999267578125,397.8800048828125
2026-09-16 10:15:00-04:00,397.8900146484375,397.989990234375,397.1600036621094,397.2300109863281
2026-09-16 10:20:00-04:00,397.17999267578125,397.510009765625,397.0450134277344,397.25
2026-09-16 10:25:00-04:00,397.2250061035156,397.70001220703125,397.1400146484375,397.69720458984375
2026-09-16 10:30:00-04:00,397.69000244140625,397.739990234375,397.3695068359375,397.57000732421875
2026-09-16 10:35:00-04:00,397.5799865722656,398.1499938964844,397.5799865722656,397.9700012207031
2026-09-16 10:40:00-04:00,398.010009765625,398.43280029296875,397.8999938964844,398.4200134277344
2026-09-16 10:45:00-04:00,398.3800048828125,398.8999938964844,398.3699951171875,398.8800048828125
2026-09-16 10:50:00-04:00,398.8800048828125,399.2098083496094,398.67999267578125,398.7052001953125
2026-09-16 10:55:00-04:00,398.70001220703125,399.3699951171875,398.6199951171875,399.2900085449219
2026-09-16 11:00:00-04:00,399.32000732421875,399.5150146484375,398.8900146484375,398.9100036621094
2026-09-16 11:05:00-04:00,398.92999267578125,399.6000061035156,398.8299865722656,399.510009765625
2026-09-16 11:10:00-04:00,399.5299072265625,399.57000732421875,399.0799865722656,399.1400146484375
2026-09-16 11:15:00-04:00,399.1400146484375,399.29998779296875,398.9700012207031,399.19000244140625
2026-09-16 11:20:00-04:00,399.1700134277344,399.17999267578125,398.80499267578125,398.8349914550781
2026-09-16 11:25:00-04:00,398.82501220703125,398.84991455078125,398.2799987792969,398.2799987792969
2026-09-16 11:30:00-04:00,398.30999755859375,398.69000244140625,398.1600036621094,398.6174621582031
2026-09-16 11:35:00-04:00,398.6099853515625,399.0400085449219,398.56500244140625,398.79998779296875
2026-09-16 11:40:00-04:00,398.8349914550781,398.92999267578125,398.7900085449219,398.885009765625
2026-09-16 11:45:00-04:00,398.8951110839844,399.94000244140625,398.8500061035156,399.114990234375
2026-09-16 11:50:00-04:00,399.1499938964844,399.2900085449219,398.8500061035156,399.0
2026-09-16 11:55:00-04:00,399.010009765625,399.1600036621094,398.8299865722656,399.0799865722656
2026-09-16 12:00:00-04:00,399.0799865722656,399.0899963378906,398.63531494140625,398.6499938964844
2026-09-16 12:05:00-04:00,398.6700134277344,398.80999755859375,398.5456848144531,398.7900085449219
2026-09-16 12:10:00-04:00,398.8399963378906,398.9200134277344,398.7099914550781,398.80999755859375
2026-09-16 12:15:00-04:00,398.8699951171875,399.0,398.7099914550781,398.7749938964844
2026-09-16 12:20:00-04:00,398.7749938964844,398.79998779296875,398.489990234375,398.5799865722656
2026-09-16 12:25:00-04:00,398.55999755859375,398.6390075683594,398.2799987792969,398.44000244140625
2026-09-16 12:30:00-04:00,398.4599914550781,398.625,398.3500061035156,398.6000061035156
2026-09-16 12:35:00-04:00,398.5899963378906,398.6499938964844,398.3599853515625,398.5567932128906
2026-09-16 12:40:00-04:00,398.54998779296875,398.6600036621094,398.5199890136719,398.55999755859375
2026-09-16 12:45:00-04:00,398.54998779296875,398.6700134277344,398.44000244140625,398.44000244140625
2026-09-16 12:50:00-04:00,398.4150085449219,398.42999267578125,398.2200012207031,398.4100036621094
2026-09-16 12:55:00-04:00,398.4100036621094,398.57000732421875,398.3900146484375,398.510009765625
2026-09-16 13:00:00-04:00,398.5018005371094,398.5018005371094,398.1700134277344,398.32000732421875
2026-09-16 13:05:00-04:00,398.3299865722656,398.3999938964844,398.15008544921875,398.17999267578125
2026-09-16 13:10:00-04:00,398.20001220703125,398.2598876953125,398.04010009765625,398.2300109863281
2026-09-16 13:15:00-04:00,398.2099914550781,398.3599853515625,398.1802978515625,398.29998779296875
2026-09-16 13:20:00-04:00,398.3299865722656,398.3599853515625,398.1400146484375,398.3299865722656
2026-09-16 13:25:00-04:00,398.3299865722656,398.6000061035156,398.30999755859375,398.54998779296875
2026-09-16 13:30:00-04:00,398.57000732421875,398.79998779296875,398.5,398.7099914550781
2026-09-16 13:35:00-04:00,398.7398986816406,398.75,398.239990234375,398.2699890136719
2026-09-16 13:40:00-04:00,398.2300109863281,398.4100036621094,398.2300109863281,398.2799987792969
2026-09-16 13:45:00-04:00,398.2799987792969,398.3900146484375,398.1499938964844,398.3299865722656
2026-09-16 13:50:00-04:00,398.3399963378906,398.8399963378906,398.2950134277344,398.6700134277344
2026-09-16 13:55:00-04:00,398.6499938964844,400.40789794921875,398.6300048828125,399.9100036621094
2026-09-16 14:00:00-04:00,399.9599914550781,400.6000061035156,395.54998779296875,396.54998779296875
2026-09-16 14:05:00-04:00,396.510009765625,398.5299987792969,396.5,397.114990234375
2026-09-16 14:10:00-04:00,397.0799865722656,397.3734130859375,394.8999938964844,395.2398986816406
2026-09-16 14:15:00-04:00,395.1700134277344,396.32000732421875,394.7900085449219,395.989990234375
2026-09-16 14:20:00-04:00,395.9049987792969,396.5400085449219,395.54998779296875,395.75
2026-09-16 14:25:00-04:00,395.82000732421875,396.3900146484375,395.45001220703125,396.3500061035156
2026-09-16 14:30:00-04:00,396.31500244140625,396.4700012207031,392.489990234375,392.8450012207031
2026-09-16 14:35:00-04:00,392.7818908691406,393.57000732421875,390.69000244140625,393.4704895019531
2026-09-16 14:40:00-04:00,393.4100036621094,395.239990234375,392.8999938964844,394.3699951171875
2026-09-16 14:45:00-04:00,394.3699951171875,394.94500732421875,393.4599914550781,393.67999267578125
2026-09-16 14:50:00-04:00,393.75,393.94000244140625,390.94000244140625,391.2099914550781
2026-09-16 14:55:00-04:00,391.1300048828125,391.79998779296875,390.29998779296875,390.7099914550781
2026-09-16 15:00:00-04:00,390.760009765625,393.1199951171875,390.68499755859375,391.8599853515625
2026-09-16 15:05:00-04:00,391.75,391.80999755859375,389.67999267578125,389.7699890136719
2026-09-16 15:10:00-04:00,389.7799987792969,390.0299987792969,388.3900146484375,390.0299987792969
2026-09-16 15:15:00-04:00,390.0400085449219,390.385009765625,388.8599853515625,389.510009765625
2026-09-16 15:20:00-04:00,389.4800109863281,389.94500732421875,389.17999267578125,389.9324951171875
2026-09-16 15:25:00-04:00,389.93499755859375,390.3800048828125,388.7200012207031,390.0400085449219
2026-09-16 15:30:00-04:00,390.0299987792969,390.95001220703125,390.010009765625,390.8699951171875
2026-09-16 15:35:00-04:00,390.9150085449219,391.1300048828125,390.30499267578125,390.90509033203125
2026-09-16 15:40:00-04:00,390.8800048828125,391.5899963378906,390.72491455078125,391.07000732421875
2026-09-16 15:45:00-04:00,391.0799865722656,391.7200012207031,391.0400085449219,391.5249938964844
2026-09-16 15:50:00-04:00,391.55999755859375,392.1300048828125,391.32000732421875,391.8299865722656
2026-09-16 15:55:00-04:00,391.8299865722656,391.9100036621094,391.4200134277344,391.75
2026-09-17 09:30:00-04:00,400.2799987792969,400.7200012207031,399.8800048828125,400.7099914550781
2026-09-17 09:35:00-04:00,400.70001220703125,400.9200134277344,399.75,399.76031494140625
2026-09-17 09:40:00-04:00,399.75,399.8800048828125,399.260009765625,399.4599914550781
2026-09-17 09:45:00-04:00,399.4700012207031,400.42999267578125,399.19000244140625,400.25
2026-09-17 09:50:00-04:00,400.2650146484375,400.6925964355469,400.1600036621094,400.19500732421875
2026-09-17 09:55:00-04:00,400.1700134277344,400.5299987792969,400.0199890136719,400.19000244140625
2026-09-17 10:00:00-04:00,400.239990234375,400.55999755859375,400.0299987792969,400.489990234375
2026-09-17 10:05:00-04:00,400.4599914550781,401.42999267578125,400.2101135253906,401.18499755859375
2026-09-17 10:10:00-04:00,401.1499938964844,401.44000244140625,400.3900146484375,400.7200012207031
2026-09-17 10:15:00-04:00,400.7149963378906,400.7799987792969,400.2300109863281,400.45001220703125
2026-09-17 10:20:00-04:00,400.5299987792969,400.6199951171875,400.1600036621094,400.5799865722656
2026-09-17 10:25:00-04:00,400.5799865722656,400.8599853515625,400.2449951171875,400.260009765625
2026-09-17 10:30:00-04:00,400.2799987792969,400.3500061035156,399.8299865722656,400.2900085449219
2026-09-17 10:35:00-04:00,400.32000732421875,400.3900146484375,399.7300109863281,399.7300109863281
2026-09-17 10:40:00-04:00,399.7590026855469,400.010009765625,399.54998779296875,399.7135009765625
2026-09-17 10:45:00-04:00,399.7099914550781,400.0350036621094,399.4200134277344,399.760009765625
2026-09-17 10:50:00-04:00,399.75,399.80999755859375,399.20001220703125,399.3349914550781
2026-09-17 10:55:00-04:00,399.3450012207031,399.39990234375,398.8949890136719,399.05999755859375
2026-09-17 11:00:00-04:00,399.0299987792969,399.3900146484375,398.79998779296875,399.2699890136719
2026-09-17 11:05:00-04:00,399.2699890136719,399.5299987792969,399.20001220703125,399.25
2026-09-17 11:10:00-04:00,399.25201416015625,399.80999755859375,398.9700012207031,399.79949951171875
2026-09-17 11:15:00-04:00,399.760009765625,400.010009765625,399.6499938964844,399.8800964355469
2026-09-17 11:20:00-04:00,399.8900146484375,399.8900146484375,399.4800109863281,399.56500244140625
2026-09-17 11:25:00-04:00,399.56500244140625,399.8599853515625,399.2749938964844,399.3800048828125
2026-09-17 11:30:00-04:00,399.489990234375,399.5078125,399.20001220703125,399.489990234375
2026-09-17 11:35:00-04:00,399.4800109863281,399.92999267578125,399.45001220703125,399.8299865722656
2026-09-17 11:40:00-04:00,399.82000732421875,400.25,399.82000732421875,400.135009765625
2026-09-17 11:45:00-04:00,400.17999267578125,400.3399963378906,399.92999267578125,400.1300048828125
2026-09-17 11:50:00-04:00,400.1400146484375,400.2950134277344,400.0,400.2200012207031
2026-09-17 11:55:00-04:00,400.17498779296875,400.5299987792969,400.1000061035156,400.5299987792969
2026-09-17 12:00:00-04:00,400.5299987792969,400.7632141113281,400.4267883300781,400.510009765625
2026-09-17 12:05:00-04:00,400.5299987792969,400.6300048828125,400.29998779296875,400.4700012207031
2026-09-17 12:10:00-04:00,400.510009765625,400.57000732421875,400.2799987792969,400.3500061035156
2026-09-17 12:15:00-04:00,400.3900146484375,400.3900146484375,400.1499938964844,400.30999755859375
2026-09-17 12:20:00-04:00,400.2699890136719,400.3900146484375,400.1700134277344,400.3599853515625
2026-09-17 12:25:00-04:00,400.32000732421875,400.3599853515625,399.9800109863281,400.32000732421875
2026-09-17 12:30:00-04:00,400.2799987792969,400.2900085449219,399.4200134277344,399.4800109863281
2026-09-17 12:35:00-04:00,399.510009765625,399.70001220703125,399.4599914550781,399.5920104980469
2026-09-17 12:40:00-04:00,399.6000061035156,399.6650085449219,399.3699951171875,399.5899963378906
2026-09-17 12:45:00-04:00,399.6000061035156,399.760009765625,399.4200134277344,399.42498779296875
2026-09-17 12:50:00-04:00,399.4100036621094,399.67999267578125,399.260009765625,399.6000061035156
2026-09-17 12:55:00-04:00,399.6300048828125,399.8299865722656,399.2101135253906,399.81829833984375
2026-09-17 13:00:00-04:00,399.82000732421875,400.0289001464844,399.4800109863281,399.84991455078125
2026-09-17 13:05:00-04:00,399.8500061035156,400.1600036621094,399.82000732421875,399.9700012207031
2026-09-17 13:10:00-04:00,399.9200134277344,399.989990234375,399.7099914550781,399.82000732421875
2026-09-17 13:15:00-04:00,399.8500061035156,399.8949890136719,399.5799865722656,399.67999267578125
2026-09-17 13:20:00-04:00,399.6499938964844,399.75,399.44000244140625,399.6099853515625
2026-09-17 13:25:00-04:00,399.6400146484375,399.8500061035156,399.56500244140625,399.64990234375
2026-09-17 13:30:00-04:00,399.69000244140625,399.8299865722656,399.6600036621094,399.7799987792969
2026-09-17 13:35:00-04:00,399.7699890136719,399.94000244140625,399.3877868652344,399.3999938964844
2026-09-17 13:40:00-04:00,399.44000244140625,399.7200012207031,399.44000244140625,399.6400146484375
2026-09-17 13:45:00-04:00,399.6400146484375,399.69000244140625,399.5,399.57000732421875
2026-09-17 13:50:00-04:00,399.53009033203125,399.7300109863281,399.53009033203125,399.6400146484375
2026-09-17 13:55:00-04:00,399.6400146484375,399.7699890136719,399.6000061035156,399.7159118652344
2026-09-17 14:00:00-04:00,399.7200012207031,399.9100036621094,399.6400146484375,399.9100036621094
2026-09-17 14:05:00-04:00,399.9200134277344,400.0400085449219,399.6400146484375,399.79998779296875
2026-09-17 14:10:00-04:00,399.77679443359375,400.0799865722656,399.7349853515625,400.06500244140625
2026-09-17 14:15:00-04:00,400.04998779296875,400.1600036621094,399.610107421875,399.6600036621094
2026-09-17 14:20:00-04:00,399.68011474609375,399.7099914550781,399.3299865722656,399.4100036621094
2026-09-17 14:25:00-04:00,399.3999938964844,399.52508544921875,399.2099914550781,399.239990234375
2026-09-17 14:30:00-04:00,399.260009765625,399.260009765625,398.67999267578125,398.69000244140625
2026-09-17 14:35:00-04:00,398.6700134277344,398.8900146484375,398.55999755859375,398.8599853515625
2026-09-17 14:40:00-04:00,398.8599853515625,399.0,398.7900085449219,398.8900146484375
2026-09-17 14:45:00-04:00,398.9100036621094,398.9800109863281,398.7200012207031,398.9200134277344
2026-09-17 14:50:00-04:00,398.9200134277344,398.9399108886719,398.6499938964844,398.760009765625
2026-09-17 14:55:00-04:00,398.7650146484375,398.8699951171875,398.7049865722656,398.8349914550781
2026-09-17 15:00:00-04:00,398.8599853515625,399.25,398.8599853515625,399.1000061035156
2026-09-17 15:05:00-04:00,399.1099853515625,399.2799987792969,399.05999755859375,399.1499938964844
2026-09-17 15:10:00-04:00,399.1449890136719,399.25,399.0400085449219,399.1600036621094
2026-09-17 15:15:00-04:00,399.1600036621094,399.1600036621094,398.6400146484375,398.9100036621094
2026-09-17 15:20:00-04:00,398.9361877441406,398.9361877441406,398.4901123046875,398.5199890136719
2026-09-17 15:25:00-04:00,398.5299987792969,398.70001220703125,398.114990234375,398.114990234375
2026-09-17 15:30:00-04:00,398.1000061035156,398.4200134277344,398.0400085449219,398.1700134277344
2026-09-17 15:35:00-04:00,398.1600036621094,398.2699890136719,398.0950012207031,398.2200012207031
2026-09-17 15:40:00-04:00,398.2049865722656,398.34991455078125,398.2049865722656,398.30999755859375
2026-09-17 15:45:00-04:00,398.29998779296875,398.5199890136719,398.20001220703125,398.2950134277344
2026-09-17 15:50:00-04:00,398.29998779296875,398.6300048828125,398.25,398.5199890136719
2026-09-17 15:55:00-04:00,398.510009765625,398.67999267578125,398.260009765625,398.2799987792969
2026-09-18 09:30:00-04:00,400.4800109863281,400.489990234375,399.6000061035156,399.6300048828125
2026-09-18 09:35:00-04:00,399.57000732421875,399.7300109863281,399.05999755859375,399.6199951171875
2026-09-18 09:40:00-04:00,399.5899963378906,399.6000061035156,398.9849853515625,399.1300048828125
2026-09-18 09:45:00-04:00,399.1000061035156,399.5,398.9800109863281,399.2799987792969
2026-09-18 09:50:00-04:00,399.2650146484375,399.4750061035156,398.6199951171875,398.8132019042969
2026-09-18 09:55:00-04:00,398.80999755859375,399.0199890136719,398.5950012207031,398.70001220703125
2026-09-18 10:00:00-04:00,398.7200012207031,399.3789978027344,398.610107421875,399.3599853515625
2026-09-18 10:05:00-04:00,399.4100036621094,399.4100036621094,398.8067932128906,398.94000244140625
2026-09-18 10:10:00-04:00,398.9949951171875,399.3599853515625,398.9200134277344,398.9200134277344
2026-09-18 10:15:00-04:00,398.9200134277344,399.2200927734375,398.5400085449219,398.6300048828125
2026-09-18 10:20:00-04:00,398.6099853515625,399.0799865722656,398.19500732421875,399.0299987792969
2026-09-18 10:25:00-04:00,399.010009765625,399.1531982421875,398.1405029296875,398.17999267578125
2026-09-18 10:30:00-04:00,398.1700134277344,398.5799865722656,398.1300048828125,398.54998779296875
2026-09-18 10:35:00-04:00,398.5400085449219,399.16009521484375,398.2799987792969,399.07501220703125
2026-09-18 10:40:00-04:00,399.0400085449219,399.239990234375,398.8599853515625,399.1199951171875
2026-09-18 10:45:00-04:00,399.07000732421875,399.3500061035156,398.92999267578125,399.260009765625
2026-09-18 10:50:00-04:00,399.2200012207031,399.885009765625,399.20001220703125,399.54998779296875
2026-09-18 10:55:00-04:00,399.5899963378906,399.7264099121094,399.0299987792969,399.07501220703125
2026-09-18 11:00:00-04:00,399.125,399.3299865722656,399.0249938964844,399.1300048828125
2026-09-18 11:05:00-04:00,399.1700134277344,399.3900146484375,398.8399963378906,398.8500061035156
2026-09-18 11:10:00-04:00,398.82501220703125,399.04290771484375,398.6099853515625,398.9800109863281
2026-09-18 11:15:00-04:00,398.9700012207031,399.30999755859375,398.93499755859375,399.29998779296875
2026-09-18 11:20:00-04:00,399.2900085449219,399.3299865722656,398.9800109863281,399.20001220703125
2026-09-18 11:25:00-04:00,399.2200012207031,399.45001220703125,399.1499938964844,399.3999938964844
2026-09-18 11:30:00-04:00,399.3949890136719,399.44000244140625,399.1499938964844,399.3599853515625
2026-09-18 11:35:00-04:00,399.3550109863281,399.4800109863281,398.9100036621094,398.93499755859375
2026-09-18 11:40:00-04:00,398.9200134277344,399.3500061035156,398.7149963378906,399.25
2026-09-18 11:45:00-04:00,399.2699890136719,399.5299072265625,399.17999267578125,399.4200134277344
2026-09-18 11:50:00-04:00,399.4599914550781,399.510009765625,399.0400085449219,399.0899963378906
2026-09-18 11:55:00-04:00,399.1401062011719,399.5,399.1300048828125,399.4599914550781
2026-09-18 12:00:00-04:00,399.4700012207031,399.489990234375,399.2900085449219,399.4700012207031
2026-09-18 12:05:00-04:00,399.4800109863281,399.7699890136719,399.4800109863281,399.760009765625
2026-09-18 12:10:00-04:00,399.7900085449219,400.19000244140625,399.7049865722656,399.9100036621094
2026-09-18 12:15:00-04:00,399.8999938964844,400.30999755859375,399.760009765625,400.2799987792969
2026-09-18 12:20:00-04:00,400.29998779296875,400.7699890136719,400.2900085449219,400.55999755859375
2026-09-18 12:25:00-04:00,400.5950012207031,401.4200134277344,400.4100036621094,401.32000732421875
2026-09-18 12:30:00-04:00,401.29998779296875,401.9075927734375,401.0400085449219,401.5400085449219
2026-09-18 12:35:00-04:00,401.54998779296875,401.6400146484375,401.30999755859375,401.57000732421875
2026-09-18 12:40:00-04:00,401.58380126953125,401.65411376953125,401.3299865722656,401.3999938964844
2026-09-18 12:45:00-04:00,401.3949890136719,401.6499938964844,401.2799987792969,401.45001220703125
2026-09-18 12:50:00-04:00,401.4649963378906,401.7099914550781,401.44000244140625,401.7099914550781
2026-09-18 12:55:00-04:00,401.7200012207031,401.95001220703125,401.6600036621094,401.8450012207031
2026-09-18 13:00:00-04:00,401.8599853515625,402.1700134277344,401.75,401.989990234375
2026-09-18 13:05:00-04:00,402.0,402.2699890136719,401.99951171875,402.18499755859375
2026-09-18 13:10:00-04:00,402.20001220703125,402.25,401.8949890136719,402.1099853515625
2026-09-18 13:15:00-04:00,402.1050109863281,402.44000244140625,402.0899963378906,402.1499938964844
2026-09-18 13:20:00-04:00,402.1549987792969,402.1549987792969,401.87469482421875,401.94000244140625
2026-09-18 13:25:00-04:00,401.92059326171875,402.239990234375,401.80010986328125,402.239990234375
2026-09-18 13:30:00-04:00,402.2300109863281,402.75,402.0791015625,402.7300109863281
2026-09-18 13:35:00-04:00,402.75,403.05999755859375,402.70001220703125,402.82000732421875
2026-09-18 13:40:00-04:00,402.8399963378906,403.1300048828125,402.7300109863281,402.80999755859375
2026-09-18 13:45:00-04:00,402.7699890136719,403.0899963378906,402.7137145996094,402.9967956542969
2026-09-18 13:50:00-04:00,403.0199890136719,403.1499938964844,402.79998779296875,402.8399963378906
2026-09-18 13:55:00-04:00,402.8299865722656,402.9700012207031,402.7701110839844,402.80999755859375
2026-09-18 14:00:00-04:00,402.82501220703125,402.8699951171875,402.69000244140625,402.739990234375
2026-09-18 14:05:00-04:00,402.7550048828125,402.8999938964844,402.4599914550781,402.55499267578125
2026-09-18 14:10:00-04:00,402.57000732421875,402.7900085449219,402.510009765625,402.7099914550781
2026-09-18 14:15:00-04:00,402.739990234375,402.7699890136719,402.42010498046875,402.57000732421875
2026-09-18 14:20:00-04:00,402.54998779296875,402.6300048828125,402.4342041015625,402.4599914550781
2026-09-18 14:25:00-04:00,402.489990234375,402.6000061035156,402.4601135253906,402.55999755859375
2026-09-18 14:30:00-04:00,402.5799865722656,402.5899963378906,402.2550048828125,402.3299865722656
2026-09-18 14:35:00-04:00,402.32000732421875,402.3500061035156,402.05999755859375,402.05999755859375
2026-09-18 14:40:00-04:00,402.05999755859375,402.0700988769531,401.6700134277344,401.7099914550781
2026-09-18 14:45:00-04:00,401.67999267578125,401.94000244140625,401.6000061035156,401.875
2026-09-18 14:50:00-04:00,401.875,401.94000244140625,401.6199951171875,401.625
2026-09-18 14:55:00-04:00,401.6099853515625,401.81500244140625,401.55999755859375,401.79998779296875
2026-09-18 15:00:00-04:00,401.80999755859375,401.8970947265625,401.5450134277344,401.819091796875
2026-09-18 15:05:00-04:00,401.82000732421875,402.0570068359375,401.7650146484375,402.0199890136719
2026-09-18 15:10:00-04:00,402.0375061035156,402.1400146484375,401.8999938964844,402.010009765625
2026-09-18 15:15:00-04:00,402.0249938964844,402.04998779296875,401.7799987792969,401.7900085449219
2026-09-18 15:20:00-04:00,401.7900085449219,401.9299011230469,401.7699890136719,401.8500061035156
2026-09-18 15:25:00-04:00,401.82000732421875,401.8500061035156,401.5,401.6499938964844
2026-09-18 15:30:00-04:00,401.6549987792969,401.80999755859375,401.6000061035156,401.6000061035156
2026-09-18 15:35:00-04:00,401.5899963378906,401.80999755859375,401.5400085449219,401.75
2026-09-18 15:40:00-04:00,401.7650146484375,401.82000732421875,401.6400146484375,401.7300109863281
2026-09-18 15:45:00-04:00,401.739990234375,401.8900146484375,401.66241455078125,401.7650146484375
2026-09-18 15:50:00-04:00,401.760009765625,401.7799987792969,401.260009765625,401.2799987792969
2026-09-18 15:55:00-04:00,401.2900085449219,401.510009765625,400.8999938964844,401.2300109863281
2026-09-21 09:30:00-04:00,400.1650085449219,400.239990234375,399.05999755859375,399.135009765625
2026-09-21 09:35:00-04:00,399.135009765625,399.3999938964844,398.95001220703125,399.18499755859375
2026-09-21 09:40:00-04:00,399.1700134277344,399.39990234375,398.7699890136719,399.0700988769531
2026-09-21 09:45:00-04:00,399.07000732421875,399.3699951171875,398.79998779296875,399.35198974609375
2026-09-21 09:50:00-04:00,399.3800048828125,399.3800048828125,398.67999267578125,398.67999267578125
2026-09-21 09:55:00-04:00,398.6700134277344,398.8432922363281,398.44000244140625,398.4599914550781
2026-09-21 10:00:00-04:00,398.45001220703125,398.5199890136719,396.6099853515625,396.67999267578125
2026-09-21 10:05:00-04:00,396.75,397.6700134277344,396.3399963378906,397.6300048828125
2026-09-21 10:10:00-04:00,397.6600036621094,397.9800109863281,397.44000244140625,397.92138671875
2026-09-21 10:15:00-04:00,397.92498779296875,398.010009765625,397.5400085449219,397.6600036621094
2026-09-21 10:20:00-04:00,397.6650085449219,397.7799987792969,397.3599853515625,397.6400146484375
2026-09-21 10:25:00-04:00,397.6400146484375,398.1499938964844,397.54998779296875,398.0
2026-09-21 10:30:00-04:00,397.9800109863281,398.20989990234375,397.5400085449219,397.54998779296875
2026-09-21 10:35:00-04:00,397.57000732421875,397.8999938964844,397.3800048828125,397.3800048828125
2026-09-21 10:40:00-04:00,397.3854064941406,397.94000244140625,397.1211853027344,397.1451110839844
2026-09-21 10:45:00-04:00,397.1700134277344,397.9649963378906,397.1300048828125,397.54998779296875
2026-09-21 10:50:00-04:00,397.6050109863281,398.1700134277344,397.510009765625,398.1059875488281
2026-09-21 10:55:00-04:00,398.1099853515625,398.1099853515625,397.4800109863281,397.7799987792969
2026-09-21 11:00:00-04:00,397.7900085449219,398.489990234375,397.7900085449219,398.489990234375
2026-09-21 11:05:00-04:00,398.42999267578125,398.80499267578125,398.3900146484375,398.80499267578125
2026-09-21 11:10:00-04:00,398.82000732421875,398.8599853515625,398.54998779296875,398.7300109863281
2026-09-21 11:15:00-04:00,398.739990234375,398.9194030761719,398.6400146484375,398.7799987792969
2026-09-21 11:20:00-04:00,398.7799987792969,399.0,398.6700134277344,398.9200134277344
2026-09-21 11:25:00-04:00,398.92999267578125,399.1098937988281,398.7900085449219,398.8900146484375
2026-09-21 11:30:00-04:00,398.8900146484375,399.19000244140625,398.79998779296875,399.17120361328125
2026-09-21 11:35:00-04:00,399.17999267578125,399.3599853515625,398.80999755859375,398.80999755859375
2026-09-21 11:40:00-04:00,398.8299865722656,398.8800048828125,398.6700134277344,398.8399963378906
2026-09-21 11:45:00-04:00,398.82000732421875,398.92999267578125,398.6099853515625,398.6499938964844
2026-09-21 11:50:00-04:00,398.7049865722656,399.25,398.5199890136719,398.6449890136719
2026-09-21 11:55:00-04:00,398.6300048828125,398.82000732421875,398.55999755859375,398.6499938964844
2026-09-21 12:00:00-04:00,398.67999267578125,398.9599914550781,398.3699951171875,398.8949890136719
2026-09-21 12:05:00-04:00,398.8699951171875,399.3299865722656,398.75,399.20001220703125
2026-09-21 12:10:00-04:00,399.239990234375,399.3699035644531,398.8399963378906,399.0198974609375
2026-09-21 12:15:00-04:00,399.0299987792969,399.4798889160156,399.010009765625,399.4599914550781
2026-09-21 12:20:00-04:00,399.4700012207031,399.4700012207031,398.8550109863281,398.875
2026-09-21 12:25:00-04:00,398.9100036621094,398.9599914550781,398.7300109863281,398.94000244140625
2026-09-21 12:30:00-04:00,398.8900146484375,399.1000061035156,398.7799987792969,398.9700012207031
2026-09-21 12:35:00-04:00,398.9599914550781,398.9599914550781,398.760009765625,398.7900085449219
2026-09-21 12:40:00-04:00,398.7900085449219,398.8500061035156,398.25,398.2900085449219
2026-09-21 12:45:00-04:00,398.2799987792969,398.4800109863281,398.239990234375,398.4700012207031
2026-09-21 12:50:00-04:00,398.4800109863281,398.55999755859375,398.2099914550781,398.2900085449219
2026-09-21 12:55:00-04:00,398.3099060058594,398.3599853515625,398.17999267578125,398.17999267578125
2026-09-21 13:00:00-04:00,398.1700134277344,398.3299865722656,398.0799865722656,398.260009765625
2026-09-21 13:05:00-04:00,398.2550048828125,398.3999938964844,398.2300109863281,398.3800048828125
2026-09-21 13:10:00-04:00,398.3699951171875,398.55999755859375,398.32000732421875,398.4750061035156
2026-09-21 13:15:00-04:00,398.4599914550781,398.489990234375,398.0400085449219,398.0799865722656
2026-09-21 13:20:00-04:00,398.1000061035156,398.2300109863281,398.0199890136719,398.0899963378906
2026-09-21 13:25:00-04:00,398.1600036621094,398.4599914550781,398.0899963378906,398.3900146484375
2026-09-21 13:30:00-04:00,398.45001220703125,398.45001220703125,397.739990234375,397.7699890136719
2026-09-21 13:35:00-04:00,397.80999755859375,397.92999267578125,397.70001220703125,397.7799987792969
2026-09-21 13:40:00-04:00,397.7799987792969,398.1199951171875,397.7699890136719,398.0050048828125
2026-09-21 13:45:00-04:00,397.9700012207031,398.2117004394531,397.87298583984375,398.2117004394531
2026-09-21 13:50:00-04:00,398.20001220703125,398.3900146484375,398.1700134277344,398.2900085449219
2026-09-21 13:55:00-04:00,398.2799987792969,398.4800109863281,398.2300109863281,398.30999755859375
2026-09-21 14:00:00-04:00,398.375,398.510009765625,398.2900085449219,398.510009765625
2026-09-21 14:05:00-04:00,398.44061279296875,398.8900146484375,398.4200134277344,398.8800048828125
2026-09-21 14:10:00-04:00,398.885009765625,398.9200134277344,398.67999267578125,398.8399963378906
2026-09-21 14:15:00-04:00,398.8500061035156,399.0400085449219,398.80999755859375,398.8599853515625
2026-09-21 14:20:00-04:00,398.8500061035156,398.9200134277344,398.80499267578125,398.82000732421875
2026-09-21 14:25:00-04:00,398.82000732421875,398.8900146484375,398.6788024902344,398.80999755859375
2026-09-21 14:30:00-04:00,398.8299865722656,398.93499755859375,398.7300109863281,398.7300109863281
2026-09-21 14:35:00-04:00,398.7200012207031,398.75,398.5199890136719,398.55999755859375
2026-09-21 14:40:00-04:00,398.55999755859375,398.6000061035156,398.44000244140625,398.5450134277344
2026-09-21 14:45:00-04:00,398.5400085449219,398.6549987792969,398.510009765625,398.625
2026-09-21 14:50:00-04:00,398.6300048828125,398.7349853515625,398.57000732421875,398.6099853515625
2026-09-21 14:55:00-04:00,398.5899963378906,398.6700134277344,398.44000244140625,398.45001220703125
2026-09-21 15:00:00-04:00,398.45001220703125,398.45001220703125,398.0799865722656,398.19000244140625
2026-09-21 15:05:00-04:00,398.17999267578125,398.4200134277344,398.1094970703125,398.4150085449219
2026-09-21 15:10:00-04:00,398.4200134277344,398.489990234375,398.32000732421875,398.3999938964844
2026-09-21 15:15:00-04:00,398.3900146484375,398.4700012207031,398.30999755859375,398.3299865722656
2026-09-21 15:20:00-04:00,398.3299865722656,398.5,398.32000732421875,398.44000244140625
2026-09-21 15:25:00-04:00,398.42498779296875,398.84991455078125,398.364990234375,398.7099914550781
2026-09-21 15:30:00-04:00,398.760009765625,399.0899963378906,398.7301025390625,399.0299987792969
2026-09-21 15:35:00-04:00,399.0249938964844,399.1499938964844,398.9200134277344,399.1099853515625
2026-09-21 15:40:00-04:00,399.1099853515625,399.1600036621094,398.57000732421875,398.6199951171875
2026-09-21 15:45:00-04:00,398.6199951171875,398.6400146484375,398.4100036621094,398.4100036621094
2026-09-21 15:50:00-04:00,398.4100036621094,398.5050048828125,398.30999755859375,398.5
2026-09-21 15:55:00-04:00,398.5,398.5199890136719,398.3299865722656,398.3500061035156
2026-09-22 09:30:00-04:00,397.07000732421875,397.57000732421875,396.989990234375,397.375
2026-09-22 09:35:00-04:00,397.4100036621094,397.6700134277344,397.0799865722656,397.1199951171875
2026-09-22 09:40:00-04:00,397.1300048828125,398.1600036621094,396.7900085449219,398.0150146484375
2026-09-22 09:45:00-04:00,398.010009765625,398.25,397.4800109863281,397.9200134277344
2026-09-22 09:50:00-04:00,397.8900146484375,398.0,397.17999267578125,397.20001220703125
2026-09-22 09:55:00-04:00,397.17999267578125,397.67999267578125,397.0,397.25
2026-09-22 10:00:00-04:00,397.260009765625,397.4100036621094,396.856201171875,396.856201171875
2026-09-22 10:05:00-04:00,396.8699951171875,397.09991455078125,396.7300109863281,396.93499755859375
2026-09-22 10:10:00-04:00,396.92999267578125,397.67999267578125,396.82000732421875,397.29998779296875
2026-09-22 10:15:00-04:00,397.30999755859375,397.3500061035156,396.57000732421875,396.8599853515625
2026-09-22 10:20:00-04:00,396.864990234375,397.2300109863281,396.7300109863281,397.1499938964844
2026-09-22 10:25:00-04:00,397.1000061035156,397.15008544921875,396.5,396.760009765625
2026-09-22 10:30:00-04:00,396.79998779296875,396.910400390625,396.4700012207031,396.489990234375
2026-09-22 10:35:00-04:00,396.5249938964844,397.32000732421875,396.1300048828125,396.489990234375
2026-09-22 10:40:00-04:00,396.4739990234375,396.4739990234375,395.5799865722656,396.04998779296875
2026-09-22 10:45:00-04:00,396.0249938964844,396.42999267578125,395.8399963378906,396.2349853515625
2026-09-22 10:50:00-04:00,396.29998779296875,396.57989501953125,396.1300048828125,396.53900146484375
2026-09-22 10:55:00-04:00,396.54998779296875,396.8699951171875,396.5,396.8299865722656
2026-09-22 11:00:00-04:00,396.8299865722656,397.2099914550781,396.5899963378906,397.0799865722656
2026-09-22 11:05:00-04:00,397.05999755859375,397.7200012207031,396.9200134277344,397.69989013671875
2026-09-22 11:10:00-04:00,397.7300109863281,398.0,397.4599914550781,397.5799865722656
2026-09-22 11:15:00-04:00,397.6400146484375,397.9537048339844,397.6400146484375,397.6700134277344
2026-09-22 11:20:00-04:00,397.6600036621094,397.79998779296875,397.4200134277344,397.6300048828125
2026-09-22 11:25:00-04:00,397.639892578125,397.64898681640625,397.2117919921875,397.2200012207031
2026-09-22 11:30:00-04:00,397.19000244140625,397.2449951171875,396.82000732421875,397.0199890136719
2026-09-22 11:35:00-04:00,397.010009765625,397.06500244140625,396.7799987792969,396.8800048828125
2026-09-22 11:40:00-04:00,396.8699951171875,396.989990234375,396.7699890136719,396.7900085449219
2026-09-22 11:45:00-04:00,396.8091125488281,396.82000732421875,396.6099853515625,396.64520263671875
2026-09-22 11:50:00-04:00,396.69000244140625,396.95001220703125,396.6400146484375,396.9100036621094
2026-09-22 11:55:00-04:00,396.8900146484375,397.19000244140625,396.8399963378906,397.114990234375
2026-09-22 12:00:00-04:00,397.1199951171875,397.2300109863281,396.6400146484375,396.7029113769531
2026-09-22 12:05:00-04:00,396.70001220703125,396.7250061035156,396.5,396.510009765625
2026-09-22 12:10:00-04:00,396.55999755859375,396.5899963378906,396.3399963378906,396.3999938964844
2026-09-22 12:15:00-04:00,396.3900146484375,396.6600036621094,396.3500061035156,396.6300048828125
2026-09-22 12:20:00-04:00,396.6300048828125,396.66949462890625,396.45001220703125,396.57501220703125
2026-09-22 12:25:00-04:00,396.5899963378906,396.7550048828125,396.5799865722656,396.6600036621094
2026-09-22 12:30:00-04:00,396.6700134277344,396.8699951171875,396.6300048828125,396.8699951171875
2026-09-22 12:35:00-04:00,396.8399963378906,396.8900146484375,396.75,396.8800048828125
2026-09-22 12:40:00-04:00,396.8800964355469,397.17999267578125,396.8052062988281,397.17498779296875
2026-09-22 12:45:00-04:00,397.1700134277344,398.010009765625,397.0799865722656,397.8999938964844
2026-09-22 12:50:00-04:00,397.8900146484375,398.06500244140625,397.6400146484375,397.6700134277344
2026-09-22 12:55:00-04:00,397.7200012207031,397.8299865722656,397.4200134277344,397.6000061035156
2026-09-22 13:00:00-04:00,397.57501220703125,397.7200012207031,397.44000244140625,397.6600036621094
2026-09-22 13:05:00-04:00,397.69000244140625,398.0249938964844,397.65509033203125,397.7099914550781
2026-09-22 13:10:00-04:00,397.70001220703125,397.9150085449219,397.6650085449219,397.739990234375
2026-09-22 13:15:00-04:00,397.7336120605469,397.9700012207031,397.6650085449219,397.68011474609375
2026-09-22 13:20:00-04:00,397.6947021484375,397.8900146484375,397.5799865722656,397.6199951171875
2026-09-22 13:25:00-04:00,397.6199951171875,397.864990234375,397.5199890136719,397.864990234375
2026-09-22 13:30:00-04:00,397.9150085449219,397.95001220703125,397.42999267578125,397.5799865722656
2026-09-22 13:35:00-04:00,397.55999755859375,397.68798828125,397.55999755859375,397.5741882324219
2026-09-22 13:40:00-04:00,397.56500244140625,397.82000732421875,397.5199890136719,397.7799987792969
2026-09-22 13:45:00-04:00,397.80999755859375,397.9800109863281,397.760009765625,397.92999267578125
2026-09-22 13:50:00-04:00,397.92498779296875,399.1199951171875,397.8699951171875,398.81500244140625
2026-09-22 13:55:00-04:00,398.80499267578125,399.0199890136719,398.7200012207031,398.90679931640625
2026-09-22 14:00:00-04:00,398.92999267578125,399.1499938964844,398.6000061035156,399.010009765625
2026-09-22 14:05:00-04:00,399.010009765625,399.75,399.0,399.5400085449219
2026-09-22 14:10:00-04:00,399.6099853515625,399.7699890136719,399.3550109863281,399.5799865722656
2026-09-22 14:15:00-04:00,399.5799865722656,399.84979248046875,399.56500244140625,399.5700988769531
2026-09-22 14:20:00-04:00,399.57000732421875,399.75,399.29998779296875,399.3500061035156
2026-09-22 14:25:00-04:00,399.3399963378906,399.5199890136719,399.19500732421875,399.3900146484375
2026-09-22 14:30:00-04:00,399.4599914550781,399.4599914550781,399.0400085449219,399.0799865722656
2026-09-22 14:35:00-04:00,399.1000061035156,399.1499938964844,398.8599853515625,399.0599060058594
2026-09-22 14:40:00-04:00,399.010009765625,399.0299987792969,398.739990234375,398.875
2026-09-22 14:45:00-04:00,398.8999938964844,399.21990966796875,398.8999938964844,399.159912109375
2026-09-22 14:50:00-04:00,399.1400146484375,399.25,399.0400085449219,399.0899963378906
2026-09-22 14:55:00-04:00,399.07501220703125,399.20001220703125,398.9100036621094,399.15008544921875
2026-09-22 15:00:00-04:00,399.1799011230469,399.3900146484375,399.1700134277344,399.2900085449219
2026-09-22 15:05:00-04:00,399.2799987792969,399.5899963378906,399.17999267578125,399.510009765625
2026-09-22 15:10:00-04:00,399.5400085449219,399.70001220703125,399.489990234375,399.6199951171875
2026-09-22 15:15:00-04:00,399.67999267578125,399.69000244140625,399.45001220703125,399.5849914550781
2026-09-22 15:20:00-04:00,399.5849914550781,399.70001220703125,399.44000244140625,399.67999267578125
2026-09-22 15:25:00-04:00,399.67999267578125,399.8999938964844,399.5299987792969,399.7699890136719
2026-09-22 15:30:00-04:00,399.7699890136719,400.7200012207031,399.7699890136719,400.6499938964844
2026-09-22 15:35:00-04:00,400.6300964355469,400.75,400.32000732421875,400.6099853515625
2026-09-22 15:40:00-04:00,400.6600036621094,400.7799987792969,400.3900146484375,400.6000061035156
2026-09-22 15:45:00-04:00,400.6199951171875,400.7200012207031,400.5299987792969,400.6000061035156
2026-09-22 15:50:00-04:00,400.6000061035156,400.6000061035156,400.3399963378906,400.3599853515625
2026-09-22 15:55:00-04:00,400.3550109863281,400.385009765625,400.04998779296875,400.0799865722656
2026-09-23 09:30:00-04:00,395.3299865722656,395.5,394.3900146484375,394.3900146484375
2026-09-23 09:35:00-04:00,394.3699951171875,394.7149963378906,394.1499938964844,394.55999755859375
2026-09-23 09:40:00-04:00,394.510009765625,394.6400146484375,393.010009765625,393.54998779296875
2026-09-23 09:45:00-04:00,393.510009765625,393.5299987792969,392.5,392.8550109863281
2026-09-23 09:50:00-04:00,392.8800048828125,393.2850036621094,392.6300048828125,392.7300109863281
2026-09-23 09:55:00-04:00,392.7200012207031,393.0400085449219,392.54998779296875,392.75
2026-09-23 10:00:00-04:00,392.75,393.4599914550781,392.7300109863281,393.294189453125
2026-09-23 10:05:00-04:00,393.32000732421875,393.6400146484375,392.9200134277344,393.4849853515625
2026-09-23 10:10:00-04:00,393.4700012207031,393.5150146484375,392.5799865722656,392.67999267578125
2026-09-23 10:15:00-04:00,392.70001220703125,393.04998779296875,392.1600036621094,392.1600036621094
2026-09-23 10:20:00-04:00,392.19000244140625,392.760009765625,392.1700134277344,392.7200012207031
2026-09-23 10:25:00-04:00,392.7300109863281,392.80999755859375,392.1449890136719,392.3900146484375
2026-09-23 10:30:00-04:00,392.3800048828125,393.3599853515625,392.3699951171875,393.2117004394531
2026-09-23 10:35:00-04:00,393.260009765625,393.5199890136719,392.6000061035156,392.6000061035156
2026-09-23 10:40:00-04:00,392.6099853515625,393.1300048828125,392.6000061035156,393.0000915527344
2026-09-23 10:45:00-04:00,393.04998779296875,393.1300048828125,392.7950134277344,392.92999267578125
2026-09-23 10:50:00-04:00,392.9150085449219,394.1499938964844,392.79998779296875,393.9949951171875
2026-09-23 10:55:00-04:00,394.0150146484375,394.0150146484375,393.4200134277344,393.7300109863281
2026-09-23 11:00:00-04:00,393.760009765625,393.8175048828125,393.239990234375,393.32000732421875
2026-09-23 11:05:00-04:00,393.3500061035156,393.739990234375,393.2650146484375,393.6600036621094
2026-09-23 11:10:00-04:00,393.7300109863281,393.9800109863281,393.6449890136719,393.7124938964844
2026-09-23 11:15:00-04:00,393.7300109863281,393.7699890136719,393.3385925292969,393.5799865722656
2026-09-23 11:20:00-04:00,393.6199951171875,393.6300048828125,393.3500061035156,393.4700012207031
2026-09-23 11:25:00-04:00,393.4649963378906,393.6499938964844,392.69000244140625,392.7099914550781
2026-09-23 11:30:00-04:00,392.70001220703125,392.7699890136719,392.44000244140625,392.7650146484375
2026-09-23 11:35:00-04:00,392.739990234375,392.95001220703125,392.32000732421875,392.4200134277344
2026-09-23 11:40:00-04:00,392.3900146484375,392.8500061035156,392.3299865722656,392.79998779296875
2026-09-23 11:45:00-04:00,392.7900085449219,392.8900146484375,392.1600036621094,392.2300109863281
2026-09-23 11:50:00-04:00,392.2349853515625,392.4800109863281,392.17999267578125,392.45001220703125
2026-09-23 11:55:00-04:00,392.5050048828125,392.6300048828125,392.42120361328125,392.5600891113281
2026-09-23 12:00:00-04:00,392.5400085449219,392.6650085449219,392.2650146484375,392.30999755859375
2026-09-23 12:05:00-04:00,392.2699890136719,392.7900085449219,392.2300109863281,392.6000061035156
2026-09-23 12:10:00-04:00,392.5799865722656,392.75,392.5375061035156,392.6600036621094
2026-09-23 12:15:00-04:00,392.70001220703125,392.82000732421875,392.5899963378906,392.7749938964844
2026-09-23 12:20:00-04:00,392.760009765625,392.7799987792969,392.5849914550781,392.5849914550781
2026-09-23 12:25:00-04:00,392.5849914550781,392.9200134277344,392.5799865722656,392.9200134277344
2026-09-23 12:30:00-04:00,392.9150085449219,393.1099853515625,392.85009765625,393.010009765625
2026-09-23 12:35:00-04:00,392.989990234375,393.2900085449219,392.92999267578125,393.0899963378906
2026-09-23 12:40:00-04:00,393.0899963378906,393.1199951171875,392.92999267578125,392.9599914550781
2026-09-23 12:45:00-04:00,392.95001220703125,393.010009765625,392.4700012207031,392.6300048828125
2026-09-23 12:50:00-04:00,392.6499938964844,392.7650146484375,392.2950134277344,392.67999267578125
2026-09-23 12:55:00-04:00,392.6600036621094,392.92999267578125,392.6000061035156,392.8500061035156
2026-09-23 13:00:00-04:00,392.8299865722656,392.9100036621094,391.989990234375,392.20001220703125
2026-09-23 13:05:00-04:00,392.30999755859375,392.760009765625,392.20001220703125,392.760009765625
2026-09-23 13:10:00-04:00,392.7200012207031,392.8399963378906,392.17999267578125,392.2699890136719
2026-09-23 13:15:00-04:00,392.2900085449219,392.4599914550781,392.0899963378906,392.3699951171875
2026-09-23 13:20:00-04:00,392.3500061035156,392.760009765625,392.3299865722656,392.6000061035156
2026-09-23 13:25:00-04:00,392.5899963378906,392.70001220703125,392.4750061035156,392.6099853515625
2026-09-23 13:30:00-04:00,392.5799865722656,392.6099853515625,392.1099853515625,392.4700012207031
2026-09-23 13:35:00-04:00,392.3966064453125,392.4599914550781,391.9599914550781,391.9949951171875
2026-09-23 13:40:00-04:00,392.0299987792969,393.25,391.8700866699219,393.1199951171875
2026-09-23 13:45:00-04:00,393.1000061035156,393.3699951171875,393.010009765625,393.3299865722656
2026-09-23 13:50:00-04:00,393.3399963378906,393.42999267578125,393.18499755859375,393.3900146484375
2026-09-23 13:55:00-04:00,393.4100036621094,393.57000732421875,393.1499938964844,393.54998779296875
2026-09-23 14:00:00-04:00,393.5450134277344,393.739990234375,393.29998779296875,393.3399963378906
2026-09-23 14:05:00-04:00,393.3299865722656,393.3900146484375,393.2099914550781,393.3599853515625
2026-09-23 14:10:00-04:00,393.3399963378906,393.3500061035156,393.1400146484375,393.239990234375
2026-09-23 14:15:00-04:00,393.2300109863281,393.4599914550781,393.19000244140625,393.3450012207031
2026-09-23 14:20:00-04:00,393.3399963378906,393.4198913574219,393.1300048828125,393.1400146484375
2026-09-23 14:25:00-04:00,393.1600036621094,393.20599365234375,392.739990234375,392.96990966796875
2026-09-23 14:30:00-04:00,392.95001220703125,393.07000732421875,392.82000732421875,392.9700012207031
2026-09-23 14:35:00-04:00,393.0199890136719,393.1050109863281,392.8399963378906,392.8799133300781
2026-09-23 14:40:00-04:00,392.8900146484375,392.989990234375,392.760009765625,392.7900085449219
2026-09-23 14:45:00-04:00,392.7850036621094,393.0199890136719,392.6700134277344,393.010009765625
2026-09-23 14:50:00-04:00,393.0199890136719,393.1499938964844,393.0199890136719,393.1499938964844
2026-09-23 14:55:00-04:00,393.1499938964844,393.3699951171875,393.0899963378906,393.3599853515625
2026-09-23 15:00:00-04:00,393.3500061035156,393.3900146484375,393.1300048828125,393.19000244140625
2026-09-23 15:05:00-04:00,393.17999267578125,393.6199951171875,393.1650085449219,393.260009765625
2026-09-23 15:10:00-04:00,393.2799072265625,393.3208923339844,392.7699890136719,392.7699890136719
2026-09-23 15:15:00-04:00,392.7900085449219,392.9200134277344,392.6400146484375,392.75
2026-09-23 15:20:00-04:00,392.7300109863281,392.9150085449219,392.69000244140625,392.8999938964844
2026-09-23 15:25:00-04:00,392.93499755859375,393.0400085449219,392.7799987792969,393.0050048828125
2026-09-23 15:30:00-04:00,393.0199890136719,393.04998779296875,392.7349853515625,392.9200134277344
2026-09-23 15:35:00-04:00,392.9100036621094,392.92999267578125,392.5150146484375,392.5899963378906
2026-09-23 15:40:00-04:00,392.5899963378906,392.8299865722656,392.54998779296875,392.6199951171875
2026-09-23 15:45:00-04:00,392.6300048828125,393.0299987792969,392.614990234375,392.989990234375
2026-09-23 15:50:00-04:00,393.0299987792969,393.04998779296875,392.70001220703125,392.70001220703125
2026-09-23 15:55:00-04:00,392.7099914550781,392.8399963378906,392.54998779296875,392.7799987792969
2026-09-24 09:30:00-04:00,391.9599914550781,392.06500244140625,391.56500244140625,391.6199951171875
2026-09-24 09:35:00-04:00,391.6300048828125,391.9049987792969,391.3900146484375,391.5249938964844
2026-09-24 09:40:00-04:00,391.4700012207031,391.7200012207031,391.1300048828125,391.66009521484375
2026-09-24 09:45:00-04:00,391.6600036621094,391.95001220703125,391.42999267578125,391.489990234375
2026-09-24 09:50:00-04:00,391.4800109863281,391.5299987792969,390.9599914550781,391.04998779296875
2026-09-24 09:55:00-04:00,391.0,391.2699890136719,390.8599853515625,391.125
2026-09-24 10:00:00-04:00,391.114990234375,391.4100036621094,390.9200134277344,391.3900146484375
2026-09-24 10:05:00-04:00,391.4200134277344,391.6300048828125,391.1300048828125,391.3699951171875
2026-09-24 10:10:00-04:00,391.3799133300781,391.4700012207031,391.04998779296875,391.31988525390625
2026-09-24 10:15:00-04:00,391.30999755859375,391.4599914550781,390.80999755859375,390.8800048828125
2026-09-24 10:20:00-04:00,390.8800048828125,390.8800048828125,390.510009765625,390.739990234375
2026-09-24 10:25:00-04:00,390.739990234375,391.239990234375,390.6000061035156,391.0799865722656
2026-09-24 10:30:00-04:00,391.0299987792969,391.0299987792969,390.1499938964844,390.5799865722656
2026-09-24 10:35:00-04:00,390.5616760253906,390.6099853515625,390.0400085449219,390.159912109375
2026-09-24 10:40:00-04:00,390.1600036621094,390.1716003417969,389.8999938964844,390.07000732421875
2026-09-24 10:45:00-04:00,390.05999755859375,390.2650146484375,389.8999938964844,390.1199951171875
2026-09-24 10:50:00-04:00,390.1300048828125,390.6000061035156,390.1300048828125,390.3800048828125
2026-09-24 10:55:00-04:00,390.3599853515625,390.3699951171875,389.7101135253906,389.7799987792969
2026-09-24 11:00:00-04:00,389.7799987792969,389.8500061035156,389.4798889160156,389.55999755859375
2026-09-24 11:05:00-04:00,389.5299987792969,389.6099853515625,389.364990234375,389.4599914550781
2026-09-24 11:10:00-04:00,389.489990234375,389.6000061035156,389.04901123046875,389.239990234375
2026-09-24 11:15:00-04:00,389.20001220703125,389.7900085449219,389.1600036621094,389.5400085449219
2026-09-24 11:20:00-04:00,389.489990234375,390.010009765625,389.4700012207031,390.0050048828125
2026-09-24 11:25:00-04:00,390.0,390.0,389.4100036621094,389.55499267578125
2026-09-24 11:30:00-04:00,389.5400085449219,389.6000061035156,389.2200012207031,389.3500061035156
2026-09-24 11:35:00-04:00,389.3349914550781,389.8900146484375,389.25,389.8800048828125
2026-09-24 11:40:00-04:00,389.9200134277344,390.0400085449219,389.7650146484375,390.0
2026-09-24 11:45:00-04:00,390.0199890136719,390.17999267578125,389.8500061035156,390.0
2026-09-24 11:50:00-04:00,389.95001220703125,390.5,389.92999267578125,390.239990234375
2026-09-24 11:55:00-04:00,390.2550048828125,390.260009765625,389.989990234375,390.1499938964844
2026-09-24 12:00:00-04:00,390.1600036621094,390.3399963378906,389.94000244140625,390.3399963378906
2026-09-24 12:05:00-04:00,390.30999755859375,390.32000732421875,389.79998779296875,389.82000732421875
2026-09-24 12:10:00-04:00,389.8900146484375,390.4200134277344,389.82000732421875,390.3900146484375
2026-09-24 12:15:00-04:00,390.3900146484375,393.07000732421875,390.30999755859375,391.6600036621094
2026-09-24 12:20:00-04:00,391.760009765625,392.3699951171875,391.4849853515625,391.8900146484375
2026-09-24 12:25:00-04:00,392.0,392.0,391.57000732421875,391.9100036621094
2026-09-24 12:30:00-04:00,391.9070129394531,392.0299987792969,391.3999938964844,391.6099853515625
2026-09-24 12:35:00-04:00,391.70001220703125,392.1600036621094,391.6400146484375,391.94000244140625
2026-09-24 12:40:00-04:00,392.0199890136719,392.7839050292969,391.7300109863281,391.7300109863281
2026-09-24 12:45:00-04:00,391.70001220703125,392.0899963378906,391.6199951171875,391.875
2026-09-24 12:50:00-04:00,391.9599914550781,392.1791076660156,391.44000244140625,391.6400146484375
2026-09-24 12:55:00-04:00,391.6300048828125,391.9787902832031,391.6300048828125,391.67999267578125
2026-09-24 13:00:00-04:00,391.6600036621094,392.0899963378906,391.29998779296875,391.510009765625
2026-09-24 13:05:00-04:00,391.5199890136719,391.739990234375,391.3699951171875,391.4549865722656
2026-09-24 13:10:00-04:00,391.4200134277344,391.489990234375,391.0299987792969,391.44000244140625
2026-09-24 13:15:00-04:00,391.43499755859375,391.43499755859375,390.6449890136719,390.6600036621094
2026-09-24 13:20:00-04:00,390.6499938964844,390.95001220703125,390.510009765625,390.5592956542969
2026-09-24 13:25:00-04:00,390.5299987792969,390.7200012207031,390.3599853515625,390.7200012207031
2026-09-24 13:30:00-04:00,390.67999267578125,391.05999755859375,390.67999267578125,390.7099914550781
2026-09-24 13:35:00-04:00,390.69000244140625,390.760009765625,390.5799865722656,390.6712951660156
2026-09-24 13:40:00-04:00,390.63800048828125,390.70001220703125,390.2850036621094,390.3500061035156
2026-09-24 13:45:00-04:00,390.32000732421875,390.4800109863281,390.2300109863281,390.3200988769531
2026-09-24 13:50:00-04:00,390.30999755859375,390.5799865722656,390.2699890136719,390.5050048828125
2026-09-24 13:55:00-04:00,390.5299987792969,390.9750061035156,390.5,390.8800048828125
2026-09-24 14:00:00-04:00,390.9200134277344,391.0199890136719,390.1199951171875,390.25
2026-09-24 14:05:00-04:00,390.260009765625,390.7449951171875,390.2200012207031,390.6499938964844
2026-09-24 14:10:00-04:00,390.70001220703125,391.3699951171875,390.70001220703125,391.3500061035156
2026-09-24 14:15:00-04:00,391.340087890625,391.5398864746094,391.1650085449219,391.2699890136719
2026-09-24 14:20:00-04:00,391.2850036621094,391.364990234375,391.1099853515625,391.31500244140625
2026-09-24 14:25:00-04:00,391.31500244140625,391.8500061035156,391.2799987792969,391.8500061035156
2026-09-24 14:30:00-04:00,391.82000732421875,392.0,391.45001220703125,391.45001220703125
2026-09-24 14:35:00-04:00,391.4200134277344,392.44000244140625,391.19000244140625,392.0849914550781
2026-09-24 14:40:00-04:00,392.0400085449219,392.0849914550781,391.3599853515625,391.5
2026-09-24 14:45:00-04:00,391.6099853515625,391.6434020996094,391.4437561035156,391.6400146484375
2026-09-24 14:50:00-04:00,391.6449890136719,392.0400085449219,391.6000061035156,391.7099914550781
2026-09-24 14:55:00-04:00,391.7183532714844,391.8450012207031,391.54998779296875,391.59039306640625
2026-09-24 15:00:00-04:00,391.54998779296875,391.6300048828125,391.1499938964844,391.2300109863281
2026-09-24 15:05:00-04:00,391.239990234375,391.45001220703125,391.2300109863281,391.3699951171875
2026-09-24 15:10:00-04:00,391.3699951171875,391.3999938964844,391.17010498046875,391.19989013671875
2026-09-24 15:15:00-04:00,391.19000244140625,391.510009765625,391.17999267578125,391.489990234375
2026-09-24 15:20:00-04:00,391.5,391.80999755859375,391.3500061035156,391.80999755859375
2026-09-24 15:25:00-04:00,391.80999755859375,391.92999267578125,391.54998779296875,391.5899963378906
2026-09-24 15:30:00-04:00,391.6173095703125,391.6600036621094,391.5199890136719,391.6499938964844
2026-09-24 15:35:00-04:00,391.6400146484375,391.8900146484375,391.5199890136719,391.885009765625
2026-09-24 15:40:00-04:00,391.9100036621094,391.92999267578125,391.739990234375,391.82000732421875
2026-09-24 15:45:00-04:00,391.80999755859375,391.95001220703125,391.7300109863281,391.739990234375
2026-09-24 15:50:00-04:00,391.760009765625,391.8699951171875,391.6600036621094,391.8450012207031
2026-09-24 15:55:00-04:00,391.8399963378906,391.8699951171875,391.6000061035156,391.7250061035156
2026-09-25 09:30:00-04:00,392.2099914550781,392.5199890136719,391.739990234375,392.30999755859375
2026-09-25 09:35:00-04:00,392.239990234375,392.739990234375,392.1700134277344,392.3999938964844
2026-09-25 09:40:00-04:00,392.4200134277344,392.58990478515625,392.05999755859375,392.3999938964844
2026-09-25 09:45:00-04:00,392.18438720703125,392.3699951171875,391.7900085449219,392.1600036621094
2026-09-25 09:50:00-04:00,392.1099853515625,392.6600036621094,392.0799865722656,392.42999267578125
2026-09-25 09:55:00-04:00,392.3999938964844,392.44000244140625,391.9367370605469,391.95001220703125
2026-09-25 10:00:00-04:00,391.9999084472656,392.17999267578125,390.3599853515625,390.3800048828125
2026-09-25 10:05:00-04:00,390.3900146484375,391.19000244140625,390.04998779296875,391.1000061035156
2026-09-25 10:10:00-04:00,391.1300048828125,391.2099914550781,390.8900146484375,391.2099914550781
2026-09-25 10:15:00-04:00,391.19000244140625,391.25,390.57000732421875,391.1299133300781
2026-09-25 10:20:00-04:00,391.1300048828125,391.5,391.05999755859375,391.30999755859375
2026-09-25 10:25:00-04:00,391.3349914550781,391.510009765625,391.05999755859375,391.1199951171875
2026-09-25 10:30:00-04:00,391.0,391.1400146484375,390.79998779296875,391.0
2026-09-25 10:35:00-04:00,391.0,391.6400146484375,390.9150085449219,391.5899963378906
2026-09-25 10:40:00-04:00,391.5899963378906,391.75,391.2699890136719,391.75
2026-09-25 10:45:00-04:00,391.63128662109375,392.2900085449219,391.4200134277344,392.17999267578125
2026-09-25 10:50:00-04:00,392.1698913574219,392.2300109863281,391.7300109863281,392.05999755859375
2026-09-25 10:55:00-04:00,392.05999755859375,392.4200134277344,392.0199890136719,392.260009765625
2026-09-25 11:00:00-04:00,392.20001220703125,392.54998779296875,392.20001220703125,392.54998779296875
2026-09-25 11:05:00-04:00,392.52630615234375,392.5899963378906,391.9800109863281,391.9800109863281
2026-09-25 11:10:00-04:00,391.989990234375,392.3999938964844,391.8550109863281,392.3700866699219
2026-09-25 11:15:00-04:00,392.3773498535156,392.489990234375,391.8999938964844,391.94000244140625
2026-09-25 11:20:00-04:00,391.8999938964844,392.4100036621094,391.7099914550781,392.0249938964844
2026-09-25 11:25:00-04:00,392.0199890136719,392.5443115234375,391.95001220703125,392.360107421875
2026-09-25 11:30:00-04:00,392.3699951171875,392.9299011230469,392.3699951171875,392.6600036621094
2026-09-25 11:35:00-04:00,392.6600036621094,392.70001220703125,392.04998779296875,392.04998779296875
2026-09-25 11:40:00-04:00,392.05999755859375,392.25909423828125,391.8999938964844,391.9049987792969
2026-09-25 11:45:00-04:00,391.95001220703125,391.9599914550781,391.6099853515625,391.64990234375
2026-09-25 11:50:00-04:00,391.6499938964844,392.375,391.4700012207031,392.189697265625
2026-09-25 11:55:00-04:00,392.2149963378906,393.3999938964844,392.0799865722656,393.3900146484375
2026-09-25 12:00:00-04:00,393.42999267578125,394.1189880371094,393.239990234375,393.67999267578125
2026-09-25 12:05:00-04:00,393.8399963378906,394.21990966796875,393.3949890136719,393.6199951171875
2026-09-25 12:10:00-04:00,393.6099853515625,393.7799987792969,392.9599914550781,393.2847900390625
2026-09-25 12:15:00-04:00,393.25,393.4700012207031,393.05999755859375,393.1199951171875
2026-09-25 12:20:00-04:00,393.1499938964844,393.2699890136719,392.760009765625,393.1134033203125
2026-09-25 12:25:00-04:00,393.1199951171875,393.5350036621094,393.07000732421875,393.4150085449219
2026-09-25 12:30:00-04:00,393.4700012207031,393.5299987792969,392.3299865722656,392.74420166015625
2026-09-25 12:35:00-04:00,392.739990234375,393.1199951171875,392.6536865234375,393.0000915527344
2026-09-25 12:40:00-04:00,392.989990234375,393.2200012207031,392.7799987792969,393.051513671875
2026-09-25 12:45:00-04:00,393.0199890136719,393.0199890136719,392.5199890136719,392.6600036621094
2026-09-25 12:50:00-04:00,392.67999267578125,392.94000244140625,392.6000061035156,392.8399963378906
2026-09-25 12:55:00-04:00,392.82501220703125,393.1400146484375,392.79998779296875,393.04998779296875
2026-09-25 13:00:00-04:00,393.0199890136719,393.5400085449219,392.8900146484375,393.4200134277344
2026-09-25 13:05:00-04:00,393.42999267578125,393.5950012207031,393.29998779296875,393.5400085449219
2026-09-25 13:10:00-04:00,393.54998779296875,393.6000061035156,393.4200134277344,393.4200134277344
2026-09-25 13:15:00-04:00,393.447998046875,393.5,393.25,393.375
2026-09-25 13:20:00-04:00,393.3800048828125,393.510009765625,393.2950134277344,393.5
2026-09-25 13:25:00-04:00,393.54998779296875,393.6199951171875,392.8699951171875,393.01251220703125
2026-09-25 13:30:00-04:00,393.010009765625,393.1099853515625,392.82000732421875,392.840087890625
2026-09-25 13:35:00-04:00,392.8800048828125,392.989990234375,392.3699951171875,392.8017883300781
2026-09-25 13:40:00-04:00,392.82000732421875,393.1499938964844,392.75,392.93499755859375
2026-09-25 13:45:00-04:00,392.94500732421875,393.0400085449219,392.6099853515625,392.7799987792969
2026-09-25 13:50:00-04:00,392.79998779296875,392.8699951171875,392.7012939453125,392.79998779296875
2026-09-25 13:55:00-04:00,392.79998779296875,392.9200134277344,392.6600036621094,392.70458984375
2026-09-25 14:00:00-04:00,392.739990234375,392.8399963378906,392.6600036621094,392.7149963378906
2026-09-25 14:05:00-04:00,392.7300109863281,392.94000244140625,392.69000244140625,392.8999938964844
2026-09-25 14:10:00-04:00,392.8999938964844,392.92999267578125,392.7300109863281,392.7950134277344
2026-09-25 14:15:00-04:00,392.82000732421875,393.2099914550781,392.81500244140625,393.20001220703125
2026-09-25 14:20:00-04:00,393.1700134277344,393.2799987792969,392.9800109863281,393.2200927734375
2026-09-25 14:25:00-04:00,393.239990234375,393.3599853515625,392.79998779296875,393.07000732421875
2026-09-25 14:30:00-04:00,393.1000061035156,393.5400085449219,393.0799865722656,393.5299987792969
2026-09-25 14:35:00-04:00,393.5,393.70001220703125,393.1199951171875,393.1400146484375
2026-09-25 14:40:00-04:00,393.1449890136719,393.5,393.13360595703125,393.489990234375
2026-09-25 14:45:00-04:00,393.489990234375,393.8106994628906,393.3800048828125,393.7799987792969
2026-09-25 14:50:00-04:00,393.7900085449219,393.8800048828125,393.70001220703125,393.7650146484375
2026-09-25 14:55:00-04:00,393.7699890136719,393.8138122558594,393.6400146484375,393.75299072265625
2026-09-25 15:00:00-04:00,393.79998779296875,393.8699951171875,393.29998779296875,393.29998779296875
2026-09-25 15:05:00-04:00,393.3299865722656,393.75,393.2099914550781,393.6700134277344
2026-09-25 15:10:00-04:00,393.6700134277344,394.0,393.57501220703125,393.94000244140625
2026-09-25 15:15:00-04:00,393.9599914550781,393.9599914550781,393.5600891113281,393.57000732421875
2026-09-25 15:20:00-04:00,393.57000732421875,393.5799865722656,393.2699890136719,393.2900085449219
2026-09-25 15:25:00-04:00,393.29998779296875,393.30999755859375,393.1199951171875,393.17999267578125
2026-09-25 15:30:00-04:00,393.17999267578125,393.3299865722656,393.1300048828125,393.2200012207031
2026-09-25 15:35:00-04:00,393.2300109863281,393.7200012207031,393.2300109863281,393.6199951171875
2026-09-25 15:40:00-04:00,393.614990234375,393.67999267578125,393.5,393.54998779296875
2026-09-25 15:45:00-04:00,393.6499938964844,393.7200012207031,393.5199890136719,393.54998779296875
2026-09-25 15:50:00-04:00,393.55999755859375,393.6499938964844,393.30999755859375,393.3599853515625
2026-09-25 15:55:00-04:00,393.3699951171875,393.45001220703125,393.2200012207031,393.3500061035156
2026-09-28 09:30:00-04:00,379.760009765625,380.1499938964844,379.3699951171875,379.3731994628906
2026-09-28 09:35:00-04:00,379.3699951171875,380.5498962402344,379.25,380.20001220703125
2026-09-28 09:40:00-04:00,380.17999267578125,380.6499938964844,380.010009765625,380.6199951171875
2026-09-28 09:45:00-04:00,380.6899108886719,381.4700012207031,380.45001220703125,381.29998779296875
2026-09-28 09:50:00-04:00,381.2749938964844,381.489990234375,380.739990234375,381.17999267578125
2026-09-28 09:55:00-04:00,381.1669921875,381.5199890136719,380.989990234375,381.1400146484375
2026-09-28 10:00:00-04:00,381.1400146484375,381.1400146484375,379.92999267578125,379.9700012207031
2026-09-28 10:05:00-04:00,379.989990234375,380.1199951171875,379.489990234375,379.5400085449219
2026-09-28 10:10:00-04:00,379.54998779296875,379.7900085449219,379.3699951171875,379.4700012207031
2026-09-28 10:15:00-04:00,379.4700012207031,379.6600036621094,379.260009765625,379.44000244140625
2026-09-28 10:20:00-04:00,379.3999938964844,379.8999938964844,379.260009765625,379.8399963378906
2026-09-28 10:25:00-04:00,379.8599853515625,379.9200134277344,379.5199890136719,379.7662048339844
2026-09-28 10:30:00-04:00,379.7799987792969,379.7900085449219,379.04998779296875,379.239990234375
2026-09-28 10:35:00-04:00,379.260009765625,379.3399963378906,378.7799987792969,378.79998779296875
2026-09-28 10:40:00-04:00,378.79998779296875,378.79998779296875,377.96728515625,378.0199890136719
2026-09-28 10:45:00-04:00,378.0400085449219,378.0450134277344,377.2099914550781,377.3399963378906
2026-09-28 10:50:00-04:00,377.3599853515625,378.0400085449219,377.1600036621094,377.3699951171875
2026-09-28 10:55:00-04:00,377.364990234375,377.6700134277344,376.8800048828125,377.5899963378906
2026-09-28 11:00:00-04:00,377.6000061035156,377.989990234375,377.4200134277344,377.94500732421875
2026-09-28 11:05:00-04:00,378.0,378.0849914550781,377.68011474609375,377.9100036621094
2026-09-28 11:10:00-04:00,377.90240478515625,377.94500732421875,377.5400085449219,377.7300109863281
2026-09-28 11:15:00-04:00,377.7200012207031,378.3500061035156,377.69000244140625,378.17999267578125
2026-09-28 11:20:00-04:00,378.1099853515625,378.19000244140625,377.7200012207031,378.010009765625
2026-09-28 11:25:00-04:00,377.96380615234375,378.5,377.94000244140625,378.1914978027344
2026-09-28 11:30:00-04:00,378.1700134277344,378.2474060058594,377.7900085449219,377.92999267578125
2026-09-28 11:35:00-04:00,377.95001220703125,378.2200012207031,377.8500061035156,377.9200134277344
2026-09-28 11:40:00-04:00,377.9599914550781,377.9849853515625,377.6199951171875,377.7290954589844
2026-09-28 11:45:00-04:00,377.7250061035156,377.760009765625,377.30999755859375,377.7200012207031
2026-09-28 11:50:00-04:00,377.7099914550781,377.94000244140625,377.552001953125,377.7749938964844
2026-09-28 11:55:00-04:00,377.7900085449219,378.1400146484375,377.739990234375,378.1050109863281
2026-09-28 12:00:00-04:00,378.1199951171875,378.1499938964844,377.79998779296875,377.9800109863281
2026-09-28 12:05:00-04:00,377.9800109863281,378.1300048828125,377.79998779296875,377.92999267578125
2026-09-28 12:10:00-04:00,377.9200134277344,377.95001220703125,377.4800109863281,377.4800109863281
2026-09-28 12:15:00-04:00,377.4700012207031,378.5400085449219,377.3699951171875,378.3800048828125
2026-09-28 12:20:00-04:00,378.3900146484375,379.1600036621094,378.32000732421875,379.0585021972656
2026-09-28 12:25:00-04:00,379.04998779296875,380.2799987792969,379.0299987792969,379.760009765625
2026-09-28 12:30:00-04:00,379.8399963378906,380.010009765625,379.1099853515625,379.1099853515625
2026-09-28 12:35:00-04:00,379.18499755859375,379.5299987792969,379.07000732421875,379.11700439453125
2026-09-28 12:40:00-04:00,379.1199951171875,379.25,378.7699890136719,378.82000732421875
2026-09-28 12:45:00-04:00,378.79010009765625,379.1499938964844,378.5849914550781,378.5950012207031
2026-09-28 12:50:00-04:00,378.6099853515625,378.9100036621094,378.510009765625,378.8275146484375
2026-09-28 12:55:00-04:00,378.8475036621094,378.8475036621094,378.4800109863281,378.6099853515625
2026-09-28 13:00:00-04:00,378.6199951171875,378.6199951171875,378.4100036621094,378.44000244140625
2026-09-28 13:05:00-04:00,378.4800109863281,378.6000061035156,378.30999755859375,378.4200134277344
2026-09-28 13:10:00-04:00,378.4100036621094,380.1684875488281,378.29998779296875,379.6099853515625
2026-09-28 13:15:00-04:00,379.6700134277344,379.6899108886719,378.9599914550781,379.0199890136719
2026-09-28 13:20:00-04:00,379.0249938964844,379.29998779296875,378.9800109863281,379.25
2026-09-28 13:25:00-04:00,379.2300109863281,379.3900146484375,379.07000732421875,379.1549987792969
2026-09-28 13:30:00-04:00,379.17498779296875,379.510009765625,379.1543884277344,379.2200012207031
2026-09-28 13:35:00-04:00,379.2799987792969,379.4200134277344,379.010009765625,379.010009765625
2026-09-28 13:40:00-04:00,379.0400085449219,379.5,379.0299987792969,379.3500061035156
2026-09-28 13:45:00-04:00,379.3500061035156,379.4700012207031,379.1499938964844,379.42999267578125
2026-09-28 13:50:00-04:00,379.4700012207031,379.5799865722656,379.32000732421875,379.4100036621094
2026-09-28 13:55:00-04:00,379.42999267578125,379.4599914550781,379.0400085449219,379.0631103515625
2026-09-28 14:00:00-04:00,379.0950012207031,379.2799987792969,379.0199890136719,379.2550048828125
2026-09-28 14:05:00-04:00,379.2749938964844,379.3500061035156,379.1099853515625,379.201416015625
2026-09-28 14:10:00-04:00,379.2099914550781,379.44000244140625,379.0899963378906,379.19500732421875
2026-09-28 14:15:00-04:00,379.20001220703125,379.20001220703125,379.010009765625,379.0400085449219
2026-09-28 14:20:00-04:00,379.05999755859375,379.3599853515625,379.04998779296875,379.1099853515625
2026-09-28 14:25:00-04:00,379.1600036621094,379.2200012207031,379.05999755859375,379.1199951171875
2026-09-28 14:30:00-04:00,379.1199951171875,379.2799987792969,378.80999755859375,378.8599853515625
2026-09-28 14:35:00-04:00,378.8500061035156,379.1400146484375,378.8500061035156,379.0462951660156
2026-09-28 14:40:00-04:00,379.07000732421875,379.5,379.0299987792969,379.4599914550781
2026-09-28 14:45:00-04:00,379.4599914550781,379.55999755859375,379.260009765625,379.4649963378906
2026-09-28 14:50:00-04:00,379.4849853515625,379.7200012207031,379.3699951171875,379.6099853515625
2026-09-28 14:55:00-04:00,379.55499267578125,379.6199951171875,379.42498779296875,379.510009765625
2026-09-28 15:00:00-04:00,379.5050048828125,379.5050048828125,378.7699890136719,379.1099853515625
2026-09-28 15:05:00-04:00,379.1099853515625,379.1099853515625,378.67999267578125,378.7950134277344
2026-09-28 15:10:00-04:00,378.80999755859375,378.95001220703125,378.7550048828125,378.8599853515625
2026-09-28 15:15:00-04:00,378.85009765625,379.0899963378906,378.80999755859375,379.0849914550781
2026-09-28 15:20:00-04:00,379.07000732421875,379.2200012207031,378.79998779296875,378.864990234375
2026-09-28 15:25:00-04:00,378.8500061035156,379.0899963378906,378.7300109863281,378.9700012207031
2026-09-28 15:30:00-04:00,378.9750061035156,379.1000061035156,378.5950012207031,378.7099914550781
2026-09-28 15:35:00-04:00,378.7099914550781,379.0400085449219,378.510009765625,378.5299987792969
2026-09-28 15:40:00-04:00,378.5299987792969,378.7300109863281,378.45001220703125,378.54998779296875
2026-09-28 15:45:00-04:00,378.5299987792969,378.5299987792969,378.1400146484375,378.19000244140625
2026-09-28 15:50:00-04:00,378.19000244140625,378.30999755859375,377.9800109863281,378.0050048828125
2026-09-28 15:55:00-04:00,378.0150146484375,378.1300048828125,377.8599853515625,377.94000244140625
2026-09-29 09:30:00-04:00,380.94000244140625,381.3699951171875,380.67498779296875,380.79559326171875
2026-09-29 09:35:00-04:00,380.8299865722656,381.5,380.7799987792969,381.2749938964844
2026-09-29 09:40:00-04:00,381.29998779296875,381.6099853515625,380.7799987792969,380.8699951171875
2026-09-29 09:45:00-04:00,380.8699951171875,381.59991455078125,380.760009765625,381.1600036621094
2026-09-29 09:50:00-04:00,381.18499755859375,381.70001220703125,381.18499755859375,381.489990234375
2026-09-29 09:55:00-04:00,381.489990234375,381.5400085449219,381.010009765625,381.010009765625
2026-09-29 10:00:00-04:00,381.0799865722656,381.8399963378906,381.0799865722656,381.80499267578125
2026-09-29 10:05:00-04:00,381.8399963378906,382.19000244140625,381.7799987792969,382.07000732421875
2026-09-29 10:10:00-04:00,382.0564880371094,382.0899963378906,381.79998779296875,381.9599914550781
2026-09-29 10:15:00-04:00,381.95001220703125,382.45001220703125,381.8699951171875,382.31500244140625
2026-09-29 10:20:00-04:00,382.32000732421875,382.760009765625,382.0299987792969,382.7099914550781
2026-09-29 10:25:00-04:00,382.69000244140625,382.7799987792969,382.4599914550781,382.5
2026-09-29 10:30:00-04:00,382.5400085449219,382.6700134277344,382.05999755859375,382.1000061035156
2026-09-29 10:35:00-04:00,382.0754089355469,382.17999267578125,381.6199951171875,381.8299865722656
2026-09-29 10:40:00-04:00,381.8599853515625,382.3599853515625,381.82000732421875,382.07000732421875
2026-09-29 10:45:00-04:00,382.1099853515625,382.1099853515625,381.6300048828125,381.7900085449219
2026-09-29 10:50:00-04:00,381.7799987792969,382.2049865722656,381.75,382.1199951171875
2026-09-29 10:55:00-04:00,382.1000061035156,382.5400085449219,381.9599914550781,382.3599853515625
2026-09-29 11:00:00-04:00,382.3500061035156,382.3800048828125,382.010009765625,382.15008544921875
2026-09-29 11:05:00-04:00,382.1549987792969,382.1549987792969,381.6400146484375,381.70001220703125
2026-09-29 11:10:00-04:00,381.7049865722656,381.8500061035156,381.4100036621094,381.5
2026-09-29 11:15:00-04:00,381.5199890136719,381.5950927734375,381.2900085449219,381.3299865722656
2026-09-29 11:20:00-04:00,381.32989501953125,381.3900146484375,380.8100891113281,381.0899963378906
2026-09-29 11:25:00-04:00,381.1099853515625,381.1400146484375,380.32000732421875,380.7099914550781
2026-09-29 11:30:00-04:00,380.7300109863281,381.20599365234375,380.5299987792969,381.1300048828125
2026-09-29 11:35:00-04:00,381.19000244140625,381.32000732421875,381.010009765625,381.1400146484375
2026-09-29 11:40:00-04:00,381.19000244140625,381.19000244140625,380.80999755859375,381.05999755859375
2026-09-29 11:45:00-04:00,381.05999755859375,381.54998779296875,380.9049987792969,381.2900085449219
2026-09-29 11:50:00-04:00,381.3399963378906,381.3800048828125,380.80999755859375,380.9800109863281
2026-09-29 11:55:00-04:00,380.9700012207031,381.2699890136719,380.8900146484375,381.20001220703125
2026-09-29 12:00:00-04:00,381.2099914550781,381.25,380.7099914550781,380.75
2026-09-29 12:05:00-04:00,380.739990234375,380.760009765625,380.5299987792969,380.6549987792969
2026-09-29 12:10:00-04:00,380.6499938964844,380.7799987792969,380.4599914550781,380.4800109863281
2026-09-29 12:15:00-04:00,380.4800109863281,380.6400146484375,380.42498779296875,380.5
2026-09-29 12:20:00-04:00,380.5799865722656,380.70001220703125,380.4049987792969,380.614990234375
2026-09-29 12:25:00-04:00,380.6199951171875,380.8699951171875,380.6050109863281,380.74700927734375
2026-09-29 12:30:00-04:00,380.7550048828125,380.7974853515625,380.6700134277344,380.7799987792969
2026-09-29 12:35:00-04:00,380.7749938964844,380.8999938964844,380.5790100097656,380.67999267578125
2026-09-29 12:40:00-04:00,380.69000244140625,380.6914978027344,380.17999267578125,380.19000244140625
2026-09-29 12:45:00-04:00,380.17999267578125,380.2799987792969,379.947509765625,380.2699890136719
2026-09-29 12:50:00-04:00,380.2699890136719,380.4700012207031,380.1199951171875,380.1700134277344
2026-09-29 12:55:00-04:00,380.1499938964844,380.1499938964844,379.9100036621094,380.0199890136719
2026-09-29 13:00:00-04:00,380.0,380.20001220703125,379.94000244140625,380.18499755859375
2026-09-29 13:05:00-04:00,380.1499938964844,380.2449951171875,379.9200134277344,380.0249938964844
2026-09-29 13:10:00-04:00,380.0249938964844,380.2449951171875,380.0199890136719,380.1600036621094
2026-09-29 13:15:00-04:00,380.1449890136719,380.32000732421875,380.07000732421875,380.2200012207031
2026-09-29 13:20:00-04:00,380.2099914550781,380.30999755859375,380.04998779296875,380.2200012207031
2026-09-29 13:25:00-04:00,380.2099914550781,380.2900085449219,380.1000061035156,380.2900085449219
2026-09-29 13:30:00-04:00,380.2900085449219,380.3299865722656,380.1199951171875,380.239990234375
2026-09-29 13:35:00-04:00,380.2200012207031,380.260009765625,379.9700012207031,380.0400085449219
2026-09-29 13:40:00-04:00,380.0199890136719,380.07000732421875,379.8999938964844,380.0
2026-09-29 13:45:00-04:00,380.0150146484375,380.2300109863281,379.8399963378906,379.9599914550781
2026-09-29 13:50:00-04:00,379.9849853515625,380.0849914550781,379.75,379.75
2026-09-29 13:55:00-04:00,379.75,379.8800048828125,379.7149963378906,379.8800048828125
2026-09-29 14:00:00-04:00,379.8800048828125,381.7099914550781,379.8800048828125,381.6300048828125
2026-09-29 14:05:00-04:00,381.6199951171875,381.739990234375,380.9599914550781,381.0899963378906
2026-09-29 14:10:00-04:00,381.1199951171875,382.05999755859375,381.1099853515625,381.9100036621094
2026-09-29 14:15:00-04:00,381.9100036621094,382.260009765625,381.8800048828125,381.9150085449219
2026-09-29 14:20:00-04:00,381.9100036621094,382.1300048828125,381.61370849609375,381.6300048828125
2026-09-29 14:25:00-04:00,381.6400146484375,382.1199951171875,381.6000061035156,381.8599853515625
2026-09-29 14:30:00-04:00,381.8399963378906,382.260009765625,381.3900146484375,381.7300109863281
2026-09-29 14:35:00-04:00,381.7301025390625,382.7200012207031,381.67498779296875,382.67999267578125
2026-09-29 14:40:00-04:00,382.6400146484375,382.75,382.19000244140625,382.30999755859375
2026-09-29 14:45:00-04:00,382.239990234375,382.32000732421875,381.8349914550781,381.92999267578125
2026-09-29 14:50:00-04:00,381.9150085449219,382.3999938964844,381.7900085449219,382.1700134277344
2026-09-29 14:55:00-04:00,382.1400146484375,382.5199890136719,382.0950012207031,382.3900146484375
2026-09-29 15:00:00-04:00,382.3699951171875,382.57000732421875,382.2807922363281,382.4917907714844
2026-09-29 15:05:00-04:00,382.4700012207031,382.5,382.2699890136719,382.2850036621094
2026-09-29 15:10:00-04:00,382.2940979003906,382.31500244140625,382.07000732421875,382.1400146484375
2026-09-29 15:15:00-04:00,382.1300048828125,382.3399963378906,382.0899963378906,382.31500244140625
2026-09-29 15:20:00-04:00,382.32000732421875,382.42999267578125,382.2298889160156,382.2499084472656
2026-09-29 15:25:00-04:00,382.2699890136719,382.4200134277344,382.1600036621094,382.3900146484375
2026-09-29 15:30:00-04:00,382.3800048828125,382.42498779296875,382.2300109863281,382.3299865722656
2026-09-29 15:35:00-04:00,382.3689880371094,382.6499938964844,382.3399963378906,382.5199890136719
2026-09-29 15:40:00-04:00,382.5050048828125,382.55999755859375,382.30999755859375,382.5199890136719
2026-09-29 15:45:00-04:00,382.5350036621094,382.5350036621094,382.29998779296875,382.32501220703125
2026-09-29 15:50:00-04:00,382.32000732421875,382.7200012207031,382.2300109863281,382.6499938964844
2026-09-29 15:55:00-04:00,382.6400146484375,383.0,382.5350036621094,383.0
2026-09-30 09:30:00-04:00,384.3900146484375,384.5899963378906,383.8900146484375,384.30499267578125
2026-09-30 09:35:00-04:00,384.2950134277344,384.3999938964844,383.5,383.760009765625
2026-09-30 09:40:00-04:00,383.760009765625,383.8800048828125,383.3299865722656,383.4406433105469
2026-09-30 09:45:00-04:00,383.4678039550781,383.6199951171875,382.9100036621094,383.2900085449219
2026-09-30 09:50:00-04:00,383.2200012207031,383.3999938964844,382.82000732421875,383.3999938964844
2026-09-30 09:55:00-04:00,383.3999938964844,383.5,382.8900146484375,382.92999267578125
2026-09-30 10:00:00-04:00,382.8789978027344,383.07000732421875,382.6300048828125,383.0400085449219
2026-09-30 10:05:00-04:00,383.010009765625,383.4377136230469,382.739990234375,383.322998046875
2026-09-30 10:10:00-04:00,383.32000732421875,383.5299987792969,383.07000732421875,383.2699890136719
2026-09-30 10:15:00-04:00,383.2300109863281,383.489990234375,382.6000061035156,382.95001220703125
2026-09-30 10:20:00-04:00,382.9599914550781,383.2300109863281,382.5299987792969,382.614990234375
2026-09-30 10:25:00-04:00,382.6300048828125,382.6499938964844,382.2300109863281,382.3999938964844
2026-09-30 10:30:00-04:00,382.32000732421875,382.70001220703125,381.9200134277344,382.223388671875
2026-09-30 10:35:00-04:00,382.260009765625,382.3800048828125,381.70001220703125,382.0950012207031
2026-09-30 10:40:00-04:00,382.05999755859375,382.5450134277344,381.9200134277344,382.2699890136719
2026-09-30 10:45:00-04:00,382.17999267578125,382.55999755859375,382.17999267578125,382.510009765625
2026-09-30 10:50:00-04:00,382.489990234375,382.8699951171875,382.07000732421875,382.6449890136719
2026-09-30 10:55:00-04:00,382.7200012207031,382.82501220703125,381.79998779296875,381.82000732421875
2026-09-30 11:00:00-04:00,381.82000732421875,382.1000061035156,381.55999755859375,382.07000732421875
2026-09-30 11:05:00-04:00,382.0299987792969,382.1300048828125,381.2900085449219,381.5950012207031
2026-09-30 11:10:00-04:00,381.54998779296875,381.8500061035156,381.1099853515625,381.6499938964844
2026-09-30 11:15:00-04:00,381.6499938964844,381.82000732421875,381.17999267578125,381.2699890136719
2026-09-30 11:20:00-04:00,381.1600036621094,381.2900085449219,380.9100036621094,380.9100036621094
2026-09-30 11:25:00-04:00,380.94000244140625,381.1099853515625,380.53009033203125,381.0199890136719
2026-09-30 11:30:00-04:00,381.0400085449219,381.6499938964844,381.0400085449219,381.239990234375
2026-09-30 11:35:00-04:00,381.2699890136719,381.3900146484375,380.9200134277344,381.1400146484375
2026-09-30 11:40:00-04:00,381.12188720703125,381.2200012207031,380.9100036621094,381.07000732421875
2026-09-30 11:45:00-04:00,381.010009765625,381.42999267578125,381.0,381.4100036621094
2026-09-30 11:50:00-04:00,381.4100036621094,381.4800109863281,380.7300109863281,380.7799987792969
2026-09-30 11:55:00-04:00,380.7699890136719,381.1000061035156,380.7601013183594,381.1000061035156
2026-09-30 12:00:00-04:00,381.1099853515625,381.4800109863281,380.9100036621094,381.3900146484375
2026-09-30 12:05:00-04:00,381.3999938964844,381.45001220703125,381.0199890136719,381.2200012207031
2026-09-30 12:10:00-04:00,381.2900085449219,381.4599914550781,381.0899963378906,381.3800048828125
2026-09-30 12:15:00-04:00,381.4599914550781,381.4713134765625,381.1099853515625,381.3999938964844
2026-09-30 12:20:00-04:00,381.3999938964844,381.6099853515625,381.3800048828125,381.5799865722656
2026-09-30 12:25:00-04:00,381.5899963378906,381.5899963378906,381.32000732421875,381.4800109863281
2026-09-30 12:30:00-04:00,381.4649963378906,381.5,381.1000061035156,381.15380859375
2026-09-30 12:35:00-04:00,381.1400146484375,381.4200134277344,380.8800048828125,381.3240966796875
2026-09-30 12:40:00-04:00,381.3110046386719,381.4248046875,381.19000244140625,381.3337097167969
2026-09-30 12:45:00-04:00,381.32000732421875,381.3399963378906,381.1000061035156,381.1400146484375
2026-09-30 12:50:00-04:00,381.1300048828125,381.3699951171875,381.1300048828125,381.17999267578125
2026-09-30 12:55:00-04:00,381.17010498046875,381.25,381.04998779296875,381.1300048828125
2026-09-30 13:00:00-04:00,381.1199951171875,381.239990234375,380.94500732421875,381.0400085449219
2026-09-30 13:05:00-04:00,381.0,381.05999755859375,380.70001220703125,380.7099914550781
2026-09-30 13:10:00-04:00,380.7300109863281,380.9451904296875,380.5299987792969,380.7651062011719
2026-09-30 13:15:00-04:00,380.7799987792969,380.79998779296875,380.45001220703125,380.57989501953125
2026-09-30 13:20:00-04:00,380.5299987792969,380.8900146484375,380.44000244140625,380.8900146484375
2026-09-30 13:25:00-04:00,380.8500061035156,381.0199890136719,380.67999267578125,380.94000244140625
2026-09-30 13:30:00-04:00,380.9200134277344,380.9200134277344,380.4700012207031,380.4700012207031
2026-09-30 13:35:00-04:00,380.489990234375,380.75,380.4750061035156,380.75
2026-09-30 13:40:00-04:00,380.7200012207031,380.739990234375,380.4599914550781,380.4599914550781
2026-09-30 13:45:00-04:00,380.44000244140625,380.55999755859375,380.17999267578125,380.375
2026-09-30 13:50:00-04:00,380.42498779296875,380.56988525390625,380.260009765625,380.32000732421875
2026-09-30 13:55:00-04:00,380.30010986328125,380.55999755859375,380.2799987792969,380.55999755859375
2026-09-30 14:00:00-04:00,380.5299987792969,380.5299987792969,380.30999755859375,380.42999267578125
2026-09-30 14:05:00-04:00,380.3949890136719,380.5,380.20001220703125,380.44000244140625
2026-09-30 14:10:00-04:00,380.4549865722656,380.5199890136719,380.3299865722656,380.4100036621094
2026-09-30 14:15:00-04:00,380.3999938964844,380.4949951171875,380.3349914550781,380.3699951171875
2026-09-30 14:20:00-04:00,380.44000244140625,380.54998779296875,380.4049987792969,380.54559326171875
2026-09-30 14:25:00-04:00,380.55999755859375,380.79998779296875,380.510009765625,380.7749938964844
2026-09-30 14:30:00-04:00,380.760009765625,380.8500061035156,380.5899963378906,380.6300048828125
2026-09-30 14:35:00-04:00,380.6300048828125,380.80999755859375,380.6000061035156,380.7550048828125
2026-09-30 14:40:00-04:00,380.7449951171875,380.80499267578125,380.5,380.5799865722656
2026-09-30 14:45:00-04:00,380.5849914550781,380.639892578125,380.4200134277344,380.44500732421875
2026-09-30 14:50:00-04:00,380.45001220703125,380.57989501953125,380.4200134277344,380.5638122558594
2026-09-30 14:55:00-04:00,380.55999755859375,380.6000061035156,380.4100036621094,380.5300598144531
2026-09-30 15:00:00-04:00,380.55999755859375,380.7099914550781,380.4700012207031,380.7099914550781
2026-09-30 15:05:00-04:00,380.70001220703125,380.760009765625,380.4949951171875,380.56500244140625
2026-09-30 15:10:00-04:00,380.54998779296875,380.7300109863281,380.3299865722656,380.67999267578125
2026-09-30 15:15:00-04:00,380.6700134277344,380.67498779296875,380.42498779296875,380.6400146484375
2026-09-30 15:20:00-04:00,380.6300048828125,380.9200134277344,380.6000061035156,380.739990234375
2026-09-30 15:25:00-04:00,380.7250061035156,380.8399963378906,380.5799865722656,380.7799987792969
2026-09-30 15:30:00-04:00,380.7699890136719,380.8999938964844,380.7099914550781,380.80010986328125
2026-09-30 15:35:00-04:00,380.82000732421875,380.94000244140625,380.69000244140625,380.8800048828125
2026-09-30 15:40:00-04:00,380.8599853515625,380.8999938964844,380.45001220703125,380.6000061035156
2026-09-30 15:45:00-04:00,380.6000061035156,380.8599853515625,380.3900146484375,380.69000244140625
2026-09-30 15:50:00-04:00,380.6700134277344,381.0,380.44000244140625,380.8606872558594
2026-09-30 15:55:00-04:00,380.8399963378906,381.0400085449219,380.5799865722656,380.8900146484375
2026-10-01 09:30:00-04:00,381.9100036621094,382.3900146484375,381.7799987792969,381.94000244140625
2026-10-01 09:35:00-04:00,381.94000244140625,382.0400085449219,381.6499938964844,381.67999267578125
2026-10-01 09:40:00-04:00,381.6300048828125,381.6300048828125,381.2099914550781,381.5799865722656
2026-10-01 09:45:00-04:00,381.5799865722656,381.80999755859375,381.4649963378906,381.4903869628906
2026-10-01 09:50:00-04:00,381.4649963378906,381.760009765625,381.4200134277344,381.6000061035156
2026-10-01 09:55:00-04:00,381.5899963378906,381.7900085449219,381.32000732421875,381.7847900390625
2026-10-01 10:00:00-04:00,381.79998779296875,381.8393859863281,380.75,380.75
2026-10-01 10:05:00-04:00,380.7300109863281,381.44000244140625,380.5,381.3299865722656
2026-10-01 10:10:00-04:00,381.30999755859375,381.3299865722656,380.5,380.69000244140625
2026-10-01 10:15:00-04:00,380.75,381.1700134277344,380.7349853515625,380.9700012207031
2026-10-01 10:20:00-04:00,381.0799865722656,381.4200134277344,380.8900146484375,381.3900146484375
2026-10-01 10:25:00-04:00,381.39990234375,381.7799987792969,381.1600036621094,381.5400085449219
2026-10-01 10:30:00-04:00,381.422607421875,382.0199890136719,381.29998779296875,381.87060546875
2026-10-01 10:35:00-04:00,381.9200134277344,382.6499938964844,381.7699890136719,382.614990234375
2026-10-01 10:40:00-04:00,382.5400085449219,382.6189880371094,381.80999755859375,381.8699951171875
2026-10-01 10:45:00-04:00,381.8800048828125,382.17999267578125,381.6449890136719,382.090087890625
2026-10-01 10:50:00-04:00,382.0899963378906,382.1549987792969,381.4700012207031,381.6199951171875
2026-10-01 10:55:00-04:00,381.6449890136719,381.9800109863281,381.2200012207031,381.510009765625
2026-10-01 11:00:00-04:00,381.4700012207031,381.5299987792969,380.6400146484375,380.68499755859375
2026-10-01 11:05:00-04:00,380.7200012207031,380.8800048828125,380.510009765625,380.6099853515625
2026-10-01 11:10:00-04:00,380.5799865722656,380.9670104980469,380.3599853515625,380.8999938964844
2026-10-01 11:15:00-04:00,380.8900146484375,381.6000061035156,380.7300109863281,381.510009765625
2026-10-01 11:20:00-04:00,381.5799865722656,381.9100036621094,381.17999267578125,381.5299987792969
2026-10-01 11:25:00-04:00,381.489990234375,382.0299987792969,381.4549865722656,381.8399963378906
2026-10-01 11:30:00-04:00,381.8299865722656,381.9100036621094,380.82000732421875,381.0799865722656
2026-10-01 11:35:00-04:00,381.0400085449219,382.5400085449219,380.8999938964844,382.2200012207031
2026-10-01 11:40:00-04:00,382.2799987792969,382.5,381.70001220703125,382.1650085449219
2026-10-01 11:45:00-04:00,382.1499938964844,382.3836975097656,381.7900085449219,381.8399963378906
2026-10-01 11:50:00-04:00,381.8299865722656,381.8800048828125,381.3399963378906,381.8399963378906
2026-10-01 11:55:00-04:00,381.8699951171875,382.3599853515625,381.7349853515625,382.17999267578125
2026-10-01 12:00:00-04:00,382.2200012207031,382.4599914550781,382.0400085449219,382.3699951171875
2026-10-01 12:05:00-04:00,382.3500061035156,382.82000732421875,382.25,382.6099853515625
2026-10-01 12:10:00-04:00,382.7200012207031,382.7699890136719,382.1600036621094,382.20001220703125
2026-10-01 12:15:00-04:00,382.2300109863281,382.44000244140625,382.0639953613281,382.0899963378906
2026-10-01 12:20:00-04:00,382.1000061035156,382.20001220703125,381.8500061035156,382.1700134277344
2026-10-01 12:25:00-04:00,382.1600036621094,382.2200012207031,381.70001220703125,381.95001220703125
2026-10-01 12:30:00-04:00,382.0,382.260009765625,381.92999267578125,382.2210998535156
2026-10-01 12:35:00-04:00,382.2099914550781,382.2099914550781,381.6509094238281,381.75
2026-10-01 12:40:00-04:00,381.80999755859375,381.8500061035156,381.54998779296875,381.7643127441406
2026-10-01 12:45:00-04:00,381.82000732421875,381.92999267578125,381.6700134277344,381.7099914550781
2026-10-01 12:50:00-04:00,381.7099914550781,381.7149963378906,381.3299865722656,381.5
2026-10-01 12:55:00-04:00,381.42498779296875,381.5332946777344,381.25,381.489990234375
2026-10-01 13:00:00-04:00,381.5199890136719,382.010009765625,381.44000244140625,382.0
2026-10-01 13:05:00-04:00,382.0299987792969,382.3800048828125,382.0299987792969,382.32000732421875
2026-10-01 13:10:00-04:00,382.3349914550781,382.4700012207031,382.2300109863281,382.2699890136719
2026-10-01 13:15:00-04:00,382.2900085449219,382.5299987792969,382.1400146484375,382.2875061035156
2026-10-01 13:20:00-04:00,382.29998779296875,382.7900085449219,382.29998779296875,382.760009765625
2026-10-01 13:25:00-04:00,382.760009765625,382.82000732421875,382.25,382.4150085449219
2026-10-01 13:30:00-04:00,382.45001220703125,383.70001220703125,382.45001220703125,382.69000244140625
2026-10-01 13:35:00-04:00,382.6650085449219,383.04998779296875,382.5199890136719,382.8463134765625
2026-10-01 13:40:00-04:00,382.8999938964844,382.9200134277344,382.6300048828125,382.80999755859375
2026-10-01 13:45:00-04:00,382.8500061035156,383.1050109863281,382.7799987792969,382.8800048828125
2026-10-01 13:50:00-04:00,382.875,382.8992919921875,382.07000732421875,382.0899963378906
2026-10-01 13:55:00-04:00,382.1000061035156,382.510009765625,381.8299865722656,382.20001220703125
2026-10-01 14:00:00-04:00,382.17999267578125,382.44000244140625,381.760009765625,381.8197021484375
2026-10-01 14:05:00-04:00,381.7950134277344,382.0151062011719,381.5299987792969,381.9750061035156
2026-10-01 14:10:00-04:00,381.9800109863281,382.5899963378906,381.92999267578125,382.25
2026-10-01 14:15:00-04:00,382.29998779296875,382.55999755859375,382.20001220703125,382.3349914550781
2026-10-01 14:20:00-04:00,382.3299865722656,383.1449890136719,382.2099914550781,382.875
2026-10-01 14:25:00-04:00,382.82000732421875,382.8275146484375,382.3800048828125,382.5299987792969
2026-10-01 14:30:00-04:00,382.5350036621094,383.2950134277344,382.3399963378906,383.260009765625
2026-10-01 14:35:00-04:00,383.1600036621094,383.2799987792969,382.80999755859375,382.85760498046875
2026-10-01 14:40:00-04:00,382.8599853515625,383.0199890136719,382.80999755859375,382.9549865722656
2026-10-01 14:45:00-04:00,382.9649963378906,382.9700012207031,382.8349914550781,382.8399963378906
2026-10-01 14:50:00-04:00,382.8299865722656,382.8399963378906,382.67999267578125,382.739990234375
2026-10-01 14:55:00-04:00,382.739990234375,382.8599853515625,382.6300964355469,382.8005065917969
2026-10-01 15:00:00-04:00,382.760009765625,382.8399963378906,382.54998779296875,382.6400146484375
2026-10-01 15:05:00-04:00,382.6700134277344,382.7099914550781,382.4700012207031,382.6199951171875
2026-10-01 15:10:00-04:00,382.68499755859375,382.82000732421875,382.6300048828125,382.7900085449219
2026-10-01 15:15:00-04:00,382.7799987792969,382.9800109863281,382.70001220703125,382.9800109863281
2026-10-01 15:20:00-04:00,382.95001220703125,383.1000061035156,382.8999938964844,382.8999938964844
2026-10-01 15:25:00-04:00,382.8900146484375,382.8900146484375,382.67999267578125,382.7550048828125
2026-10-01 15:30:00-04:00,382.7799987792969,383.0,382.7099914550781,382.7799987792969
2026-10-01 15:35:00-04:00,382.7950134277344,382.80999755859375,382.6099853515625,382.6499938964844
2026-10-01 15:40:00-04:00,382.635009765625,382.80999755859375,382.5400085449219,382.739990234375
2026-10-01 15:45:00-04:00,382.7300109863281,382.7699890136719,382.5299987792969,382.5799865722656
2026-10-01 15:50:00-04:00,382.5799865722656,383.05999755859375,382.5799865722656,382.75
2026-10-01 15:55:00-04:00,382.739990234375,382.7900085449219,382.6199951171875,382.7799987792969
2026-10-02 09:30:00-04:00,384.45001220703125,384.82598876953125,384.0,384.5830993652344
2026-10-02 09:35:00-04:00,384.5799865722656,385.2200012207031,384.32000732421875,385.0292053222656
2026-10-02 09:40:00-04:00,385.010009765625,385.010009765625,383.48199462890625,383.7950134277344
2026-10-02 09:45:00-04:00,383.7650146484375,384.3900146484375,383.7149963378906,384.29998779296875
2026-10-02 09:50:00-04:00,384.25,384.4100036621094,383.3999938964844,383.6000061035156
2026-10-02 09:55:00-04:00,383.614990234375,384.29998779296875,383.0299987792969,384.2250061035156
2026-10-02 10:00:00-04:00,384.2099914550781,384.7200927734375,383.4700012207031,384.4602966308594
2026-10-02 10:05:00-04:00,384.4700012207031,384.6000061035156,383.4649963378906,383.4649963378906
2026-10-02 10:10:00-04:00,383.45001220703125,384.1300048828125,383.1415100097656,384.0249938964844
2026-10-02 10:15:00-04:00,384.0400085449219,384.2900085449219,383.69000244140625,384.2900085449219
2026-10-02 10:20:00-04:00,384.32000732421875,384.45001220703125,383.29998779296875,383.5
2026-10-02 10:25:00-04:00,383.5098876953125,383.5199890136719,382.6499938964844,382.66009521484375
2026-10-02 10:30:00-04:00,382.68499755859375,382.8500061035156,382.19000244140625,382.79998779296875
2026-10-02 10:35:00-04:00,382.8299865722656,383.1000061035156,382.4100036621094,382.7300109863281
2026-10-02 10:40:00-04:00,382.7300109863281,383.32000732421875,382.7300109863281,382.8450012207031
2026-10-02 10:45:00-04:00,382.8699951171875,382.885009765625,382.3299865722656,382.3399963378906
2026-10-02 10:50:00-04:00,382.3299865722656,382.3599853515625,381.1199951171875,381.1199951171875
2026-10-02 10:55:00-04:00,381.1050109863281,381.29998779296875,380.9100036621094,381.2349853515625
2026-10-02 11:00:00-04:00,381.2799987792969,381.3399963378906,380.3999938964844,380.6000061035156
2026-10-02 11:05:00-04:00,380.6099853515625,380.7900085449219,379.9150085449219,380.1401062011719
2026-10-02 11:10:00-04:00,380.19000244140625,380.30499267578125,379.7001037597656,380.0
2026-10-02 11:15:00-04:00,380.0,380.114990234375,379.45001220703125,379.7309875488281
2026-10-02 11:20:00-04:00,379.7799987792969,379.989990234375,379.25,379.2601013183594
2026-10-02 11:25:00-04:00,379.2200012207031,379.94000244140625,378.8699951171875,379.7200012207031
2026-10-02 11:30:00-04:00,379.67999267578125,380.2200012207031,379.5199890136719,380.12750244140625
2026-10-02 11:35:00-04:00,380.1499938964844,380.20001220703125,379.42999267578125,379.42999267578125
2026-10-02 11:40:00-04:00,379.42498779296875,379.5899963378906,378.95001220703125,378.9700012207031
2026-10-02 11:45:00-04:00,379.04998779296875,379.3299865722656,378.70001220703125,379.0199890136719
2026-10-02 11:50:00-04:00,379.0199890136719,379.19000244140625,378.4200134277344,378.54998779296875
2026-10-02 11:55:00-04:00,378.5400085449219,378.67999267578125,378.1099853515625,378.260009765625
2026-10-02 12:00:00-04:00,378.29998779296875,378.69000244140625,378.1099853515625,378.57000732421875
2026-10-02 12:05:00-04:00,378.54998779296875,379.07000732421875,378.3299865722656,379.0400085449219
2026-10-02 12:10:00-04:00,379.010009765625,379.2099914550781,378.82000732421875,379.0249938964844
2026-10-02 12:15:00-04:00,379.0,379.3949890136719,378.989990234375,379.2449951171875
2026-10-02 12:20:00-04:00,379.260009765625,379.5799865722656,379.0,379.1000061035156
2026-10-02 12:25:00-04:00,379.04998779296875,379.2799987792969,378.8999938964844,379.1400146484375
2026-10-02 12:30:00-04:00,379.1199951171875,379.4700012207031,379.1000061035156,379.3900146484375
2026-10-02 12:35:00-04:00,379.41009521484375,379.5718994140625,379.2651062011719,379.4800109863281
2026-10-02 12:40:00-04:00,379.4630126953125,379.510009765625,378.9549865722656,379.07000732421875
2026-10-02 12:45:00-04:00,379.0400085449219,379.4100036621094,379.0400085449219,379.25
2026-10-02 12:50:00-04:00,379.2250061035156,379.45001220703125,379.1600036621094,379.30999755859375
2026-10-02 12:55:00-04:00,379.3599853515625,379.4700012207031,379.2200012207031,379.3800048828125
2026-10-02 13:00:00-04:00,379.3800048828125,379.7699890136719,379.3599853515625,379.6300048828125
2026-10-02 13:05:00-04:00,379.6499938964844,379.69000244140625,379.239990234375,379.29998779296875
2026-10-02 13:10:00-04:00,379.2699890136719,379.42498779296875,378.8900146484375,379.1600036621094
2026-10-02 13:15:00-04:00,379.114990234375,379.3800048828125,379.0400085449219,379.32000732421875
2026-10-02 13:20:00-04:00,379.30999755859375,379.4100036621094,378.8299865722656,378.9130859375
2026-10-02 13:25:00-04:00,378.9049987792969,379.05999755859375,378.6300048828125,378.9599914550781
2026-10-02 13:30:00-04:00,378.9200134277344,379.489990234375,378.80999755859375,379.42999267578125
2026-10-02 13:35:00-04:00,379.42620849609375,379.44000244140625,379.1700134277344,379.2099914550781
2026-10-02 13:40:00-04:00,379.20001220703125,379.3800048828125,379.1400146484375,379.30999755859375
2026-10-02 13:45:00-04:00,379.2799987792969,379.385009765625,379.1300048828125,379.375
2026-10-02 13:50:00-04:00,379.3599853515625,379.489990234375,379.04998779296875,379.45001220703125
2026-10-02 13:55:00-04:00,379.44000244140625,379.4700012207031,378.8399963378906,379.2099914550781
2026-10-02 14:00:00-04:00,379.2300109863281,379.3782043457031,379.010009765625,379.30499267578125
2026-10-02 14:05:00-04:00,379.25,379.4100036621094,379.2300109863281,379.3450012207031
2026-10-02 14:10:00-04:00,379.3299865722656,379.5906982421875,379.239990234375,379.5
2026-10-02 14:15:00-04:00,379.4010009765625,379.4200134277344,379.1199951171875,379.2550048828125
2026-10-02 14:20:00-04:00,379.2550048828125,379.3500061035156,379.19000244140625,379.2279968261719
2026-10-02 14:25:00-04:00,379.2200012207031,379.54998779296875,379.20880126953125,379.4599914550781
2026-10-02 14:30:00-04:00,379.4700012207031,379.5199890136719,379.2851867675781,379.45001220703125
2026-10-02 14:35:00-04:00,379.4100036621094,379.6199951171875,379.3800048828125,379.5
2026-10-02 14:40:00-04:00,379.4800109863281,379.7349853515625,379.3900146484375,379.68560791015625
2026-10-02 14:45:00-04:00,379.70001220703125,379.80999755859375,379.6300048828125,379.7799987792969
2026-10-02 14:50:00-04:00,379.7749938964844,379.8500061035156,379.69000244140625,379.7900085449219
2026-10-02 14:55:00-04:00,379.7550048828125,380.1099853515625,379.7300109863281,380.0799865722656
2026-10-02 15:00:00-04:00,380.1099853515625,380.20001220703125,379.8500061035156,379.9700012207031
2026-10-02 15:05:00-04:00,379.9700012207031,380.1076965332031,379.8999938964844,380.04998779296875
2026-10-02 15:10:00-04:00,380.04998779296875,380.32000732421875,380.0400085449219,380.2699890136719
2026-10-02 15:15:00-04:00,380.2950134277344,380.29998779296875,379.8840026855469,380.0899963378906
2026-10-02 15:20:00-04:00,380.1000061035156,380.2850036621094,380.05999755859375,380.25
2026-10-02 15:25:00-04:00,380.2200012207031,380.29998779296875,380.11419677734375,380.2300109863281
2026-10-02 15:30:00-04:00,380.25,380.3500061035156,380.1199951171875,380.2655029296875
2026-10-02 15:35:00-04:00,380.260009765625,380.3399963378906,380.05999755859375,380.1000061035156
2026-10-02 15:40:00-04:00,380.0799865722656,380.1000061035156,379.7301940917969,379.75
2026-10-02 15:45:00-04:00,379.7200012207031,379.8699951171875,379.5400085449219,379.5899963378906
2026-10-02 15:50:00-04:00,379.6099853515625,379.7799987792969,379.510009765625,379.7200012207031
2026-10-02 15:55:00-04:00,379.7200012207031,380.25,379.69000244140625,380.17999267578125
