Datetime,open,high,low,close
2026-07-10 09:30:00-04:00,720.7000122070312,722.8037719726562,720.219970703125,722.3599853515625
2026-07-10 09:35:00-04:00,722.3800048828125,723.1900024414062,721.3150024414062,721.4940185546875
2026-07-10 09:40:00-04:00,721.4199829101562,721.6699829101562,719.8300170898438,721.22998046875
2026-07-10 09:45:00-04:00,721.27001953125,723.530029296875,721.1900024414062,723.3099975585938
2026-07-10 09:50:00-04:00,723.3099975585938,724.0399780273438,722.6162109375,723.2000122070312
2026-07-10 09:55:00-04:00,723.1900024414062,723.6099853515625,722.4099731445312,722.8350219726562
2026-07-10 10:00:00-04:00,722.7999877929688,723.7728271484375,722.5900268554688,723.2899780273438
2026-07-10 10:05:00-04:00,723.2899780273438,723.75,722.489990234375,723.2899780273438
2026-07-10 10:10:00-04:00,723.4099731445312,723.8994140625,723.1502075195312,723.25
2026-07-10 10:15:00-04:00,723.280029296875,723.5499267578125,722.06201171875,722.3460083007812
2026-07-10 10:20:00-04:00,722.4100952148438,722.530029296875,721.0,722.1500244140625
2026-07-10 10:25:00-04:00,722.0700073242188,723.25,721.3599853515625,722.4541015625
2026-07-10 10:30:00-04:00,722.510009765625,723.6599731445312,717.0,721.0850219726562
2026-07-10 10:35:00-04:00,721.0700073242188,722.1500244140625,720.3499755859375,721.8300170898438
2026-07-10 10:40:00-04:00,721.7901000976562,722.27001953125,720.830078125,721.9949951171875
2026-07-10 10:45:00-04:00,721.97998046875,722.4299926757812,721.385009765625,722.2899780273438
2026-07-10 10:50:00-04:00,722.469970703125,722.5800170898438,721.1199951171875,721.125
2026-07-10 10:55:00-04:00,721.169921875,721.3790283203125,720.0599975585938,720.3499145507812
2026-07-10 11:00:00-04:00,720.4299926757812,720.6500244140625,719.6300048828125,719.9498901367188
2026-07-10 11:05:00-04:00,719.880126953125,721.3099975585938,719.3599853515625,721.260009765625
2026-07-10 11:10:00-04:00,721.3300170898438,721.8300170898438,721.2899780273438,721.5499877929688
2026-07-10 11:15:00-04:00,721.5900268554688,723.5982055664062,721.5800170898438,722.9000244140625
2026-07-10 11:20:00-04:00,722.9299926757812,723.469970703125,722.6199951171875,723.3599853515625
2026-07-10 11:25:00-04:00,723.4000244140625,724.2899780273438,723.3900146484375,724.0509033203125
2026-07-10 11:30:00-04:00,724.0900268554688,724.3400268554688,723.6799926757812,724.0800170898438
2026-07-10 11:35:00-04:00,724.1099853515625,724.14990234375,722.469970703125,722.5700073242188
2026-07-10 11:40:00-04:00,722.5599975585938,722.6199951171875,720.5800170898438,721.52001953125
2026-07-10 11:45:00-04:00,721.5800170898438,722.6799926757812,720.9500122070312,722.47998046875
2026-07-10 11:50:00-04:00,722.4400024414062,723.1199951171875,722.260009765625,722.9600219726562
2026-07-10 11:55:00-04:00,722.9287109375,723.3800048828125,722.5449829101562,723.239990234375
2026-07-10 12:00:00-04:00,723.3300170898438,724.2100219726562,723.3300170898438,724.1500244140625
2026-07-10 12:05:00-04:00,724.1500244140625,724.27001953125,723.6900024414062,723.8800048828125
2026-07-10 12:10:00-04:00,723.8800048828125,724.27001953125,723.6599731445312,724.0900268554688
2026-07-10 12:15:00-04:00,724.1400146484375,725.0,724.1400146484375,725.0
2026-07-10 12:20:00-04:00,724.9863891601562,725.2000122070312,724.5999755859375,724.9299926757812
2026-07-10 12:25:00-04:00,724.9000244140625,725.27001953125,724.6099853515625,724.8400268554688
2026-07-10 12:30:00-04:00,724.8900146484375,725.2000122070312,724.8699951171875,725.1343994140625
2026-07-10 12:35:00-04:00,725.1599731445312,725.4000244140625,724.72998046875,724.8300170898438
2026-07-10 12:40:00-04:00,724.8200073242188,725.2000122070312,724.8150024414062,725.0
2026-07-10 12:45:00-04:00,724.969970703125,725.3800048828125,724.969970703125,725.1799926757812
2026-07-10 12:50:00-04:00,725.1599731445312,725.5700073242188,725.0,725.2449951171875
2026-07-10 12:55:00-04:00,725.1699829101562,725.4099731445312,724.8759765625,725.2017822265625
2026-07-10 13:00:00-04:00,725.239990234375,725.3599853515625,724.5900268554688,724.719970703125
2026-07-10 13:05:00-04:00,724.7449951171875,725.159912109375,724.60009765625,724.72998046875
2026-07-10 13:10:00-04:00,724.7899780273438,725.02001953125,724.530029296875,724.9807739257812
2026-07-10 13:15:00-04:00,724.948486328125,725.2899780273438,724.8400268554688,724.909912109375
2026-07-10 13:20:00-04:00,724.8800048828125,725.4400024414062,724.864990234375,725.4099731445312
2026-07-10 13:25:00-04:00,725.4199829101562,725.7899780273438,725.4000244140625,725.77001953125
2026-07-10 13:30:00-04:00,725.7681884765625,725.9600219726562,725.47998046875,725.6510009765625
2026-07-10 13:35:00-04:00,725.6799926757812,726.239990234375,725.5499877929688,726.0850219726562
2026-07-10 13:40:00-04:00,726.0850219726562,726.219970703125,725.9400024414062,726.10498046875
2026-07-10 13:45:00-04:00,726.1099853515625,726.260009765625,726.02001953125,726.1300048828125
2026-07-10 13:50:00-04:00,726.1400146484375,726.2000122070312,725.7899780273438,725.8125
2026-07-10 13:55:00-04:00,725.7965087890625,725.8499755859375,725.330078125,725.468994140625
2026-07-10 14:00:00-04:00,725.5399780273438,725.969970703125,725.4118041992188,725.7579956054688
2026-07-10 14:05:00-04:00,725.7550048828125,726.0999755859375,725.719970703125,725.8800048828125
2026-07-10 14:10:00-04:00,725.9000244140625,726.239990234375,725.739990234375,725.7999877929688
2026-07-10 14:15:00-04:00,725.780029296875,725.8300170898438,725.25,725.4998779296875
2026-07-10 14:20:00-04:00,725.47998046875,725.8499755859375,725.1599731445312,725.72998046875
2026-07-10 14:25:00-04:00,725.739990234375,726.1599731445312,725.5791015625,725.7000122070312
2026-07-10 14:30:00-04:00,725.7100219726562,725.9600219726562,725.510009765625,725.9000244140625
2026-07-10 14:35:00-04:00,725.9000244140625,725.9000244140625,725.3499755859375,725.5798950195312
2026-07-10 14:40:00-04:00,725.5900268554688,725.75,725.47998046875,725.559814453125
2026-07-10 14:45:00-04:00,725.5499877929688,725.6400146484375,725.3099975585938,725.4099731445312
2026-07-10 14:50:00-04:00,725.3699951171875,725.68310546875,725.25,725.4500122070312
2026-07-10 14:55:00-04:00,725.4600219726562,725.7000122070312,725.4199829101562,725.47998046875
2026-07-10 15:00:00-04:00,725.489990234375,726.3900146484375,725.3800048828125,726.25
2026-07-10 15:05:00-04:00,726.25,726.27001953125,725.6500244140625,725.7100219726562
2026-07-10 15:10:00-04:00,725.72998046875,726.010009765625,725.5900268554688,725.97998046875
2026-07-10 15:15:00-04:00,725.9299926757812,725.97998046875,725.4500122070312,725.7501220703125
2026-07-10 15:20:00-04:00,725.760009765625,725.8200073242188,725.5,725.5
2026-07-10 15:25:00-04:00,725.5,725.8800048828125,725.469970703125,725.719970703125
2026-07-10 15:30:00-04:00,725.6799926757812,726.1699829101562,725.6799926757812,725.8200073242188
2026-07-10 15:35:00-04:00,725.8200073242188,726.1799926757812,725.7000122070312,725.9500122070312
2026-07-10 15:40:00-04:00,725.9500122070312,726.1699829101562,725.8599853515625,725.8599853515625
2026-07-10 15:45:00-04:00,725.8599853515625,725.9400024414062,725.6599731445312,725.719970703125
2026-07-10 15:50:00-04:00,725.739990234375,726.1099853515625,725.5,725.6099853515625
2026-07-10 15:55:00-04:00,725.5999755859375,725.8800048828125,725.260009765625,725.530029296875
2026-07-13 09:30:00-04:00,717.719970703125,718.4299926757812,715.9249877929688,716.22998046875
2026-07-13 09:35:00-04:00,716.260009765625,716.89501953125,715.3699951171875,715.6400146484375
2026-07-13 09:40:00-04:00,715.6500244140625,715.6500244140625,713.9500122070312,715.02001953125
2026-07-13 09:45:00-04:00,715.02001953125,715.1099853515625,713.5999755859375,714.7000122070312
2026-07-13 09:50:00-04:00,714.7000122070312,714.9600219726562,713.1500244140625,713.719970703125
2026-07-13 09:55:00-04:00,713.6400146484375,716.0499877929688,713.3099975585938,715.77001953125
2026-07-13 10:00:00-04:00,715.8499755859375,716.5999755859375,714.6799926757812,714.7449951171875
2026-07-13 10:05:00-04:00,714.7094116210938,715.6599731445312,714.1884765625,715.5700073242188
2026-07-13 10:10:00-04:00,715.5399780273438,716.4494018554688,715.27001953125,716.2999877929688
2026-07-13 10:15:00-04:00,716.27001953125,716.5,712.5599975585938,714.6849975585938
2026-07-13 10:20:00-04:00,714.6724243164062,716.9000244140625,714.3422241210938,716.6799926757812
2026-07-13 10:25:00-04:00,716.6699829101562,717.5850219726562,716.3018188476562,717.5
2026-07-13 10:30:00-04:00,717.6099853515625,718.0999755859375,717.1099853515625,717.510009765625
2026-07-13 10:35:00-04:00,717.47998046875,717.6400146484375,716.4000244140625,717.1204223632812
2026-07-13 10:40:00-04:00,717.1799926757812,717.1950073242188,715.6500244140625,715.9719848632812
2026-07-13 10:45:00-04:00,715.9451904296875,717.3900146484375,715.1400756835938,717.2000122070312
2026-07-13 10:50:00-04:00,717.1900024414062,717.469970703125,715.780029296875,716.0
2026-07-13 10:55:00-04:00,716.0,717.989990234375,715.7393188476562,717.9099731445312
2026-07-13 11:00:00-04:00,717.9299926757812,718.739990234375,717.6199951171875,717.719970703125
2026-07-13 11:05:00-04:00,717.719970703125,718.1199951171875,717.0499877929688,717.2650146484375
2026-07-13 11:10:00-04:00,717.219970703125,717.9000244140625,716.77001953125,717.0700073242188
2026-07-13 11:15:00-04:00,716.9650268554688,717.5900268554688,716.5599975585938,717.469970703125
2026-07-13 11:20:00-04:00,717.4400024414062,718.1699829101562,717.22998046875,717.9149780273438
2026-07-13 11:25:00-04:00,717.9400024414062,717.97998046875,717.1400146484375,717.6599731445312
2026-07-13 11:30:00-04:00,717.6500244140625,718.030029296875,717.0700073242188,717.3200073242188
2026-07-13 11:35:00-04:00,717.3699951171875,717.510009765625,716.6099853515625,717.0900268554688
2026-07-13 11:40:00-04:00,717.0501098632812,717.2030029296875,716.239990234375,716.3699951171875
2026-07-13 11:45:00-04:00,716.2999877929688,716.4099731445312,715.52001953125,715.962890625
2026-07-13 11:50:00-04:00,715.97998046875,716.0565185546875,715.0599975585938,715.6599731445312
2026-07-13 11:55:00-04:00,715.72998046875,715.8400268554688,715.0,715.3599853515625
2026-07-13 12:00:00-04:00,715.330078125,715.469970703125,714.9000244140625,714.9500122070312
2026-07-13 12:05:00-04:00,714.9199829101562,715.5800170898438,714.6799926757812,715.5496826171875
2026-07-13 12:10:00-04:00,715.52001953125,715.9749755859375,715.0,715.3699951171875
2026-07-13 12:15:00-04:00,715.4099731445312,715.4099731445312,714.260009765625,714.72998046875
2026-07-13 12:20:00-04:00,714.6900024414062,714.6998901367188,714.0,714.25
2026-07-13 12:25:00-04:00,714.239990234375,714.2899780273438,713.52001953125,714.0599975585938
2026-07-13 12:30:00-04:00,713.989990234375,713.989990234375,712.8800048828125,712.9099731445312
2026-07-13 12:35:00-04:00,712.9099731445312,713.3699951171875,711.7000122070312,713.0700073242188
2026-07-13 12:40:00-04:00,713.0499877929688,713.8300170898438,712.5900268554688,713.530029296875
2026-07-13 12:45:00-04:00,713.6199951171875,713.989990234375,712.8900146484375,712.9251708984375
2026-07-13 12:50:00-04:00,712.9000244140625,713.1713256835938,711.7208862304688,712.77001953125
2026-07-13 12:55:00-04:00,712.7000122070312,713.6900024414062,712.3499755859375,713.260009765625
2026-07-13 13:00:00-04:00,713.2999877929688,713.9099731445312,713.030029296875,713.344970703125
2026-07-13 13:05:00-04:00,713.3099975585938,714.3200073242188,713.1900024414062,714.1701049804688
2026-07-13 13:10:00-04:00,714.2000122070312,714.5499877929688,713.3800048828125,713.5999755859375
2026-07-13 13:15:00-04:00,713.64501953125,713.830810546875,712.8800048828125,713.6500244140625
2026-07-13 13:20:00-04:00,713.5872802734375,713.6799926757812,712.8400268554688,712.8800048828125
2026-07-13 13:25:00-04:00,712.9000244140625,713.1400146484375,712.5449829101562,713.010009765625
2026-07-13 13:30:00-04:00,713.02001953125,713.3499755859375,712.7216186523438,713.1649780273438
2026-07-13 13:35:00-04:00,713.1900024414062,713.1900024414062,712.280029296875,712.5499877929688
2026-07-13 13:40:00-04:00,712.4849853515625,713.0700073242188,712.2100219726562,712.8599853515625
2026-07-13 13:45:00-04:00,712.9000244140625,713.1900024414062,712.3400268554688,712.3800048828125
2026-07-13 13:50:00-04:00,712.3800048828125,712.469970703125,711.7999877929688,712.22998046875
2026-07-13 13:55:00-04:00,712.25,712.5,712.0,712.0499877929688
2026-07-13 14:00:00-04:00,712.1099853515625,713.0399780273438,711.969970703125,712.6300048828125
2026-07-13 14:05:00-04:00,712.6199951171875,713.510009765625,712.6199951171875,712.760009765625
2026-07-13 14:10:00-04:00,712.77001953125,713.030029296875,712.0303955078125,712.97998046875
2026-07-13 14:15:00-04:00,712.9650268554688,713.114990234375,711.830078125,712.1801147460938
2026-07-13 14:20:00-04:00,712.219970703125,712.6699829101562,711.969970703125,712.6500244140625
2026-07-13 14:25:00-04:00,712.6400146484375,712.6599731445312,711.9099731445312,711.97998046875
2026-07-13 14:30:00-04:00,711.9600219726562,712.5349731445312,711.5250244140625,712.0
2026-07-13 14:35:00-04:00,712.0050048828125,712.780029296875,711.9199829101562,712.5222778320312
2026-07-13 14:40:00-04:00,712.5307006835938,713.0,712.4199829101562,712.6199951171875
2026-07-13 14:45:00-04:00,712.6400146484375,712.9199829101562,712.3499755859375,712.8499145507812
2026-07-13 14:50:00-04:00,712.8499755859375,713.114990234375,712.4299926757812,712.7100219726562
2026-07-13 14:55:00-04:00,712.7100219726562,712.8900146484375,712.219970703125,712.4199829101562
2026-07-13 15:00:00-04:00,712.4600219726562,713.139892578125,712.030029296875,713.030029296875
2026-07-13 15:05:00-04:00,713.0499877929688,713.2288208007812,712.1199951171875,712.1199951171875
2026-07-13 15:10:00-04:00,712.1099853515625,712.1599731445312,711.4400024414062,711.719970703125
2026-07-13 15:15:00-04:00,711.739990234375,711.8200073242188,711.4500122070312,711.532470703125
2026-07-13 15:20:00-04:00,711.5599975585938,711.5800170898438,710.6500244140625,711.02001953125
2026-07-13 15:25:00-04:00,711.0,711.0399780273438,710.3099975585938,710.6300048828125
2026-07-13 15:30:00-04:00,710.6599731445312,711.3900146484375,710.5,711.1099853515625
2026-07-13 15:35:00-04:00,711.0900268554688,711.094970703125,710.0999755859375,710.3250122070312
2026-07-13 15:40:00-04:00,710.3300170898438,711.52001953125,710.1699829101562,711.4000244140625
2026-07-13 15:45:00-04:00,711.4400024414062,711.6900024414062,711.0250244140625,711.5999755859375
2026-07-13 15:50:00-04:00,711.6400146484375,712.6099853515625,711.5800170898438,711.8049926757812
2026-07-13 15:55:00-04:00,711.8400268554688,712.6699829101562,711.6599731445312,711.719970703125
2026-07-14 09:30:00-04:00,720.1400146484375,720.2860107421875,717.2526245117188,717.2952880859375
2026-07-14 09:35:00-04:00,717.3300170898438,719.8499755859375,717.1199951171875,719.25
2026-07-14 09:40:00-04:00,719.27001953125,719.47998046875,717.5499877929688,718.8599853515625
2026-07-14 09:45:00-04:00,718.8300170898438,720.0800170898438,718.135009765625,719.0900268554688
2026-07-14 09:50:00-04:00,719.1799926757812,719.8599853515625,717.9000244140625,718.8499755859375
2026-07-14 09:55:00-04:00,718.8900146484375,719.7899780273438,718.4600219726562,719.3900146484375
2026-07-14 10:00:00-04:00,719.4299926757812,720.0,717.2899780273438,717.3400268554688
2026-07-14 10:05:00-04:00,717.3599853515625,717.5900268554688,716.02001953125,716.6699829101562
2026-07-14 10:10:00-04:00,716.6300048828125,717.239990234375,716.0499877929688,716.719970703125
2026-07-14 10:15:00-04:00,716.5999755859375,716.5999755859375,714.3400268554688,715.85107421875
2026-07-14 10:20:00-04:00,715.760009765625,717.8400268554688,715.760009765625,716.5150146484375
2026-07-14 10:25:00-04:00,716.52001953125,718.260009765625,716.0283813476562,717.1799926757812
2026-07-14 10:30:00-04:00,717.1300048828125,720.8800048828125,716.5380249023438,719.2890014648438
2026-07-14 10:35:00-04:00,719.1599731445312,719.8499755859375,718.780029296875,719.5850219726562
2026-07-14 10:40:00-04:00,719.5499877929688,719.9199829101562,717.9349975585938,718.1900024414062
2026-07-14 10:45:00-04:00,718.2100219726562,718.6400146484375,717.030029296875,717.1799926757812
2026-07-14 10:50:00-04:00,717.2100219726562,718.97998046875,716.6199951171875,718.9400024414062
2026-07-14 10:55:00-04:00,718.969970703125,719.5700073242188,718.8400268554688,719.2999877929688
2026-07-14 11:00:00-04:00,719.469970703125,720.9099731445312,718.8699951171875,720.0650024414062
2026-07-14 11:05:00-04:00,719.989990234375,721.469970703125,719.8900146484375,721.280029296875
2026-07-14 11:10:00-04:00,721.2899169921875,721.5,720.8800048828125,721.1099853515625
2026-07-14 11:15:00-04:00,721.3200073242188,721.5250244140625,720.5800170898438,721.0999755859375
2026-07-14 11:20:00-04:00,721.0701293945312,721.8900146484375,720.760009765625,721.7550048828125
2026-07-14 11:25:00-04:00,721.75,722.0850219726562,721.3900146484375,722.02001953125
2026-07-14 11:30:00-04:00,722.0499877929688,722.280029296875,720.8300170898438,721.0399780273438
2026-07-14 11:35:00-04:00,721.0399780273438,721.5499877929688,720.5800170898438,721.4099731445312
2026-07-14 11:40:00-04:00,721.409912109375,721.409912109375,719.9500122070312,720.844970703125
2026-07-14 11:45:00-04:00,720.8200073242188,721.22998046875,720.6599731445312,720.6599731445312
2026-07-14 11:50:00-04:00,720.6801147460938,720.8800048828125,719.22998046875,719.4099731445312
2026-07-14 11:55:00-04:00,719.4299926757812,719.9199829101562,719.0499877929688,719.6300048828125
2026-07-14 12:00:00-04:00,719.75,719.75,718.0,718.4400024414062
2026-07-14 12:05:00-04:00,718.4400024414062,719.0800170898438,717.8900146484375,718.7000122070312
2026-07-14 12:10:00-04:00,718.7000122070312,718.9000244140625,718.1199951171875,718.5349731445312
2026-07-14 12:15:00-04:00,718.5800170898438,718.7999877929688,717.719970703125,718.7899780273438
2026-07-14 12:20:00-04:00,718.7999877929688,719.0700073242188,718.280029296875,718.9400024414062
2026-07-14 12:25:00-04:00,718.969970703125,719.6298828125,718.969970703125,719.510009765625
2026-07-14 12:30:00-04:00,719.5349731445312,719.77001953125,718.8599853515625,719.6300048828125
2026-07-14 12:35:00-04:00,719.6300048828125,719.9000244140625,719.260009765625,719.7000122070312
2026-07-14 12:40:00-04:00,719.6599731445312,720.5499877929688,719.5499877929688,720.2150268554688
2026-07-14 12:45:00-04:00,720.22998046875,720.7105712890625,719.5900268554688,720.22998046875
2026-07-14 12:50:00-04:00,720.2100219726562,720.52001953125,720.0900268554688,720.1799926757812
2026-07-14 12:55:00-04:00,720.2490234375,720.6199951171875,720.2000122070312,720.6199951171875
2026-07-14 13:00:00-04:00,720.6300048828125,720.8900146484375,720.4000244140625,720.469970703125
2026-07-14 13:05:00-04:00,720.510009765625,721.1179809570312,720.3499755859375,721.0368041992188
2026-07-14 13:10:00-04:00,721.0,721.1799926757812,720.5001220703125,720.5050048828125
2026-07-14 13:15:00-04:00,720.5599975585938,720.8300170898438,720.1400146484375,720.8250122070312
2026-07-14 13:20:00-04:00,720.8250122070312,721.5050048828125,720.8250122070312,721.3599853515625
2026-07-14 13:25:00-04:00,721.3800048828125,721.5700073242188,721.1099853515625,721.1500244140625
2026-07-14 13:30:00-04:00,721.219970703125,721.4600219726562,720.75,720.75
2026-07-14 13:35:00-04:00,720.7276000976562,721.239990234375,720.4099731445312,721.22998046875
2026-07-14 13:40:00-04:00,721.1950073242188,721.3599853515625,720.9199829101562,721.0999755859375
2026-07-14 13:45:00-04:00,721.0900268554688,721.364990234375,720.6900024414062,721.1500244140625
2026-07-14 13:50:00-04:00,721.1699829101562,721.52001953125,721.14501953125,721.4600219726562
2026-07-14 13:55:00-04:00,721.4450073242188,721.5499877929688,721.2999877929688,721.5
2026-07-14 14:00:00-04:00,721.510009765625,721.6400146484375,721.0399780273438,721.5499877929688
2026-07-14 14:05:00-04:00,721.5549926757812,721.5999755859375,721.0800170898438,721.5499877929688
2026-07-14 14:10:00-04:00,721.5499877929688,721.6873168945312,721.4199829101562,721.6500244140625
2026-07-14 14:15:00-04:00,721.6599731445312,721.85498046875,721.4500732421875,721.5999755859375
2026-07-14 14:20:00-04:00,721.5900268554688,721.6799926757812,721.25,721.2725219726562
2026-07-14 14:25:00-04:00,721.3350219726562,721.5800170898438,721.1500244140625,721.260009765625
2026-07-14 14:30:00-04:00,721.260009765625,721.52587890625,721.0999755859375,721.469970703125
2026-07-14 14:35:00-04:00,721.4993896484375,721.6500244140625,720.7899780273438,721.1799926757812
2026-07-14 14:40:00-04:00,721.1849975585938,721.1900024414062,720.0700073242188,720.5999755859375
2026-07-14 14:45:00-04:00,720.6199951171875,720.9099731445312,720.3900146484375,720.4199829101562
2026-07-14 14:50:00-04:00,720.4099731445312,721.0499877929688,720.3499755859375,720.9000244140625
2026-07-14 14:55:00-04:00,720.8699951171875,720.8800048828125,720.5,720.6199951171875
2026-07-14 15:00:00-04:00,720.5900268554688,720.77001953125,719.8699951171875,719.9799194335938
2026-07-14 15:05:00-04:00,719.9600219726562,720.1099853515625,719.5250244140625,719.75
2026-07-14 15:10:00-04:00,719.760009765625,720.5700073242188,719.6400146484375,720.4099731445312
2026-07-14 15:15:00-04:00,720.3800048828125,720.6699829101562,720.0700073242188,720.5493774414062
2026-07-14 15:20:00-04:00,720.47998046875,720.9000244140625,720.3040161132812,720.8800048828125
2026-07-14 15:25:00-04:00,720.8300170898438,720.875,719.9400024414062,719.9500122070312
2026-07-14 15:30:00-04:00,719.97998046875,720.10498046875,719.2899780273438,720.0399780273438
2026-07-14 15:35:00-04:00,720.010009765625,720.25,719.7100219726562,719.8300170898438
2026-07-14 15:40:00-04:00,719.7999877929688,720.4000244140625,719.75,720.260009765625
2026-07-14 15:45:00-04:00,720.280029296875,720.5800170898438,720.2000122070312,720.52001953125
2026-07-14 15:50:00-04:00,720.52001953125,720.8394775390625,719.9805908203125,720.1099853515625
2026-07-14 15:55:00-04:00,720.0900268554688,720.3699951171875,719.47998046875,719.6799926757812
2026-07-15 09:30:00-04:00,723.9400024414062,724.3499755859375,722.780029296875,723.760009765625
2026-07-15 09:35:00-04:00,723.7899780273438,724.0794067382812,721.3300170898438,722.0499877929688
2026-07-15 09:40:00-04:00,722.04150390625,722.0850219726562,720.8300170898438,720.8699951171875
2026-07-15 09:45:00-04:00,720.8599853515625,721.1699829101562,719.5,719.6699829101562
2026-07-15 09:50:00-04:00,719.7150268554688,720.1599731445312,718.9299926757812,720.0599975585938
2026-07-15 09:55:00-04:00,720.049072265625,720.6400146484375,719.6500244140625,720.6320190429688
2026-07-15 10:00:00-04:00,720.7000122070312,721.77001953125,720.6599731445312,721.1494750976562
2026-07-15 10:05:00-04:00,721.1199951171875,722.2800903320312,720.75,721.5449829101562
2026-07-15 10:10:00-04:00,721.5009155273438,721.7999877929688,720.219970703125,720.219970703125
2026-07-15 10:15:00-04:00,720.2100219726562,720.75927734375,719.7750244140625,720.0150146484375
2026-07-15 10:20:00-04:00,720.0245971679688,720.0900268554688,716.5700073242188,717.0205078125
2026-07-15 10:25:00-04:00,717.0499877929688,718.3400268554688,716.2059936523438,718.2150268554688
2026-07-15 10:30:00-04:00,718.25,718.530029296875,716.4000244140625,717.3900146484375
2026-07-15 10:35:00-04:00,717.380126953125,717.7000122070312,714.9600219726562,715.3150024414062
2026-07-15 10:40:00-04:00,715.280029296875,715.780029296875,713.719970703125,715.25
2026-07-15 10:45:00-04:00,715.239990234375,716.3049926757812,714.3300170898438,716.22998046875
2026-07-15 10:50:00-04:00,716.2100219726562,716.239990234375,714.72998046875,715.239990234375
2026-07-15 10:55:00-04:00,715.25,716.010009765625,714.8599853515625,715.9600219726562
2026-07-15 11:00:00-04:00,716.0,716.2100219726562,714.7899780273438,714.9697265625
2026-07-15 11:05:00-04:00,714.9500122070312,716.5399780273438,714.719970703125,716.4600219726562
2026-07-15 11:10:00-04:00,716.4650268554688,716.6998901367188,714.9099731445312,715.0150146484375
2026-07-15 11:15:00-04:00,715.0,715.4199829101562,713.583984375,715.4000244140625
2026-07-15 11:20:00-04:00,715.39501953125,715.39501953125,713.8099975585938,714.719970703125
2026-07-15 11:25:00-04:00,714.72998046875,716.2100219726562,714.5250244140625,716.2100219726562
2026-07-15 11:30:00-04:00,716.1699829101562,716.5399169921875,715.530029296875,716.0800170898438
2026-07-15 11:35:00-04:00,716.02001953125,716.4598999023438,715.0,716.2899780273438
2026-07-15 11:40:00-04:00,716.375,716.5499877929688,715.3599853515625,715.5800170898438
2026-07-15 11:45:00-04:00,715.5800170898438,715.5999755859375,714.7108764648438,715.1099853515625
2026-07-15 11:50:00-04:00,715.094970703125,715.1199951171875,714.27001953125,714.780029296875
2026-07-15 11:55:00-04:00,714.780029296875,714.9000244140625,714.3701171875,714.739990234375
2026-07-15 12:00:00-04:00,714.7100219726562,715.1400146484375,713.1901245117188,713.5501098632812
2026-07-15 12:05:00-04:00,713.5599975585938,713.5900268554688,712.280029296875,713.1400146484375
2026-07-15 12:10:00-04:00,713.1400146484375,713.2899780273438,712.0700073242188,712.1400146484375
2026-07-15 12:15:00-04:00,712.1300048828125,712.669921875,711.8800048828125,712.1099853515625
2026-07-15 12:20:00-04:00,712.10498046875,712.3099975585938,711.0800170898438,711.3200073242188
2026-07-15 12:25:00-04:00,711.3200073242188,711.9500122070312,711.14501953125,711.844970703125
2026-07-15 12:30:00-04:00,711.8200073242188,712.344970703125,710.9990234375,711.14990234375
2026-07-15 12:35:00-04:00,711.1599731445312,711.1799926757812,710.530029296875,710.72998046875
2026-07-15 12:40:00-04:00,710.7130126953125,711.4962158203125,710.22998046875,711.4400024414062
2026-07-15 12:45:00-04:00,711.4400024414062,713.6500244140625,711.1799926757812,712.1900024414062
2026-07-15 12:50:00-04:00,712.1500244140625,713.1699829101562,712.1500244140625,712.5999755859375
2026-07-15 12:55:00-04:00,712.635009765625,713.02001953125,711.8099975585938,713.02001953125
2026-07-15 13:00:00-04:00,713.02001953125,713.7000122070312,712.5800170898438,713.3809814453125
2026-07-15 13:05:00-04:00,713.39501953125,714.1900024414062,713.25,713.9349975585938
2026-07-15 13:10:00-04:00,713.9299926757812,714.1796875,713.48876953125,713.5
2026-07-15 13:15:00-04:00,713.5034790039062,714.8099975585938,713.4099731445312,714.7000732421875
2026-07-15 13:20:00-04:00,714.7000122070312,715.0700073242188,714.3599853515625,714.8599853515625
2026-07-15 13:25:00-04:00,714.8800048828125,715.3300170898438,714.510009765625,715.260009765625
2026-07-15 13:30:00-04:00,715.280029296875,715.780029296875,715.260009765625,715.6599731445312
2026-07-15 13:35:00-04:00,715.6599731445312,715.9299926757812,715.3300170898438,715.8858032226562
2026-07-15 13:40:00-04:00,715.880126953125,716.0399780273438,715.6500244140625,715.9099731445312
2026-07-15 13:45:00-04:00,715.9500122070312,717.1199951171875,715.739990234375,717.02001953125
2026-07-15 13:50:00-04:00,717.030029296875,717.7000122070312,716.8251953125,717.6199951171875
2026-07-15 13:55:00-04:00,717.5999755859375,717.6599731445312,717.0955810546875,717.2000122070312
2026-07-15 14:00:00-04:00,717.2564086914062,717.8900146484375,717.1300048828125,717.6010131835938
2026-07-15 14:05:00-04:00,717.5499877929688,718.1699829101562,717.510009765625,718.0449829101562
2026-07-15 14:10:00-04:00,718.0499877929688,718.280029296875,717.9500122070312,717.9799194335938
2026-07-15 14:15:00-04:00,717.9500122070312,717.9500122070312,717.2000122070312,717.6950073242188
2026-07-15 14:20:00-04:00,717.6799926757812,718.5900268554688,717.6500244140625,718.4299926757812
2026-07-15 14:25:00-04:00,718.4500122070312,718.47998046875,718.0742797851562,718.1694946289062
2026-07-15 14:30:00-04:00,718.1699829101562,718.4299926757812,718.02001953125,718.1610107421875
2026-07-15 14:35:00-04:00,718.1500244140625,718.1500244140625,717.3150024414062,717.3150024414062
2026-07-15 14:40:00-04:00,717.3250122070312,717.669921875,716.5999755859375,716.6799926757812
2026-07-15 14:45:00-04:00,716.6699829101562,716.760009765625,716.0,716.2349853515625
2026-07-15 14:50:00-04:00,716.22998046875,716.3599853515625,715.2999877929688,715.8049926757812
2026-07-15 14:55:00-04:00,715.7999877929688,716.0349731445312,715.0499877929688,715.4600219726562
2026-07-15 15:00:00-04:00,715.47998046875,716.6699829101562,715.2899780273438,716.5700073242188
2026-07-15 15:05:00-04:00,716.5800170898438,716.8699951171875,715.969970703125,716.10498046875
2026-07-15 15:10:00-04:00,716.0750122070312,716.510009765625,715.9400024414062,716.2600708007812
2026-07-15 15:15:00-04:00,716.2750244140625,716.35498046875,715.5800170898438,715.5800170898438
2026-07-15 15:20:00-04:00,715.5700073242188,715.5999755859375,715.0,715.25
2026-07-15 15:25:00-04:00,715.219970703125,716.219970703125,714.9204711914062,716.219970703125
2026-07-15 15:30:00-04:00,716.25,716.8499755859375,715.5499877929688,715.7899780273438
2026-07-15 15:35:00-04:00,715.8099975585938,716.6599731445312,715.4600219726562,716.5700073242188
2026-07-15 15:40:00-04:00,716.5501098632812,717.532470703125,716.5349731445312,717.2899780273438
2026-07-15 15:45:00-04:00,717.22998046875,717.3200073242188,716.4199829101562,716.5349731445312
2026-07-15 15:50:00-04:00,716.5399780273438,717.4099731445312,716.5399780273438,717.1599731445312
2026-07-15 15:55:00-04:00,717.2000122070312,717.8400268554688,717.2000122070312,717.6900024414062
2026-07-16 09:30:00-04:00,712.0,713.594970703125,711.2000122070312,711.2150268554688
2026-07-16 09:35:00-04:00,711.4400024414062,712.1699829101562,709.9299926757812,710.0999755859375
2026-07-16 09:40:00-04:00,710.1182250976562,711.239990234375,708.22998046875,708.3900146484375
2026-07-16 09:45:00-04:00,708.4099731445312,709.02001953125,707.2000122070312,707.3699951171875
2026-07-16 09:50:00-04:00,707.3400268554688,709.3300170898438,707.2100219726562,707.8300170898438
2026-07-16 09:55:00-04:00,707.7999877929688,709.4600219726562,707.0,709.1749877929688
2026-07-16 10:00:00-04:00,709.0900268554688,710.869873046875,708.6500244140625,710.4299926757812
2026-07-16 10:05:00-04:00,710.4500122070312,712.7650146484375,710.0800170898438,712.3800048828125
2026-07-16 10:10:00-04:00,712.3800048828125,712.6900024414062,711.6099853515625,712.0850219726562
2026-07-16 10:15:00-04:00,712.1300048828125,712.9000244140625,711.5499877929688,712.4420166015625
2026-07-16 10:20:00-04:00,712.489990234375,712.6298828125,710.4099731445312,711.469970703125
2026-07-16 10:25:00-04:00,711.3599853515625,712.5599975585938,710.611083984375,712.469970703125
2026-07-16 10:30:00-04:00,712.4749755859375,712.47998046875,711.4099731445312,711.989990234375
2026-07-16 10:35:00-04:00,711.9349975585938,713.0700073242188,711.6099853515625,711.7899780273438
2026-07-16 10:40:00-04:00,711.8355712890625,712.1699829101562,711.1199951171875,711.9949951171875
2026-07-16 10:45:00-04:00,712.010009765625,712.3099975585938,711.4299926757812,711.4400024414062
2026-07-16 10:50:00-04:00,711.3900146484375,711.5,709.9362182617188,710.239990234375
2026-07-16 10:55:00-04:00,710.2050170898438,711.3499755859375,709.5900268554688,711.2650146484375
2026-07-16 11:00:00-04:00,711.4099731445312,711.8599853515625,710.5900268554688,710.7249755859375
2026-07-16 11:05:00-04:00,710.5599975585938,710.6699829101562,709.6599731445312,710.2899780273438
2026-07-16 11:10:00-04:00,710.260009765625,710.4899291992188,708.9199829101562,709.4500122070312
2026-07-16 11:15:00-04:00,709.4400024414062,710.219970703125,708.9600219726562,710.219970703125
2026-07-16 11:20:00-04:00,710.239990234375,710.25,709.260009765625,710.1599731445312
2026-07-16 11:25:00-04:00,710.135009765625,711.6599731445312,710.094970703125,710.594970703125
2026-07-16 11:30:00-04:00,710.5850219726562,711.4000244140625,709.72998046875,711.4000244140625
2026-07-16 11:35:00-04:00,711.3400268554688,712.02001953125,710.7899780273438,711.8099975585938
2026-07-16 11:40:00-04:00,711.75,711.8499755859375,709.969970703125,710.3499755859375
2026-07-16 11:45:00-04:00,710.2899780273438,710.3300170898438,709.3499755859375,710.219970703125
2026-07-16 11:50:00-04:00,710.219970703125,711.280029296875,710.2000732421875,710.9099731445312
2026-07-16 11:55:00-04:00,710.8499755859375,710.9000244140625,709.7999877929688,710.219970703125
2026-07-16 12:00:00-04:00,710.25,710.2999877929688,708.8300170898438,708.9600219726562
2026-07-16 12:05:00-04:00,708.9600219726562,709.3255004882812,708.3400268554688,708.9749755859375
2026-07-16 12:10:00-04:00,708.9057006835938,708.9464721679688,707.760009765625,707.8814086914062
2026-07-16 12:15:00-04:00,707.8400268554688,708.3099975585938,707.530029296875,707.97998046875
2026-07-16 12:20:00-04:00,707.9500122070312,707.9500122070312,707.1199951171875,707.5103149414062
2026-07-16 12:25:00-04:00,707.510009765625,717.739990234375,707.260009765625,707.9600219726562
2026-07-16 12:30:00-04:00,707.969970703125,708.9299926757812,707.8400268554688,708.3699951171875
2026-07-16 12:35:00-04:00,708.311279296875,708.47998046875,707.7301025390625,707.7899780273438
2026-07-16 12:40:00-04:00,707.8250122070312,708.52001953125,707.6400146484375,707.8499755859375
2026-07-16 12:45:00-04:00,707.7999877929688,708.1400146484375,707.2750244140625,707.5599975585938
2026-07-16 12:50:00-04:00,707.5900268554688,708.5999755859375,707.3410034179688,708.489990234375
2026-07-16 12:55:00-04:00,708.489990234375,709.2000122070312,708.469970703125,708.8671264648438
2026-07-16 13:00:00-04:00,708.9299926757812,708.9400024414062,707.6199951171875,708.364990234375
2026-07-16 13:05:00-04:00,708.3099975585938,708.7650146484375,707.6400146484375,708.5399780273438
2026-07-16 13:10:00-04:00,708.5399780273438,708.75,707.6077880859375,707.6749877929688
2026-07-16 13:15:00-04:00,707.7177124023438,708.1900024414062,707.4199829101562,707.8900146484375
2026-07-16 13:20:00-04:00,707.9299926757812,708.0900268554688,707.469970703125,707.47998046875
2026-07-16 13:25:00-04:00,707.4500122070312,708.97998046875,707.3499755859375,708.739990234375
2026-07-16 13:30:00-04:00,708.7899780273438,709.010009765625,707.530029296875,707.7000122070312
2026-07-16 13:35:00-04:00,707.7000122070312,707.8800048828125,707.1799926757812,707.25
2026-07-16 13:40:00-04:00,707.25,707.25,706.3099975585938,706.5900268554688
2026-07-16 13:45:00-04:00,706.5999755859375,707.1798706054688,706.0399780273438,706.9349975585938
2026-07-16 13:50:00-04:00,706.9400024414062,707.1799926757812,706.4400024414062,706.8298950195312
2026-07-16 13:55:00-04:00,706.7999877929688,706.8099975585938,706.1199951171875,706.6099853515625
2026-07-16 14:00:00-04:00,706.5900268554688,706.97998046875,706.260009765625,706.3599853515625
2026-07-16 14:05:00-04:00,706.3499755859375,706.7100219726562,706.0599975585938,706.360595703125
2026-07-16 14:10:00-04:00,706.3699951171875,707.4334106445312,706.3400268554688,706.3599853515625
2026-07-16 14:15:00-04:00,706.3798828125,707.3963012695312,706.0,707.1900024414062
2026-07-16 14:20:00-04:00,707.1900024414062,708.0599975585938,707.1300048828125,707.72998046875
2026-07-16 14:25:00-04:00,707.719970703125,707.985595703125,707.030029296875,707.2100219726562
2026-07-16 14:30:00-04:00,707.0999755859375,707.0999755859375,706.47998046875,706.6300048828125
2026-07-16 14:35:00-04:00,706.5599975585938,706.5601196289062,706.0499877929688,706.1508178710938
2026-07-16 14:40:00-04:00,706.1699829101562,706.7354736328125,705.5,706.4600219726562
2026-07-16 14:45:00-04:00,706.364990234375,706.8099975585938,706.0900268554688,706.5700073242188
2026-07-16 14:50:00-04:00,706.5700073242188,706.75,705.8049926757812,705.8200073242188
2026-07-16 14:55:00-04:00,705.8200073242188,706.0800170898438,705.5399780273438,705.8099975585938
2026-07-16 15:00:00-04:00,705.77001953125,706.5599975585938,705.5999755859375,706.2105712890625
2026-07-16 15:05:00-04:00,706.2000732421875,706.5150146484375,705.0499877929688,705.1500244140625
2026-07-16 15:10:00-04:00,705.1099853515625,705.4400024414062,704.9299926757812,705.0999755859375
2026-07-16 15:15:00-04:00,705.0700073242188,705.1699829101562,704.219970703125,704.643798828125
2026-07-16 15:20:00-04:00,704.6199951171875,705.0800170898438,704.239990234375,704.3099975585938
2026-07-16 15:25:00-04:00,704.3200073242188,704.5999755859375,703.5900268554688,704.2899780273438
2026-07-16 15:30:00-04:00,704.2899780273438,704.8300170898438,703.5601196289062,704.2899780273438
2026-07-16 15:35:00-04:00,704.280029296875,704.6300048828125,703.5599975585938,704.3699951171875
2026-07-16 15:40:00-04:00,704.3499755859375,704.5700073242188,703.5700073242188,703.5900268554688
2026-07-16 15:45:00-04:00,703.5999755859375,703.6799926757812,702.6099853515625,702.9199829101562
2026-07-16 15:50:00-04:00,702.9299926757812,704.9600219726562,702.9299926757812,704.9099731445312
2026-07-16 15:55:00-04:00,704.9299926757812,706.4600219726562,704.9299926757812,706.02001953125
2026-07-17 09:30:00-04:00,691.6300048828125,693.5399780273438,690.0,690.2725219726562
2026-07-17 09:35:00-04:00,690.3099975585938,690.7000122070312,688.0,688.1099853515625
2026-07-17 09:40:00-04:00,688.1199951171875,689.2899780273438,686.760009765625,687.0599975585938
2026-07-17 09:45:00-04:00,687.0599975585938,689.4299926757812,686.8732299804688,688.9749755859375
2026-07-17 09:50:00-04:00,688.9400024414062,691.739990234375,688.6699829101562,691.4849853515625
2026-07-17 09:55:00-04:00,691.4600219726562,693.4099731445312,690.930908203125,693.3499755859375
2026-07-17 10:00:00-04:00,693.35498046875,695.9299926757812,693.0399780273438,694.3300170898438
2026-07-17 10:05:00-04:00,694.3699951171875,696.75,694.3699951171875,696.5700073242188
2026-07-17 10:10:00-04:00,696.60107421875,697.8399047851562,695.9000244140625,696.4400024414062
2026-07-17 10:15:00-04:00,696.3499755859375,698.3800048828125,695.8300170898438,697.5001220703125
2026-07-17 10:20:00-04:00,697.4500122070312,698.1699829101562,696.6599731445312,697.9500122070312
2026-07-17 10:25:00-04:00,697.8746948242188,698.4199829101562,696.6599731445312,697.0299072265625
2026-07-17 10:30:00-04:00,697.0549926757812,697.4500122070312,695.3099975585938,696.0650024414062
2026-07-17 10:35:00-04:00,696.030029296875,698.5499877929688,696.0,698.52001953125
2026-07-17 10:40:00-04:00,698.5,698.5700073242188,696.3988037109375,696.8300170898438
2026-07-17 10:45:00-04:00,696.760009765625,697.6599731445312,695.5,696.0399780273438
2026-07-17 10:50:00-04:00,696.0,696.577880859375,695.0399780273438,695.3599853515625
2026-07-17 10:55:00-04:00,695.3499755859375,696.4598999023438,694.35498046875,694.469970703125
2026-07-17 11:00:00-04:00,694.5399780273438,694.8887939453125,693.4600219726562,693.5700073242188
2026-07-17 11:05:00-04:00,693.52001953125,694.6300048828125,693.2899780273438,694.5891723632812
2026-07-17 11:10:00-04:00,694.5499877929688,695.1699829101562,693.5700073242188,694.0
2026-07-17 11:15:00-04:00,693.969970703125,694.9500122070312,693.5,694.4650268554688
2026-07-17 11:20:00-04:00,694.4500122070312,694.8616943359375,693.1400146484375,693.6099853515625
2026-07-17 11:25:00-04:00,693.6900024414062,695.280029296875,693.5900268554688,695.0449829101562
2026-07-17 11:30:00-04:00,695.135009765625,696.02001953125,694.3099975585938,695.1400146484375
2026-07-17 11:35:00-04:00,695.1500244140625,697.0225219726562,694.4722290039062,696.844970703125
2026-07-17 11:40:00-04:00,696.8099975585938,697.2899780273438,695.4299926757812,696.1950073242188
2026-07-17 11:45:00-04:00,696.1799926757812,696.9400024414062,695.8300170898438,696.8599853515625
2026-07-17 11:50:00-04:00,696.875,698.2999877929688,696.2999877929688,698.260009765625
2026-07-17 11:55:00-04:00,698.2899780273438,699.8699951171875,698.1900024414062,699.489990234375
2026-07-17 12:00:00-04:00,699.489990234375,700.0499877929688,697.6500244140625,698.3300170898438
2026-07-17 12:05:00-04:00,698.3348999023438,699.0800170898438,697.3599853515625,699.0800170898438
2026-07-17 12:10:00-04:00,699.0800170898438,699.77001953125,698.5800170898438,699.6699829101562
2026-07-17 12:15:00-04:00,699.6649780273438,700.0499877929688,699.3200073242188,699.7100219726562
2026-07-17 12:20:00-04:00,699.7000122070312,699.8800048828125,697.8499755859375,697.9149780273438
2026-07-17 12:25:00-04:00,697.9149780273438,699.7100219726562,697.719970703125,699.0
2026-07-17 12:30:00-04:00,698.97998046875,699.4000244140625,698.3699951171875,698.8350219726562
2026-07-17 12:35:00-04:00,698.8150024414062,699.6685180664062,698.8150024414062,699.3250122070312
2026-07-17 12:40:00-04:00,699.3128051757812,700.4099731445312,698.719970703125,700.4099731445312
2026-07-17 12:45:00-04:00,700.3900146484375,701.1400146484375,700.2100219726562,701.02001953125
2026-07-17 12:50:00-04:00,701.0800170898438,701.760009765625,700.7000122070312,701.3699951171875
2026-07-17 12:55:00-04:00,701.3499755859375,701.5700073242188,700.219970703125,700.5
2026-07-17 13:00:00-04:00,700.530029296875,701.9207153320312,700.3350219726562,701.3900146484375
2026-07-17 13:05:00-04:00,701.3499755859375,702.0800170898438,701.1799926757812,701.9400024414062
2026-07-17 13:10:00-04:00,701.9500122070312,702.2999877929688,701.0001831054688,701.0050048828125
2026-07-17 13:15:00-04:00,701.1199951171875,702.1500244140625,700.8300170898438,701.1900024414062
2026-07-17 13:20:00-04:00,701.1900024414062,701.2249755859375,700.6500244140625,700.9000244140625
2026-07-17 13:25:00-04:00,700.8900146484375,702.1199951171875,700.8800048828125,702.0
2026-07-17 13:30:00-04:00,701.989990234375,702.1500244140625,701.4517211914062,701.5700073242188
2026-07-17 13:35:00-04:00,701.5800170898438,701.6649780273438,700.4600219726562,700.6699829101562
2026-07-17 13:40:00-04:00,700.6599731445312,700.7000122070312,699.75,699.9298706054688
2026-07-17 13:45:00-04:00,699.9000244140625,700.3499755859375,699.6599731445312,700.1199951171875
2026-07-17 13:50:00-04:00,700.2000122070312,700.2999877929688,699.1099853515625,699.1599731445312
2026-07-17 13:55:00-04:00,699.219970703125,699.2993774414062,698.280029296875,698.60009765625
2026-07-17 14:00:00-04:00,698.6400146484375,699.530029296875,698.27001953125,698.869873046875
2026-07-17 14:05:00-04:00,698.77001953125,698.77001953125,697.9500122070312,697.989990234375
2026-07-17 14:10:00-04:00,698.0034790039062,698.239990234375,697.6099853515625,697.7501220703125
2026-07-17 14:15:00-04:00,697.77001953125,697.9099731445312,697.0,697.3900146484375
2026-07-17 14:20:00-04:00,697.3699951171875,697.719970703125,696.8499755859375,697.1300048828125
2026-07-17 14:25:00-04:00,697.0900268554688,697.5700073242188,696.77001953125,697.52001953125
2026-07-17 14:30:00-04:00,697.5,698.4199829101562,696.8400268554688,697.25
2026-07-17 14:35:00-04:00,697.25,697.530029296875,696.9600219726562,697.1199951171875
2026-07-17 14:40:00-04:00,697.2000122070312,697.22998046875,696.1199951171875,696.4000244140625
2026-07-17 14:45:00-04:00,696.4000244140625,697.8200073242188,696.1400146484375,697.3300170898438
2026-07-17 14:50:00-04:00,697.2999877929688,698.1699829101562,696.9500122070312,698.1566162109375
2026-07-17 14:55:00-04:00,698.1696166992188,698.25,697.47998046875,697.7000122070312
2026-07-17 15:00:00-04:00,697.6900024414062,697.8499755859375,696.9400024414062,697.4000244140625
2026-07-17 15:05:00-04:00,697.510009765625,697.6199951171875,696.4299926757812,696.5800170898438
2026-07-17 15:10:00-04:00,696.5800170898438,696.6699829101562,695.1900024414062,695.25
2026-07-17 15:15:00-04:00,695.2000122070312,695.5886840820312,694.5999755859375,695.4600219726562
2026-07-17 15:20:00-04:00,695.4199829101562,695.4199829101562,694.6099853515625,694.6099853515625
2026-07-17 15:25:00-04:00,694.5999755859375,696.2999877929688,694.22998046875,696.0900268554688
2026-07-17 15:30:00-04:00,696.1199951171875,697.25,696.0399780273438,696.239990234375
2026-07-17 15:35:00-04:00,696.22998046875,696.8099975585938,695.4000244140625,695.405029296875
2026-07-17 15:40:00-04:00,695.4099731445312,696.4000244140625,695.0800170898438,696.0900268554688
2026-07-17 15:45:00-04:00,696.0800170898438,696.9000244140625,695.8699951171875,696.8200073242188
2026-07-17 15:50:00-04:00,696.8800048828125,697.5,696.4600219726562,697.0900268554688
2026-07-17 15:55:00-04:00,697.1099853515625,697.3499755859375,695.1699829101562,695.2999877929688
2026-07-20 09:30:00-04:00,702.260009765625,704.4000244140625,701.780029296875,704.35498046875
2026-07-20 09:35:00-04:00,704.4400024414062,705.1694946289062,704.0599975585938,704.2000122070312
2026-07-20 09:40:00-04:00,704.22998046875,705.5499877929688,704.125,705.47998046875
2026-07-20 09:45:00-04:00,705.489990234375,705.7999877929688,703.9199829101562,704.010009765625
2026-07-20 09:50:00-04:00,704.02001953125,704.3499755859375,701.8699951171875,702.7899780273438
2026-07-20 09:55:00-04:00,702.6599731445312,702.7999877929688,700.6599731445312,701.0900268554688
2026-07-20 10:00:00-04:00,701.0999755859375,702.3599853515625,700.27001953125,701.6900024414062
2026-07-20 10:05:00-04:00,701.6599731445312,701.8499755859375,700.77001953125,701.3800048828125
2026-07-20 10:10:00-04:00,701.3599853515625,701.3599853515625,699.6849975585938,700.5
2026-07-20 10:15:00-04:00,700.5,701.27001953125,699.6771240234375,700.2199096679688
2026-07-20 10:20:00-04:00,700.1799926757812,700.7999877929688,698.9099731445312,700.4000244140625
2026-07-20 10:25:00-04:00,700.3800048828125,701.9299926757812,700.2999877929688,701.89501953125
2026-07-20 10:30:00-04:00,701.8800048828125,702.3599853515625,700.739990234375,701.239990234375
2026-07-20 10:35:00-04:00,701.219970703125,701.8099975585938,700.5001220703125,700.9450073242188
2026-07-20 10:40:00-04:00,700.989990234375,701.5499877929688,700.030029296875,700.3400268554688
2026-07-20 10:45:00-04:00,700.27001953125,701.239990234375,699.3800048828125,699.4400024414062
2026-07-20 10:50:00-04:00,699.3400268554688,699.864990234375,698.6900024414062,699.0399780273438
2026-07-20 10:55:00-04:00,698.97998046875,699.4199829101562,698.1099853515625,698.5399780273438
2026-07-20 11:00:00-04:00,698.510009765625,700.0700073242188,698.0800170898438,699.4000244140625
2026-07-20 11:05:00-04:00,699.2879028320312,700.8098754882812,698.35498046875,700.7999877929688
2026-07-20 11:10:00-04:00,700.7899780273438,700.8900146484375,699.5800170898438,699.7899780273438
2026-07-20 11:15:00-04:00,699.905029296875,701.030029296875,699.4099731445312,700.4500122070312
2026-07-20 11:20:00-04:00,700.4650268554688,701.719970703125,700.1304931640625,701.1849975585938
2026-07-20 11:25:00-04:00,701.1900024414062,701.5750122070312,700.4199829101562,701.5399780273438
2026-07-20 11:30:00-04:00,701.54052734375,701.8634033203125,701.3961791992188,701.64501953125
2026-07-20 11:35:00-04:00,701.6500244140625,701.7899780273438,701.0999755859375,701.1099853515625
2026-07-20 11:40:00-04:00,701.1400146484375,701.9500122070312,700.7999877929688,701.7899780273438
2026-07-20 11:45:00-04:00,701.8099975585938,701.8900146484375,700.6099853515625,700.7996826171875
2026-07-20 11:50:00-04:00,700.780029296875,702.47998046875,700.5399780273438,702.2050170898438
2026-07-20 11:55:00-04:00,702.25,702.6900024414062,702.219970703125,702.3800048828125
2026-07-20 12:00:00-04:00,702.409912109375,702.7999877929688,701.8353881835938,702.7299194335938
2026-07-20 12:05:00-04:00,702.72998046875,703.719970703125,702.727783203125,703.6699829101562
2026-07-20 12:10:00-04:00,703.6699829101562,704.02001953125,703.469970703125,703.719970703125
2026-07-20 12:15:00-04:00,703.7899780273438,703.8200073242188,703.2100219726562,703.6500244140625
2026-07-20 12:20:00-04:00,703.6900024414062,703.8499755859375,703.4199829101562,703.5449829101562
2026-07-20 12:25:00-04:00,703.5800170898438,703.6799926757812,702.8200073242188,703.1873779296875
2026-07-20 12:30:00-04:00,703.260009765625,703.5399780273438,702.2100219726562,702.25
2026-07-20 12:35:00-04:00,702.22998046875,702.9500122070312,702.1900024414062,702.9349975585938
2026-07-20 12:40:00-04:00,702.9349975585938,703.1400146484375,700.3099975585938,701.2999877929688
2026-07-20 12:45:00-04:00,701.219970703125,702.4000244140625,700.989990234375,702.3800048828125
2026-07-20 12:50:00-04:00,702.3699951171875,702.39990234375,700.5850219726562,700.630126953125
2026-07-20 12:55:00-04:00,700.5900268554688,700.9099731445312,700.1400146484375,700.8200073242188
2026-07-20 13:00:00-04:00,700.7899780273438,701.1599731445312,700.1099853515625,700.25
2026-07-20 13:05:00-04:00,700.2301025390625,700.4398803710938,699.6749877929688,700.3200073242188
2026-07-20 13:10:00-04:00,700.3599853515625,700.4600219726562,699.2949829101562,699.405029296875
2026-07-20 13:15:00-04:00,699.3699951171875,700.2000122070312,699.030029296875,700.1400146484375
2026-07-20 13:20:00-04:00,700.0700073242188,700.5800170898438,699.7800903320312,700.1500244140625
2026-07-20 13:25:00-04:00,700.1199951171875,700.5250244140625,699.8300170898438,700.1530151367188
2026-07-20 13:30:00-04:00,700.1599731445312,700.4199829101562,699.8800048828125,700.1300048828125
2026-07-20 13:35:00-04:00,700.1300048828125,700.515380859375,699.77001953125,699.8109130859375
2026-07-20 13:40:00-04:00,699.8599853515625,699.8900146484375,698.7999877929688,699.030029296875
2026-07-20 13:45:00-04:00,699.0150146484375,700.1083984375,698.989990234375,699.8900146484375
2026-07-20 13:50:00-04:00,699.8201293945312,700.739990234375,699.7941284179688,700.4600219726562
2026-07-20 13:55:00-04:00,700.412109375,700.4447021484375,699.763671875,700.14990234375
2026-07-20 14:00:00-04:00,700.27001953125,701.0,700.2695922851562,700.469970703125
2026-07-20 14:05:00-04:00,700.47998046875,700.909912109375,700.1500244140625,700.909912109375
2026-07-20 14:10:00-04:00,700.9249877929688,701.219970703125,700.635009765625,700.9901123046875
2026-07-20 14:15:00-04:00,700.989990234375,701.3900146484375,700.7050170898438,701.0
2026-07-20 14:20:00-04:00,701.030029296875,701.072998046875,699.7391967773438,699.7391967773438
2026-07-20 14:25:00-04:00,699.760009765625,700.5,699.5599975585938,699.9346923828125
2026-07-20 14:30:00-04:00,699.9500122070312,699.9598999023438,698.6599731445312,698.9400024414062
2026-07-20 14:35:00-04:00,698.9099731445312,699.9000244140625,698.7100219726562,698.9249267578125
2026-07-20 14:40:00-04:00,698.9500122070312,699.0700073242188,697.7999877929688,697.8099975585938
2026-07-20 14:45:00-04:00,697.8306274414062,698.5599975585938,697.72998046875,698.1199951171875
2026-07-20 14:50:00-04:00,698.0900268554688,698.7899780273438,697.9099731445312,698.60498046875
2026-07-20 14:55:00-04:00,698.5900268554688,698.7100219726562,697.719970703125,698.0700073242188
2026-07-20 15:00:00-04:00,698.0900268554688,698.6799926757812,697.27001953125,697.4650268554688
2026-07-20 15:05:00-04:00,697.4749755859375,697.75,697.1300048828125,697.5250244140625
2026-07-20 15:10:00-04:00,697.52001953125,698.25,696.5399780273438,696.5599975585938
2026-07-20 15:15:00-04:00,696.5748291015625,697.1900024414062,696.260009765625,696.719970703125
2026-07-20 15:20:00-04:00,696.72998046875,697.1596069335938,696.2999877929688,696.9650268554688
2026-07-20 15:25:00-04:00,696.97998046875,698.0,696.3200073242188,697.6799926757812
2026-07-20 15:30:00-04:00,697.7100219726562,698.3400268554688,697.2000122070312,697.97998046875
2026-07-20 15:35:00-04:00,697.9600219726562,698.0800170898438,697.2449951171875,697.8400268554688
2026-07-20 15:40:00-04:00,697.77001953125,698.5991821289062,697.6400146484375,697.9000244140625
2026-07-20 15:45:00-04:00,697.9500122070312,698.2581787109375,697.3200073242188,697.9199829101562
2026-07-20 15:50:00-04:00,697.8900146484375,697.8900146484375,696.1400146484375,696.4099731445312
2026-07-20 15:55:00-04:00,696.4199829101562,696.5,695.510009765625,695.989990234375
2026-07-21 09:30:00-04:00,706.6799926757812,707.1300048828125,704.4500122070312,704.7849731445312
2026-07-21 09:35:00-04:00,704.719970703125,706.6400146484375,704.5687866210938,705.8250122070312
2026-07-21 09:40:00-04:00,705.7999877929688,705.844970703125,704.3900146484375,704.7100219726562
2026-07-21 09:45:00-04:00,704.7100219726562,704.9199829101562,703.5499877929688,704.6849975585938
2026-07-21 09:50:00-04:00,704.719970703125,705.5098876953125,704.0999755859375,704.6599731445312
2026-07-21 09:55:00-04:00,704.64501953125,705.1900024414062,703.5050048828125,704.9000244140625
2026-07-21 10:00:00-04:00,704.969970703125,705.75,703.3400268554688,704.0020751953125
2026-07-21 10:05:00-04:00,703.9429931640625,704.5850219726562,703.0499877929688,703.239990234375
2026-07-21 10:10:00-04:00,703.155029296875,704.5438232421875,702.8099975585938,704.3699951171875
2026-07-21 10:15:00-04:00,704.3499145507812,705.1400146484375,702.9000244140625,705.010009765625
2026-07-21 10:20:00-04:00,705.010009765625,705.3599853515625,703.9899291992188,704.7899780273438
2026-07-21 10:25:00-04:00,704.8200073242188,706.4500122070312,704.6405029296875,706.22998046875
2026-07-21 10:30:00-04:00,706.219970703125,706.7778930664062,706.1199951171875,706.5
2026-07-21 10:35:00-04:00,706.510009765625,707.0,705.760009765625,706.1199951171875
2026-07-21 10:40:00-04:00,706.1099853515625,706.7000122070312,705.2000122070312,706.6599731445312
2026-07-21 10:45:00-04:00,706.7100219726562,707.4000244140625,706.3300170898438,706.739990234375
2026-07-21 10:50:00-04:00,706.72998046875,706.9500122070312,706.3099975585938,706.75
2026-07-21 10:55:00-04:00,706.8099975585938,707.0800170898438,706.3400268554688,707.0
2026-07-21 11:00:00-04:00,706.97998046875,707.1400146484375,705.8800048828125,706.0999755859375
2026-07-21 11:05:00-04:00,706.0800170898438,708.010009765625,705.6500244140625,707.8400268554688
2026-07-21 11:10:00-04:00,707.8699951171875,708.4500122070312,707.77001953125,708.2899780273438
2026-07-21 11:15:00-04:00,708.3099975585938,708.4500122070312,708.030029296875,708.1199951171875
2026-07-21 11:20:00-04:00,708.0700073242188,708.719970703125,707.8350219726562,708.530029296875
2026-07-21 11:25:00-04:00,708.5,708.989990234375,708.4600219726562,708.6900024414062
2026-07-21 11:30:00-04:00,708.6599731445312,708.6799926757812,707.75,708.4099731445312
2026-07-21 11:35:00-04:00,708.4299926757812,708.6599731445312,707.9000244140625,707.9450073242188
2026-07-21 11:40:00-04:00,707.9298706054688,708.0800170898438,707.510009765625,707.5800170898438
2026-07-21 11:45:00-04:00,707.5599975585938,708.2999877929688,707.530029296875,708.260009765625
2026-07-21 11:50:00-04:00,708.280029296875,708.5,707.89501953125,707.9099731445312
2026-07-21 11:55:00-04:00,707.9099731445312,708.1099853515625,707.47998046875,707.5203247070312
2026-07-21 12:00:00-04:00,707.592529296875,708.6099853515625,707.4299926757812,708.590087890625
2026-07-21 12:05:00-04:00,708.5900268554688,709.0999755859375,708.5,708.739990234375
2026-07-21 12:10:00-04:00,708.739990234375,708.8400268554688,708.4500122070312,708.5399780273438
2026-07-21 12:15:00-04:00,708.5900268554688,709.0,708.5599975585938,708.9000244140625
2026-07-21 12:20:00-04:00,708.9000244140625,709.4099731445312,708.85498046875,709.1300048828125
2026-07-21 12:25:00-04:00,709.1199951171875,709.27001953125,708.655029296875,708.8300170898438
2026-07-21 12:30:00-04:00,708.8499755859375,709.0700073242188,708.6300048828125,708.8623046875
2026-07-21 12:35:00-04:00,708.9099731445312,709.2999877929688,708.75,709.280029296875
2026-07-21 12:40:00-04:00,709.27001953125,709.385009765625,708.864990234375,709.0
2026-07-21 12:45:00-04:00,709.0,709.219970703125,708.8300170898438,709.10009765625
2026-07-21 12:50:00-04:00,709.114990234375,709.6900024414062,709.0900268554688,709.6799926757812
2026-07-21 12:55:00-04:00,709.6701049804688,709.7899780273438,709.2899780273438,709.2999877929688
2026-07-21 13:00:00-04:00,709.2999877929688,709.75,709.2899780273438,709.6900024414062
2026-07-21 13:05:00-04:00,709.6900024414062,709.8800048828125,709.6099853515625,709.6699829101562
2026-07-21 13:10:00-04:00,709.6950073242188,709.739990234375,709.3037109375,709.3599853515625
2026-07-21 13:15:00-04:00,709.3699951171875,709.6099853515625,709.22998046875,709.280029296875
2026-07-21 13:20:00-04:00,709.260009765625,709.489990234375,709.1599731445312,709.239990234375
2026-07-21 13:25:00-04:00,709.2899780273438,709.4099731445312,709.0900268554688,709.3150024414062
2026-07-21 13:30:00-04:00,709.3300170898438,709.760009765625,709.2000122070312,709.4000244140625
2026-07-21 13:35:00-04:00,709.4149780273438,709.7449951171875,709.3099975585938,709.6500244140625
2026-07-21 13:40:00-04:00,709.6599731445312,709.6799926757812,709.3599853515625,709.530029296875
2026-07-21 13:45:00-04:00,709.5499877929688,709.9097900390625,709.344970703125,709.905517578125
2026-07-21 13:50:00-04:00,709.9099731445312,710.0499877929688,709.5800170898438,709.6099853515625
2026-07-21 13:55:00-04:00,709.6162719726562,709.6849975585938,709.3300170898438,709.530029296875
2026-07-21 14:00:00-04:00,709.5399780273438,709.8599853515625,709.469970703125,709.5999755859375
2026-07-21 14:05:00-04:00,709.5599975585938,710.030029296875,709.5499877929688,709.77001953125
2026-07-21 14:10:00-04:00,709.77001953125,709.7949829101562,709.4409790039062,709.489990234375
2026-07-21 14:15:00-04:00,709.489990234375,709.5794067382812,709.3599853515625,709.469970703125
2026-07-21 14:20:00-04:00,709.489501953125,709.6199951171875,709.280029296875,709.530029296875
2026-07-21 14:25:00-04:00,709.510009765625,709.52001953125,709.030029296875,709.1599731445312
2026-07-21 14:30:00-04:00,709.1500244140625,709.25,708.7999877929688,708.9299926757812
2026-07-21 14:35:00-04:00,708.9600219726562,709.4000244140625,708.9299926757812,709.2100219726562
2026-07-21 14:40:00-04:00,709.2100219726562,709.719970703125,709.02001953125,709.7000122070312
2026-07-21 14:45:00-04:00,709.7000122070312,709.8900146484375,709.3889770507812,709.530029296875
2026-07-21 14:50:00-04:00,709.510009765625,709.5700073242188,709.1099853515625,709.1099853515625
2026-07-21 14:55:00-04:00,709.125,709.3200073242188,708.9500122070312,709.2299194335938
2026-07-21 15:00:00-04:00,709.22998046875,709.4000244140625,708.7999877929688,708.9949951171875
2026-07-21 15:05:00-04:00,708.9594116210938,709.1699829101562,708.6602172851562,708.7797241210938
2026-07-21 15:10:00-04:00,708.780029296875,708.9578247070312,708.635009765625,708.75
2026-07-21 15:15:00-04:00,708.739990234375,709.0,708.6405029296875,708.9151000976562
2026-07-21 15:20:00-04:00,708.9000244140625,708.97998046875,708.7000122070312,708.780029296875
2026-07-21 15:25:00-04:00,708.75,708.8300170898438,708.3300170898438,708.3900146484375
2026-07-21 15:30:00-04:00,708.4199829101562,708.8189697265625,708.3300170898438,708.7000122070312
2026-07-21 15:35:00-04:00,708.6900024414062,709.3099975585938,708.6699829101562,709.1799926757812
2026-07-21 15:40:00-04:00,709.1799926757812,709.5399780273438,709.0700073242188,709.469970703125
2026-07-21 15:45:00-04:00,709.4500122070312,709.5499877929688,709.2000122070312,709.531494140625
2026-07-21 15:50:00-04:00,709.52001953125,709.8599853515625,708.9600219726562,709.52001953125
2026-07-21 15:55:00-04:00,709.530029296875,709.739990234375,708.6500244140625,708.9500122070312
2026-07-22 09:30:00-04:00,704.3499755859375,705.3499755859375,703.6400146484375,705.0750122070312
2026-07-22 09:35:00-04:00,705.0999755859375,705.3900146484375,704.1599731445312,705.1837768554688
2026-07-22 09:40:00-04:00,705.1900024414062,705.9000244140625,704.6036987304688,705.7249755859375
2026-07-22 09:45:00-04:00,705.719970703125,706.6699829101562,705.2449951171875,705.5700073242188
2026-07-22 09:50:00-04:00,705.5999755859375,707.2100219726562,705.0999755859375,707.1589965820312
2026-07-22 09:55:00-04:00,707.1099853515625,708.0999755859375,706.9500122070312,708.0999755859375
2026-07-22 10:00:00-04:00,708.0900268554688,708.239990234375,707.1749877929688,707.625
2026-07-22 10:05:00-04:00,707.6400146484375,708.1090087890625,706.75,706.8099975585938
2026-07-22 10:10:00-04:00,706.7999877929688,707.739990234375,706.6400146484375,707.0900268554688
2026-07-22 10:15:00-04:00,707.0800170898438,707.5,706.1599731445312,707.489990234375
2026-07-22 10:20:00-04:00,707.4600219726562,707.989990234375,706.219970703125,706.6599731445312
2026-07-22 10:25:00-04:00,706.6500244140625,707.0,706.280029296875,706.7098999023438
2026-07-22 10:30:00-04:00,706.6900024414062,707.6599731445312,706.47998046875,706.6599731445312
2026-07-22 10:35:00-04:00,706.6699829101562,707.3101196289062,706.4183959960938,706.72998046875
2026-07-22 10:40:00-04:00,706.6900024414062,707.0,705.5800170898438,705.9000244140625
2026-07-22 10:45:00-04:00,705.8699951171875,706.9500122070312,705.6199951171875,706.8200073242188
2026-07-22 10:50:00-04:00,706.7999877929688,706.864990234375,705.9299926757812,706.22998046875
2026-07-22 10:55:00-04:00,706.219970703125,707.2899780273438,705.8400268554688,707.1900024414062
2026-07-22 11:00:00-04:00,707.2000122070312,708.030029296875,707.2000122070312,707.9299926757812
2026-07-22 11:05:00-04:00,707.9199829101562,708.7000122070312,707.72998046875,708.4600219726562
2026-07-22 11:10:00-04:00,708.43212890625,708.9600219726562,708.3699951171875,708.7940063476562
2026-07-22 11:15:00-04:00,708.7999877929688,708.969970703125,708.4400024414062,708.8599853515625
2026-07-22 11:20:00-04:00,708.8599853515625,709.280029296875,708.55029296875,709.1799926757812
2026-07-22 11:25:00-04:00,709.1400146484375,709.6472778320312,709.1201171875,709.22998046875
2026-07-22 11:30:00-04:00,709.239990234375,709.469970703125,708.3400268554688,708.4299926757812
2026-07-22 11:35:00-04:00,708.4199829101562,708.8699951171875,708.1199951171875,708.2000122070312
2026-07-22 11:40:00-04:00,708.1900024414062,708.6799926757812,708.013671875,708.3699951171875
2026-07-22 11:45:00-04:00,708.3499755859375,708.8499755859375,708.3499755859375,708.8079833984375
2026-07-22 11:50:00-04:00,708.8099975585938,709.4099731445312,708.7100219726562,708.7999877929688
2026-07-22 11:55:00-04:00,708.7839965820312,709.4099731445312,708.623779296875,709.3599853515625
2026-07-22 12:00:00-04:00,709.3699951171875,709.4400024414062,708.9400024414062,709.0999755859375
2026-07-22 12:05:00-04:00,709.0999755859375,709.4299926757812,708.989990234375,709.3112182617188
2026-07-22 12:10:00-04:00,709.2999877929688,709.4500122070312,709.02001953125,709.3300170898438
2026-07-22 12:15:00-04:00,709.3300170898438,709.4876708984375,709.0800170898438,709.3499755859375
2026-07-22 12:20:00-04:00,709.3099975585938,709.3099975585938,708.840087890625,708.9998779296875
2026-07-22 12:25:00-04:00,708.969970703125,709.030029296875,708.6500244140625,708.9025268554688
2026-07-22 12:30:00-04:00,708.9000244140625,709.3200073242188,708.8200073242188,709.2000122070312
2026-07-22 12:35:00-04:00,709.1799926757812,709.2100219726562,708.6900024414062,708.760009765625
2026-07-22 12:40:00-04:00,708.780029296875,708.780029296875,708.25,708.4000244140625
2026-07-22 12:45:00-04:00,708.4000244140625,708.5499877929688,708.0700073242188,708.3400268554688
2026-07-22 12:50:00-04:00,708.3300170898438,708.52001953125,708.1599731445312,708.4099731445312
2026-07-22 12:55:00-04:00,708.39501953125,709.1599731445312,708.3900146484375,708.8699951171875
2026-07-22 13:00:00-04:00,708.8800048828125,709.239990234375,708.6799926757812,708.8200073242188
2026-07-22 13:05:00-04:00,708.8300170898438,709.3499755859375,708.8200073242188,709.22998046875
2026-07-22 13:10:00-04:00,709.2449951171875,709.2999877929688,708.780029296875,708.8599853515625
2026-07-22 13:15:00-04:00,708.8499755859375,709.0599975585938,708.6599731445312,708.880126953125
2026-07-22 13:20:00-04:00,708.8300170898438,708.989990234375,708.5020141601562,708.9400024414062
2026-07-22 13:25:00-04:00,708.8900146484375,709.0772705078125,708.60498046875,708.769775390625
2026-07-22 13:30:00-04:00,708.7150268554688,709.0900268554688,708.1799926757812,708.2100830078125
2026-07-22 13:35:00-04:00,708.2349853515625,708.9899291992188,708.1500244140625,708.9600219726562
2026-07-22 13:40:00-04:00,708.9500122070312,708.9500122070312,708.4000244140625,708.510009765625
2026-07-22 13:45:00-04:00,708.510009765625,708.5700073242188,708.1799926757812,708.2100219726562
2026-07-22 13:50:00-04:00,708.219970703125,708.31640625,707.4199829101562,707.4249877929688
2026-07-22 13:55:00-04:00,707.4000854492188,707.6799926757812,707.0399780273438,707.2738037109375
2026-07-22 14:00:00-04:00,707.27001953125,707.6823120117188,707.0,707.5050048828125
2026-07-22 14:05:00-04:00,707.4899291992188,707.9199829101562,707.3300170898438,707.3300170898438
2026-07-22 14:10:00-04:00,707.3200073242188,707.52001953125,706.8099975585938,706.8099975585938
2026-07-22 14:15:00-04:00,706.8200073242188,707.2000122070312,706.739990234375,706.9500732421875
2026-07-22 14:20:00-04:00,707.0,707.489990234375,706.8200073242188,706.9000244140625
2026-07-22 14:25:00-04:00,706.9199829101562,707.3599243164062,706.8099975585938,707.1300048828125
2026-07-22 14:30:00-04:00,707.1201171875,707.1699829101562,706.4000244140625,706.5700073242188
2026-07-22 14:35:00-04:00,706.530029296875,707.1300048828125,706.469970703125,706.989990234375
2026-07-22 14:40:00-04:00,707.030029296875,707.0499877929688,706.760009765625,706.9000244140625
2026-07-22 14:45:00-04:00,706.9099731445312,707.3643798828125,706.8800048828125,706.9749755859375
2026-07-22 14:50:00-04:00,707.010009765625,707.510009765625,706.7899780273438,707.4650268554688
2026-07-22 14:55:00-04:00,707.469970703125,707.619873046875,707.2899780273438,707.4249877929688
2026-07-22 15:00:00-04:00,707.3400268554688,707.6300048828125,707.0599975585938,707.4099731445312
2026-07-22 15:05:00-04:00,707.3900146484375,707.52001953125,707.1901245117188,707.3599853515625
2026-07-22 15:10:00-04:00,707.3499755859375,707.3499755859375,706.5900268554688,706.8049926757812
2026-07-22 15:15:00-04:00,706.8200073242188,707.3200073242188,706.6400146484375,707.2000122070312
2026-07-22 15:20:00-04:00,707.1799926757812,707.3800048828125,706.8200073242188,707.1303100585938
2026-07-22 15:25:00-04:00,707.1400146484375,707.6799926757812,706.8916015625,707.5004272460938
2026-07-22 15:30:00-04:00,707.5,707.530029296875,706.8339233398438,706.9000244140625
2026-07-22 15:35:00-04:00,706.9400024414062,707.0700073242188,706.0599975585938,706.2113037109375
2026-07-22 15:40:00-04:00,706.25,706.7999877929688,706.1099853515625,706.5001220703125
2026-07-22 15:45:00-04:00,706.52001953125,706.9000244140625,706.4349975585938,706.780029296875
2026-07-22 15:50:00-04:00,706.8200073242188,707.3099975585938,706.1400146484375,706.2550048828125
2026-07-22 15:55:00-04:00,706.27001953125,706.4199829101562,705.1900024414062,705.27001953125
2026-07-23 09:30:00-04:00,694.6400146484375,695.8250122070312,693.2100219726562,695.75
2026-07-23 09:35:00-04:00,695.7100219726562,697.2000122070312,695.1599731445312,696.5700073242188
2026-07-23 09:40:00-04:00,696.6099853515625,698.6599731445312,696.6099853515625,698.0
2026-07-23 09:45:00-04:00,698.0,698.2899780273438,695.4099731445312,695.7150268554688
2026-07-23 09:50:00-04:00,695.719970703125,697.1099243164062,694.6799926757812,697.0449829101562
2026-07-23 09:55:00-04:00,697.030029296875,697.5,694.1900024414062,694.4600219726562
2026-07-23 10:00:00-04:00,694.6099853515625,695.9099731445312,694.4400024414062,695.4400024414062
2026-07-23 10:05:00-04:00,695.47998046875,696.6900024414062,693.760009765625,694.6599731445312
2026-07-23 10:10:00-04:00,694.7100219726562,695.9500122070312,694.1699829101562,694.4000244140625
2026-07-23 10:15:00-04:00,694.2999877929688,695.3200073242188,693.97998046875,694.3800048828125
2026-07-23 10:20:00-04:00,694.375,696.1500244140625,694.0399780273438,694.5250244140625
2026-07-23 10:25:00-04:00,694.47998046875,695.3084716796875,694.1199951171875,695.1400146484375
2026-07-23 10:30:00-04:00,695.0150146484375,695.469970703125,692.8499755859375,693.5399780273438
2026-07-23 10:35:00-04:00,693.5449829101562,695.7899780273438,692.97998046875,695.5900268554688
2026-07-23 10:40:00-04:00,695.5800170898438,695.989990234375,692.47998046875,692.9199829101562
2026-07-23 10:45:00-04:00,692.9000244140625,693.5299072265625,692.3400268554688,692.530029296875
2026-07-23 10:50:00-04:00,692.5750122070312,692.9400024414062,691.3350219726562,691.4099731445312
2026-07-23 10:55:00-04:00,691.4000244140625,692.2990112304688,691.2949829101562,691.75
2026-07-23 11:00:00-04:00,691.780029296875,691.9398803710938,690.8300170898438,691.0599975585938
2026-07-23 11:05:00-04:00,691.0499877929688,691.1400146484375,690.0499877929688,690.114013671875
2026-07-23 11:10:00-04:00,690.0999755859375,690.469970703125,688.97998046875,689.2650146484375
2026-07-23 11:15:00-04:00,689.27001953125,690.3499755859375,689.2100219726562,690.3295288085938
2026-07-23 11:20:00-04:00,690.3300170898438,691.0850219726562,688.4600219726562,689.5800170898438
2026-07-23 11:25:00-04:00,689.4600219726562,689.5800170898438,688.155029296875,688.6300048828125
2026-07-23 11:30:00-04:00,688.6300048828125,689.22998046875,687.7999877929688,689.1300048828125
2026-07-23 11:35:00-04:00,689.14501953125,690.3200073242188,689.14501953125,690.119873046875
2026-07-23 11:40:00-04:00,690.1099853515625,690.6699829101562,689.27001953125,689.2849731445312
2026-07-23 11:45:00-04:00,689.260009765625,690.1099853515625,688.9199829101562,689.9719848632812
2026-07-23 11:50:00-04:00,689.969970703125,690.8200073242188,689.5399780273438,690.780029296875
2026-07-23 11:55:00-04:00,690.8200073242188,691.5999755859375,690.6599731445312,691.5599975585938
2026-07-23 12:00:00-04:00,691.5900268554688,692.5,691.2000122070312,692.239990234375
2026-07-23 12:05:00-04:00,692.219970703125,692.3599853515625,691.27001953125,692.3599853515625
2026-07-23 12:10:00-04:00,692.39990234375,692.8599853515625,692.27001953125,692.5599975585938
2026-07-23 12:15:00-04:00,692.5599975585938,692.8800048828125,692.0700073242188,692.5800170898438
2026-07-23 12:20:00-04:00,692.5999755859375,694.1500244140625,692.5599975585938,693.9146728515625
2026-07-23 12:25:00-04:00,693.9595947265625,694.5900268554688,693.60009765625,694.4199829101562
2026-07-23 12:30:00-04:00,694.3900146484375,694.4400024414062,693.905029296875,693.97998046875
2026-07-23 12:35:00-04:00,694.0499877929688,695.1500244140625,693.810791015625,694.969970703125
2026-07-23 12:40:00-04:00,695.010009765625,695.030029296875,693.8900146484375,693.9500122070312
2026-07-23 12:45:00-04:00,693.905029296875,693.905029296875,692.6510009765625,692.7050170898438
2026-07-23 12:50:00-04:00,692.6599731445312,692.9099731445312,692.02001953125,692.0999755859375
2026-07-23 12:55:00-04:00,692.0599975585938,692.8798828125,692.0499877929688,692.8049926757812
2026-07-23 13:00:00-04:00,692.760009765625,693.2899780273438,692.1300048828125,692.1699829101562
2026-07-23 13:05:00-04:00,692.1699829101562,692.47998046875,691.4915771484375,692.4099731445312
2026-07-23 13:10:00-04:00,692.3900146484375,693.2000122070312,692.3900146484375,692.840087890625
2026-07-23 13:15:00-04:00,692.780029296875,693.1500244140625,692.1500244140625,692.7069702148438
2026-07-23 13:20:00-04:00,692.77001953125,693.530029296875,692.489990234375,693.3300170898438
2026-07-23 13:25:00-04:00,693.3800048828125,693.6500244140625,693.0800170898438,693.139892578125
2026-07-23 13:30:00-04:00,693.0,693.1300048828125,691.9500122070312,692.27001953125
2026-07-23 13:35:00-04:00,692.2899780273438,692.3699951171875,691.4310302734375,691.47998046875
2026-07-23 13:40:00-04:00,691.5599975585938,691.8699951171875,691.0800170898438,691.6519775390625
2026-07-23 13:45:00-04:00,691.635009765625,692.47998046875,691.3900146484375,692.2999877929688
2026-07-23 13:50:00-04:00,692.3099975585938,692.4500122070312,691.7100219726562,691.7100219726562
2026-07-23 13:55:00-04:00,691.719970703125,691.719970703125,690.9450073242188,691.02001953125
2026-07-23 14:00:00-04:00,691.010009765625,691.3400268554688,690.6199951171875,690.8800048828125
2026-07-23 14:05:00-04:00,690.8499755859375,691.0599975585938,690.40380859375,690.4998779296875
2026-07-23 14:10:00-04:00,690.5,691.25,690.4099731445312,690.8289794921875
2026-07-23 14:15:00-04:00,690.8300170898438,691.280029296875,690.4949951171875,690.7349853515625
2026-07-23 14:20:00-04:00,690.77001953125,691.3397827148438,690.5750122070312,691.3099975585938
2026-07-23 14:25:00-04:00,691.3099975585938,691.4099731445312,690.719970703125,691.1699829101562
2026-07-23 14:30:00-04:00,691.1400146484375,691.7100219726562,690.97998046875,691.6599731445312
2026-07-23 14:35:00-04:00,691.7000122070312,691.8499755859375,690.6699829101562,691.0
2026-07-23 14:40:00-04:00,690.989990234375,691.1799926757812,690.4299926757812,690.5900268554688
2026-07-23 14:45:00-04:00,690.5700073242188,691.22998046875,690.5700073242188,690.8699951171875
2026-07-23 14:50:00-04:00,690.9000244140625,691.010009765625,690.0800170898438,690.10400390625
2026-07-23 14:55:00-04:00,690.110107421875,690.5999145507812,689.969970703125,690.5599975585938
2026-07-23 15:00:00-04:00,690.5499877929688,690.9400024414062,689.6900024414062,689.7100219726562
2026-07-23 15:05:00-04:00,689.7073974609375,690.02001953125,689.52001953125,689.5499877929688
2026-07-23 15:10:00-04:00,689.5499877929688,689.8900146484375,689.3499755859375,689.4401245117188
2026-07-23 15:15:00-04:00,689.4299926757812,690.3200073242188,689.4299926757812,689.9180297851562
2026-07-23 15:20:00-04:00,689.9099731445312,691.0723266601562,689.8900146484375,691.0700073242188
2026-07-23 15:25:00-04:00,691.0700073242188,691.5698852539062,690.7899780273438,691.280029296875
2026-07-23 15:30:00-04:00,691.3300170898438,691.6199951171875,690.0900268554688,690.760009765625
2026-07-23 15:35:00-04:00,690.77001953125,690.8900146484375,690.22998046875,690.22998046875
2026-07-23 15:40:00-04:00,690.25,690.3889770507812,689.3300170898438,689.3300170898438
2026-07-23 15:45:00-04:00,689.3400268554688,689.5399780273438,688.9299926757812,689.22998046875
2026-07-23 15:50:00-04:00,689.27001953125,690.3798828125,689.27001953125,690.0800170898438
2026-07-23 15:55:00-04:00,690.1099853515625,692.4299926757812,690.1099853515625,691.9199829101562
2026-07-24 09:30:00-04:00,690.25,692.0499877929688,689.52001953125,691.9949951171875
2026-07-24 09:35:00-04:00,692.0,692.4500122070312,689.6099853515625,690.1099853515625
2026-07-24 09:40:00-04:00,690.1900024414062,690.2794799804688,688.5,689.1785278320312
2026-07-24 09:45:00-04:00,689.1799926757812,689.719970703125,688.2100219726562,689.5399780273438
2026-07-24 09:50:00-04:00,689.47998046875,689.5399780273438,685.5499877929688,685.6900024414062
2026-07-24 09:55:00-04:00,685.6799926757812,686.280029296875,685.0250244140625,685.219970703125
2026-07-24 10:00:00-04:00,685.1699829101562,686.9099731445312,684.8599853515625,685.5419921875
2026-07-24 10:05:00-04:00,685.6199951171875,687.9998779296875,685.530029296875,687.760009765625
2026-07-24 10:10:00-04:00,687.7000122070312,688.2899780273438,686.739990234375,687.5999755859375
2026-07-24 10:15:00-04:00,687.5999755859375,687.8499755859375,685.0186767578125,685.0449829101562
2026-07-24 10:20:00-04:00,684.9600219726562,687.6400146484375,684.9299926757812,686.8800048828125
2026-07-24 10:25:00-04:00,686.9000244140625,687.260009765625,686.2000122070312,686.8800048828125
2026-07-24 10:30:00-04:00,686.9063720703125,686.97998046875,684.760009765625,684.760009765625
2026-07-24 10:35:00-04:00,684.8399047851562,685.7100219726562,684.0499877929688,684.2100219726562
2026-07-24 10:40:00-04:00,684.239990234375,684.7979736328125,683.739990234375,684.3599853515625
2026-07-24 10:45:00-04:00,684.39990234375,685.22998046875,683.5460205078125,685.1500244140625
2026-07-24 10:50:00-04:00,685.14501953125,686.22998046875,684.9600219726562,685.8300170898438
2026-07-24 10:55:00-04:00,685.89990234375,688.5390014648438,685.8400268554688,688.27001953125
2026-07-24 11:00:00-04:00,688.2999877929688,688.9400024414062,687.1400146484375,687.1799926757812
2026-07-24 11:05:00-04:00,687.1699829101562,687.568115234375,686.1300048828125,686.1500244140625
2026-07-24 11:10:00-04:00,686.1900024414062,689.6799926757812,685.9749755859375,689.3350219726562
2026-07-24 11:15:00-04:00,689.3099975585938,690.8499755859375,688.4299926757812,688.625
2026-07-24 11:20:00-04:00,688.6799926757812,690.0499877929688,688.469970703125,689.489990234375
2026-07-24 11:25:00-04:00,689.5,690.7000122070312,689.2999877929688,689.4974975585938
2026-07-24 11:30:00-04:00,689.5,690.4600219726562,689.1199951171875,689.1599731445312
2026-07-24 11:35:00-04:00,689.1900024414062,691.030029296875,689.1400146484375,690.9299926757812
2026-07-24 11:40:00-04:00,690.9500122070312,691.2999877929688,689.2000122070312,689.5999755859375
2026-07-24 11:45:00-04:00,689.6400146484375,690.1900024414062,689.260009765625,689.5700073242188
2026-07-24 11:50:00-04:00,689.60498046875,690.6699829101562,689.60498046875,690.280029296875
2026-07-24 11:55:00-04:00,690.3200073242188,691.489990234375,690.2899780273438,691.2803955078125
2026-07-24 12:00:00-04:00,691.2999877929688,691.780029296875,690.6500244140625,691.6649780273438
2026-07-24 12:05:00-04:00,691.6699829101562,692.2874755859375,691.4099731445312,691.9600219726562
2026-07-24 12:10:00-04:00,691.989990234375,692.6300048828125,691.22998046875,691.3499755859375
2026-07-24 12:15:00-04:00,691.2899780273438,691.2999877929688,690.7000122070312,691.0449829101562
2026-07-24 12:20:00-04:00,691.0750122070312,691.72998046875,691.0155029296875,691.5
2026-07-24 12:25:00-04:00,691.5,691.7000122070312,691.0900268554688,691.1129760742188
2026-07-24 12:30:00-04:00,691.030029296875,691.1099853515625,690.0999755859375,690.4600219726562
2026-07-24 12:35:00-04:00,690.4600830078125,690.8099975585938,689.8519287109375,690.0557861328125
2026-07-24 12:40:00-04:00,689.989990234375,689.989990234375,689.344970703125,689.4600219726562
2026-07-24 12:45:00-04:00,689.4515991210938,689.719970703125,688.6400146484375,688.9901123046875
2026-07-24 12:50:00-04:00,689.0,689.1500244140625,688.5050048828125,688.8101196289062
2026-07-24 12:55:00-04:00,688.8400268554688,689.719970703125,688.5599975585938,689.3400268554688
2026-07-24 13:00:00-04:00,689.3800048828125,689.4758911132812,688.6699829101562,688.9099731445312
2026-07-24 13:05:00-04:00,688.9000244140625,689.1300048828125,687.8800048828125,687.9299926757812
2026-07-24 13:10:00-04:00,687.9000244140625,688.739990234375,687.7000122070312,688.4600830078125
2026-07-24 13:15:00-04:00,688.4400024414062,689.239990234375,688.0200805664062,689.1400756835938
2026-07-24 13:20:00-04:00,689.1500244140625,689.3300170898438,688.5399780273438,689.2100219726562
2026-07-24 13:25:00-04:00,689.2000122070312,689.989990234375,688.780029296875,689.7899780273438
2026-07-24 13:30:00-04:00,689.8099975585938,690.5062866210938,689.5900268554688,690.4199829101562
2026-07-24 13:35:00-04:00,690.47998046875,690.5,689.114990234375,689.1500244140625
2026-07-24 13:40:00-04:00,689.1599731445312,689.1799926757812,688.594970703125,688.60498046875
2026-07-24 13:45:00-04:00,688.5800170898438,689.0599975585938,688.2899780273438,689.0516967773438
2026-07-24 13:50:00-04:00,689.0900268554688,689.489990234375,688.6599731445312,689.0396118164062
2026-07-24 13:55:00-04:00,689.0900268554688,689.219970703125,688.6099853515625,688.6500244140625
2026-07-24 14:00:00-04:00,688.6599731445312,689.1099853515625,688.280029296875,688.3599853515625
2026-07-24 14:05:00-04:00,688.3599853515625,688.6500244140625,688.0800170898438,688.22998046875
2026-07-24 14:10:00-04:00,688.280029296875,688.3099975585938,687.5399780273438,687.7000122070312
2026-07-24 14:15:00-04:00,687.6500244140625,687.7399291992188,686.9600219726562,687.0150146484375
2026-07-24 14:20:00-04:00,687.0,687.0,686.4199829101562,686.4779052734375
2026-07-24 14:25:00-04:00,686.469970703125,686.5399780273438,685.4500122070312,685.4849853515625
2026-07-24 14:30:00-04:00,685.5175170898438,685.719970703125,684.4400024414062,684.5700073242188
2026-07-24 14:35:00-04:00,684.5650024414062,685.1400146484375,684.1199951171875,684.5
2026-07-24 14:40:00-04:00,684.489990234375,684.5,683.6300048828125,684.0399780273438
2026-07-24 14:45:00-04:00,684.02001953125,685.260009765625,683.9000244140625,684.7100219726562
2026-07-24 14:50:00-04:00,684.719970703125,685.0800170898438,684.3300170898438,684.5700073242188
2026-07-24 14:55:00-04:00,684.52001953125,685.27001953125,684.447021484375,684.6798706054688
2026-07-24 15:00:00-04:00,684.6400146484375,685.2969970703125,684.1599731445312,684.239990234375
2026-07-24 15:05:00-04:00,684.1900024414062,684.8599853515625,682.8099975585938,682.8900146484375
2026-07-24 15:10:00-04:00,682.8900146484375,683.5800170898438,682.6300048828125,682.6699829101562
2026-07-24 15:15:00-04:00,682.6710205078125,683.2100219726562,682.47998046875,683.1900024414062
2026-07-24 15:20:00-04:00,683.1699829101562,683.5349731445312,682.6300048828125,682.8699951171875
2026-07-24 15:25:00-04:00,682.8800048828125,683.780029296875,682.6599731445312,683.469970703125
2026-07-24 15:30:00-04:00,683.47998046875,684.5499877929688,683.4500122070312,684.1699829101562
2026-07-24 15:35:00-04:00,684.1599731445312,684.6599731445312,683.8200073242188,683.9400024414062
2026-07-24 15:40:00-04:00,683.9500122070312,684.1699829101562,683.1199951171875,684.0
2026-07-24 15:45:00-04:00,684.0,684.1799926757812,683.2100219726562,684.0399169921875
2026-07-24 15:50:00-04:00,684.0399780273438,684.260009765625,682.760009765625,683.8900146484375
2026-07-24 15:55:00-04:00,683.9199829101562,684.510009765625,683.3400268554688,684.219970703125
2026-07-27 09:30:00-04:00,691.719970703125,692.260009765625,689.1900024414062,690.4000244140625
2026-07-27 09:35:00-04:00,690.4400024414062,692.25,690.1500244140625,690.5700073242188
2026-07-27 09:40:00-04:00,690.6199951171875,690.7999877929688,687.739990234375,688.35498046875
2026-07-27 09:45:00-04:00,688.39501953125,689.2246704101562,687.6599731445312,688.5800170898438
2026-07-27 09:50:00-04:00,688.5999145507812,689.5800170898438,688.25,688.5449829101562
2026-07-27 09:55:00-04:00,688.5,688.6400146484375,685.6727294921875,685.7999877929688
2026-07-27 10:00:00-04:00,685.8300170898438,686.3699951171875,684.3300170898438,685.0399780273438
2026-07-27 10:05:00-04:00,685.1199951171875,685.7899780273438,684.0999755859375,685.1699829101562
2026-07-27 10:10:00-04:00,685.1799926757812,685.22998046875,682.969970703125,683.47998046875
2026-07-27 10:15:00-04:00,683.5599975585938,684.5999755859375,682.8099975585938,683.6900024414062
2026-07-27 10:20:00-04:00,683.6400146484375,683.6799926757812,681.4199829101562,681.8099975585938
2026-07-27 10:25:00-04:00,681.7999877929688,681.8400268554688,679.27001953125,679.4600219726562
2026-07-27 10:30:00-04:00,679.4600219726562,679.9099731445312,678.3699951171875,678.6300048828125
2026-07-27 10:35:00-04:00,678.625,678.9600219726562,677.2600708007812,678.1300048828125
2026-07-27 10:40:00-04:00,678.1199951171875,678.4400024414062,675.9450073242188,676.4000244140625
2026-07-27 10:45:00-04:00,676.3900146484375,679.139892578125,676.3900146484375,678.9299926757812
2026-07-27 10:50:00-04:00,678.9500122070312,680.47998046875,678.9299926757812,679.9000244140625
2026-07-27 10:55:00-04:00,679.9000244140625,681.739990234375,679.5200805664062,681.469970703125
2026-07-27 11:00:00-04:00,681.52001953125,681.9000244140625,680.7100219726562,681.3699951171875
2026-07-27 11:05:00-04:00,681.2999877929688,682.1503295898438,680.719970703125,681.0399780273438
2026-07-27 11:10:00-04:00,681.0,681.719970703125,680.3300170898438,680.424072265625
2026-07-27 11:15:00-04:00,680.3900146484375,680.6099853515625,678.530029296875,679.9400024414062
2026-07-27 11:20:00-04:00,679.9199829101562,681.0399780273438,678.8900146484375,679.2009887695312
2026-07-27 11:25:00-04:00,679.2199096679688,679.6300048828125,678.5449829101562,679.1199951171875
2026-07-27 11:30:00-04:00,679.219970703125,679.4099731445312,677.6599731445312,678.0650024414062
2026-07-27 11:35:00-04:00,678.0700073242188,678.1500244140625,676.9099731445312,677.75
2026-07-27 11:40:00-04:00,677.760009765625,678.52001953125,677.2301025390625,678.3499755859375
2026-07-27 11:45:00-04:00,678.3599853515625,678.5598754882812,677.2949829101562,677.6699829101562
2026-07-27 11:50:00-04:00,677.6799926757812,678.2698974609375,677.3101196289062,677.8800048828125
2026-07-27 11:55:00-04:00,677.9299926757812,679.155029296875,677.7899780273438,678.8800048828125
2026-07-27 12:00:00-04:00,678.9199829101562,680.2999877929688,678.7999877929688,680.280029296875
2026-07-27 12:05:00-04:00,680.27001953125,680.619873046875,679.5504760742188,680.3900146484375
2026-07-27 12:10:00-04:00,680.4199829101562,681.0999755859375,679.1699829101562,679.2899780273438
2026-07-27 12:15:00-04:00,679.3200073242188,679.4500122070312,678.47998046875,678.9569091796875
2026-07-27 12:20:00-04:00,678.969970703125,679.739990234375,678.530029296875,679.6998901367188
2026-07-27 12:25:00-04:00,679.7100219726562,682.3400268554688,679.6599731445312,681.094970703125
2026-07-27 12:30:00-04:00,681.1099853515625,682.1300048828125,680.5900268554688,681.0050048828125
2026-07-27 12:35:00-04:00,681.0,681.7249755859375,680.1500244140625,681.4600219726562
2026-07-27 12:40:00-04:00,681.510009765625,681.719970703125,680.2899780273438,680.6801147460938
2026-07-27 12:45:00-04:00,680.6300048828125,681.1589965820312,680.1900024414062,680.2349853515625
2026-07-27 12:50:00-04:00,680.1900024414062,680.1900024414062,678.5999755859375,678.8200073242188
2026-07-27 12:55:00-04:00,678.8099975585938,678.8200073242188,678.0499877929688,678.5399780273438
2026-07-27 13:00:00-04:00,678.5700073242188,678.739990234375,677.3499755859375,677.5192260742188
2026-07-27 13:05:00-04:00,677.5499877929688,678.0999755859375,677.25,677.7899780273438
2026-07-27 13:10:00-04:00,677.77001953125,678.4598999023438,677.52001953125,678.2449951171875
2026-07-27 13:15:00-04:00,678.2000122070312,678.4099731445312,677.0800170898438,677.4349975585938
2026-07-27 13:20:00-04:00,677.4199829101562,678.2249755859375,677.27001953125,677.6699829101562
2026-07-27 13:25:00-04:00,677.6749877929688,677.9194946289062,677.260009765625,677.3900146484375
2026-07-27 13:30:00-04:00,677.3900146484375,678.8400268554688,677.3400268554688,678.7800903320312
2026-07-27 13:35:00-04:00,678.7401123046875,678.9099731445312,678.0900268554688,678.1500244140625
2026-07-27 13:40:00-04:00,678.0700073242188,678.405029296875,677.739990234375,678.219970703125
2026-07-27 13:45:00-04:00,678.260009765625,678.760009765625,677.718017578125,678.1400146484375
2026-07-27 13:50:00-04:00,678.1099853515625,679.5,678.0740966796875,679.4099731445312
2026-07-27 13:55:00-04:00,679.469970703125,679.9299926757812,679.1099853515625,679.8499755859375
2026-07-27 14:00:00-04:00,679.989990234375,680.2999877929688,679.5800170898438,679.6599731445312
2026-07-27 14:05:00-04:00,679.6400756835938,680.1599731445312,679.4600219726562,679.760009765625
2026-07-27 14:10:00-04:00,679.739990234375,680.0700073242188,679.6099853515625,679.8300170898438
2026-07-27 14:15:00-04:00,679.8400268554688,679.9099731445312,678.6019897460938,678.9000244140625
2026-07-27 14:20:00-04:00,678.8800048828125,679.4500122070312,678.6536865234375,679.280029296875
2026-07-27 14:25:00-04:00,679.3200073242188,679.5900268554688,679.0599975585938,679.3400268554688
2026-07-27 14:30:00-04:00,679.3599853515625,679.3599853515625,678.340087890625,678.3867797851562
2026-07-27 14:35:00-04:00,678.3049926757812,678.6900024414062,678.0599975585938,678.1500244140625
2026-07-27 14:40:00-04:00,678.02001953125,679.510009765625,677.8499755859375,679.2999877929688
2026-07-27 14:45:00-04:00,679.3800048828125,679.780029296875,679.0499877929688,679.1699829101562
2026-07-27 14:50:00-04:00,679.1749877929688,681.2449951171875,679.0900268554688,681.0549926757812
2026-07-27 14:55:00-04:00,681.0800170898438,682.0,681.0800170898438,681.9349975585938
2026-07-27 15:00:00-04:00,681.9381103515625,682.1300048828125,681.52001953125,681.5900268554688
2026-07-27 15:05:00-04:00,681.6099853515625,682.8499755859375,681.4199829101562,682.6099853515625
2026-07-27 15:10:00-04:00,682.6099853515625,683.030029296875,682.0800170898438,682.27001953125
2026-07-27 15:15:00-04:00,682.25,682.7000122070312,682.1300048828125,682.5800170898438
2026-07-27 15:20:00-04:00,682.719970703125,683.14501953125,682.3200073242188,682.8745727539062
2026-07-27 15:25:00-04:00,682.9699096679688,683.3699951171875,682.3900146484375,683.280029296875
2026-07-27 15:30:00-04:00,683.3499145507812,683.5999755859375,683.0800170898438,683.0899047851562
2026-07-27 15:35:00-04:00,683.0900268554688,683.280029296875,681.7899780273438,681.8699951171875
2026-07-27 15:40:00-04:00,681.8900146484375,682.3300170898438,681.5800170898438,681.6799926757812
2026-07-27 15:45:00-04:00,681.6699829101562,681.9199829101562,681.1649780273438,681.8900146484375
2026-07-27 15:50:00-04:00,681.9099731445312,682.1400146484375,681.4000244140625,681.7000122070312
2026-07-27 15:55:00-04:00,681.7100219726562,682.3200073242188,681.27001953125,682.0599975585938
2026-07-28 09:30:00-04:00,676.1900024414062,677.2999877929688,674.3499755859375,674.469970703125
2026-07-28 09:35:00-04:00,674.47998046875,675.6099853515625,672.3200073242188,672.3699951171875
2026-07-28 09:40:00-04:00,672.3699951171875,673.5499877929688,670.8300170898438,671.3499755859375
2026-07-28 09:45:00-04:00,671.3300170898438,671.7100219726562,669.1900024414062,671.5
2026-07-28 09:50:00-04:00,671.52001953125,672.530029296875,669.8001098632812,670.114990234375
2026-07-28 09:55:00-04:00,670.1400146484375,670.6799926757812,668.8563842773438,669.3800048828125
2026-07-28 10:00:00-04:00,669.3300170898438,671.3800048828125,669.0601196289062,670.5599975585938
2026-07-28 10:05:00-04:00,670.4912109375,672.4329833984375,669.4099731445312,669.5999755859375
2026-07-28 10:10:00-04:00,669.5800170898438,670.9099731445312,668.02001953125,668.530029296875
2026-07-28 10:15:00-04:00,668.510009765625,669.0800170898438,667.8800048828125,668.1400146484375
2026-07-28 10:20:00-04:00,668.0999755859375,670.6400146484375,667.9299926757812,669.5800170898438
2026-07-28 10:25:00-04:00,669.6599731445312,670.5,669.25,670.3699951171875
2026-07-28 10:30:00-04:00,670.3900146484375,670.8900146484375,669.4500122070312,669.6849975585938
2026-07-28 10:35:00-04:00,669.75,671.719970703125,669.5700073242188,670.739990234375
2026-07-28 10:40:00-04:00,670.77001953125,672.4600219726562,670.5599975585938,671.9600219726562
2026-07-28 10:45:00-04:00,671.9199829101562,673.969970703125,671.3099975585938,673.8699951171875
2026-07-28 10:50:00-04:00,673.8200073242188,674.8300170898438,673.8150024414062,673.89501953125
2026-07-28 10:55:00-04:00,673.9500122070312,674.4990234375,672.5900268554688,672.7100219726562
2026-07-28 11:00:00-04:00,672.7100219726562,673.5800170898438,672.1799926757812,672.25
2026-07-28 11:05:00-04:00,672.22998046875,673.5399780273438,671.8300170898438,673.239990234375
2026-07-28 11:10:00-04:00,673.239990234375,674.60009765625,672.6900024414062,673.9199829101562
2026-07-28 11:15:00-04:00,673.8900146484375,675.4500122070312,673.530029296875,675.4299926757812
2026-07-28 11:20:00-04:00,675.4099731445312,676.8699951171875,675.3800048828125,676.8699951171875
2026-07-28 11:25:00-04:00,676.7899780273438,677.75,676.4299926757812,676.6400146484375
2026-07-28 11:30:00-04:00,676.6300048828125,677.3499755859375,676.219970703125,676.9600219726562
2026-07-28 11:35:00-04:00,677.0,677.8900146484375,676.9000244140625,677.5999755859375
2026-07-28 11:40:00-04:00,677.5449829101562,678.3099975585938,677.2150268554688,678.22998046875
2026-07-28 11:45:00-04:00,678.22998046875,678.97998046875,678.1799926757812,678.5999755859375
2026-07-28 11:50:00-04:00,678.5599975585938,678.8699951171875,677.72998046875,678.3099975585938
2026-07-28 11:55:00-04:00,678.2750244140625,678.969970703125,677.8200073242188,678.5900268554688
2026-07-28 12:00:00-04:00,678.6300048828125,679.1300048828125,678.280029296875,678.6799926757812
2026-07-28 12:05:00-04:00,678.72998046875,679.0399780273438,677.6199951171875,677.6199951171875
2026-07-28 12:10:00-04:00,677.614990234375,678.1400146484375,677.3800048828125,677.6500244140625
2026-07-28 12:15:00-04:00,677.6199951171875,678.239990234375,677.27001953125,678.2000122070312
2026-07-28 12:20:00-04:00,678.1799926757812,678.5499877929688,677.1799926757812,677.4099731445312
2026-07-28 12:25:00-04:00,677.4249877929688,677.6500244140625,677.0800170898438,677.3046875
2026-07-28 12:30:00-04:00,677.3590087890625,677.3699951171875,676.3300170898438,676.844970703125
2026-07-28 12:35:00-04:00,676.8699951171875,678.030029296875,676.6801147460938,678.0250244140625
2026-07-28 12:40:00-04:00,677.989990234375,678.489990234375,677.7899780273438,678.2899780273438
2026-07-28 12:45:00-04:00,678.2449951171875,678.4400024414062,677.3150024414062,677.8900146484375
2026-07-28 12:50:00-04:00,677.8599853515625,679.4000244140625,677.8400268554688,679.1199951171875
2026-07-28 12:55:00-04:00,679.1300048828125,679.3499755859375,678.7100219726562,678.8099975585938
2026-07-28 13:00:00-04:00,678.8200073242188,679.0299072265625,677.9400024414062,677.9400024414062
2026-07-28 13:05:00-04:00,677.97998046875,678.2199096679688,677.030029296875,677.1199951171875
2026-07-28 13:10:00-04:00,677.1300048828125,677.6799926757812,676.7000122070312,677.1400146484375
2026-07-28 13:15:00-04:00,677.1799926757812,677.4099731445312,676.8099975585938,677.2899780273438
2026-07-28 13:20:00-04:00,677.2999877929688,678.5399780273438,677.10009765625,677.1566772460938
2026-07-28 13:25:00-04:00,677.1300048828125,677.9299926757812,676.8499755859375,677.4000244140625
2026-07-28 13:30:00-04:00,677.375,678.219970703125,677.2160034179688,677.969970703125
2026-07-28 13:35:00-04:00,678.010009765625,678.4500122070312,677.2896118164062,677.2999877929688
2026-07-28 13:40:00-04:00,677.2899780273438,677.6699829101562,676.2349853515625,676.3499755859375
2026-07-28 13:45:00-04:00,676.3400268554688,677.1019897460938,675.97998046875,676.9899291992188
2026-07-28 13:50:00-04:00,676.9550170898438,676.9550170898438,675.9373779296875,676.0399780273438
2026-07-28 13:55:00-04:00,676.030029296875,676.839599609375,675.6500244140625,676.774169921875
2026-07-28 14:00:00-04:00,676.8400268554688,677.4401245117188,676.3300170898438,676.7371826171875
2026-07-28 14:05:00-04:00,676.7294921875,676.7899780273438,675.97998046875,676.1300048828125
2026-07-28 14:10:00-04:00,676.0599975585938,676.2199096679688,675.4000244140625,675.4401245117188
2026-07-28 14:15:00-04:00,675.47998046875,675.9498901367188,675.3499755859375,675.75
2026-07-28 14:20:00-04:00,675.760009765625,676.2000122070312,675.5900268554688,675.6799926757812
2026-07-28 14:25:00-04:00,675.6500244140625,675.8900146484375,675.3900146484375,675.64501953125
2026-07-28 14:30:00-04:00,675.6799926757812,676.5700073242188,675.5700073242188,676.1099853515625
2026-07-28 14:35:00-04:00,676.1400146484375,676.3900146484375,675.7899780273438,675.8200073242188
2026-07-28 14:40:00-04:00,675.8200073242188,676.1099853515625,675.5599975585938,675.9299926757812
2026-07-28 14:45:00-04:00,675.97998046875,676.8599853515625,675.7410278320312,676.3800048828125
2026-07-28 14:50:00-04:00,676.4500122070312,676.9299926757812,676.1036987304688,676.2899780273438
2026-07-28 14:55:00-04:00,676.280029296875,676.9600219726562,675.9840087890625,676.8004760742188
2026-07-28 15:00:00-04:00,676.8200073242188,677.9249877929688,676.7901000976562,677.8427124023438
2026-07-28 15:05:00-04:00,677.8499755859375,678.010009765625,676.8699951171875,676.9550170898438
2026-07-28 15:10:00-04:00,676.9201049804688,677.3250122070312,676.7849731445312,677.155029296875
2026-07-28 15:15:00-04:00,677.1300048828125,677.3400268554688,676.6699829101562,677.280029296875
2026-07-28 15:20:00-04:00,677.2100219726562,677.9299926757812,677.0700073242188,677.8900146484375
2026-07-28 15:25:00-04:00,677.9299926757812,678.010009765625,677.1199951171875,677.9099731445312
2026-07-28 15:30:00-04:00,677.9500122070312,678.0599975585938,677.3699951171875,677.52001953125
2026-07-28 15:35:00-04:00,677.5,677.514404296875,676.1082763671875,676.25
2026-07-28 15:40:00-04:00,676.219970703125,676.5938110351562,676.130126953125,676.3900146484375
2026-07-28 15:45:00-04:00,676.3800048828125,676.469970703125,675.8200073242188,676.3201293945312
2026-07-28 15:50:00-04:00,676.3400268554688,677.1699829101562,675.9099731445312,677.0499877929688
2026-07-28 15:55:00-04:00,677.02001953125,677.02001953125,675.280029296875,675.5
2026-07-29 09:30:00-04:00,675.4600219726562,677.1599731445312,673.6199951171875,676.5599975585938
2026-07-29 09:35:00-04:00,676.6199951171875,677.4600219726562,674.3400268554688,674.8551025390625
2026-07-29 09:40:00-04:00,674.97998046875,675.6699829101562,674.1502075195312,675.5700073242188
2026-07-29 09:45:00-04:00,675.5399780273438,676.2849731445312,673.1699829101562,673.9650268554688
2026-07-29 09:50:00-04:00,673.9650268554688,674.0900268554688,670.8699951171875,671.6500244140625
2026-07-29 09:55:00-04:00,671.5900268554688,671.5999755859375,669.5599975585938,671.1898803710938
2026-07-29 10:00:00-04:00,671.1900024414062,672.5,671.1799926757812,672.4600219726562
2026-07-29 10:05:00-04:00,672.489990234375,673.4000244140625,670.7999877929688,671.02001953125
2026-07-29 10:10:00-04:00,670.8900146484375,671.4600219726562,668.8200073242188,669.114990234375
2026-07-29 10:15:00-04:00,669.1400146484375,670.119873046875,669.0,669.47998046875
2026-07-29 10:20:00-04:00,669.4849853515625,670.3300170898438,668.1099853515625,668.4749755859375
2026-07-29 10:25:00-04:00,668.4500122070312,668.52001953125,666.4849853515625,667.280029296875
2026-07-29 10:30:00-04:00,667.27001953125,669.2000122070312,667.1900024414062,668.47998046875
2026-07-29 10:35:00-04:00,668.4600219726562,668.5499877929688,666.8912963867188,667.139892578125
2026-07-29 10:40:00-04:00,667.010009765625,667.260009765625,665.77001953125,666.4400024414062
2026-07-29 10:45:00-04:00,666.4400024414062,667.3300170898438,665.989990234375,667.1199951171875
2026-07-29 10:50:00-04:00,667.0900268554688,668.3499755859375,666.9299926757812,667.9400024414062
2026-07-29 10:55:00-04:00,667.97998046875,668.280029296875,666.7949829101562,668.0
2026-07-29 11:00:00-04:00,667.989990234375,669.0999755859375,667.510009765625,668.919921875
2026-07-29 11:05:00-04:00,668.905029296875,669.2999877929688,667.75,669.0001220703125
2026-07-29 11:10:00-04:00,669.0,669.125,667.1199951171875,667.3800048828125
2026-07-29 11:15:00-04:00,667.39501953125,668.52001953125,666.9600219726562,667.0399780273438
2026-07-29 11:20:00-04:00,667.0999755859375,668.0499877929688,666.7100219726562,668.0449829101562
2026-07-29 11:25:00-04:00,668.0,668.3599853515625,666.75,666.8300170898438
2026-07-29 11:30:00-04:00,666.8800048828125,667.538818359375,666.469970703125,666.969970703125
2026-07-29 11:35:00-04:00,666.9600219726562,667.8099975585938,666.3499755859375,666.364990234375
2026-07-29 11:40:00-04:00,666.3499755859375,666.8800048828125,665.9600219726562,666.2999877929688
2026-07-29 11:45:00-04:00,666.3189697265625,667.0599975585938,665.97998046875,666.909912109375
2026-07-29 11:50:00-04:00,666.8699951171875,667.0800170898438,665.2100219726562,665.3699951171875
2026-07-29 11:55:00-04:00,665.4099731445312,666.030029296875,664.6400146484375,665.9299926757812
2026-07-29 12:00:00-04:00,665.989990234375,666.4600219726562,664.4199829101562,664.5
2026-07-29 12:05:00-04:00,664.5590209960938,664.5900268554688,663.72998046875,664.5599975585938
2026-07-29 12:10:00-04:00,664.5499877929688,664.6599731445312,663.5599975585938,663.5900268554688
2026-07-29 12:15:00-04:00,663.5599975585938,664.3099975585938,663.2999877929688,664.2000122070312
2026-07-29 12:20:00-04:00,664.2100219726562,666.1799926757812,664.0,665.885009765625
2026-07-29 12:25:00-04:00,665.8900146484375,666.8400268554688,665.8505249023438,666.780029296875
2026-07-29 12:30:00-04:00,666.7000122070312,667.5604248046875,666.0999755859375,666.0999755859375
2026-07-29 12:35:00-04:00,666.0999755859375,666.2899780273438,665.3699951171875,666.1500244140625
2026-07-29 12:40:00-04:00,666.1099853515625,666.4099731445312,665.1500244140625,665.5800170898438
2026-07-29 12:45:00-04:00,665.5501098632812,666.8004760742188,665.239990234375,666.760009765625
2026-07-29 12:50:00-04:00,666.75,667.2999877929688,666.3099975585938,667.0
2026-07-29 12:55:00-04:00,666.97998046875,667.97998046875,666.835205078125,667.9400024414062
2026-07-29 13:00:00-04:00,668.0,669.47998046875,667.8200073242188,669.3499755859375
2026-07-29 13:05:00-04:00,669.2974853515625,669.4199829101562,668.77001953125,669.155517578125
2026-07-29 13:10:00-04:00,669.1799926757812,671.2000122070312,669.0800170898438,671.1400146484375
2026-07-29 13:15:00-04:00,671.2000122070312,671.260009765625,670.530029296875,670.6749877929688
2026-07-29 13:20:00-04:00,670.6599731445312,671.510009765625,670.1199951171875,670.1749877929688
2026-07-29 13:25:00-04:00,670.1784057617188,670.3699951171875,669.1099853515625,669.1099853515625
2026-07-29 13:30:00-04:00,669.22998046875,670.1799926757812,668.5999755859375,669.7100219726562
2026-07-29 13:35:00-04:00,669.6400146484375,669.760009765625,668.830078125,669.2979736328125
2026-07-29 13:40:00-04:00,669.2860107421875,670.0599975585938,669.1699829101562,669.8300170898438
2026-07-29 13:45:00-04:00,669.8300170898438,670.2130737304688,669.2100219726562,670.1699829101562
2026-07-29 13:50:00-04:00,670.1699829101562,670.9299926757812,670.1599731445312,670.5100708007812
2026-07-29 13:55:00-04:00,670.489990234375,670.7999877929688,669.780029296875,670.7999877929688
2026-07-29 14:00:00-04:00,670.4299926757812,674.9000244140625,670.4299926757812,672.7899780273438
2026-07-29 14:05:00-04:00,672.8400268554688,674.8099975585938,672.47998046875,674.0499877929688
2026-07-29 14:10:00-04:00,674.0765991210938,674.5,672.1699829101562,672.7999877929688
2026-07-29 14:15:00-04:00,672.75,673.7999877929688,671.5499877929688,671.9149780273438
2026-07-29 14:20:00-04:00,671.9500122070312,672.1400146484375,671.0401000976562,671.5700073242188
2026-07-29 14:25:00-04:00,671.47998046875,672.2000122070312,671.030029296875,672.1900024414062
2026-07-29 14:30:00-04:00,672.1699829101562,673.219970703125,670.6301879882812,671.7000122070312
2026-07-29 14:35:00-04:00,671.7999877929688,674.9600219726562,671.02001953125,674.4600219726562
2026-07-29 14:40:00-04:00,674.469970703125,677.3004150390625,674.3900146484375,677.0
2026-07-29 14:45:00-04:00,677.030029296875,678.9099731445312,676.6799926757812,678.6599731445312
2026-07-29 14:50:00-04:00,678.7000122070312,679.72998046875,677.6500244140625,679.6699829101562
2026-07-29 14:55:00-04:00,679.7100219726562,679.9500122070312,678.1699829101562,679.010009765625
2026-07-29 15:00:00-04:00,679.0648193359375,680.0499877929688,676.8699951171875,677.4500122070312
2026-07-29 15:05:00-04:00,677.5599975585938,677.6400146484375,674.7662963867188,674.77001953125
2026-07-29 15:10:00-04:00,674.75,675.9500122070312,673.8674926757812,675.4600219726562
2026-07-29 15:15:00-04:00,675.5,676.2150268554688,673.0,673.4199829101562
2026-07-29 15:20:00-04:00,673.5,673.5399780273438,670.0560302734375,670.7100219726562
2026-07-29 15:25:00-04:00,670.6799926757812,671.0399169921875,669.0900268554688,670.77001953125
2026-07-29 15:30:00-04:00,670.77001953125,671.5679931640625,667.4149780273438,668.3200073242188
2026-07-29 15:35:00-04:00,668.3800048828125,668.7999877929688,665.760009765625,665.9099731445312
2026-07-29 15:40:00-04:00,665.8599853515625,666.6500244140625,664.7000122070312,665.0499877929688
2026-07-29 15:45:00-04:00,665.02001953125,665.969970703125,663.7999877929688,665.75
2026-07-29 15:50:00-04:00,665.6799926757812,665.6799926757812,663.0800170898438,664.0449829101562
2026-07-29 15:55:00-04:00,664.02001953125,664.02001953125,661.14501953125,661.6300048828125
2026-07-30 09:30:00-04:00,674.6900024414062,675.1799926757812,673.2999877929688,674.655029296875
2026-07-30 09:35:00-04:00,674.6199951171875,675.8099975585938,674.1099853515625,675.0599975585938
2026-07-30 09:40:00-04:00,675.0700073242188,677.6900024414062,674.1199951171875,677.25
2026-07-30 09:45:00-04:00,677.25,679.4400024414062,677.1699829101562,679.405029296875
2026-07-30 09:50:00-04:00,679.4000244140625,680.8400268554688,678.8800048828125,680.3099975585938
2026-07-30 09:55:00-04:00,680.3400268554688,681.6500244140625,679.8599853515625,681.5150146484375
2026-07-30 10:00:00-04:00,681.489990234375,682.3200073242188,680.9500122070312,681.719970703125
2026-07-30 10:05:00-04:00,681.6799926757812,681.7999877929688,679.530029296875,679.8599853515625
2026-07-30 10:10:00-04:00,679.864990234375,680.5999755859375,679.4105224609375,680.4099731445312
2026-07-30 10:15:00-04:00,680.4210205078125,681.1500244140625,679.75,680.5
2026-07-30 10:20:00-04:00,680.510009765625,682.0,680.3099975585938,681.77001953125
2026-07-30 10:25:00-04:00,681.7999877929688,683.6400146484375,681.4450073242188,683.219970703125
2026-07-30 10:30:00-04:00,683.260009765625,683.7000122070312,682.4000244140625,683.5
2026-07-30 10:35:00-04:00,683.4722290039062,683.7100219726562,682.739990234375,683.125
2026-07-30 10:40:00-04:00,683.1400146484375,683.6500244140625,681.6699829101562,682.030029296875
2026-07-30 10:45:00-04:00,682.0250244140625,682.530029296875,680.97998046875,681.8250122070312
2026-07-30 10:50:00-04:00,681.8150024414062,682.030029296875,679.3300170898438,679.469970703125
2026-07-30 10:55:00-04:00,679.469970703125,680.0800170898438,678.3599853515625,679.530029296875
2026-07-30 11:00:00-04:00,679.5,680.581298828125,678.1300048828125,680.3939819335938
2026-07-30 11:05:00-04:00,680.3200073242188,681.1500244140625,679.2100219726562,681.0715942382812
2026-07-30 11:10:00-04:00,681.0701293945312,681.1500244140625,678.3400268554688,678.4500122070312
2026-07-30 11:15:00-04:00,678.4299926757812,679.7000122070312,678.0399780273438,678.9000244140625
2026-07-30 11:20:00-04:00,678.9500122070312,680.260009765625,678.6500244140625,679.0836791992188
2026-07-30 11:25:00-04:00,679.0700073242188,679.6799926757812,677.75,678.1950073242188
2026-07-30 11:30:00-04:00,678.1599731445312,679.6199951171875,677.9000244140625,679.614990234375
2026-07-30 11:35:00-04:00,679.669921875,680.0599975585938,678.780029296875,679.6199951171875
2026-07-30 11:40:00-04:00,679.5900268554688,680.469970703125,679.2249755859375,679.989990234375
2026-07-30 11:45:00-04:00,680.0599975585938,681.1099853515625,680.0401000976562,680.610595703125
2026-07-30 11:50:00-04:00,680.5900268554688,680.8099975585938,679.0800170898438,680.469970703125
2026-07-30 11:55:00-04:00,680.5250854492188,681.02001953125,679.6300048828125,679.7899780273438
2026-07-30 12:00:00-04:00,679.77001953125,681.6799926757812,679.3200073242188,681.5
2026-07-30 12:05:00-04:00,681.5,681.889892578125,681.1699829101562,681.3599853515625
2026-07-30 12:10:00-04:00,681.3300170898438,682.469970703125,681.2999877929688,682.3699951171875
2026-07-30 12:15:00-04:00,682.3699951171875,682.5499877929688,681.969970703125,682.0399169921875
2026-07-30 12:20:00-04:00,682.0399780273438,682.3499755859375,681.4600219726562,681.6799926757812
2026-07-30 12:25:00-04:00,681.6500244140625,681.8200073242188,681.2899780273438,681.3499755859375
2026-07-30 12:30:00-04:00,681.35498046875,681.489990234375,680.5750122070312,680.780029296875
2026-07-30 12:35:00-04:00,680.780029296875,681.2899780273438,680.6599731445312,680.72998046875
2026-07-30 12:40:00-04:00,680.72998046875,680.739990234375,679.25,679.5499877929688
2026-07-30 12:45:00-04:00,679.5399780273438,680.5,679.5,680.260009765625
2026-07-30 12:50:00-04:00,680.3099975585938,681.1699829101562,679.7999877929688,680.6199951171875
2026-07-30 12:55:00-04:00,680.6400146484375,681.1500244140625,680.5599975585938,680.9600219726562
2026-07-30 13:00:00-04:00,680.969970703125,682.1300048828125,680.9500122070312,681.9400024414062
2026-07-30 13:05:00-04:00,681.9500122070312,682.3300170898438,681.780029296875,681.969970703125
2026-07-30 13:10:00-04:00,681.969970703125,682.3048095703125,681.6300048828125,681.739990234375
2026-07-30 13:15:00-04:00,681.760009765625,682.8704223632812,681.6900024414062,682.8200073242188
2026-07-30 13:20:00-04:00,682.8099975585938,682.89111328125,682.219970703125,682.5
2026-07-30 13:25:00-04:00,682.469970703125,682.52001953125,681.8800048828125,681.97998046875
2026-07-30 13:30:00-04:00,682.0,682.3300170898438,681.610107421875,681.8300170898438
2026-07-30 13:35:00-04:00,681.8599243164062,682.27001953125,681.27001953125,681.4500122070312
2026-07-30 13:40:00-04:00,681.4600219726562,682.6823120117188,681.4600219726562,682.4232788085938
2026-07-30 13:45:00-04:00,682.4500122070312,682.7694091796875,682.3499145507812,682.3499145507812
2026-07-30 13:50:00-04:00,682.3300170898438,682.9199829101562,682.1099853515625,682.1599731445312
2026-07-30 13:55:00-04:00,682.169921875,682.4400024414062,681.8900146484375,682.1699829101562
2026-07-30 14:00:00-04:00,682.219970703125,682.75,681.9600219726562,681.989501953125
2026-07-30 14:05:00-04:00,681.9619750976562,682.6300048828125,681.9619750976562,682.5399780273438
2026-07-30 14:10:00-04:00,682.5499877929688,682.8499755859375,682.2999877929688,682.75
2026-07-30 14:15:00-04:00,682.760009765625,682.8200073242188,681.8400268554688,681.9600219726562
2026-07-30 14:20:00-04:00,681.989990234375,682.5599975585938,681.8499755859375,682.3800048828125
2026-07-30 14:25:00-04:00,682.4199829101562,682.5399780273438,682.113525390625,682.3300170898438
2026-07-30 14:30:00-04:00,682.3250122070312,682.72998046875,682.0599975585938,682.1300048828125
2026-07-30 14:35:00-04:00,682.1300048828125,682.1400146484375,681.510009765625,681.7196044921875
2026-07-30 14:40:00-04:00,681.719970703125,682.02001953125,681.5499877929688,681.969970703125
2026-07-30 14:45:00-04:00,681.969970703125,682.4500122070312,681.9299926757812,682.239990234375
2026-07-30 14:50:00-04:00,682.22998046875,682.4099731445312,681.8699951171875,681.8900146484375
2026-07-30 14:55:00-04:00,681.8900146484375,682.4199829101562,681.6699829101562,682.3099975585938
2026-07-30 15:00:00-04:00,682.3099975585938,683.030029296875,682.2899780273438,682.7100219726562
2026-07-30 15:05:00-04:00,682.739990234375,684.0999755859375,682.6500244140625,684.0900268554688
2026-07-30 15:10:00-04:00,684.0900268554688,685.0399780273438,684.0449829101562,684.5800170898438
2026-07-30 15:15:00-04:00,684.5599975585938,685.1199951171875,684.260009765625,684.8400268554688
2026-07-30 15:20:00-04:00,684.8599853515625,684.8699951171875,684.1300048828125,684.3099975585938
2026-07-30 15:25:00-04:00,684.2999877929688,684.4749755859375,683.780029296875,683.8400268554688
2026-07-30 15:30:00-04:00,683.8200073242188,684.1497802734375,683.6300048828125,683.7999877929688
2026-07-30 15:35:00-04:00,683.8200073242188,683.9099731445312,683.25,683.719970703125
2026-07-30 15:40:00-04:00,683.719970703125,683.8300170898438,683.3200073242188,683.5999755859375
2026-07-30 15:45:00-04:00,683.6099853515625,683.8800048828125,683.22998046875,683.7000122070312
2026-07-30 15:50:00-04:00,683.6900024414062,683.7899780273438,683.0,683.4199829101562
2026-07-30 15:55:00-04:00,683.4199829101562,684.3499755859375,682.9000244140625,683.5999755859375
2026-07-31 09:30:00-04:00,692.1199951171875,695.3399047851562,691.3300170898438,694.7000122070312
2026-07-31 09:35:00-04:00,694.6900024414062,695.77001953125,691.60498046875,691.75
2026-07-31 09:40:00-04:00,691.75,692.0900268554688,688.1799926757812,688.2249755859375
2026-07-31 09:45:00-04:00,688.280029296875,689.5800170898438,685.8499755859375,686.8800048828125
2026-07-31 09:50:00-04:00,686.8200073242188,687.989501953125,685.2899780273438,686.1900024414062
2026-07-31 09:55:00-04:00,686.1799926757812,688.1400146484375,685.6599731445312,686.7899780273438
2026-07-31 10:00:00-04:00,686.760009765625,687.5800170898438,683.9000244140625,683.969970703125
2026-07-31 10:05:00-04:00,683.97998046875,684.6768798828125,681.0401000976562,681.77001953125
2026-07-31 10:10:00-04:00,681.8200073242188,682.719970703125,680.52001953125,681.4600219726562
2026-07-31 10:15:00-04:00,681.4500122070312,683.2999877929688,680.0512084960938,682.4099731445312
2026-07-31 10:20:00-04:00,682.3599853515625,684.0999755859375,681.9340209960938,682.8099975585938
2026-07-31 10:25:00-04:00,682.8099975585938,684.3499145507812,682.0399780273438,684.2000122070312
2026-07-31 10:30:00-04:00,684.239990234375,684.9400024414062,683.239990234375,683.9249877929688
2026-07-31 10:35:00-04:00,683.8900146484375,685.239990234375,683.7899780273438,684.6599731445312
2026-07-31 10:40:00-04:00,684.6599731445312,685.27001953125,683.280029296875,684.614990234375
2026-07-31 10:45:00-04:00,684.6500244140625,686.3350219726562,683.8662109375,686.1900024414062
2026-07-31 10:50:00-04:00,686.1950073242188,686.510009765625,685.1900024414062,685.3475952148438
2026-07-31 10:55:00-04:00,685.4000244140625,686.22998046875,684.3200073242188,685.6099853515625
2026-07-31 11:00:00-04:00,685.6300048828125,686.0900268554688,684.8300170898438,685.9591064453125
2026-07-31 11:05:00-04:00,685.989990234375,686.4299926757812,684.3699951171875,684.8200073242188
2026-07-31 11:10:00-04:00,684.875,685.4096069335938,683.3300170898438,684.630126953125
2026-07-31 11:15:00-04:00,684.6599731445312,686.2999877929688,683.8900146484375,684.469970703125
2026-07-31 11:20:00-04:00,684.4199829101562,684.719482421875,682.8400268554688,682.8599853515625
2026-07-31 11:25:00-04:00,682.8200073242188,683.1500244140625,681.0700073242188,681.77001953125
2026-07-31 11:30:00-04:00,681.719970703125,682.469970703125,680.9400024414062,682.3400268554688
2026-07-31 11:35:00-04:00,682.3599853515625,684.4000854492188,682.280029296875,683.7799072265625
2026-07-31 11:40:00-04:00,683.760009765625,684.1099853515625,682.0999755859375,683.280029296875
2026-07-31 11:45:00-04:00,683.3300170898438,683.5800170898438,682.1500244140625,682.7999877929688
2026-07-31 11:50:00-04:00,682.8250122070312,685.0599975585938,682.75,684.905029296875
2026-07-31 11:55:00-04:00,684.8900146484375,685.25,684.2100219726562,684.7863159179688
2026-07-31 12:00:00-04:00,684.75,685.5999755859375,684.3599853515625,685.125
2026-07-31 12:05:00-04:00,685.1300048828125,685.3099975585938,684.02001953125,684.760009765625
2026-07-31 12:10:00-04:00,684.780029296875,685.5999755859375,684.6900024414062,685.3900146484375
2026-07-31 12:15:00-04:00,685.4199829101562,685.6400146484375,684.3599853515625,685.2172241210938
2026-07-31 12:20:00-04:00,685.1500244140625,686.3900146484375,685.1220092773438,686.1900024414062
2026-07-31 12:25:00-04:00,686.2039794921875,686.9299926757812,685.5700073242188,686.9299926757812
2026-07-31 12:30:00-04:00,686.9500122070312,687.5399780273438,686.6699829101562,687.2650146484375
2026-07-31 12:35:00-04:00,687.2401123046875,687.5499877929688,686.760009765625,686.969970703125
2026-07-31 12:40:00-04:00,686.9600219726562,687.1300048828125,685.780029296875,685.9400024414062
2026-07-31 12:45:00-04:00,685.9249877929688,686.6199951171875,685.6300048828125,686.6087036132812
2026-07-31 12:50:00-04:00,686.6400146484375,687.4199829101562,686.5150146484375,686.72998046875
2026-07-31 12:55:00-04:00,686.7100219726562,687.625,686.6900024414062,687.0700073242188
2026-07-31 13:00:00-04:00,687.0399780273438,688.0579833984375,686.8900146484375,687.7310180664062
2026-07-31 13:05:00-04:00,687.739990234375,687.9600219726562,687.0,687.3300170898438
2026-07-31 13:10:00-04:00,687.260009765625,688.1400146484375,687.0711059570312,687.9099731445312
2026-07-31 13:15:00-04:00,687.9199829101562,688.3900146484375,687.7650146484375,688.3009033203125
2026-07-31 13:20:00-04:00,688.27001953125,689.2000122070312,687.780029296875,689.1400146484375
2026-07-31 13:25:00-04:00,689.1400146484375,689.719970703125,689.0700073242188,689.3599853515625
2026-07-31 13:30:00-04:00,689.3699951171875,689.9299926757812,689.0700073242188,689.8499755859375
2026-07-31 13:35:00-04:00,689.8300170898438,690.3499755859375,689.1900024414062,689.2000122070312
2026-07-31 13:40:00-04:00,689.2000122070312,689.6199951171875,688.9099731445312,689.2349853515625
2026-07-31 13:45:00-04:00,689.25,689.7000122070312,688.280029296875,688.4000244140625
2026-07-31 13:50:00-04:00,688.3599853515625,689.4000244140625,688.2650146484375,688.9199829101562
2026-07-31 13:55:00-04:00,688.9299926757812,689.280029296875,688.469970703125,688.5750122070312
2026-07-31 14:00:00-04:00,688.5650024414062,689.27001953125,688.3499755859375,688.530029296875
2026-07-31 14:05:00-04:00,688.5230712890625,689.1199951171875,688.25,688.5750122070312
2026-07-31 14:10:00-04:00,688.5599975585938,688.760009765625,687.760009765625,687.969970703125
2026-07-31 14:15:00-04:00,687.9099731445312,688.969970703125,687.8499755859375,688.5700073242188
2026-07-31 14:20:00-04:00,688.5399780273438,688.9500122070312,688.3599853515625,688.77001953125
2026-07-31 14:25:00-04:00,688.7650146484375,688.8099975585938,688.1699829101562,688.3800048828125
2026-07-31 14:30:00-04:00,688.5800170898438,689.0150146484375,688.530029296875,688.72998046875
2026-07-31 14:35:00-04:00,688.72998046875,688.7398071289062,688.27001953125,688.5399780273438
2026-07-31 14:40:00-04:00,688.510009765625,688.9005737304688,688.2730102539062,688.6599731445312
2026-07-31 14:45:00-04:00,688.6500244140625,689.0800170898438,688.4249877929688,689.0349731445312
2026-07-31 14:50:00-04:00,689.0800170898438,689.3900146484375,688.9299926757812,689.0
2026-07-31 14:55:00-04:00,688.989990234375,689.14501953125,688.27001953125,688.7100219726562
2026-07-31 15:00:00-04:00,688.7000122070312,689.27001953125,688.2999877929688,688.3699951171875
2026-07-31 15:05:00-04:00,688.4099731445312,688.659912109375,688.030029296875,688.5399780273438
2026-07-31 15:10:00-04:00,688.5449829101562,688.8859252929688,688.3300170898438,688.6405029296875
2026-07-31 15:15:00-04:00,688.6699829101562,689.97998046875,688.5499877929688,689.9400024414062
2026-07-31 15:20:00-04:00,689.9450073242188,690.25,689.530029296875,689.5700073242188
2026-07-31 15:25:00-04:00,689.5700073242188,689.8400268554688,689.35498046875,689.7000122070312
2026-07-31 15:30:00-04:00,689.6699829101562,689.8400268554688,688.9099731445312,689.343505859375
2026-07-31 15:35:00-04:00,689.3400268554688,689.6799926757812,689.135009765625,689.2999877929688
2026-07-31 15:40:00-04:00,689.2899780273438,689.8800048828125,688.7100219726562,689.719970703125
2026-07-31 15:45:00-04:00,689.739990234375,690.5,689.739990234375,690.489990234375
2026-07-31 15:50:00-04:00,690.5,690.8800048828125,689.6500244140625,690.469970703125
2026-07-31 15:55:00-04:00,690.5700073242188,690.5999755859375,687.47998046875,688.010009765625
2026-08-03 09:30:00-04:00,687.0,687.969970703125,685.8200073242188,687.4400024414062
2026-08-03 09:35:00-04:00,687.4099731445312,691.28369140625,687.2899780273438,690.39501953125
2026-08-03 09:40:00-04:00,690.3900146484375,690.844970703125,688.3400268554688,690.1400146484375
2026-08-03 09:45:00-04:00,690.1599731445312,691.2235717773438,688.9500122070312,689.7100219726562
2026-08-03 09:50:00-04:00,689.719970703125,690.9400024414062,689.280029296875,690.9400024414062
2026-08-03 09:55:00-04:00,690.9349975585938,693.4000244140625,690.6900024414062,693.3049926757812
2026-08-03 10:00:00-04:00,693.2100219726562,693.4000244140625,691.2000122070312,691.6300048828125
2026-08-03 10:05:00-04:00,691.5999755859375,692.6900024414062,691.0800170898438,692.0150146484375
2026-08-03 10:10:00-04:00,692.030029296875,693.0999755859375,691.719970703125,692.0
2026-08-03 10:15:00-04:00,692.010009765625,693.6799926757812,691.7520141601562,693.0900268554688
2026-08-03 10:20:00-04:00,693.0999755859375,694.3220825195312,692.8900146484375,694.2100219726562
2026-08-03 10:25:00-04:00,694.219970703125,694.75,693.719970703125,694.6199951171875
2026-08-03 10:30:00-04:00,694.6699829101562,694.9400024414062,694.219970703125,694.7899780273438
2026-08-03 10:35:00-04:00,694.7849731445312,695.9099731445312,694.739990234375,695.5700073242188
2026-08-03 10:40:00-04:00,695.530029296875,696.0,695.2000122070312,695.3099975585938
2026-08-03 10:45:00-04:00,695.3599853515625,696.2000122070312,695.1599731445312,696.0700073242188
2026-08-03 10:50:00-04:00,696.0499877929688,697.6900024414062,695.8878173828125,697.04052734375
2026-08-03 10:55:00-04:00,697.0999755859375,697.6300048828125,697.0599975585938,697.5850219726562
2026-08-03 11:00:00-04:00,697.5900268554688,697.5900268554688,697.0999755859375,697.344970703125
2026-08-03 11:05:00-04:00,697.3200073242188,697.4199829101562,696.52001953125,696.7000122070312
2026-08-03 11:10:00-04:00,696.6699829101562,697.0750122070312,696.25,696.489990234375
2026-08-03 11:15:00-04:00,696.4739990234375,697.239990234375,696.4650268554688,697.0501098632812
2026-08-03 11:20:00-04:00,697.0900268554688,697.47998046875,696.780029296875,697.073974609375
2026-08-03 11:25:00-04:00,697.0399780273438,697.3400268554688,695.6599731445312,695.9199829101562
2026-08-03 11:30:00-04:00,695.9500122070312,697.0399780273438,695.875,696.6500244140625
2026-08-03 11:35:00-04:00,696.630126953125,696.986572265625,696.25,696.7050170898438
2026-08-03 11:40:00-04:00,696.7399291992188,697.27001953125,696.7000122070312,697.1099853515625
2026-08-03 11:45:00-04:00,697.1593017578125,697.4500122070312,696.97998046875,697.1900024414062
2026-08-03 11:50:00-04:00,697.1900024414062,697.8679809570312,696.97998046875,697.6699829101562
2026-08-03 11:55:00-04:00,697.6599731445312,697.7000122070312,697.0599975585938,697.3800048828125
2026-08-03 12:00:00-04:00,697.5,697.9299926757812,697.342529296875,697.72998046875
2026-08-03 12:05:00-04:00,697.719970703125,698.0700073242188,697.5399780273438,697.8699951171875
2026-08-03 12:10:00-04:00,697.8599853515625,697.989990234375,697.5999755859375,697.9000244140625
2026-08-03 12:15:00-04:00,697.8900146484375,698.6900024414062,697.864990234375,698.6696166992188
2026-08-03 12:20:00-04:00,698.6699829101562,698.6923828125,698.2459716796875,698.3699951171875
2026-08-03 12:25:00-04:00,698.4500122070312,698.5499877929688,698.2000122070312,698.489990234375
2026-08-03 12:30:00-04:00,698.47998046875,698.6699829101562,698.1599731445312,698.4500122070312
2026-08-03 12:35:00-04:00,698.4550170898438,698.510009765625,697.969970703125,698.1199951171875
2026-08-03 12:40:00-04:00,698.114990234375,698.4400024414062,697.8699951171875,698.4199829101562
2026-08-03 12:45:00-04:00,698.405029296875,698.5999755859375,698.3300170898438,698.3800048828125
2026-08-03 12:50:00-04:00,698.3800048828125,698.6165161132812,698.0599975585938,698.135009765625
2026-08-03 12:55:00-04:00,698.1400146484375,698.3699951171875,698.0499877929688,698.0599975585938
2026-08-03 13:00:00-04:00,698.1099853515625,698.3400268554688,697.8900146484375,698.2100219726562
2026-08-03 13:05:00-04:00,698.22998046875,698.5800170898438,698.14501953125,698.4600219726562
2026-08-03 13:10:00-04:00,698.4400024414062,699.0800170898438,698.4400024414062,698.97998046875
2026-08-03 13:15:00-04:00,698.9400024414062,699.2899780273438,698.9199829101562,699.2794189453125
2026-08-03 13:20:00-04:00,699.280029296875,699.5499877929688,699.030029296875,699.47998046875
2026-08-03 13:25:00-04:00,699.4949951171875,699.7598266601562,699.3308715820312,699.6699829101562
2026-08-03 13:30:00-04:00,699.6699829101562,699.8499755859375,699.4199829101562,699.7987060546875
2026-08-03 13:35:00-04:00,699.8200073242188,699.8699951171875,699.489990234375,699.510009765625
2026-08-03 13:40:00-04:00,699.510009765625,699.72998046875,699.4000244140625,699.7000122070312
2026-08-03 13:45:00-04:00,699.6900024414062,699.9299926757812,699.6699829101562,699.8300170898438
2026-08-03 13:50:00-04:00,699.8499755859375,700.030029296875,699.7999877929688,700.0050048828125
2026-08-03 13:55:00-04:00,700.010009765625,700.5599975585938,699.989990234375,700.4600219726562
2026-08-03 14:00:00-04:00,700.4600219726562,701.1599731445312,700.4600219726562,701.1400146484375
2026-08-03 14:05:00-04:00,701.1201171875,701.4450073242188,701.030029296875,701.3400268554688
2026-08-03 14:10:00-04:00,701.3699951171875,701.5900268554688,700.8499755859375,700.9949951171875
2026-08-03 14:15:00-04:00,701.0150146484375,701.4400024414062,700.6400146484375,700.6904296875
2026-08-03 14:20:00-04:00,700.7100219726562,700.8350219726562,700.47021484375,700.5150146484375
2026-08-03 14:25:00-04:00,700.5,700.6599731445312,699.7899780273438,699.8001098632812
2026-08-03 14:30:00-04:00,699.8400268554688,700.1599731445312,699.6699829101562,699.8300170898438
2026-08-03 14:35:00-04:00,699.8250122070312,700.0499267578125,699.6099853515625,699.75
2026-08-03 14:40:00-04:00,699.77001953125,700.364990234375,699.6950073242188,700.344970703125
2026-08-03 14:45:00-04:00,700.3400268554688,700.5700073242188,699.8350219726562,700.5499877929688
2026-08-03 14:50:00-04:00,700.5499877929688,700.6699829101562,700.260009765625,700.4099731445312
2026-08-03 14:55:00-04:00,700.4199829101562,700.469970703125,700.1500244140625,700.2371826171875
2026-08-03 15:00:00-04:00,700.22998046875,701.1099853515625,700.2100219726562,700.85498046875
2026-08-03 15:05:00-04:00,700.8499755859375,700.9099731445312,700.1099853515625,700.280029296875
2026-08-03 15:10:00-04:00,700.260009765625,700.52001953125,699.9299926757812,700.0700073242188
2026-08-03 15:15:00-04:00,700.030029296875,700.6599731445312,700.010009765625,700.6099853515625
2026-08-03 15:20:00-04:00,700.6199951171875,700.6699829101562,700.3350219726562,700.4600219726562
2026-08-03 15:25:00-04:00,700.469970703125,700.6300048828125,700.27001953125,700.3599853515625
2026-08-03 15:30:00-04:00,700.3800048828125,700.6793212890625,700.1599731445312,700.3499755859375
2026-08-03 15:35:00-04:00,700.3599853515625,700.6300048828125,700.114990234375,700.189208984375
2026-08-03 15:40:00-04:00,700.1799926757812,700.510009765625,700.0399780273438,700.405029296875
2026-08-03 15:45:00-04:00,700.4000244140625,700.5700073242188,700.0900268554688,700.4600219726562
2026-08-03 15:50:00-04:00,700.469970703125,700.9400024414062,699.8599853515625,700.0800170898438
2026-08-03 15:55:00-04:00,700.0700073242188,700.1799926757812,699.27001953125,700.0800170898438
2026-08-04 09:30:00-04:00,708.2050170898438,711.7999877929688,707.5900268554688,711.75
2026-08-04 09:35:00-04:00,711.77001953125,712.5238037109375,711.1500244140625,711.97998046875
2026-08-04 09:40:00-04:00,712.0700073242188,713.47998046875,711.8499755859375,712.5194702148438
2026-08-04 09:45:00-04:00,712.509521484375,713.6699829101562,712.509521484375,713.6099853515625
2026-08-04 09:50:00-04:00,713.6500244140625,714.6500244140625,713.530029296875,714.6199951171875
2026-08-04 09:55:00-04:00,714.614990234375,714.6500244140625,712.7999877929688,713.6500244140625
2026-08-04 10:00:00-04:00,713.6400146484375,714.52001953125,712.97998046875,714.25
2026-08-04 10:05:00-04:00,714.260009765625,715.4000244140625,714.22998046875,715.0399780273438
2026-08-04 10:10:00-04:00,715.0250244140625,715.6699829101562,714.77001953125,715.5999755859375
2026-08-04 10:15:00-04:00,715.5999755859375,715.739990234375,714.6799926757812,715.2000122070312
2026-08-04 10:20:00-04:00,715.1699829101562,715.1849975585938,714.2550048828125,714.7999877929688
2026-08-04 10:25:00-04:00,714.780029296875,716.219970703125,714.760009765625,716.0050048828125
2026-08-04 10:30:00-04:00,716.0800170898438,716.2000122070312,715.219970703125,715.6500244140625
2026-08-04 10:35:00-04:00,715.6599731445312,716.3900146484375,715.0700073242188,715.25
2026-08-04 10:40:00-04:00,715.280029296875,716.0800170898438,715.1500244140625,716.0
2026-08-04 10:45:00-04:00,716.02001953125,716.0999755859375,715.6699829101562,715.75
2026-08-04 10:50:00-04:00,715.739990234375,715.97998046875,715.3300170898438,715.7000122070312
2026-08-04 10:55:00-04:00,715.719970703125,715.885009765625,715.239990234375,715.80078125
2026-08-04 11:00:00-04:00,715.8800048828125,716.7899780273438,715.739990234375,716.6900024414062
2026-08-04 11:05:00-04:00,716.7050170898438,716.9500122070312,716.27001953125,716.9149780273438
2026-08-04 11:10:00-04:00,716.9299926757812,717.6500244140625,716.77001953125,717.5349731445312
2026-08-04 11:15:00-04:00,717.5250244140625,717.8900146484375,717.4000244140625,717.8300170898438
2026-08-04 11:20:00-04:00,717.8350219726562,718.530029296875,717.7999877929688,718.469970703125
2026-08-04 11:25:00-04:00,718.4600219726562,718.5700073242188,717.8800048828125,717.989990234375
2026-08-04 11:30:00-04:00,717.97998046875,718.1199951171875,717.5800170898438,717.739990234375
2026-08-04 11:35:00-04:00,717.739990234375,719.02001953125,717.7349853515625,718.7000122070312
2026-08-04 11:40:00-04:00,718.6500854492188,718.97998046875,718.4299926757812,718.9299926757812
2026-08-04 11:45:00-04:00,718.9400024414062,719.25,718.9299926757812,719.0750122070312
2026-08-04 11:50:00-04:00,719.0750122070312,719.4000244140625,718.8599853515625,718.8800048828125
2026-08-04 11:55:00-04:00,718.8900146484375,719.1199951171875,718.719970703125,718.780029296875
2026-08-04 12:00:00-04:00,718.7849731445312,719.4600219726562,718.7650146484375,719.2050170898438
2026-08-04 12:05:00-04:00,719.219970703125,719.4349975585938,718.9100952148438,718.9304809570312
2026-08-04 12:10:00-04:00,718.9299926757812,719.1400146484375,718.5599975585938,718.8900146484375
2026-08-04 12:15:00-04:00,718.9199829101562,719.6900024414062,718.8900146484375,719.6300048828125
2026-08-04 12:20:00-04:00,719.6400146484375,719.969970703125,719.5700073242188,719.8800048828125
2026-08-04 12:25:00-04:00,719.8800048828125,719.9000244140625,719.6099853515625,719.6500244140625
2026-08-04 12:30:00-04:00,719.6649780273438,720.1300048828125,719.4000244140625,720.010009765625
2026-08-04 12:35:00-04:00,720.0189819335938,720.27001953125,719.7000122070312,719.8800048828125
2026-08-04 12:40:00-04:00,719.875,720.239990234375,719.6500244140625,720.1400146484375
2026-08-04 12:45:00-04:00,720.135009765625,720.5670776367188,720.135009765625,720.5670776367188
2026-08-04 12:50:00-04:00,720.5700073242188,720.5999755859375,720.3699951171875,720.405029296875
2026-08-04 12:55:00-04:00,720.4063720703125,720.5800170898438,720.2899780273438,720.5599975585938
2026-08-04 13:00:00-04:00,720.5700073242188,721.5,720.47998046875,721.4600219726562
2026-08-04 13:05:00-04:00,721.4696044921875,721.7890014648438,721.219970703125,721.5900268554688
2026-08-04 13:10:00-04:00,721.5750122070312,721.9000244140625,721.4901123046875,721.8300170898438
2026-08-04 13:15:00-04:00,721.8400268554688,722.0,721.510009765625,721.635009765625
2026-08-04 13:20:00-04:00,721.6799926757812,722.030029296875,721.4400024414062,721.97998046875
2026-08-04 13:25:00-04:00,721.97998046875,722.5,721.9500122070312,722.3499755859375
2026-08-04 13:30:00-04:00,722.3200073242188,722.4400024414062,721.9849853515625,722.3499755859375
2026-08-04 13:35:00-04:00,722.3300170898438,723.0499877929688,722.2899780273438,723.02001953125
2026-08-04 13:40:00-04:00,723.02001953125,723.47998046875,722.989990234375,723.47998046875
2026-08-04 13:45:00-04:00,723.489990234375,724.280029296875,723.4810180664062,723.8599853515625
2026-08-04 13:50:00-04:00,723.8499755859375,723.8599853515625,722.9099731445312,723.02001953125
2026-08-04 13:55:00-04:00,723.02001953125,723.4600219726562,722.7100219726562,722.72998046875
2026-08-04 14:00:00-04:00,722.72998046875,723.1900024414062,722.1199951171875,722.3300170898438
2026-08-04 14:05:00-04:00,722.3800048828125,723.031494140625,722.1500244140625,722.8200073242188
2026-08-04 14:10:00-04:00,722.8599853515625,723.3400268554688,722.47998046875,723.3399047851562
2026-08-04 14:15:00-04:00,723.3400268554688,723.6950073242188,723.239990234375,723.5599975585938
2026-08-04 14:20:00-04:00,723.5599975585938,723.9000244140625,723.3599853515625,723.5900268554688
2026-08-04 14:25:00-04:00,723.5900268554688,723.8298950195312,723.3599853515625,723.8298950195312
2026-08-04 14:30:00-04:00,723.8400268554688,724.1552124023438,723.590087890625,723.6699829101562
2026-08-04 14:35:00-04:00,723.6599731445312,723.780029296875,723.2100219726562,723.3499755859375
2026-08-04 14:40:00-04:00,723.3200073242188,723.4099731445312,722.8699951171875,723.1799926757812
2026-08-04 14:45:00-04:00,723.2000122070312,724.2000122070312,723.2000122070312,723.8800048828125
2026-08-04 14:50:00-04:00,723.85498046875,724.2000122070312,723.72998046875,723.8400268554688
2026-08-04 14:55:00-04:00,723.8499755859375,723.969970703125,723.7100219726562,723.8499755859375
2026-08-04 15:00:00-04:00,723.8599853515625,724.9400024414062,723.7999877929688,724.6300048828125
2026-08-04 15:05:00-04:00,724.6300048828125,725.0599975585938,724.3900146484375,725.030029296875
2026-08-04 15:10:00-04:00,725.02001953125,725.2000122070312,724.8499755859375,724.9550170898438
2026-08-04 15:15:00-04:00,724.9500122070312,725.3800048828125,724.8599853515625,725.2750244140625
2026-08-04 15:20:00-04:00,725.260009765625,725.3250122070312,724.719970703125,724.8200073242188
2026-08-04 15:25:00-04:00,724.8350219726562,724.9500122070312,724.010009765625,724.2943725585938
2026-08-04 15:30:00-04:00,724.2849731445312,724.6599731445312,724.030029296875,724.5750122070312
2026-08-04 15:35:00-04:00,724.5750122070312,725.0499877929688,724.3900146484375,724.8300170898438
2026-08-04 15:40:00-04:00,724.8099975585938,725.530029296875,724.780029296875,725.489990234375
2026-08-04 15:45:00-04:00,725.489990234375,725.6500244140625,724.760009765625,724.8099975585938
2026-08-04 15:50:00-04:00,724.8200073242188,725.0,723.60009765625,723.60498046875
2026-08-04 15:55:00-04:00,723.6300048828125,724.2100219726562,723.0999755859375,723.6799926757812
2026-08-05 09:30:00-04:00,726.2249755859375,727.0900268554688,725.2249755859375,727.0800170898438
2026-08-05 09:35:00-04:00,727.0599975585938,727.489990234375,724.6300048828125,726.8674926757812
2026-08-05 09:40:00-04:00,726.85498046875,728.182373046875,726.364990234375,728.0399780273438
2026-08-05 09:45:00-04:00,728.094970703125,728.5399780273438,727.2100219726562,728.1400146484375
2026-08-05 09:50:00-04:00,728.1915893554688,728.3900146484375,726.0850219726562,727.4199829101562
2026-08-05 09:55:00-04:00,727.4299926757812,728.1900024414062,726.3599853515625,727.989990234375
2026-08-05 10:00:00-04:00,727.9000244140625,727.9000244140625,724.8099975585938,725.9199829101562
2026-08-05 10:05:00-04:00,725.9299926757812,727.489990234375,725.864990234375,726.8499755859375
2026-08-05 10:10:00-04:00,726.8499755859375,727.25,726.0700073242188,726.7100219726562
2026-08-05 10:15:00-04:00,726.739990234375,727.4000244140625,726.1199951171875,726.169921875
2026-08-05 10:20:00-04:00,726.1649780273438,726.219970703125,724.4000244140625,725.7949829101562
2026-08-05 10:25:00-04:00,725.7849731445312,726.4849853515625,724.635009765625,724.719970703125
2026-08-05 10:30:00-04:00,724.6699829101562,724.7999267578125,723.1900024414062,723.9500122070312
2026-08-05 10:35:00-04:00,723.9500122070312,724.6699829101562,722.8560791015625,722.864990234375
2026-08-05 10:40:00-04:00,722.8599853515625,723.5999755859375,722.4799194335938,723.371826171875
2026-08-05 10:45:00-04:00,723.3800048828125,724.4299926757812,722.8099975585938,724.1199951171875
2026-08-05 10:50:00-04:00,724.1199951171875,724.4349975585938,721.5999755859375,722.4500122070312
2026-08-05 10:55:00-04:00,722.4400024414062,723.4000244140625,721.9299926757812,723.0399780273438
2026-08-05 11:00:00-04:00,723.0700073242188,723.8150024414062,722.510009765625,722.9830932617188
2026-08-05 11:05:00-04:00,723.0,723.989990234375,722.5750732421875,723.6300048828125
2026-08-05 11:10:00-04:00,723.5999755859375,724.114990234375,722.7150268554688,722.8400268554688
2026-08-05 11:15:00-04:00,722.8400268554688,723.0650024414062,721.02001953125,722.6400146484375
2026-08-05 11:20:00-04:00,722.630126953125,723.0650024414062,722.2100830078125,722.3599853515625
2026-08-05 11:25:00-04:00,722.3250122070312,722.65380859375,721.77099609375,722.0850219726562
2026-08-05 11:30:00-04:00,722.0800170898438,723.3250122070312,722.0349731445312,722.3599853515625
2026-08-05 11:35:00-04:00,722.3300170898438,723.2000122070312,722.3300170898438,722.9337158203125
2026-08-05 11:40:00-04:00,722.9400024414062,723.135009765625,722.1699829101562,722.3499755859375
2026-08-05 11:45:00-04:00,722.3599243164062,722.3599243164062,721.5800170898438,721.6900024414062
2026-08-05 11:50:00-04:00,721.6950073242188,722.030029296875,721.1799926757812,721.2999877929688
2026-08-05 11:55:00-04:00,721.2949829101562,721.3049926757812,719.77001953125,720.3499755859375
2026-08-05 12:00:00-04:00,720.3800048828125,721.030029296875,719.719970703125,720.864990234375
2026-08-05 12:05:00-04:00,720.8499755859375,720.9378051757812,719.52001953125,719.97802734375
2026-08-05 12:10:00-04:00,719.9819946289062,720.219970703125,719.489990234375,720.1799926757812
2026-08-05 12:15:00-04:00,720.2000122070312,720.9500122070312,719.8905029296875,720.3499755859375
2026-08-05 12:20:00-04:00,720.3764038085938,721.8099975585938,720.3499755859375,721.155029296875
2026-08-05 12:25:00-04:00,721.1599731445312,722.7100219726562,721.1599731445312,722.6649780273438
2026-08-05 12:30:00-04:00,722.655029296875,722.8800048828125,721.1699829101562,721.8400268554688
2026-08-05 12:35:00-04:00,721.8300170898438,722.1699829101562,721.260009765625,721.8200073242188
2026-08-05 12:40:00-04:00,721.8599853515625,722.4149780273438,721.5599975585938,721.6500244140625
2026-08-05 12:45:00-04:00,721.6580200195312,721.927978515625,721.4000244140625,721.6599731445312
2026-08-05 12:50:00-04:00,721.6199951171875,722.5289916992188,721.5700073242188,722.3300170898438
2026-08-05 12:55:00-04:00,722.2999877929688,722.469970703125,721.9813232421875,722.1300048828125
2026-08-05 13:00:00-04:00,722.1699829101562,722.4000244140625,721.2100219726562,721.3507080078125
2026-08-05 13:05:00-04:00,721.3300170898438,721.5599975585938,720.7703247070312,720.9450073242188
2026-08-05 13:10:00-04:00,720.9636840820312,721.5089721679688,720.5499877929688,721.1400146484375
2026-08-05 13:15:00-04:00,721.0999755859375,721.4149780273438,720.6400146484375,720.97998046875
2026-08-05 13:20:00-04:00,720.9400024414062,721.0700073242188,720.4500122070312,721.0399780273438
2026-08-05 13:25:00-04:00,721.02001953125,721.4392700195312,720.72998046875,720.77001953125
2026-08-05 13:30:00-04:00,720.7999877929688,721.1649780273438,720.4099731445312,720.8099975585938
2026-08-05 13:35:00-04:00,720.8499755859375,721.1300048828125,720.6699829101562,720.9199829101562
2026-08-05 13:40:00-04:00,720.9000244140625,721.3699951171875,720.780029296875,720.8699951171875
2026-08-05 13:45:00-04:00,720.760009765625,721.260009765625,720.3200073242188,721.0499877929688
2026-08-05 13:50:00-04:00,721.0800170898438,721.27001953125,720.6900024414062,720.7581176757812
2026-08-05 13:55:00-04:00,720.7000122070312,721.1599731445312,720.5750122070312,720.85498046875
2026-08-05 14:00:00-04:00,720.864990234375,721.5599975585938,720.77001953125,721.489990234375
2026-08-05 14:05:00-04:00,721.4600219726562,721.489990234375,720.8200073242188,721.1699829101562
2026-08-05 14:10:00-04:00,721.1799926757812,721.510009765625,721.0,721.0
2026-08-05 14:15:00-04:00,720.9400024414062,721.4600219726562,720.8200073242188,721.25
2026-08-05 14:20:00-04:00,721.2200927734375,721.3699951171875,720.9199829101562,721.0800170898438
2026-08-05 14:25:00-04:00,721.0599975585938,721.4199829101562,721.0499877929688,721.3099975585938
2026-08-05 14:30:00-04:00,721.3200073242188,721.3200073242188,720.1300048828125,720.4099731445312
2026-08-05 14:35:00-04:00,720.3699951171875,720.8499755859375,720.3300170898438,720.469970703125
2026-08-05 14:40:00-04:00,720.4650268554688,720.6749877929688,720.2899780273438,720.47998046875
2026-08-05 14:45:00-04:00,720.489990234375,721.030029296875,720.3800048828125,720.760009765625
2026-08-05 14:50:00-04:00,720.7550048828125,720.9299926757812,720.47998046875,720.5599975585938
2026-08-05 14:55:00-04:00,720.5599975585938,720.5900268554688,720.0499877929688,720.0900268554688
2026-08-05 15:00:00-04:00,720.1099853515625,720.9500122070312,719.9400024414062,720.9099731445312
2026-08-05 15:05:00-04:00,720.9298706054688,721.3499755859375,720.7899780273438,721.1099853515625
2026-08-05 15:10:00-04:00,721.1389770507812,721.3499755859375,720.989990234375,721.280029296875
2026-08-05 15:15:00-04:00,721.27001953125,721.4099731445312,721.0549926757812,721.097412109375
2026-08-05 15:20:00-04:00,721.1099853515625,721.3099975585938,720.8350219726562,721.0850219726562
2026-08-05 15:25:00-04:00,721.0700073242188,721.3391723632812,720.8599853515625,720.8887939453125
2026-08-05 15:30:00-04:00,720.875,721.030029296875,720.1400146484375,720.27001953125
2026-08-05 15:35:00-04:00,720.239990234375,720.4099731445312,719.8150024414062,719.9099731445312
2026-08-05 15:40:00-04:00,719.885009765625,720.3690795898438,719.6599731445312,719.7799072265625
2026-08-05 15:45:00-04:00,719.780029296875,719.9724731445312,719.260009765625,719.8599853515625
2026-08-05 15:50:00-04:00,719.9500122070312,720.3200073242188,719.5250244140625,719.7750244140625
2026-08-05 15:55:00-04:00,719.780029296875,719.8400268554688,716.9299926757812,717.219970703125
2026-08-06 09:30:00-04:00,710.760009765625,711.6400146484375,708.5,710.9149780273438
2026-08-06 09:35:00-04:00,710.905029296875,713.5250244140625,710.530517578125,712.02001953125
2026-08-06 09:40:00-04:00,711.989990234375,714.1640014648438,711.7899780273438,713.780029296875
2026-08-06 09:45:00-04:00,713.780029296875,715.6400146484375,713.52001953125,715.4400024414062
2026-08-06 09:50:00-04:00,715.4500122070312,716.030029296875,714.5800170898438,714.8499755859375
2026-08-06 09:55:00-04:00,714.8699951171875,715.719970703125,714.4819946289062,715.47998046875
2026-08-06 10:00:00-04:00,715.5,716.1900024414062,714.52001953125,715.1699829101562
2026-08-06 10:05:00-04:00,715.2999877929688,716.8400268554688,714.9786987304688,716.7249755859375
2026-08-06 10:10:00-04:00,716.75,717.719970703125,716.7100219726562,717.4550170898438
2026-08-06 10:15:00-04:00,717.4400024414062,718.510009765625,716.9000244140625,718.2100219726562
2026-08-06 10:20:00-04:00,718.22998046875,718.8599853515625,717.97998046875,718.02001953125
2026-08-06 10:25:00-04:00,718.0900268554688,718.2160034179688,716.4199829101562,716.8400268554688
2026-08-06 10:30:00-04:00,716.9500122070312,718.1699829101562,716.6599731445312,718.0499877929688
2026-08-06 10:35:00-04:00,717.97998046875,718.4600219726562,716.0499877929688,716.0780029296875
2026-08-06 10:40:00-04:00,716.0700073242188,717.7537841796875,715.9000244140625,716.7999877929688
2026-08-06 10:45:00-04:00,716.8173828125,716.8173828125,715.614990234375,716.2100219726562
2026-08-06 10:50:00-04:00,716.1799926757812,717.5499877929688,716.0,717.5399780273438
2026-08-06 10:55:00-04:00,717.594970703125,718.625,717.2000122070312,718.5919799804688
2026-08-06 11:00:00-04:00,718.6500244140625,719.0900268554688,717.2100219726562,717.489990234375
2026-08-06 11:05:00-04:00,717.52001953125,719.0,717.52001953125,718.9500122070312
2026-08-06 11:10:00-04:00,718.9600219726562,719.3200073242188,718.22998046875,718.3400268554688
2026-08-06 11:15:00-04:00,718.3200073242188,718.75,716.72998046875,716.739990234375
2026-08-06 11:20:00-04:00,716.739990234375,717.3201293945312,716.3699951171875,716.6799926757812
2026-08-06 11:25:00-04:00,716.6608276367188,717.4979858398438,716.4000244140625,717.4199829101562
2026-08-06 11:30:00-04:00,717.47998046875,717.8599243164062,716.0800170898438,716.0800170898438
2026-08-06 11:35:00-04:00,716.0900268554688,716.72998046875,715.75,716.389892578125
2026-08-06 11:40:00-04:00,716.3900146484375,716.8400268554688,715.594970703125,715.6253051757812
2026-08-06 11:45:00-04:00,715.619873046875,717.52001953125,715.5399780273438,716.9000244140625
2026-08-06 11:50:00-04:00,716.9650268554688,717.7999877929688,715.344970703125,715.4299926757812
2026-08-06 11:55:00-04:00,715.4299926757812,716.1199951171875,714.9650268554688,715.1699829101562
2026-08-06 12:00:00-04:00,715.1699829101562,715.3499755859375,714.2899780273438,714.822021484375
2026-08-06 12:05:00-04:00,714.8400268554688,715.8099975585938,714.6740112304688,715.4000244140625
2026-08-06 12:10:00-04:00,715.5,715.7999877929688,714.4000244140625,714.489990234375
2026-08-06 12:15:00-04:00,714.510009765625,714.9000244140625,713.6589965820312,714.635009765625
2026-08-06 12:20:00-04:00,714.6500244140625,714.7369995117188,713.530029296875,714.47998046875
2026-08-06 12:25:00-04:00,714.5,714.6300048828125,713.9099731445312,714.0900268554688
2026-08-06 12:30:00-04:00,714.1099853515625,714.9600219726562,713.8599853515625,714.2650146484375
2026-08-06 12:35:00-04:00,714.280029296875,715.3200073242188,714.0,715.3200073242188
2026-08-06 12:40:00-04:00,715.3499755859375,715.4299926757812,714.2100219726562,714.2349853515625
2026-08-06 12:45:00-04:00,714.2479858398438,715.125,714.0250244140625,715.10498046875
2026-08-06 12:50:00-04:00,715.119873046875,715.5798950195312,714.9099731445312,715.0399780273438
2026-08-06 12:55:00-04:00,715.0599975585938,716.1599731445312,715.010009765625,716.14990234375
2026-08-06 13:00:00-04:00,716.1400146484375,716.5800170898438,715.7899780273438,715.8599853515625
2026-08-06 13:05:00-04:00,715.9199829101562,716.5650024414062,715.5700073242188,715.719970703125
2026-08-06 13:10:00-04:00,715.6649780273438,715.9600219726562,715.219970703125,715.3400268554688
2026-08-06 13:15:00-04:00,715.35498046875,716.0020141601562,715.0700073242188,715.780029296875
2026-08-06 13:20:00-04:00,715.8099975585938,715.9849853515625,715.25,715.3250122070312
2026-08-06 13:25:00-04:00,715.3599853515625,715.969970703125,715.3599853515625,715.3900146484375
2026-08-06 13:30:00-04:00,715.3900146484375,715.75,715.280029296875,715.5150146484375
2026-08-06 13:35:00-04:00,715.5349731445312,715.75,715.02001953125,715.0800170898438
2026-08-06 13:40:00-04:00,715.0999755859375,715.25,714.60498046875,715.0
2026-08-06 13:45:00-04:00,715.0599975585938,715.260009765625,714.7000122070312,714.7000122070312
2026-08-06 13:50:00-04:00,714.7000122070312,715.4500122070312,714.6199951171875,715.27001953125
2026-08-06 13:55:00-04:00,715.22998046875,715.52001953125,714.969970703125,715.4099731445312
2026-08-06 14:00:00-04:00,715.47998046875,715.6500244140625,714.9199829101562,715.489990234375
2026-08-06 14:05:00-04:00,715.4498901367188,715.66552734375,715.1599731445312,715.5399780273438
2026-08-06 14:10:00-04:00,715.5449829101562,715.8599853515625,715.1950073242188,715.760009765625
2026-08-06 14:15:00-04:00,715.7899780273438,716.469970703125,714.0,716.010009765625
2026-08-06 14:20:00-04:00,716.0499877929688,716.5499877929688,715.9450073242188,716.3800048828125
2026-08-06 14:25:00-04:00,716.3800048828125,716.4299926757812,715.8699951171875,716.1199951171875
2026-08-06 14:30:00-04:00,716.0999755859375,716.2100219726562,715.52001953125,715.594970703125
2026-08-06 14:35:00-04:00,715.5499877929688,715.85498046875,715.1099853515625,715.1599731445312
2026-08-06 14:40:00-04:00,715.2100219726562,715.2999877929688,714.760009765625,715.219970703125
2026-08-06 14:45:00-04:00,715.239990234375,715.5999755859375,714.969970703125,715.0
2026-08-06 14:50:00-04:00,715.0186767578125,715.219970703125,714.8800048828125,715.0562133789062
2026-08-06 14:55:00-04:00,715.0499877929688,715.4298706054688,714.9400024414062,715.0700073242188
2026-08-06 15:00:00-04:00,715.0800170898438,716.260009765625,715.0,716.239990234375
2026-08-06 15:05:00-04:00,716.2100219726562,716.364990234375,715.5499877929688,716.27001953125
2026-08-06 15:10:00-04:00,716.2999877929688,716.405029296875,715.510009765625,715.5700073242188
2026-08-06 15:15:00-04:00,715.5800170898438,715.6597900390625,715.3300170898438,715.3800048828125
2026-08-06 15:20:00-04:00,715.3900146484375,715.9500122070312,714.9000244140625,714.9249877929688
2026-08-06 15:25:00-04:00,714.9249877929688,715.3049926757812,714.6599731445312,714.9000244140625
2026-08-06 15:30:00-04:00,714.9000244140625,715.8099975585938,714.4600219726562,715.6599731445312
2026-08-06 15:35:00-04:00,715.6500244140625,715.6500244140625,714.9400024414062,714.969970703125
2026-08-06 15:40:00-04:00,714.9500122070312,715.0684814453125,714.5426025390625,714.8400268554688
2026-08-06 15:45:00-04:00,714.8200073242188,715.02001953125,714.4149780273438,714.905029296875
2026-08-06 15:50:00-04:00,714.9099731445312,715.5900268554688,714.110107421875,715.469970703125
2026-08-06 15:55:00-04:00,715.469970703125,715.469970703125,714.1699829101562,714.6199951171875
2026-08-07 09:30:00-04:00,720.0,722.5449829101562,719.6799926757812,722.3895263671875
2026-08-07 09:35:00-04:00,722.3599853515625,722.4650268554688,719.7999877929688,720.6099853515625
2026-08-07 09:40:00-04:00,720.6400146484375,722.1400146484375,719.9199829101562,721.973876953125
2026-08-07 09:45:00-04:00,721.9000244140625,722.7100219726562,720.0800170898438,721.5650024414062
2026-08-07 09:50:00-04:00,721.5800170898438,722.219482421875,720.9400024414062,721.1699829101562
2026-08-07 09:55:00-04:00,721.0399780273438,721.280029296875,718.4600219726562,719.3099975585938
2026-08-07 10:00:00-04:00,719.3049926757812,720.0900268554688,717.7999877929688,717.8049926757812
2026-08-07 10:05:00-04:00,717.7999877929688,719.3900146484375,717.7000122070312,718.0900268554688
2026-08-07 10:10:00-04:00,718.094970703125,718.5399780273438,716.52001953125,716.9749755859375
2026-08-07 10:15:00-04:00,716.989990234375,720.2150268554688,716.5999755859375,720.1900024414062
2026-08-07 10:20:00-04:00,720.22998046875,720.7999877929688,719.4299926757812,719.8101196289062
2026-08-07 10:25:00-04:00,719.8099975585938,721.6500244140625,719.8099975585938,721.25
2026-08-07 10:30:00-04:00,721.2680053710938,721.5399780273438,720.0800170898438,720.489990234375
2026-08-07 10:35:00-04:00,720.49658203125,720.8099975585938,719.0549926757812,719.22998046875
2026-08-07 10:40:00-04:00,719.239990234375,720.2000122070312,718.8300170898438,719.1599731445312
2026-08-07 10:45:00-04:00,719.1599731445312,720.5499877929688,718.989990234375,719.9699096679688
2026-08-07 10:50:00-04:00,719.9000244140625,720.3800048828125,718.9949951171875,719.2999877929688
2026-08-07 10:55:00-04:00,719.3800048828125,720.5499267578125,719.1900024414062,720.27001953125
2026-08-07 11:00:00-04:00,720.27001953125,720.885009765625,720.030029296875,720.8200073242188
2026-08-07 11:05:00-04:00,720.8300170898438,721.4000244140625,720.75,721.0999755859375
2026-08-07 11:10:00-04:00,721.1300048828125,721.75,720.6900024414062,721.2100219726562
2026-08-07 11:15:00-04:00,721.1900024414062,721.3800048828125,720.89501953125,721.1599731445312
2026-08-07 11:20:00-04:00,721.1699829101562,722.1480102539062,721.0399780273438,722.0700073242188
2026-08-07 11:25:00-04:00,722.0700073242188,722.8599853515625,722.039794921875,722.7999877929688
2026-08-07 11:30:00-04:00,722.7999877929688,723.4998779296875,722.7999877929688,723.1099853515625
2026-08-07 11:35:00-04:00,723.1599731445312,723.2100219726562,722.6199951171875,722.76318359375
2026-08-07 11:40:00-04:00,722.8200073242188,723.0650024414062,722.04052734375,722.4400024414062
2026-08-07 11:45:00-04:00,722.4099731445312,722.989990234375,722.239990234375,722.8800048828125
2026-08-07 11:50:00-04:00,722.8800048828125,723.2000122070312,722.0900268554688,722.5399780273438
2026-08-07 11:55:00-04:00,722.5499877929688,722.6799926757812,722.0999755859375,722.489990234375
2026-08-07 12:00:00-04:00,722.5300903320312,722.6599731445312,722.0599975585938,722.4650268554688
2026-08-07 12:05:00-04:00,722.4400024414062,722.9099731445312,722.4000244140625,722.780029296875
2026-08-07 12:10:00-04:00,722.780029296875,722.8599853515625,722.1699829101562,722.1950073242188
2026-08-07 12:15:00-04:00,722.1500244140625,722.6199951171875,721.8900146484375,722.030029296875
2026-08-07 12:20:00-04:00,722.0449829101562,722.635009765625,720.8699951171875,720.9299926757812
2026-08-07 12:25:00-04:00,720.8599853515625,721.0449829101562,719.5015869140625,720.0999755859375
2026-08-07 12:30:00-04:00,720.0999755859375,720.6699829101562,719.0499877929688,720.6262817382812
2026-08-07 12:35:00-04:00,720.5999755859375,721.125,720.22998046875,721.0050048828125
2026-08-07 12:40:00-04:00,721.0,721.2100219726562,720.5999755859375,721.0499877929688
2026-08-07 12:45:00-04:00,721.0800170898438,721.5,721.0549926757812,721.3699951171875
2026-08-07 12:50:00-04:00,721.3800048828125,721.6799926757812,720.72998046875,720.8200073242188
2026-08-07 12:55:00-04:00,720.8800048828125,721.2899780273438,720.6799926757812,720.6799926757812
2026-08-07 13:00:00-04:00,720.6799926757812,721.1099853515625,720.39501953125,720.8099975585938
2026-08-07 13:05:00-04:00,720.7999267578125,721.3699951171875,720.7849731445312,721.2999877929688
2026-08-07 13:10:00-04:00,721.3099975585938,721.3599853515625,720.5800170898438,720.60498046875
2026-08-07 13:15:00-04:00,720.6099853515625,721.1679077148438,720.5,721.1199951171875
2026-08-07 13:20:00-04:00,721.1165161132812,721.2996215820312,720.5,720.5499267578125
2026-08-07 13:25:00-04:00,720.5499877929688,721.1099853515625,720.3800048828125,720.9199829101562
2026-08-07 13:30:00-04:00,720.9000244140625,721.0599975585938,720.419921875,720.6013793945312
2026-08-07 13:35:00-04:00,720.6400146484375,721.27001953125,720.5999755859375,721.2219848632812
2026-08-07 13:40:00-04:00,721.25,721.2587890625,720.7000122070312,720.83251953125
2026-08-07 13:45:00-04:00,720.8300170898438,721.0599975585938,720.719970703125,720.8599853515625
2026-08-07 13:50:00-04:00,720.8699951171875,721.1599731445312,720.6300048828125,720.97998046875
2026-08-07 13:55:00-04:00,720.97998046875,721.1489868164062,720.7999877929688,720.7999877929688
2026-08-07 14:00:00-04:00,720.7949829101562,721.0700073242188,720.75,720.889892578125
2026-08-07 14:05:00-04:00,720.8900146484375,721.0499877929688,720.580078125,720.8099975585938
2026-08-07 14:10:00-04:00,720.8099975585938,720.9199829101562,720.0800170898438,720.2000122070312
2026-08-07 14:15:00-04:00,720.260009765625,720.5900268554688,720.1624755859375,720.4249877929688
2026-08-07 14:20:00-04:00,720.4099731445312,720.52001953125,720.0800170898438,720.219970703125
2026-08-07 14:25:00-04:00,720.2000122070312,720.27001953125,719.8201293945312,719.8900146484375
2026-08-07 14:30:00-04:00,719.9000244140625,720.3499755859375,719.780029296875,719.864990234375
2026-08-07 14:35:00-04:00,719.875,720.010009765625,719.5401000976562,719.7100219726562
2026-08-07 14:40:00-04:00,719.7100219726562,719.7999877929688,719.27001953125,719.2999877929688
2026-08-07 14:45:00-04:00,719.3150024414062,719.7999877929688,719.2349853515625,719.75
2026-08-07 14:50:00-04:00,719.7449951171875,720.0499877929688,719.6599731445312,719.7000122070312
2026-08-07 14:55:00-04:00,719.7299194335938,720.489990234375,719.5,720.3800048828125
2026-08-07 15:00:00-04:00,720.3699951171875,721.469970703125,720.344970703125,720.8400268554688
2026-08-07 15:05:00-04:00,720.8300170898438,722.0,720.8250122070312,721.97998046875
2026-08-07 15:10:00-04:00,722.0,722.4000244140625,721.989990234375,722.169921875
2026-08-07 15:15:00-04:00,722.1699829101562,722.719970703125,721.9802856445312,721.9949951171875
2026-08-07 15:20:00-04:00,722.0,722.510009765625,722.0,722.1099853515625
2026-08-07 15:25:00-04:00,722.0900268554688,722.4299926757812,722.056396484375,722.4199829101562
2026-08-07 15:30:00-04:00,722.4249877929688,722.4249877929688,721.5900268554688,721.6337280273438
2026-08-07 15:35:00-04:00,721.64501953125,722.1799926757812,721.530029296875,722.0449829101562
2026-08-07 15:40:00-04:00,722.0399780273438,722.0900268554688,721.5001831054688,721.669921875
2026-08-07 15:45:00-04:00,721.6500244140625,722.0499877929688,721.6199951171875,721.9398803710938
2026-08-07 15:50:00-04:00,721.9000244140625,722.97998046875,721.8300170898438,722.8499755859375
2026-08-07 15:55:00-04:00,722.8499755859375,723.6199951171875,722.5900268554688,723.0150146484375
2026-08-10 09:30:00-04:00,722.6500244140625,723.25,720.75,720.8300170898438
2026-08-10 09:35:00-04:00,720.7899780273438,722.5,720.576171875,721.3699951171875
2026-08-10 09:40:00-04:00,721.39501953125,721.9669799804688,720.3400268554688,721.6900024414062
2026-08-10 09:45:00-04:00,721.719970703125,722.9199829101562,721.5499877929688,722.719970703125
2026-08-10 09:50:00-04:00,722.739990234375,723.0599975585938,721.2000122070312,721.719970703125
2026-08-10 09:55:00-04:00,721.6849975585938,722.7000122070312,721.27001953125,722.469970703125
2026-08-10 10:00:00-04:00,722.469970703125,723.0700073242188,722.0399780273438,722.7650146484375
2026-08-10 10:05:00-04:00,722.75,724.0999755859375,722.719970703125,724.0900268554688
2026-08-10 10:10:00-04:00,724.0800170898438,724.5050048828125,724.010009765625,724.239990234375
2026-08-10 10:15:00-04:00,724.2349853515625,724.6699829101562,723.6400146484375,723.8599853515625
2026-08-10 10:20:00-04:00,723.760009765625,724.3200073242188,722.9600219726562,723.2000122070312
2026-08-10 10:25:00-04:00,723.2349853515625,723.9500122070312,722.6400146484375,723.6699829101562
2026-08-10 10:30:00-04:00,723.7098999023438,724.239990234375,723.5250244140625,723.7587280273438
2026-08-10 10:35:00-04:00,723.77001953125,724.52001953125,723.4099731445312,723.719482421875
2026-08-10 10:40:00-04:00,723.7100219726562,724.239990234375,723.6099853515625,723.9099731445312
2026-08-10 10:45:00-04:00,723.8900146484375,724.322509765625,723.8192138671875,723.969970703125
2026-08-10 10:50:00-04:00,724.030029296875,724.1099853515625,722.1500244140625,722.2100219726562
2026-08-10 10:55:00-04:00,722.1699829101562,722.6300048828125,721.75,721.780029296875
2026-08-10 11:00:00-04:00,721.8400268554688,722.6300048828125,721.5700073242188,722.2698974609375
2026-08-10 11:05:00-04:00,722.280029296875,722.77001953125,721.8499755859375,721.8499755859375
2026-08-10 11:10:00-04:00,721.8599853515625,722.3599853515625,721.4400024414062,722.1099853515625
2026-08-10 11:15:00-04:00,722.0800170898438,722.6400146484375,722.0,722.25
2026-08-10 11:20:00-04:00,722.260498046875,722.469970703125,721.6300048828125,721.8599853515625
2026-08-10 11:25:00-04:00,721.85498046875,721.969970703125,721.14501953125,721.6900024414062
2026-08-10 11:30:00-04:00,721.6500244140625,721.8900146484375,721.010009765625,721.030029296875
2026-08-10 11:35:00-04:00,721.0399780273438,721.5,720.8300170898438,721.3400268554688
2026-08-10 11:40:00-04:00,721.3200073242188,722.4650268554688,721.1199951171875,722.4600219726562
2026-08-10 11:45:00-04:00,722.5399780273438,722.7000122070312,721.9600219726562,722.1300048828125
2026-08-10 11:50:00-04:00,722.1699829101562,723.4310302734375,722.1099853515625,723.389892578125
2026-08-10 11:55:00-04:00,723.375,723.5562133789062,723.1649780273438,723.3049926757812
2026-08-10 12:00:00-04:00,723.3250122070312,723.64501953125,723.25,723.4299926757812
2026-08-10 12:05:00-04:00,723.4000244140625,723.469970703125,722.6500244140625,722.8599853515625
2026-08-10 12:10:00-04:00,722.8599853515625,723.0499877929688,722.5399780273438,722.780029296875
2026-08-10 12:15:00-04:00,722.7100219726562,723.0800170898438,722.3800048828125,722.760009765625
2026-08-10 12:20:00-04:00,722.75,723.2208251953125,722.655029296875,723.2194213867188
2026-08-10 12:25:00-04:00,723.219970703125,723.2999877929688,722.4700927734375,722.47998046875
2026-08-10 12:30:00-04:00,722.4500122070312,722.6500244140625,720.7999877929688,721.7000122070312
2026-08-10 12:35:00-04:00,721.739990234375,722.1699829101562,721.3200073242188,721.530029296875
2026-08-10 12:40:00-04:00,721.5,721.639892578125,720.5700073242188,720.7849731445312
2026-08-10 12:45:00-04:00,720.8900146484375,721.469970703125,720.6400146484375,721.469970703125
2026-08-10 12:50:00-04:00,721.4400024414062,721.4650268554688,720.8499755859375,721.1699829101562
2026-08-10 12:55:00-04:00,721.1699829101562,721.77001953125,721.1699829101562,721.77001953125
2026-08-10 13:00:00-04:00,721.780029296875,721.8400268554688,721.3200073242188,721.6300048828125
2026-08-10 13:05:00-04:00,721.5900268554688,722.3099975585938,721.5399780273438,722.2899780273438
2026-08-10 13:10:00-04:00,722.3200073242188,722.510009765625,722.1199951171875,722.3150024414062
2026-08-10 13:15:00-04:00,722.3200073242188,722.5399780273438,722.0203857421875,722.1599731445312
2026-08-10 13:20:00-04:00,722.1900024414062,722.3800048828125,722.0900268554688,722.219970703125
2026-08-10 13:25:00-04:00,722.1799926757812,722.2449951171875,721.7036743164062,721.9400024414062
2026-08-10 13:30:00-04:00,721.9400024414062,722.1666259765625,721.9099731445312,721.9550170898438
2026-08-10 13:35:00-04:00,721.989990234375,722.030029296875,721.3900146484375,721.5399780273438
2026-08-10 13:40:00-04:00,721.510009765625,721.719970703125,721.1900024414062,721.260009765625
2026-08-10 13:45:00-04:00,721.2750244140625,721.3555908203125,721.1400146484375,721.1950073242188
2026-08-10 13:50:00-04:00,721.1201171875,721.3099975585938,720.9099731445312,721.0800170898438
2026-08-10 13:55:00-04:00,721.0900268554688,721.4097900390625,720.9349975585938,721.27001953125
2026-08-10 14:00:00-04:00,721.3049926757812,721.469970703125,721.0499877929688,721.1500244140625
2026-08-10 14:05:00-04:00,721.1799926757812,721.5,721.030029296875,721.4000244140625
2026-08-10 14:10:00-04:00,721.3699951171875,721.5700073242188,721.030029296875,721.0800170898438
2026-08-10 14:15:00-04:00,721.0795288085938,721.1798706054688,720.89501953125,720.9749755859375
2026-08-10 14:20:00-04:00,720.97998046875,721.139892578125,720.8599853515625,721.0798950195312
2026-08-10 14:25:00-04:00,721.0499877929688,721.17626953125,720.9000244140625,720.9749755859375
2026-08-10 14:30:00-04:00,720.969970703125,721.4036254882812,720.6900024414062,721.375
2026-08-10 14:35:00-04:00,721.375,721.5399780273438,720.9500122070312,721.1599731445312
2026-08-10 14:40:00-04:00,721.1788940429688,721.6099853515625,721.1594848632812,721.5549926757812
2026-08-10 14:45:00-04:00,721.5700073242188,721.6174926757812,721.3099975585938,721.4249877929688
2026-08-10 14:50:00-04:00,721.4600219726562,721.7899780273438,721.4500122070312,721.635009765625
2026-08-10 14:55:00-04:00,721.655029296875,721.8800048828125,721.469970703125,721.8350219726562
2026-08-10 15:00:00-04:00,721.8300170898438,722.0900268554688,721.7750244140625,721.8399047851562
2026-08-10 15:05:00-04:00,721.8400268554688,721.9600219726562,721.6699829101562,721.9099731445312
2026-08-10 15:10:00-04:00,721.9299926757812,722.1199951171875,721.8300170898438,722.0
2026-08-10 15:15:00-04:00,721.9949951171875,722.139892578125,721.8101196289062,721.8800048828125
2026-08-10 15:20:00-04:00,721.8900146484375,722.0999755859375,721.7899780273438,722.0800170898438
2026-08-10 15:25:00-04:00,722.0800170898438,722.1300048828125,721.75,721.7999877929688
2026-08-10 15:30:00-04:00,721.8800048828125,721.9498901367188,721.6400146484375,721.719970703125
2026-08-10 15:35:00-04:00,721.6749877929688,722.0700073242188,721.5999755859375,721.9500122070312
2026-08-10 15:40:00-04:00,721.9500122070312,721.969970703125,721.530029296875,721.64501953125
2026-08-10 15:45:00-04:00,721.6500244140625,721.8499755859375,721.405029296875,721.7999877929688
2026-08-10 15:50:00-04:00,721.7899780273438,721.7999877929688,720.6199951171875,720.655029296875
2026-08-10 15:55:00-04:00,720.6699829101562,721.135009765625,720.3300170898438,720.8049926757812
2026-08-11 09:30:00-04:00,723.2999877929688,723.2999877929688,720.5999755859375,720.7999877929688
2026-08-11 09:35:00-04:00,720.760009765625,720.9063110351562,719.4500122070312,719.9249877929688
2026-08-11 09:40:00-04:00,719.9600219726562,721.25,719.9500122070312,720.4600219726562
2026-08-11 09:45:00-04:00,720.4099731445312,720.469970703125,718.4010009765625,719.0
2026-08-11 09:50:00-04:00,718.989990234375,719.8079833984375,718.5999755859375,719.0399780273438
2026-08-11 09:55:00-04:00,719.030029296875,720.739990234375,718.9099731445312,720.719970703125
2026-08-11 10:00:00-04:00,720.7000122070312,721.6799926757812,720.3699951171875,721.3200073242188
2026-08-11 10:05:00-04:00,721.2899780273438,722.1555786132812,721.2000122070312,721.8300170898438
2026-08-11 10:10:00-04:00,721.8599853515625,722.0999755859375,721.3200073242188,721.4592895507812
2026-08-11 10:15:00-04:00,721.4500122070312,722.1300048828125,720.9099731445312,721.1199951171875
2026-08-11 10:20:00-04:00,721.0999755859375,721.6799926757812,720.864990234375,721.0900268554688
2026-08-11 10:25:00-04:00,721.0900268554688,721.9099731445312,720.97998046875,721.8300170898438
2026-08-11 10:30:00-04:00,721.7999877929688,721.9650268554688,720.8300170898438,721.6699829101562
2026-08-11 10:35:00-04:00,721.6900024414062,721.7899780273438,720.9650268554688,721.030029296875
2026-08-11 10:40:00-04:00,721.0,721.3099975585938,720.614990234375,720.9400024414062
2026-08-11 10:45:00-04:00,720.9400024414062,721.9299926757812,720.9000244140625,721.8699951171875
2026-08-11 10:50:00-04:00,721.8599853515625,722.4400024414062,721.52001953125,722.2150268554688
2026-08-11 10:55:00-04:00,722.2000122070312,722.409912109375,721.6799926757812,721.7899780273438
2026-08-11 11:00:00-04:00,721.7999877929688,722.1400146484375,721.6599731445312,721.7650146484375
2026-08-11 11:05:00-04:00,721.760009765625,721.7750244140625,720.260009765625,720.280029296875
2026-08-11 11:10:00-04:00,720.27001953125,720.5999755859375,720.0349731445312,720.25
2026-08-11 11:15:00-04:00,720.219970703125,720.3800048828125,719.8900146484375,720.139892578125
2026-08-11 11:20:00-04:00,720.1599731445312,720.7999877929688,720.0,720.0695190429688
2026-08-11 11:25:00-04:00,720.10498046875,720.4600219726562,719.989990234375,719.989990234375
2026-08-11 11:30:00-04:00,720.0349731445312,720.364990234375,719.1099853515625,719.2999877929688
2026-08-11 11:35:00-04:00,719.3099975585938,719.77001953125,719.135009765625,719.2249755859375
2026-08-11 11:40:00-04:00,719.2050170898438,719.8200073242188,719.0999755859375,719.77001953125
2026-08-11 11:45:00-04:00,719.7750244140625,719.7750244140625,719.1799926757812,719.2000732421875
2026-08-11 11:50:00-04:00,719.1799926757812,719.5800170898438,719.010009765625,719.1199951171875
2026-08-11 11:55:00-04:00,719.1199951171875,719.3499755859375,718.9716186523438,719.0698852539062
2026-08-11 12:00:00-04:00,719.0800170898438,719.3255004882812,718.6799926757812,718.7683715820312
2026-08-11 12:05:00-04:00,718.7899780273438,719.4500122070312,718.760009765625,719.4299926757812
2026-08-11 12:10:00-04:00,719.4498901367188,719.4600219726562,718.719970703125,718.75
2026-08-11 12:15:00-04:00,718.77001953125,719.1799926757812,718.6099853515625,718.6699829101562
2026-08-11 12:20:00-04:00,718.6900024414062,718.969970703125,718.47998046875,718.5399780273438
2026-08-11 12:25:00-04:00,718.530029296875,718.6300048828125,718.0349731445312,718.6300048828125
2026-08-11 12:30:00-04:00,718.6099853515625,718.7100219726562,718.2670288085938,718.3200073242188
2026-08-11 12:35:00-04:00,718.2999877929688,719.0700073242188,718.280029296875,718.97998046875
2026-08-11 12:40:00-04:00,718.97998046875,718.97998046875,718.3300170898438,718.385009765625
2026-08-11 12:45:00-04:00,718.3994750976562,718.4199829101562,717.9299926757812,718.280029296875
2026-08-11 12:50:00-04:00,718.2899780273438,718.52001953125,718.260009765625,718.47998046875
2026-08-11 12:55:00-04:00,718.489990234375,718.510009765625,718.0449829101562,718.1400146484375
2026-08-11 13:00:00-04:00,718.1400146484375,718.3272094726562,717.6099853515625,717.655029296875
2026-08-11 13:05:00-04:00,717.6300048828125,718.0499877929688,717.5549926757812,717.8200073242188
2026-08-11 13:10:00-04:00,717.8099975585938,717.8099975585938,716.9500122070312,716.97998046875
2026-08-11 13:15:00-04:00,716.9600219726562,717.6599731445312,716.8699951171875,717.5
2026-08-11 13:20:00-04:00,717.530029296875,717.9000244140625,717.3200073242188,717.6799926757812
2026-08-11 13:25:00-04:00,717.6799926757812,717.9199829101562,717.47998046875,717.6599731445312
2026-08-11 13:30:00-04:00,717.6680297851562,717.8499755859375,717.5,717.8499755859375
2026-08-11 13:35:00-04:00,717.8411865234375,718.1900024414062,717.635009765625,717.8109130859375
2026-08-11 13:40:00-04:00,717.7449951171875,718.4199829101562,717.739990234375,718.3350219726562
2026-08-11 13:45:00-04:00,718.3350219726562,718.469970703125,718.0900268554688,718.2100219726562
2026-08-11 13:50:00-04:00,718.2349853515625,718.4600219726562,718.2349853515625,718.4299926757812
2026-08-11 13:55:00-04:00,718.4400024414062,718.4500122070312,718.0599975585938,718.1900024414062
2026-08-11 14:00:00-04:00,718.200927734375,718.3599853515625,717.9500122070312,718.2449951171875
2026-08-11 14:05:00-04:00,718.219970703125,718.3171997070312,717.5499877929688,717.6300048828125
2026-08-11 14:10:00-04:00,717.6199951171875,717.8499755859375,717.5800170898438,717.6801147460938
2026-08-11 14:15:00-04:00,717.6900024414062,717.8300170898438,717.5499877929688,717.6199951171875
2026-08-11 14:20:00-04:00,717.6099853515625,717.6099853515625,716.9199829101562,717.1300048828125
2026-08-11 14:25:00-04:00,717.1300048828125,717.2000122070312,715.7899780273438,716.1799926757812
2026-08-11 14:30:00-04:00,716.1799926757812,716.8099975585938,716.0999755859375,716.739990234375
2026-08-11 14:35:00-04:00,716.7550048828125,716.93798828125,716.4500122070312,716.6300048828125
2026-08-11 14:40:00-04:00,716.5750122070312,716.5750122070312,716.1599731445312,716.280029296875
2026-08-11 14:45:00-04:00,716.280029296875,717.22998046875,716.280029296875,717.1821899414062
2026-08-11 14:50:00-04:00,717.1599731445312,717.489990234375,717.0499877929688,717.4000244140625
2026-08-11 14:55:00-04:00,717.3900146484375,717.4299926757812,717.0900268554688,717.0900268554688
2026-08-11 15:00:00-04:00,717.094970703125,717.4099731445312,716.9099731445312,717.3599853515625
2026-08-11 15:05:00-04:00,717.3499755859375,717.3699951171875,716.8200073242188,717.080078125
2026-08-11 15:10:00-04:00,717.0999755859375,717.8400268554688,717.030029296875,717.6849975585938
2026-08-11 15:15:00-04:00,717.6799926757812,717.8599853515625,717.5599975585938,717.6199951171875
2026-08-11 15:20:00-04:00,717.6300048828125,717.9000244140625,717.5814819335938,717.8250122070312
2026-08-11 15:25:00-04:00,717.8250122070312,718.1364135742188,717.6599731445312,718.0650024414062
2026-08-11 15:30:00-04:00,718.0900268554688,718.4299926757812,717.989990234375,718.3900146484375
2026-08-11 15:35:00-04:00,718.4000244140625,718.9349975585938,718.2722778320312,718.9349975585938
2026-08-11 15:40:00-04:00,718.9199829101562,718.9299926757812,718.4000244140625,718.4400024414062
2026-08-11 15:45:00-04:00,718.4400024414062,718.510009765625,717.9730834960938,718.135009765625
2026-08-11 15:50:00-04:00,718.1599731445312,718.64990234375,717.6500244140625,718.5900268554688
2026-08-11 15:55:00-04:00,718.5700073242188,718.6898803710938,717.77001953125,718.3400268554688
2026-08-12 09:30:00-04:00,726.969970703125,727.25,724.2899780273438,724.3162841796875
2026-08-12 09:35:00-04:00,724.27001953125,725.8400268554688,724.0700073242188,724.5701293945312
2026-08-12 09:40:00-04:00,724.5675048828125,724.9262084960938,723.7380981445312,724.8300170898438
2026-08-12 09:45:00-04:00,724.8099975585938,726.5,724.1702270507812,726.3350219726562
2026-08-12 09:50:00-04:00,726.3099975585938,726.3350219726562,724.5150146484375,724.7349853515625
2026-08-12 09:55:00-04:00,724.75,725.3499755859375,723.8900146484375,725.0900268554688
2026-08-12 10:00:00-04:00,725.0399780273438,725.1599731445312,723.8200073242188,723.8200073242188
2026-08-12 10:05:00-04:00,723.7999877929688,725.3900146484375,723.6099853515625,725.3499755859375
2026-08-12 10:10:00-04:00,725.3099975585938,725.718017578125,724.5,724.6900024414062
2026-08-12 10:15:00-04:00,724.6699829101562,725.263427734375,724.280517578125,724.3049926757812
2026-08-12 10:20:00-04:00,724.3400268554688,725.4000854492188,724.02001953125,725.385009765625
2026-08-12 10:25:00-04:00,725.3800048828125,725.9299926757812,724.9600219726562,725.22998046875
2026-08-12 10:30:00-04:00,725.239990234375,725.4199829101562,723.25,724.3300170898438
2026-08-12 10:35:00-04:00,724.3200073242188,725.5349731445312,723.9609985351562,725.25
2026-08-12 10:40:00-04:00,725.3887939453125,725.5,724.75,725.4299926757812
2026-08-12 10:45:00-04:00,725.4600219726562,725.5999755859375,724.6599731445312,724.9600219726562
2026-08-12 10:50:00-04:00,724.9299926757812,724.9600219726562,723.8001098632812,723.9500122070312
2026-08-12 10:55:00-04:00,723.9500122070312,724.3599853515625,723.6300048828125,724.1099853515625
2026-08-12 11:00:00-04:00,724.0999755859375,724.3300170898438,723.3900146484375,723.7000122070312
2026-08-12 11:05:00-04:00,723.6400146484375,724.356201171875,723.469970703125,724.2000122070312
2026-08-12 11:10:00-04:00,724.1715698242188,724.6300048828125,723.6500244140625,724.4249877929688
2026-08-12 11:15:00-04:00,724.364990234375,724.5698852539062,723.989990234375,724.1400146484375
2026-08-12 11:20:00-04:00,724.1799926757812,724.3300170898438,723.5449829101562,723.7100219726562
2026-08-12 11:25:00-04:00,723.7100219726562,724.22998046875,723.5250244140625,724.22998046875
2026-08-12 11:30:00-04:00,724.25,724.3099975585938,722.9199829101562,723.219970703125
2026-08-12 11:35:00-04:00,723.219970703125,723.8400268554688,723.2000122070312,723.2100219726562
2026-08-12 11:40:00-04:00,723.2205200195312,723.4550170898438,722.9199829101562,723.135009765625
2026-08-12 11:45:00-04:00,723.1500244140625,723.5999755859375,722.9199829101562,723.5750122070312
2026-08-12 11:50:00-04:00,723.5900268554688,723.7340087890625,723.280029296875,723.3499755859375
2026-08-12 11:55:00-04:00,723.3599853515625,723.4650268554688,723.1749877929688,723.239990234375
2026-08-12 12:00:00-04:00,723.239990234375,723.9199829101562,723.1599731445312,723.7100219726562
2026-08-12 12:05:00-04:00,723.6600952148438,724.1762084960938,723.5499877929688,724.1649780273438
2026-08-12 12:10:00-04:00,724.1749877929688,724.2999877929688,723.8900146484375,724.2000122070312
2026-08-12 12:15:00-04:00,724.219970703125,724.2849731445312,723.8707275390625,723.9199829101562
2026-08-12 12:20:00-04:00,723.9249877929688,724.4874877929688,723.8800048828125,724.4099731445312
2026-08-12 12:25:00-04:00,724.4099731445312,724.5499877929688,724.125,724.2000122070312
2026-08-12 12:30:00-04:00,724.2294921875,724.3599853515625,723.6699829101562,723.7100219726562
2026-08-12 12:35:00-04:00,723.6900024414062,724.5050048828125,723.6799926757812,724.5
2026-08-12 12:40:00-04:00,724.5700073242188,724.719970703125,724.4099731445312,724.47998046875
2026-08-12 12:45:00-04:00,724.4949951171875,724.8200073242188,724.3599853515625,724.75
2026-08-12 12:50:00-04:00,724.760009765625,725.25,724.760009765625,725.0900268554688
2026-08-12 12:55:00-04:00,725.1199951171875,725.1599731445312,724.9400024414062,724.989990234375
2026-08-12 13:00:00-04:00,724.9849853515625,725.4000244140625,724.9099731445312,725.3200073242188
2026-08-12 13:05:00-04:00,725.3099975585938,725.4299926757812,725.0499877929688,725.0700073242188
2026-08-12 13:10:00-04:00,725.0499877929688,725.1599731445312,724.8049926757812,725.119873046875
2026-08-12 13:15:00-04:00,725.119873046875,725.119873046875,724.5900268554688,724.8200073242188
2026-08-12 13:20:00-04:00,724.8200073242188,725.0800170898438,724.8200073242188,724.9600219726562
2026-08-12 13:25:00-04:00,724.969970703125,725.3200073242188,724.9500122070312,725.0800170898438
2026-08-12 13:30:00-04:00,725.0700073242188,725.3200073242188,724.9199829101562,725.090087890625
2026-08-12 13:35:00-04:00,725.0599975585938,725.280029296875,725.030029296875,725.1900024414062
2026-08-12 13:40:00-04:00,725.2000122070312,725.3800048828125,725.0399780273438,725.2150268554688
2026-08-12 13:45:00-04:00,725.22998046875,725.3300170898438,725.114990234375,725.14501953125
2026-08-12 13:50:00-04:00,725.1400146484375,725.4149780273438,724.9749755859375,725.0206909179688
2026-08-12 13:55:00-04:00,725.030029296875,725.1900024414062,724.9099731445312,725.114990234375
2026-08-12 14:00:00-04:00,725.114990234375,725.239990234375,724.8599853515625,724.9100952148438
2026-08-12 14:05:00-04:00,724.8900146484375,724.9650268554688,724.6599731445312,724.8599853515625
2026-08-12 14:10:00-04:00,724.8599853515625,725.3231201171875,724.8499755859375,725.051025390625
2026-08-12 14:15:00-04:00,725.0449829101562,725.0999755859375,724.72998046875,724.9099731445312
2026-08-12 14:20:00-04:00,724.9099731445312,725.1199951171875,724.6599731445312,725.0900268554688
2026-08-12 14:25:00-04:00,725.0999755859375,725.2003173828125,724.7100219726562,724.739990234375
2026-08-12 14:30:00-04:00,724.739990234375,725.1699829101562,724.739990234375,724.9349975585938
2026-08-12 14:35:00-04:00,724.9400024414062,725.1699829101562,724.9299926757812,725.1163940429688
2026-08-12 14:40:00-04:00,725.135009765625,725.5599975585938,725.1298828125,725.3200073242188
2026-08-12 14:45:00-04:00,725.3250122070312,725.3494262695312,725.0800170898438,725.2999877929688
2026-08-12 14:50:00-04:00,725.3099975585938,725.4149780273438,725.0700073242188,725.0700073242188
2026-08-12 14:55:00-04:00,725.0900268554688,725.0900268554688,724.510009765625,724.6300048828125
2026-08-12 15:00:00-04:00,724.6300048828125,724.9299926757812,724.5900268554688,724.6500244140625
2026-08-12 15:05:00-04:00,724.6599731445312,724.9600219726562,724.6300048828125,724.6699829101562
2026-08-12 15:10:00-04:00,724.6599731445312,724.7100219726562,724.375,724.489990234375
2026-08-12 15:15:00-04:00,724.4849853515625,724.8200073242188,724.4500122070312,724.6300048828125
2026-08-12 15:20:00-04:00,724.6199951171875,724.6300048828125,724.032470703125,724.0349731445312
2026-08-12 15:25:00-04:00,724.0700073242188,724.22998046875,723.8200073242188,724.0999755859375
2026-08-12 15:30:00-04:00,724.0900268554688,724.1099243164062,723.72998046875,723.8800048828125
2026-08-12 15:35:00-04:00,723.8800048828125,724.0023803710938,723.6699829101562,723.739990234375
2026-08-12 15:40:00-04:00,723.75,723.780029296875,723.219970703125,723.6500244140625
2026-08-12 15:45:00-04:00,723.6400146484375,724.0900268554688,723.4099731445312,724.0599975585938
2026-08-12 15:50:00-04:00,724.0399780273438,724.0700073242188,723.3699951171875,723.780029296875
2026-08-12 15:55:00-04:00,723.7999877929688,723.9500122070312,723.0349731445312,723.6699829101562
2026-08-13 09:30:00-04:00,725.125,726.02001953125,724.0399780273438,725.9700927734375
2026-08-13 09:35:00-04:00,725.969970703125,728.260009765625,725.9000244140625,728.239990234375
2026-08-13 09:40:00-04:00,728.239990234375,728.6099853515625,727.2349853515625,727.6199951171875
2026-08-13 09:45:00-04:00,727.6400146484375,730.8300170898438,727.469970703125,730.5900268554688
2026-08-13 09:50:00-04:00,730.5850219726562,731.1500244140625,730.2050170898438,730.864990234375
2026-08-13 09:55:00-04:00,730.85498046875,731.6799926757812,730.2899780273438,731.5700073242188
2026-08-13 10:00:00-04:00,731.5650024414062,731.7899780273438,731.0999755859375,731.590087890625
2026-08-13 10:05:00-04:00,731.6099853515625,731.909912109375,731.2100219726562,731.6400146484375
2026-08-13 10:10:00-04:00,731.6400146484375,732.47998046875,731.6312866210938,732.260009765625
2026-08-13 10:15:00-04:00,732.27001953125,732.5599975585938,732.0,732.0800170898438
2026-08-13 10:20:00-04:00,732.0800170898438,732.5250244140625,731.7999877929688,732.2899780273438
2026-08-13 10:25:00-04:00,732.3099975585938,733.0399780273438,732.0999755859375,732.9600219726562
2026-08-13 10:30:00-04:00,732.9500122070312,733.7349853515625,732.8248291015625,733.6799926757812
2026-08-13 10:35:00-04:00,733.6599731445312,733.7550048828125,733.125,733.4000244140625
2026-08-13 10:40:00-04:00,733.3800048828125,733.5889282226562,732.9400024414062,733.0150146484375
2026-08-13 10:45:00-04:00,733.0,733.1298828125,732.4400024414062,732.5800170898438
2026-08-13 10:50:00-04:00,732.5800170898438,732.8250122070312,732.3599853515625,732.8200073242188
2026-08-13 10:55:00-04:00,732.77001953125,732.7999877929688,732.1199951171875,732.1500244140625
2026-08-13 11:00:00-04:00,732.1400146484375,732.9000244140625,732.0443725585938,732.1199951171875
2026-08-13 11:05:00-04:00,732.1199951171875,732.719970703125,732.1099853515625,732.4949951171875
2026-08-13 11:10:00-04:00,732.5,732.8400268554688,732.3099975585938,732.5808715820312
2026-08-13 11:15:00-04:00,732.5999755859375,732.7899780273438,732.2100219726562,732.7899780273438
2026-08-13 11:20:00-04:00,732.7550048828125,733.0999755859375,732.6900024414062,732.9099731445312
2026-08-13 11:25:00-04:00,732.9099731445312,733.030029296875,731.7000122070312,731.9099731445312
2026-08-13 11:30:00-04:00,731.9199829101562,732.125,730.8200073242188,730.8499755859375
2026-08-13 11:35:00-04:00,730.8599853515625,731.3499755859375,730.469970703125,731.0150146484375
2026-08-13 11:40:00-04:00,731.010009765625,731.623291015625,730.5300903320312,731.140380859375
2026-08-13 11:45:00-04:00,731.0549926757812,731.0549926757812,730.4000244140625,730.7000122070312
2026-08-13 11:50:00-04:00,730.72998046875,730.7999877929688,729.8800048828125,730.2003173828125
2026-08-13 11:55:00-04:00,730.22998046875,730.6500244140625,729.8599853515625,730.1400146484375
2026-08-13 12:00:00-04:00,730.1500244140625,731.3300170898438,730.1099853515625,730.9600219726562
2026-08-13 12:05:00-04:00,731.0150146484375,731.510009765625,730.989990234375,731.3099975585938
2026-08-13 12:10:00-04:00,731.2999877929688,731.5,730.685791015625,730.6900024414062
2026-08-13 12:15:00-04:00,730.739990234375,730.9849853515625,730.5800170898438,730.8499755859375
2026-08-13 12:20:00-04:00,730.8250122070312,731.4099731445312,730.6539916992188,731.3400268554688
2026-08-13 12:25:00-04:00,731.3400268554688,731.8800048828125,731.3099975585938,731.8300170898438
2026-08-13 12:30:00-04:00,731.8400268554688,732.1599731445312,731.7899780273438,731.8690185546875
2026-08-13 12:35:00-04:00,731.8336791992188,732.030029296875,731.4000854492188,731.5900268554688
2026-08-13 12:40:00-04:00,731.60498046875,731.85498046875,731.4349975585938,731.760009765625
2026-08-13 12:45:00-04:00,731.75,732.0599975585938,731.75,731.97998046875
2026-08-13 12:50:00-04:00,731.97998046875,732.239990234375,731.760009765625,731.8049926757812
2026-08-13 12:55:00-04:00,731.7449951171875,732.0,731.6199951171875,731.9749755859375
2026-08-13 13:00:00-04:00,732.0,732.6300048828125,732.0,732.5900268554688
2026-08-13 13:05:00-04:00,732.5850219726562,732.9199829101562,732.5750122070312,732.8099975585938
2026-08-13 13:10:00-04:00,732.8300170898438,732.9500122070312,732.739990234375,732.7999877929688
2026-08-13 13:15:00-04:00,732.7949829101562,733.2000122070312,732.77001953125,733.1950073242188
2026-08-13 13:20:00-04:00,733.1950073242188,733.3499755859375,733.02001953125,733.1099853515625
2026-08-13 13:25:00-04:00,733.1649780273438,733.260009765625,733.0349731445312,733.0484008789062
2026-08-13 13:30:00-04:00,733.0499877929688,733.226318359375,732.9000244140625,732.9650268554688
2026-08-13 13:35:00-04:00,732.9849853515625,733.0399169921875,732.6737060546875,732.760009765625
2026-08-13 13:40:00-04:00,732.739990234375,732.9199829101562,732.530029296875,732.530029296875
2026-08-13 13:45:00-04:00,732.5250244140625,732.8400268554688,732.5200805664062,732.5999755859375
2026-08-13 13:50:00-04:00,732.6298828125,732.7100219726562,732.3099975585938,732.3499755859375
2026-08-13 13:55:00-04:00,732.4000244140625,732.6300048828125,732.280029296875,732.280029296875
2026-08-13 14:00:00-04:00,732.2999877929688,732.4600219726562,732.22998046875,732.3699951171875
2026-08-13 14:05:00-04:00,732.3585815429688,732.5499877929688,732.0399780273438,732.1099853515625
2026-08-13 14:10:00-04:00,732.1400146484375,732.3200073242188,731.9299926757812,732.22998046875
2026-08-13 14:15:00-04:00,732.2249755859375,732.3699951171875,732.0499877929688,732.0700073242188
2026-08-13 14:20:00-04:00,732.0650024414062,732.219970703125,731.7650146484375,731.8001098632812
2026-08-13 14:25:00-04:00,731.8099975585938,732.0999755859375,731.8099975585938,732.0
2026-08-13 14:30:00-04:00,732.010009765625,732.6900024414062,732.010009765625,732.5850219726562
2026-08-13 14:35:00-04:00,732.5850219726562,732.77001953125,732.5150146484375,732.7000122070312
2026-08-13 14:40:00-04:00,732.7100219726562,733.0900268554688,732.5999755859375,732.9000244140625
2026-08-13 14:45:00-04:00,732.9000244140625,733.2294921875,732.8900146484375,733.1799926757812
2026-08-13 14:50:00-04:00,733.1799926757812,733.27001953125,732.969970703125,733.1500244140625
2026-08-13 14:55:00-04:00,733.1500244140625,733.3099975585938,733.0700073242188,733.2899780273438
2026-08-13 15:00:00-04:00,733.2899780273438,733.5349731445312,733.2301025390625,733.3079833984375
2026-08-13 15:05:00-04:00,733.3099975585938,733.9600219726562,733.1619873046875,733.8300170898438
2026-08-13 15:10:00-04:00,733.8099975585938,733.8200073242188,732.9500122070312,733.1300048828125
2026-08-13 15:15:00-04:00,733.1199951171875,733.1849975585938,732.7301025390625,733.1849975585938
2026-08-13 15:20:00-04:00,733.1898193359375,733.3200073242188,733.0,733.0349731445312
2026-08-13 15:25:00-04:00,733.0,733.0449829101562,732.5800170898438,732.77001953125
2026-08-13 15:30:00-04:00,732.739990234375,732.864013671875,732.4600219726562,732.5800170898438
2026-08-13 15:35:00-04:00,732.5700073242188,732.77001953125,732.510009765625,732.6699829101562
2026-08-13 15:40:00-04:00,732.6900024414062,732.7376098632812,732.239990234375,732.2750244140625
2026-08-13 15:45:00-04:00,732.27001953125,732.3200073242188,732.0499877929688,732.2249755859375
2026-08-13 15:50:00-04:00,732.2100219726562,732.280029296875,731.75,731.989990234375
2026-08-13 15:55:00-04:00,732.010009765625,732.1199951171875,731.5499877929688,732.0599975585938
2026-08-14 09:30:00-04:00,733.260009765625,734.0900268554688,732.5999755859375,732.5999755859375
2026-08-14 09:35:00-04:00,732.6300048828125,732.9650268554688,731.7200927734375,732.9400024414062
2026-08-14 09:40:00-04:00,732.9650268554688,733.9199829101562,732.3267211914062,733.9000244140625
2026-08-14 09:45:00-04:00,733.8599853515625,734.3900146484375,733.0700073242188,733.375
2026-08-14 09:50:00-04:00,733.4299926757812,733.97998046875,732.8900146484375,733.3900146484375
2026-08-14 09:55:00-04:00,733.3900146484375,733.6300048828125,732.7000122070312,733.0499877929688
2026-08-14 10:00:00-04:00,732.9500122070312,733.7974853515625,732.6400146484375,733.7349853515625
2026-08-14 10:05:00-04:00,733.719970703125,734.1599731445312,733.1500244140625,733.2498779296875
2026-08-14 10:10:00-04:00,733.219970703125,733.5,732.8049926757812,732.9749755859375
2026-08-14 10:15:00-04:00,732.989990234375,733.114990234375,731.6820068359375,731.7849731445312
2026-08-14 10:20:00-04:00,731.7750244140625,732.25,731.239990234375,731.4398803710938
2026-08-14 10:25:00-04:00,731.4998779296875,731.7000122070312,730.8400268554688,731.4600830078125
2026-08-14 10:30:00-04:00,731.4721069335938,731.5499877929688,730.75,731.0
2026-08-14 10:35:00-04:00,730.989990234375,731.8400268554688,730.9100952148438,731.75
2026-08-14 10:40:00-04:00,731.6900024414062,731.6900024414062,731.0637817382812,731.4400024414062
2026-08-14 10:45:00-04:00,731.3900146484375,731.6300048828125,731.0999755859375,731.27001953125
2026-08-14 10:50:00-04:00,731.25,731.6400146484375,731.10498046875,731.1099853515625
2026-08-14 10:55:00-04:00,731.1099853515625,731.239990234375,730.5999755859375,730.5999755859375
2026-08-14 11:00:00-04:00,730.6099853515625,731.0499877929688,730.280029296875,730.5855712890625
2026-08-14 11:05:00-04:00,730.5900268554688,730.7849731445312,730.0900268554688,730.1900024414062
2026-08-14 11:10:00-04:00,730.2000122070312,730.4400024414062,729.7598876953125,729.8049926757812
2026-08-14 11:15:00-04:00,729.8049926757812,730.2949829101562,729.8049926757812,730.1199951171875
2026-08-14 11:20:00-04:00,730.1300048828125,730.25,728.6799926757812,728.7100219726562
2026-08-14 11:25:00-04:00,728.7249755859375,729.4000244140625,728.4199829101562,729.3201293945312
2026-08-14 11:30:00-04:00,729.3699951171875,729.3900146484375,728.6500244140625,728.780029296875
2026-08-14 11:35:00-04:00,728.77001953125,729.1799926757812,728.5499877929688,728.619873046875
2026-08-14 11:40:00-04:00,728.594970703125,728.7999877929688,728.3200073242188,728.75
2026-08-14 11:45:00-04:00,728.7899780273438,729.1900024414062,728.3499755859375,728.5399780273438
2026-08-14 11:50:00-04:00,728.5499877929688,729.1400146484375,728.3300170898438,728.989990234375
2026-08-14 11:55:00-04:00,729.02001953125,729.3800048828125,728.8900146484375,729.2249755859375
2026-08-14 12:00:00-04:00,729.219970703125,729.6699829101562,729.219970703125,729.4299926757812
2026-08-14 12:05:00-04:00,729.4099731445312,729.5,728.8599853515625,729.0350952148438
2026-08-14 12:10:00-04:00,729.0700073242188,729.6199951171875,729.0,729.5850219726562
2026-08-14 12:15:00-04:00,729.5800170898438,729.760009765625,729.5125122070312,729.5800170898438
2026-08-14 12:20:00-04:00,729.5800170898438,729.9000244140625,729.4600219726562,729.885009765625
2026-08-14 12:25:00-04:00,729.8599853515625,730.2150268554688,729.8400268554688,730.0700073242188
2026-08-14 12:30:00-04:00,730.0750122070312,730.0999145507812,729.22998046875,729.3800048828125
2026-08-14 12:35:00-04:00,729.4000244140625,729.9650268554688,729.3400268554688,729.5750122070312
2026-08-14 12:40:00-04:00,729.5999755859375,729.5999755859375,729.1799926757812,729.25
2026-08-14 12:45:00-04:00,729.22998046875,729.4600219726562,729.1199951171875,729.4000244140625
2026-08-14 12:50:00-04:00,729.3900146484375,729.4000244140625,728.9600219726562,729.0800170898438
2026-08-14 12:55:00-04:00,729.1199951171875,729.2901000976562,728.9500122070312,729.02001953125
2026-08-14 13:00:00-04:00,729.0499877929688,729.20947265625,728.885986328125,729.0532836914062
2026-08-14 13:05:00-04:00,729.0900268554688,729.3800048828125,729.0499877929688,729.2326049804688
2026-08-14 13:10:00-04:00,729.2449951171875,729.5380249023438,729.1649780273438,729.27001953125
2026-08-14 13:15:00-04:00,729.2650146484375,729.3699951171875,729.0,729.25
2026-08-14 13:20:00-04:00,729.25,729.4500122070312,728.8300170898438,728.9149780273438
2026-08-14 13:25:00-04:00,728.8800048828125,729.1500244140625,728.760009765625,729.0131225585938
2026-08-14 13:30:00-04:00,729.030029296875,729.3300170898438,728.9600219726562,729.25
2026-08-14 13:35:00-04:00,729.25,729.3250122070312,728.8300170898438,728.9749755859375
2026-08-14 13:40:00-04:00,728.9600219726562,729.1799926757812,728.8400268554688,729.02001953125
2026-08-14 13:45:00-04:00,729.0062866210938,729.14501953125,728.9000244140625,728.97998046875
2026-08-14 13:50:00-04:00,729.0,729.4400024414062,728.780029296875,729.3496704101562
2026-08-14 13:55:00-04:00,729.3524780273438,729.5999755859375,729.18017578125,729.5449829101562
2026-08-14 14:00:00-04:00,729.530029296875,729.7999877929688,729.3699951171875,729.72998046875
2026-08-14 14:05:00-04:00,729.719970703125,729.7849731445312,729.5150146484375,729.739990234375
2026-08-14 14:10:00-04:00,729.7100219726562,729.77001953125,729.4500122070312,729.47998046875
2026-08-14 14:15:00-04:00,729.47998046875,729.7572021484375,729.4700927734375,729.614990234375
2026-08-14 14:20:00-04:00,729.5999755859375,729.7999877929688,729.4713134765625,729.5250854492188
2026-08-14 14:25:00-04:00,729.52001953125,729.6798706054688,729.1599731445312,729.1799926757812
2026-08-14 14:30:00-04:00,729.22998046875,729.4000244140625,729.0900268554688,729.3099975585938
2026-08-14 14:35:00-04:00,729.3099975585938,729.4450073242188,729.1699829101562,729.405029296875
2026-08-14 14:40:00-04:00,729.3800048828125,729.7449951171875,729.3499755859375,729.6699829101562
2026-08-14 14:45:00-04:00,729.6749877929688,729.7095947265625,729.4509887695312,729.6799926757812
2026-08-14 14:50:00-04:00,729.6900024414062,730.0800170898438,729.6799926757812,729.9099731445312
2026-08-14 14:55:00-04:00,729.9000244140625,729.9099731445312,729.6599731445312,729.6900024414062
2026-08-14 15:00:00-04:00,729.7000122070312,729.7550048828125,729.4224853515625,729.5501098632812
2026-08-14 15:05:00-04:00,729.5599975585938,729.8200073242188,729.4099731445312,729.7899780273438
2026-08-14 15:10:00-04:00,729.7899780273438,729.7899780273438,729.52001953125,729.5499877929688
2026-08-14 15:15:00-04:00,729.5499877929688,729.760009765625,729.4000244140625,729.7000122070312
2026-08-14 15:20:00-04:00,729.6950073242188,729.7100219726562,729.510009765625,729.6500244140625
2026-08-14 15:25:00-04:00,729.6500244140625,730.0399780273438,729.6400146484375,729.8599853515625
2026-08-14 15:30:00-04:00,729.8599853515625,730.0352783203125,729.760009765625,729.989990234375
2026-08-14 15:35:00-04:00,729.9899291992188,730.1649780273438,729.8699951171875,730.0750122070312
2026-08-14 15:40:00-04:00,730.0900268554688,730.3300170898438,730.0499877929688,730.1699829101562
2026-08-14 15:45:00-04:00,730.1500244140625,730.4299926757812,730.0,730.4100952148438
2026-08-14 15:50:00-04:00,730.4000244140625,730.6699829101562,730.3599853515625,730.5900268554688
2026-08-14 15:55:00-04:00,730.594970703125,731.1199951171875,730.2899780273438,731.0499877929688
2026-08-17 09:30:00-04:00,732.9600219726562,734.030029296875,732.27001953125,732.4498901367188
2026-08-17 09:35:00-04:00,732.4099731445312,733.41748046875,731.6400146484375,731.9268188476562
2026-08-17 09:40:00-04:00,731.9299926757812,733.2050170898438,731.7000122070312,732.3200073242188
2026-08-17 09:45:00-04:00,732.3900146484375,733.1699829101562,731.8599853515625,733.1300048828125
2026-08-17 09:50:00-04:00,733.125,733.7962036132812,732.739990234375,733.625
2026-08-17 09:55:00-04:00,733.6500244140625,733.7000122070312,732.85498046875,733.2999877929688
2026-08-17 10:00:00-04:00,733.3394775390625,733.5,732.1799926757812,732.669921875
2026-08-17 10:05:00-04:00,732.6849975585938,732.8200073242188,731.5900268554688,732.4450073242188
2026-08-17 10:10:00-04:00,732.4500122070312,733.1500244140625,732.3699951171875,733.10498046875
2026-08-17 10:15:00-04:00,733.10498046875,733.1199951171875,731.9199829101562,732.119873046875
2026-08-17 10:20:00-04:00,732.0549926757812,732.1699829101562,731.530029296875,731.97998046875
2026-08-17 10:25:00-04:00,731.9749755859375,732.489990234375,731.7200927734375,732.4400024414062
2026-08-17 10:30:00-04:00,732.4500122070312,732.6699829101562,732.2000122070312,732.5900268554688
2026-08-17 10:35:00-04:00,732.5900268554688,732.64501953125,732.219970703125,732.3897094726562
2026-08-17 10:40:00-04:00,732.364990234375,732.8900146484375,732.3300170898438,732.58251953125
2026-08-17 10:45:00-04:00,732.5999755859375,733.0599975585938,732.5150146484375,732.9099731445312
2026-08-17 10:50:00-04:00,732.9099731445312,733.25,732.60498046875,732.7000122070312
2026-08-17 10:55:00-04:00,732.7449951171875,733.6199951171875,732.72998046875,733.5599975585938
2026-08-17 11:00:00-04:00,733.5850219726562,734.3499755859375,733.3300170898438,734.1699829101562
2026-08-17 11:05:00-04:00,734.1500244140625,734.5800170898438,733.8599853515625,733.9099731445312
2026-08-17 11:10:00-04:00,733.9199829101562,734.3198852539062,733.8800048828125,733.9099731445312
2026-08-17 11:15:00-04:00,733.9094848632812,734.3499145507812,733.8599853515625,734.25
2026-08-17 11:20:00-04:00,734.260009765625,734.4099731445312,734.1099853515625,734.1901245117188
2026-08-17 11:25:00-04:00,734.2100219726562,734.3699951171875,733.8599853515625,734.1799926757812
2026-08-17 11:30:00-04:00,734.2000122070312,734.280029296875,733.5449829101562,733.5700073242188
2026-08-17 11:35:00-04:00,733.6099853515625,733.780029296875,733.0700073242188,733.0700073242188
2026-08-17 11:40:00-04:00,733.08251953125,733.3200073242188,732.739990234375,733.2100219726562
2026-08-17 11:45:00-04:00,733.1900024414062,733.3099975585938,732.9000244140625,732.9500732421875
2026-08-17 11:50:00-04:00,732.9500122070312,733.7100219726562,732.9000244140625,733.530029296875
2026-08-17 11:55:00-04:00,733.5599975585938,733.6589965820312,733.4299926757812,733.4998779296875
2026-08-17 12:00:00-04:00,733.469970703125,733.5499877929688,732.9199829101562,732.9500122070312
2026-08-17 12:05:00-04:00,732.9598999023438,733.030029296875,732.5599975585938,732.7249755859375
2026-08-17 12:10:00-04:00,732.72998046875,732.9000244140625,732.559814453125,732.63623046875
2026-08-17 12:15:00-04:00,732.6400146484375,732.97998046875,732.5554809570312,732.8438110351562
2026-08-17 12:20:00-04:00,732.885009765625,732.9600219726562,732.3699951171875,732.510009765625
2026-08-17 12:25:00-04:00,732.52001953125,732.7600708007812,732.47998046875,732.7000122070312
2026-08-17 12:30:00-04:00,732.7000122070312,732.8350219726562,732.3800048828125,732.4500122070312
2026-08-17 12:35:00-04:00,732.47998046875,732.5900268554688,732.3699951171875,732.5800170898438
2026-08-17 12:40:00-04:00,732.5700073242188,732.5700073242188,732.10009765625,732.135009765625
2026-08-17 12:45:00-04:00,732.1300048828125,732.29248046875,732.0399780273438,732.280029296875
2026-08-17 12:50:00-04:00,732.27001953125,732.3400268554688,731.9512939453125,732.2849731445312
2026-08-17 12:55:00-04:00,732.2800903320312,732.3300170898438,732.0,732.135009765625
2026-08-17 13:00:00-04:00,732.1300048828125,732.219970703125,731.860107421875,731.9099731445312
2026-08-17 13:05:00-04:00,731.9099731445312,731.9099731445312,731.469970703125,731.5753784179688
2026-08-17 13:10:00-04:00,731.5900268554688,731.6500244140625,730.8200073242188,730.8200073242188
2026-08-17 13:15:00-04:00,730.8099975585938,731.1400146484375,730.489990234375,730.8300170898438
2026-08-17 13:20:00-04:00,730.8250122070312,730.8250122070312,730.0150146484375,730.3300170898438
2026-08-17 13:25:00-04:00,730.3250122070312,730.4749755859375,729.9400024414062,730.0349731445312
2026-08-17 13:30:00-04:00,730.02001953125,730.405029296875,729.8906860351562,729.9550170898438
2026-08-17 13:35:00-04:00,729.9600219726562,730.469970703125,729.8900146484375,729.9099731445312
2026-08-17 13:40:00-04:00,729.9099731445312,730.752197265625,729.7999877929688,730.6799926757812
2026-08-17 13:45:00-04:00,730.6699829101562,730.77001953125,730.3400268554688,730.3699951171875
2026-08-17 13:50:00-04:00,730.3599853515625,730.530029296875,730.27001953125,730.3900146484375
2026-08-17 13:55:00-04:00,730.4061889648438,730.4299926757812,730.0599975585938,730.1699829101562
2026-08-17 14:00:00-04:00,730.1599731445312,730.4400024414062,729.864990234375,729.9400024414062
2026-08-17 14:05:00-04:00,729.9199829101562,730.030029296875,729.64501953125,729.8099975585938
2026-08-17 14:10:00-04:00,729.780029296875,730.285400390625,729.719970703125,730.1199951171875
2026-08-17 14:15:00-04:00,730.110107421875,730.2100219726562,729.9500122070312,730.0599975585938
2026-08-17 14:20:00-04:00,730.0499877929688,730.2899780273438,729.864990234375,730.2650146484375
2026-08-17 14:25:00-04:00,730.260009765625,730.4400024414062,729.9920043945312,730.1900024414062
2026-08-17 14:30:00-04:00,730.1900024414062,730.3099975585938,729.9301147460938,730.1300048828125
2026-08-17 14:35:00-04:00,730.155029296875,730.3400268554688,730.1400146484375,730.2750244140625
2026-08-17 14:40:00-04:00,730.27001953125,730.5850219726562,730.260009765625,730.530029296875
2026-08-17 14:45:00-04:00,730.52001953125,730.719970703125,730.489990234375,730.6422119140625
2026-08-17 14:50:00-04:00,730.6749877929688,731.0,730.6199951171875,730.6599731445312
2026-08-17 14:55:00-04:00,730.6599731445312,730.719970703125,730.5349731445312,730.655029296875
2026-08-17 15:00:00-04:00,730.6599731445312,730.719970703125,730.3001098632812,730.3099975585938
2026-08-17 15:05:00-04:00,730.3099975585938,730.4749755859375,730.090087890625,730.1799926757812
2026-08-17 15:10:00-04:00,730.1699829101562,730.1900024414062,729.75,729.760009765625
2026-08-17 15:15:00-04:00,729.739990234375,730.280029296875,729.7000122070312,729.9149780273438
2026-08-17 15:20:00-04:00,729.9149780273438,730.0599975585938,729.7100219726562,730.030029296875
2026-08-17 15:25:00-04:00,730.0399780273438,730.4500122070312,729.9400024414062,729.969970703125
2026-08-17 15:30:00-04:00,729.9400024414062,730.2000122070312,729.8400268554688,730.02001953125
2026-08-17 15:35:00-04:00,730.0349731445312,730.239990234375,729.97998046875,730.22998046875
2026-08-17 15:40:00-04:00,730.2299194335938,730.3699951171875,730.010009765625,730.1599731445312
2026-08-17 15:45:00-04:00,730.1799926757812,730.5599975585938,730.1799926757812,730.5401000976562
2026-08-17 15:50:00-04:00,730.5599975585938,730.614990234375,729.8200073242188,729.9000244140625
2026-08-17 15:55:00-04:00,729.9199829101562,730.1599731445312,729.27001953125,729.8599243164062
2026-08-18 09:30:00-04:00,720.219970703125,721.77001953125,718.7899780273438,720.0250244140625
2026-08-18 09:35:00-04:00,720.0599975585938,721.4600219726562,719.8162231445312,721.3099975585938
2026-08-18 09:40:00-04:00,721.3200073242188,722.1300048828125,720.1300048828125,720.1599731445312
2026-08-18 09:45:00-04:00,720.1199951171875,720.4299926757812,719.1300048828125,719.4099731445312
2026-08-18 09:50:00-04:00,719.3970947265625,719.989990234375,718.8300170898438,718.8800048828125
2026-08-18 09:55:00-04:00,718.9099731445312,719.5800170898438,718.1099853515625,719.125
2026-08-18 10:00:00-04:00,719.1400146484375,720.5599975585938,718.5700073242188,719.7750244140625
2026-08-18 10:05:00-04:00,719.8099975585938,719.9199829101562,718.469970703125,718.4998779296875
2026-08-18 10:10:00-04:00,718.469970703125,718.5700073242188,717.239990234375,717.6699829101562
2026-08-18 10:15:00-04:00,717.6699829101562,718.8599853515625,717.469970703125,718.469970703125
2026-08-18 10:20:00-04:00,718.4849853515625,719.469970703125,717.8800048828125,719.0098876953125
2026-08-18 10:25:00-04:00,719.030029296875,720.02001953125,718.9099731445312,719.731689453125
2026-08-18 10:30:00-04:00,719.5999755859375,720.2000122070312,719.1599731445312,719.22998046875
2026-08-18 10:35:00-04:00,719.239990234375,720.030029296875,719.1998901367188,719.5499877929688
2026-08-18 10:40:00-04:00,719.5504150390625,719.7100219726562,718.2750244140625,718.3150024414062
2026-08-18 10:45:00-04:00,718.2999877929688,718.5599975585938,717.8900146484375,718.0900268554688
2026-08-18 10:50:00-04:00,718.1400146484375,718.4400024414062,717.0,717.010009765625
2026-08-18 10:55:00-04:00,717.010009765625,717.2100219726562,716.4600219726562,716.719970703125
2026-08-18 11:00:00-04:00,716.72998046875,717.27001953125,716.219970703125,717.0900268554688
2026-08-18 11:05:00-04:00,717.0900268554688,717.3099975585938,716.239990234375,716.2999877929688
2026-08-18 11:10:00-04:00,716.3300170898438,716.6950073242188,715.9199829101562,716.6900024414062
2026-08-18 11:15:00-04:00,716.697509765625,717.0399780273438,716.4099731445312,716.4500122070312
2026-08-18 11:20:00-04:00,716.4099731445312,717.4249877929688,716.3499755859375,717.22998046875
2026-08-18 11:25:00-04:00,717.239990234375,717.9749755859375,717.1199951171875,717.7625732421875
2026-08-18 11:30:00-04:00,717.7000122070312,718.2000122070312,717.5399780273438,717.760009765625
2026-08-18 11:35:00-04:00,717.780029296875,717.780029296875,717.1799926757812,717.2849731445312
2026-08-18 11:40:00-04:00,717.2899780273438,718.1199951171875,717.1500244140625,717.9199829101562
2026-08-18 11:45:00-04:00,717.9349975585938,718.7000122070312,717.9349975585938,718.5050048828125
2026-08-18 11:50:00-04:00,718.5,718.8499755859375,717.9500122070312,718.7999877929688
2026-08-18 11:55:00-04:00,718.7899780273438,718.969970703125,718.4099731445312,718.8699951171875
2026-08-18 12:00:00-04:00,718.8800048828125,719.260009765625,718.739990234375,718.9099731445312
2026-08-18 12:05:00-04:00,718.9019775390625,719.2000122070312,718.590087890625,718.8300170898438
2026-08-18 12:10:00-04:00,718.8400268554688,719.489990234375,718.77001953125,719.0900268554688
2026-08-18 12:15:00-04:00,719.1099853515625,719.1799926757812,718.469970703125,718.5700073242188
2026-08-18 12:20:00-04:00,718.5800170898438,719.3400268554688,718.530029296875,719.030029296875
2026-08-18 12:25:00-04:00,719.030029296875,719.0499877929688,718.2000122070312,718.22998046875
2026-08-18 12:30:00-04:00,718.2000122070312,718.6400146484375,718.0501098632812,718.5399780273438
2026-08-18 12:35:00-04:00,718.5499877929688,718.9199829101562,718.2899780273438,718.7849731445312
2026-08-18 12:40:00-04:00,718.780517578125,719.155029296875,718.3900146484375,718.6749877929688
2026-08-18 12:45:00-04:00,718.6900024414062,719.6300048828125,718.4299926757812,719.5150146484375
2026-08-18 12:50:00-04:00,719.52001953125,719.6699829101562,719.3099975585938,719.6099853515625
2026-08-18 12:55:00-04:00,719.6099853515625,719.6099853515625,719.1199951171875,719.1799926757812
2026-08-18 13:00:00-04:00,719.155029296875,719.4398803710938,718.77001953125,719.080810546875
2026-08-18 13:05:00-04:00,719.0399780273438,719.11962890625,718.625,718.8300170898438
2026-08-18 13:10:00-04:00,718.8574829101562,718.9600219726562,718.4099731445312,718.7999877929688
2026-08-18 13:15:00-04:00,718.7999877929688,718.8200073242188,718.1099853515625,718.1099853515625
2026-08-18 13:20:00-04:00,718.0999755859375,718.4450073242188,717.9199829101562,717.9650268554688
2026-08-18 13:25:00-04:00,717.969970703125,718.3900146484375,717.7999877929688,718.3499755859375
2026-08-18 13:30:00-04:00,718.3400268554688,718.469970703125,718.0900268554688,718.1799926757812
2026-08-18 13:35:00-04:00,718.1699829101562,718.469970703125,717.75,718.1900024414062
2026-08-18 13:40:00-04:00,718.1599731445312,718.3400268554688,718.0,718.0549926757812
2026-08-18 13:45:00-04:00,718.0449829101562,718.3099975585938,717.8200073242188,717.8400268554688
2026-08-18 13:50:00-04:00,717.8499755859375,717.9500122070312,717.75,717.7949829101562
2026-08-18 13:55:00-04:00,717.8200073242188,717.8200073242188,717.125,717.125
2026-08-18 14:00:00-04:00,717.1199951171875,717.375,717.030029296875,717.2100219726562
2026-08-18 14:05:00-04:00,717.2000122070312,717.4089965820312,716.7650146484375,716.8499755859375
2026-08-18 14:10:00-04:00,716.8499755859375,717.4400024414062,716.6900024414062,717.3400268554688
2026-08-18 14:15:00-04:00,717.3599243164062,718.0800170898438,717.2789916992188,718.0800170898438
2026-08-18 14:20:00-04:00,718.0599975585938,718.2899780273438,717.760009765625,717.9400024414062
2026-08-18 14:25:00-04:00,717.9450073242188,718.02001953125,717.6599731445312,718.010009765625
2026-08-18 14:30:00-04:00,718.010009765625,718.1463012695312,717.6599731445312,717.9299926757812
2026-08-18 14:35:00-04:00,717.9400024414062,718.260009765625,717.9400024414062,718.0797119140625
2026-08-18 14:40:00-04:00,718.0700073242188,718.1099853515625,717.5833129882812,717.655029296875
2026-08-18 14:45:00-04:00,717.6300048828125,717.875,717.5700073242188,717.5700073242188
2026-08-18 14:50:00-04:00,717.5900268554688,717.6199951171875,717.2100219726562,717.25
2026-08-18 14:55:00-04:00,717.25,717.4749755859375,717.1199951171875,717.239990234375
2026-08-18 15:00:00-04:00,717.239990234375,717.52001953125,717.0800170898438,717.2449951171875
2026-08-18 15:05:00-04:00,717.2449951171875,717.5798950195312,717.1300048828125,717.469970703125
2026-08-18 15:10:00-04:00,717.47998046875,717.5900268554688,717.1699829101562,717.27001953125
2026-08-18 15:15:00-04:00,717.27001953125,717.4199829101562,717.1099853515625,717.3200073242188
2026-08-18 15:20:00-04:00,717.3400268554688,717.8200073242188,717.1400146484375,717.8200073242188
2026-08-18 15:25:00-04:00,717.8300170898438,718.0800170898438,717.7000122070312,717.9199829101562
2026-08-18 15:30:00-04:00,717.9199829101562,718.0700073242188,717.6799926757812,717.7501220703125
2026-08-18 15:35:00-04:00,717.7249755859375,717.9500122070312,717.5750122070312,717.8104858398438
2026-08-18 15:40:00-04:00,717.8099975585938,718.0549926757812,717.5499877929688,717.9500122070312
2026-08-18 15:45:00-04:00,717.9400024414062,718.0999755859375,717.6599731445312,717.9099731445312
2026-08-18 15:50:00-04:00,717.9199829101562,718.1699829101562,716.9199829101562,717.1699829101562
2026-08-18 15:55:00-04:00,717.1900024414062,717.9600219726562,717.1699829101562,717.5900268554688
2026-08-19 09:30:00-04:00,720.4099731445312,721.4998779296875,719.280029296875,719.8300170898438
2026-08-19 09:35:00-04:00,719.77001953125,720.1400146484375,717.7000122070312,717.77001953125
2026-08-19 09:40:00-04:00,717.7899780273438,718.7000122070312,717.1199951171875,718.260009765625
2026-08-19 09:45:00-04:00,718.2899780273438,718.8499755859375,714.5999755859375,714.8499755859375
2026-08-19 09:50:00-04:00,714.8300170898438,715.4000244140625,713.3699951171875,714.8599853515625
2026-08-19 09:55:00-04:00,714.8599853515625,716.1799926757812,714.6199951171875,715.5
2026-08-19 10:00:00-04:00,715.510009765625,715.9299926757812,714.530029296875,714.8900146484375
2026-08-19 10:05:00-04:00,714.8900146484375,715.6500244140625,714.0,714.3800048828125
2026-08-19 10:10:00-04:00,714.3900146484375,714.6500244140625,712.6749877929688,712.739990234375
2026-08-19 10:15:00-04:00,712.77001953125,714.8099975585938,712.6099853515625,713.6599731445312
2026-08-19 10:20:00-04:00,713.631591796875,714.530029296875,712.85498046875,713.5465698242188
2026-08-19 10:25:00-04:00,713.4849853515625,715.1900024414062,713.0750122070312,715.1699829101562
2026-08-19 10:30:00-04:00,715.1400146484375,715.989990234375,714.8200073242188,715.4199829101562
2026-08-19 10:35:00-04:00,715.459228515625,717.1900024414062,715.1900024414062,717.1799926757812
2026-08-19 10:40:00-04:00,717.1900024414062,717.405029296875,716.4299926757812,717.1201171875
2026-08-19 10:45:00-04:00,717.1400146484375,717.1900024414062,716.2659912109375,716.3300170898438
2026-08-19 10:50:00-04:00,716.3499755859375,717.9099731445312,716.239990234375,717.9000244140625
2026-08-19 10:55:00-04:00,717.9099731445312,718.5999755859375,717.5800170898438,718.5900268554688
2026-08-19 11:00:00-04:00,718.5700073242188,718.72998046875,717.8599853515625,717.8900146484375
2026-08-19 11:05:00-04:00,717.9099731445312,718.219970703125,717.5800170898438,717.6898803710938
2026-08-19 11:10:00-04:00,717.6900024414062,718.5718994140625,717.655029296875,718.4099731445312
2026-08-19 11:15:00-04:00,718.4161987304688,718.7000122070312,717.909912109375,718.5700073242188
2026-08-19 11:20:00-04:00,718.52001953125,718.7369995117188,718.0999755859375,718.10498046875
2026-08-19 11:25:00-04:00,718.135009765625,718.47998046875,717.77001953125,718.3200073242188
2026-08-19 11:30:00-04:00,718.3200073242188,718.3800048828125,717.719970703125,717.7999877929688
2026-08-19 11:35:00-04:00,717.8150024414062,717.9450073242188,717.31201171875,717.35400390625
2026-08-19 11:40:00-04:00,717.3499755859375,717.9400024414062,716.7999877929688,717.9299926757812
2026-08-19 11:45:00-04:00,717.9299926757812,718.3900146484375,717.6950073242188,717.6950073242188
2026-08-19 11:50:00-04:00,717.7000122070312,717.9000244140625,717.2899780273438,717.3499755859375
2026-08-19 11:55:00-04:00,717.3900146484375,718.1849975585938,717.3300170898438,718.1699829101562
2026-08-19 12:00:00-04:00,718.1799926757812,718.9450073242188,717.7100219726562,718.9102783203125
2026-08-19 12:05:00-04:00,718.9400024414062,719.3298950195312,718.719970703125,719.22998046875
2026-08-19 12:10:00-04:00,719.27001953125,719.3150024414062,718.9301147460938,718.9301147460938
2026-08-19 12:15:00-04:00,718.9299926757812,719.7000122070312,718.7050170898438,719.4998779296875
2026-08-19 12:20:00-04:00,719.4849853515625,719.5999755859375,718.8599853515625,718.9500122070312
2026-08-19 12:25:00-04:00,718.9500122070312,718.9600219726562,718.1099853515625,718.2999877929688
2026-08-19 12:30:00-04:00,718.260009765625,718.4099731445312,717.9400024414062,718.3099975585938
2026-08-19 12:35:00-04:00,718.3099975585938,718.52001953125,717.9000244140625,718.219970703125
2026-08-19 12:40:00-04:00,718.239990234375,718.5050048828125,718.0900268554688,718.280029296875
2026-08-19 12:45:00-04:00,718.27001953125,718.280029296875,717.7249755859375,717.77001953125
2026-08-19 12:50:00-04:00,717.72998046875,717.72998046875,717.155029296875,717.3021850585938
2026-08-19 12:55:00-04:00,717.2949829101562,717.2999877929688,716.8599853515625,717.0549926757812
2026-08-19 13:00:00-04:00,717.0650024414062,717.25,716.760009765625,716.969970703125
2026-08-19 13:05:00-04:00,717.010009765625,717.344970703125,716.5800170898438,716.5800170898438
2026-08-19 13:10:00-04:00,716.6300048828125,717.0700073242188,716.6201171875,716.75
2026-08-19 13:15:00-04:00,716.77001953125,716.9299926757812,716.2100219726562,716.2199096679688
2026-08-19 13:20:00-04:00,716.219970703125,716.239990234375,715.8300170898438,716.0499877929688
2026-08-19 13:25:00-04:00,716.010009765625,716.6099853515625,715.8900146484375,716.5399780273438
2026-08-19 13:30:00-04:00,716.5399780273438,716.60498046875,716.0499877929688,716.0499877929688
2026-08-19 13:35:00-04:00,716.0250244140625,716.469970703125,715.9400024414062,716.1099853515625
2026-08-19 13:40:00-04:00,716.1130981445312,716.6300048828125,716.0999755859375,716.469970703125
2026-08-19 13:45:00-04:00,716.4600219726562,716.780029296875,716.4099731445312,716.5800170898438
2026-08-19 13:50:00-04:00,716.5750122070312,717.049072265625,716.510009765625,716.8200073242188
2026-08-19 13:55:00-04:00,716.8150024414062,716.8699951171875,716.5150146484375,716.6300048828125
2026-08-19 14:00:00-04:00,716.6599731445312,717.7899780273438,716.469970703125,717.0900268554688
2026-08-19 14:05:00-04:00,717.0800170898438,717.2894897460938,715.5725708007812,715.60498046875
2026-08-19 14:10:00-04:00,715.60498046875,716.5399780273438,715.5750122070312,716.0499877929688
2026-08-19 14:15:00-04:00,716.0399780273438,716.1199951171875,715.3800048828125,715.8250122070312
2026-08-19 14:20:00-04:00,715.8200073242188,716.1400146484375,715.739990234375,715.8800048828125
2026-08-19 14:25:00-04:00,715.8400268554688,716.5399780273438,715.7955932617188,716.5
2026-08-19 14:30:00-04:00,716.5001220703125,717.469970703125,716.5001220703125,717.1801147460938
2026-08-19 14:35:00-04:00,717.1900024414062,717.2000122070312,716.47998046875,716.6400756835938
2026-08-19 14:40:00-04:00,716.5700073242188,717.0900268554688,716.5700073242188,717.0
2026-08-19 14:45:00-04:00,717.010009765625,717.02001953125,716.5700073242188,716.8900146484375
2026-08-19 14:50:00-04:00,716.8348999023438,716.9400024414062,716.4500122070312,716.7344970703125
2026-08-19 14:55:00-04:00,716.7210083007812,716.72998046875,716.25,716.4000244140625
2026-08-19 15:00:00-04:00,716.41748046875,716.8300170898438,716.2949829101562,716.5399780273438
2026-08-19 15:05:00-04:00,716.5599975585938,716.9650268554688,716.3695068359375,716.9199829101562
2026-08-19 15:10:00-04:00,716.9199829101562,716.989990234375,716.6599731445312,716.719970703125
2026-08-19 15:15:00-04:00,716.7249755859375,717.1849975585938,716.6500244140625,717.1799926757812
2026-08-19 15:20:00-04:00,717.1649780273438,717.3599853515625,716.8200073242188,717.139892578125
2026-08-19 15:25:00-04:00,717.1300048828125,717.510009765625,716.8800048828125,716.9304809570312
2026-08-19 15:30:00-04:00,716.9600219726562,717.760009765625,716.8499755859375,717.5399780273438
2026-08-19 15:35:00-04:00,717.5599975585938,717.5599975585938,716.4600219726562,716.5050048828125
2026-08-19 15:40:00-04:00,716.5,716.72998046875,716.239990234375,716.3200073242188
2026-08-19 15:45:00-04:00,716.3250122070312,716.3599853515625,715.6199951171875,715.8200073242188
2026-08-19 15:50:00-04:00,715.7899780273438,716.0499877929688,715.239990234375,715.8200073242188
2026-08-19 15:55:00-04:00,715.8300170898438,716.1400146484375,715.260009765625,716.1099853515625
2026-08-20 09:30:00-04:00,712.280029296875,714.0599975585938,711.76318359375,713.2849731445312
2026-08-20 09:35:00-04:00,713.3699951171875,714.9400024414062,712.5700073242188,714.1300048828125
2026-08-20 09:40:00-04:00,714.1486206054688,714.5999755859375,713.010009765625,714.2899780273438
2026-08-20 09:45:00-04:00,714.2750244140625,714.7000122070312,712.0700073242188,712.9000244140625
2026-08-20 09:50:00-04:00,712.8699951171875,713.0499877929688,711.0700073242188,712.510009765625
2026-08-20 09:55:00-04:00,712.5399780273438,713.4500122070312,711.4500122070312,712.110107421875
2026-08-20 10:00:00-04:00,712.1594848632812,713.0999755859375,711.3200073242188,711.530029296875
2026-08-20 10:05:00-04:00,711.5900268554688,713.0800170898438,711.2666015625,713.0800170898438
2026-08-20 10:10:00-04:00,713.0399780273438,713.52001953125,712.3800048828125,712.5
2026-08-20 10:15:00-04:00,712.52001953125,712.8200073242188,711.1799926757812,711.2200927734375
2026-08-20 10:20:00-04:00,711.219970703125,713.5800170898438,711.0499877929688,713.2000122070312
2026-08-20 10:25:00-04:00,713.1900024414062,713.2999877929688,711.739990234375,712.0900268554688
2026-08-20 10:30:00-04:00,712.0599975585938,712.9600219726562,711.75,711.75
2026-08-20 10:35:00-04:00,711.77001953125,713.739990234375,711.5900268554688,713.5999145507812
2026-08-20 10:40:00-04:00,713.5599975585938,714.0,713.1199951171875,713.780029296875
2026-08-20 10:45:00-04:00,713.8200073242188,714.0800170898438,712.6300048828125,712.7150268554688
2026-08-20 10:50:00-04:00,712.719970703125,713.2498779296875,712.1300048828125,712.3200073242188
2026-08-20 10:55:00-04:00,712.2999877929688,713.1173706054688,712.0499877929688,713.1094970703125
2026-08-20 11:00:00-04:00,713.0900268554688,714.625,713.010009765625,714.0250244140625
2026-08-20 11:05:00-04:00,714.02001953125,714.02001953125,711.9400024414062,712.3049926757812
2026-08-20 11:10:00-04:00,712.2100219726562,712.8095092773438,711.469970703125,712.4400024414062
2026-08-20 11:15:00-04:00,712.4500122070312,712.510009765625,711.9099731445312,712.1799926757812
2026-08-20 11:20:00-04:00,712.1300048828125,712.3300170898438,711.0999755859375,711.3900146484375
2026-08-20 11:25:00-04:00,711.3900146484375,711.97998046875,710.8900146484375,711.95361328125
2026-08-20 11:30:00-04:00,711.9299926757812,712.0800170898438,710.6799926757812,710.8900146484375
2026-08-20 11:35:00-04:00,710.9099731445312,711.239501953125,710.3250122070312,710.3499755859375
2026-08-20 11:40:00-04:00,710.344970703125,710.9400024414062,710.3099975585938,710.3350219726562
2026-08-20 11:45:00-04:00,710.3400268554688,711.0700073242188,710.1337280273438,710.7899780273438
2026-08-20 11:50:00-04:00,710.760009765625,711.5999755859375,710.6699829101562,711.436279296875
2026-08-20 11:55:00-04:00,711.4400024414062,711.625,711.219970703125,711.5650024414062
2026-08-20 12:00:00-04:00,711.5900268554688,711.9249877929688,711.1799926757812,711.25
2026-08-20 12:05:00-04:00,711.260009765625,711.6810302734375,710.9237060546875,711.6810302734375
2026-08-20 12:10:00-04:00,711.6699829101562,711.875,711.0399780273438,711.0900268554688
2026-08-20 12:15:00-04:00,711.0499877929688,711.4249877929688,711.0,711.4000244140625
2026-08-20 12:20:00-04:00,711.4400024414062,712.1900024414062,711.1400146484375,712.0050048828125
2026-08-20 12:25:00-04:00,712.0,712.2000122070312,711.6900024414062,711.9149780273438
2026-08-20 12:30:00-04:00,711.8499755859375,712.0599975585938,711.1300048828125,712.0399780273438
2026-08-20 12:35:00-04:00,712.0499877929688,712.3499755859375,711.8909301757812,712.2899780273438
2026-08-20 12:40:00-04:00,712.3049926757812,712.72998046875,712.1937866210938,712.719970703125
2026-08-20 12:45:00-04:00,712.72998046875,713.0,712.4349975585938,712.530029296875
2026-08-20 12:50:00-04:00,712.510009765625,712.7949829101562,712.2200927734375,712.5399780273438
2026-08-20 12:55:00-04:00,712.5449829101562,712.9199829101562,712.3599853515625,712.7847290039062
2026-08-20 13:00:00-04:00,712.7999877929688,712.8099975585938,712.1300048828125,712.2708740234375
2026-08-20 13:05:00-04:00,712.2849731445312,712.2899780273438,711.7050170898438,711.8900146484375
2026-08-20 13:10:00-04:00,711.8800048828125,712.1400146484375,711.7000122070312,711.75
2026-08-20 13:15:00-04:00,711.77001953125,711.7799072265625,710.9749755859375,710.9749755859375
2026-08-20 13:20:00-04:00,710.994873046875,711.4600219726562,710.875,711.1500244140625
2026-08-20 13:25:00-04:00,711.1400146484375,711.2886962890625,710.7349853515625,710.7899780273438
2026-08-20 13:30:00-04:00,710.7550048828125,710.97998046875,710.5599975585938,710.6099853515625
2026-08-20 13:35:00-04:00,710.5900268554688,710.8800048828125,710.47998046875,710.6500244140625
2026-08-20 13:40:00-04:00,710.625,710.7100219726562,710.4600219726562,710.6799926757812
2026-08-20 13:45:00-04:00,710.6300048828125,711.1699829101562,710.5700073242188,711.0599975585938
2026-08-20 13:50:00-04:00,711.0,711.4868774414062,710.9099731445312,710.9450073242188
2026-08-20 13:55:00-04:00,710.9500122070312,711.1400146484375,710.6900024414062,710.72998046875
2026-08-20 14:00:00-04:00,710.7150268554688,710.7150268554688,709.77001953125,709.9299926757812
2026-08-20 14:05:00-04:00,709.9500122070312,710.030029296875,709.1500244140625,709.2899780273438
2026-08-20 14:10:00-04:00,709.2349853515625,709.405029296875,708.81689453125,709.1950073242188
2026-08-20 14:15:00-04:00,709.1801147460938,709.3099975585938,708.52001953125,709.2849731445312
2026-08-20 14:20:00-04:00,709.2849731445312,709.6199951171875,709.1400146484375,709.1699829101562
2026-08-20 14:25:00-04:00,709.1699829101562,709.3800048828125,708.9500122070312,709.219970703125
2026-08-20 14:30:00-04:00,709.2000122070312,709.3150024414062,708.719970703125,708.7938232421875
2026-08-20 14:35:00-04:00,708.8300170898438,709.2000122070312,708.72998046875,708.969970703125
2026-08-20 14:40:00-04:00,709.0,709.280029296875,708.719970703125,709.2401123046875
2026-08-20 14:45:00-04:00,709.25,709.7150268554688,709.0999755859375,709.6798706054688
2026-08-20 14:50:00-04:00,709.6513061523438,709.75,709.4199829101562,709.614990234375
2026-08-20 14:55:00-04:00,709.6300048828125,709.8400268554688,709.469970703125,709.47998046875
2026-08-20 15:00:00-04:00,709.4500122070312,710.219970703125,709.4400024414062,710.1649780273438
2026-08-20 15:05:00-04:00,710.1500244140625,710.6599731445312,709.98876953125,710.5800170898438
2026-08-20 15:10:00-04:00,710.6300048828125,710.6630859375,710.1900024414062,710.3599853515625
2026-08-20 15:15:00-04:00,710.3699951171875,710.6799926757812,710.0800170898438,710.1199951171875
2026-08-20 15:20:00-04:00,710.1300048828125,710.9299926757812,710.0800170898438,710.75
2026-08-20 15:25:00-04:00,710.75,710.989990234375,710.7249755859375,710.9299926757812
2026-08-20 15:30:00-04:00,710.9310302734375,711.05908203125,710.6300048828125,710.9099731445312
2026-08-20 15:35:00-04:00,710.919921875,711.6500244140625,710.7899780273438,711.4949951171875
2026-08-20 15:40:00-04:00,711.5,711.6094970703125,710.8800048828125,711.0700073242188
2026-08-20 15:45:00-04:00,711.0800170898438,711.3300170898438,710.6649780273438,711.2999877929688
2026-08-20 15:50:00-04:00,711.2999877929688,711.5399780273438,710.7899780273438,710.9199829101562
2026-08-20 15:55:00-04:00,711.0,711.1749877929688,710.4738159179688,710.9500122070312
2026-08-21 09:30:00-04:00,715.22998046875,715.3699951171875,712.5399780273438,712.6500244140625
2026-08-21 09:35:00-04:00,712.6599731445312,712.8812255859375,711.5599975585938,712.3150024414062
2026-08-21 09:40:00-04:00,712.2899780273438,712.5700073242188,711.4000244140625,711.5999755859375
2026-08-21 09:45:00-04:00,711.6699829101562,712.530029296875,711.2899780273438,712.0700073242188
2026-08-21 09:50:00-04:00,712.1199951171875,712.2150268554688,710.0999755859375,710.9099731445312
2026-08-21 09:55:00-04:00,710.969970703125,711.6099853515625,710.4647216796875,711.27001953125
2026-08-21 10:00:00-04:00,711.219482421875,711.6192016601562,710.2449951171875,710.918701171875
2026-08-21 10:05:00-04:00,710.8900146484375,711.969970703125,710.8900146484375,711.4199829101562
2026-08-21 10:10:00-04:00,711.4199829101562,711.8099975585938,709.8900146484375,710.0499877929688
2026-08-21 10:15:00-04:00,709.969970703125,710.7100219726562,709.4099731445312,709.4400024414062
2026-08-21 10:20:00-04:00,709.4500122070312,710.8300170898438,709.2050170898438,710.0250244140625
2026-08-21 10:25:00-04:00,710.0599975585938,711.3699951171875,709.9400024414062,710.5900268554688
2026-08-21 10:30:00-04:00,710.5999755859375,711.25,710.5,710.530029296875
2026-08-21 10:35:00-04:00,710.5499877929688,711.0399780273438,710.27001953125,710.6500244140625
2026-08-21 10:40:00-04:00,710.5999755859375,711.3499755859375,710.1635131835938,711.0250244140625
2026-08-21 10:45:00-04:00,710.9949951171875,711.614990234375,710.875,711.385009765625
2026-08-21 10:50:00-04:00,711.3900146484375,711.6900024414062,710.8610229492188,711.0700073242188
2026-08-21 10:55:00-04:00,711.0250244140625,711.9099731445312,710.8599853515625,711.9000244140625
2026-08-21 11:00:00-04:00,711.9000244140625,712.6749877929688,711.7849731445312,712.551025390625
2026-08-21 11:05:00-04:00,712.5900268554688,712.780029296875,712.1500244140625,712.3400268554688
2026-08-21 11:10:00-04:00,712.3599853515625,712.614990234375,712.2125244140625,712.4099731445312
2026-08-21 11:15:00-04:00,712.4099731445312,712.7449951171875,711.9807739257812,712.14501953125
2026-08-21 11:20:00-04:00,712.1423950195312,712.5798950195312,711.9149780273438,712.031982421875
2026-08-21 11:25:00-04:00,712.02001953125,712.8499755859375,711.969970703125,712.739990234375
2026-08-21 11:30:00-04:00,712.780029296875,713.6649780273438,712.6799926757812,713.6400146484375
2026-08-21 11:35:00-04:00,713.6199951171875,714.5999755859375,713.5499877929688,714.5750122070312
2026-08-21 11:40:00-04:00,714.5599975585938,715.27001953125,714.4600219726562,714.7949829101562
2026-08-21 11:45:00-04:00,714.7999877929688,714.9495239257812,714.1525268554688,714.3099975585938
2026-08-21 11:50:00-04:00,714.3300170898438,715.673828125,714.3300170898438,715.3200073242188
2026-08-21 11:55:00-04:00,715.3200073242188,715.3200073242188,714.4400024414062,714.6099853515625
2026-08-21 12:00:00-04:00,714.5449829101562,714.6849975585938,713.9600219726562,714.0349731445312
2026-08-21 12:05:00-04:00,714.030029296875,714.219970703125,713.3599853515625,713.4099731445312
2026-08-21 12:10:00-04:00,713.4124755859375,713.77001953125,713.3001098632812,713.4500122070312
2026-08-21 12:15:00-04:00,713.4299926757812,714.02001953125,713.3200073242188,713.530029296875
2026-08-21 12:20:00-04:00,713.530029296875,714.7999877929688,713.260009765625,713.6400146484375
2026-08-21 12:25:00-04:00,713.6500244140625,713.8651123046875,713.4609985351562,713.77001953125
2026-08-21 12:30:00-04:00,713.7794799804688,713.844970703125,713.4099731445312,713.4099731445312
2026-08-21 12:35:00-04:00,713.3900146484375,713.9600219726562,713.3900146484375,713.9299926757812
2026-08-21 12:40:00-04:00,713.9296875,714.1099853515625,713.8499755859375,713.969482421875
2026-08-21 12:45:00-04:00,713.9500122070312,713.9500122070312,713.5305786132812,713.5305786132812
2026-08-21 12:50:00-04:00,713.5549926757812,713.5549926757812,713.0499877929688,713.3300170898438
2026-08-21 12:55:00-04:00,713.2899780273438,713.8699951171875,713.1199951171875,713.8300170898438
2026-08-21 13:00:00-04:00,713.8099975585938,714.0999755859375,713.760009765625,713.8099975585938
2026-08-21 13:05:00-04:00,713.7750854492188,714.0700073242188,713.635498046875,713.8300170898438
2026-08-21 13:10:00-04:00,713.7949829101562,713.7999877929688,713.530029296875,713.72998046875
2026-08-21 13:15:00-04:00,713.739990234375,713.77001953125,713.5,713.5698852539062
2026-08-21 13:20:00-04:00,713.5700073242188,713.6099853515625,712.969970703125,713.260009765625
2026-08-21 13:25:00-04:00,713.2763061523438,713.6699829101562,713.0499877929688,713.4149780273438
2026-08-21 13:30:00-04:00,713.4249877929688,713.544189453125,713.1900024414062,713.1900024414062
2026-08-21 13:35:00-04:00,713.1599731445312,713.6300048828125,713.1199951171875,713.39501953125
2026-08-21 13:40:00-04:00,713.4000244140625,713.5900268554688,713.2000122070312,713.5900268554688
2026-08-21 13:45:00-04:00,713.64501953125,713.7750244140625,713.4349975585938,713.5
2026-08-21 13:50:00-04:00,713.5,713.5900268554688,713.25,713.3800048828125
2026-08-21 13:55:00-04:00,713.3699951171875,713.3800048828125,713.0900268554688,713.1199951171875
2026-08-21 14:00:00-04:00,713.1298828125,713.6300048828125,713.02001953125,713.5399780273438
2026-08-21 14:05:00-04:00,713.5399780273438,713.5399780273438,712.9298706054688,712.969970703125
2026-08-21 14:10:00-04:00,712.9650268554688,713.22998046875,712.885009765625,712.885009765625
2026-08-21 14:15:00-04:00,712.9127197265625,713.1099853515625,712.7899780273438,713.0499877929688
2026-08-21 14:20:00-04:00,713.0399780273438,713.3099975585938,713.0250244140625,713.1599731445312
2026-08-21 14:25:00-04:00,713.1649780273438,713.2000122070312,712.655029296875,712.655029296875
2026-08-21 14:30:00-04:00,712.655029296875,712.719970703125,712.4299926757812,712.5050048828125
2026-08-21 14:35:00-04:00,712.5599975585938,712.760009765625,712.52001953125,712.5999755859375
2026-08-21 14:40:00-04:00,712.6199951171875,712.8699951171875,712.6099853515625,712.7498779296875
2026-08-21 14:45:00-04:00,712.739990234375,713.14501953125,712.6699829101562,713.139892578125
2026-08-21 14:50:00-04:00,713.1400146484375,713.4500122070312,713.139892578125,713.35498046875
2026-08-21 14:55:00-04:00,713.3499755859375,713.5899047851562,713.2020263671875,713.5650024414062
2026-08-21 15:00:00-04:00,713.5494995117188,713.8900146484375,713.340087890625,713.35498046875
2026-08-21 15:05:00-04:00,713.3599853515625,713.7098999023438,713.3099975585938,713.4949951171875
2026-08-21 15:10:00-04:00,713.4600219726562,713.4824829101562,713.2000122070312,713.27001953125
2026-08-21 15:15:00-04:00,713.25,713.4949951171875,713.0900268554688,713.260009765625
2026-08-21 15:20:00-04:00,713.260009765625,713.5700073242188,713.1849975585938,713.5599975585938
2026-08-21 15:25:00-04:00,713.55908203125,713.6749877929688,713.4199829101562,713.4199829101562
2026-08-21 15:30:00-04:00,713.4099731445312,713.7899780273438,713.4099731445312,713.6500854492188
2026-08-21 15:35:00-04:00,713.6500244140625,713.8200073242188,713.5499877929688,713.8099975585938
2026-08-21 15:40:00-04:00,713.7969970703125,713.8099975585938,713.47998046875,713.7999877929688
2026-08-21 15:45:00-04:00,713.7999877929688,714.3099975585938,713.75,714.1900024414062
2026-08-21 15:50:00-04:00,714.1900024414062,714.2000122070312,713.3300170898438,713.4199829101562
2026-08-21 15:55:00-04:00,713.4000244140625,713.8300170898438,712.9099731445312,713.4099731445312
2026-08-24 09:30:00-04:00,709.625,709.7899780273438,706.0,706.6500244140625
2026-08-24 09:35:00-04:00,706.6599731445312,707.4299926757812,705.5750122070312,705.885009765625
2026-08-24 09:40:00-04:00,705.8400268554688,706.1199951171875,703.3800048828125,703.4400024414062
2026-08-24 09:45:00-04:00,703.4299926757812,704.6900024414062,702.8703002929688,703.719970703125
2026-08-24 09:50:00-04:00,703.7150268554688,704.239990234375,702.7000122070312,704.14501953125
2026-08-24 09:55:00-04:00,704.2100219726562,704.8150024414062,703.9000244140625,704.47998046875
2026-08-24 10:00:00-04:00,704.4400024414062,704.8106079101562,703.0399780273438,703.3300170898438
2026-08-24 10:05:00-04:00,703.3300170898438,703.8800048828125,703.0,703.4000244140625
2026-08-24 10:10:00-04:00,703.385009765625,703.8099975585938,702.8300170898438,703.77001953125
2026-08-24 10:15:00-04:00,703.780029296875,704.1099853515625,703.1599731445312,703.3582763671875
2026-08-24 10:20:00-04:00,703.3499755859375,704.7100219726562,703.3200073242188,703.9299926757812
2026-08-24 10:25:00-04:00,703.9400024414062,704.3499755859375,703.4500122070312,704.22998046875
2026-08-24 10:30:00-04:00,704.1599731445312,705.8499755859375,703.9500122070312,705.760009765625
2026-08-24 10:35:00-04:00,705.7537231445312,706.20751953125,705.47998046875,705.8699951171875
2026-08-24 10:40:00-04:00,705.8699951171875,706.5449829101562,705.6348876953125,706.030029296875
2026-08-24 10:45:00-04:00,705.97998046875,706.510009765625,705.780029296875,706.469970703125
2026-08-24 10:50:00-04:00,706.4749755859375,706.531494140625,705.8809204101562,706.2301025390625
2026-08-24 10:55:00-04:00,706.239990234375,706.469970703125,705.77001953125,705.9299926757812
2026-08-24 11:00:00-04:00,705.9299926757812,706.2000122070312,705.25,705.3049926757812
2026-08-24 11:05:00-04:00,705.3195190429688,705.5499877929688,704.9149780273438,705.3400268554688
2026-08-24 11:10:00-04:00,705.3300170898438,705.7899780273438,705.0,705.0599975585938
2026-08-24 11:15:00-04:00,705.0599975585938,705.4199829101562,705.0250244140625,705.2720947265625
2026-08-24 11:20:00-04:00,705.2839965820312,705.9199829101562,704.822021484375,705.8422241210938
2026-08-24 11:25:00-04:00,705.8499755859375,707.1900024414062,705.7999877929688,706.8300170898438
2026-08-24 11:30:00-04:00,706.7999877929688,707.2100219726562,706.510009765625,707.1500244140625
2026-08-24 11:35:00-04:00,707.1400146484375,707.8300170898438,706.969970703125,707.7000122070312
2026-08-24 11:40:00-04:00,707.7100219726562,708.280029296875,707.6699829101562,708.1400146484375
2026-08-24 11:45:00-04:00,708.1500244140625,708.8438720703125,708.1500244140625,708.3599853515625
2026-08-24 11:50:00-04:00,708.3900146484375,708.6599731445312,708.2000122070312,708.3400268554688
2026-08-24 11:55:00-04:00,708.3300170898438,708.3300170898438,707.5599975585938,707.989990234375
2026-08-24 12:00:00-04:00,707.9801025390625,708.489990234375,707.7100219726562,708.1099853515625
2026-08-24 12:05:00-04:00,708.1201171875,708.2476196289062,707.760009765625,707.760009765625
2026-08-24 12:10:00-04:00,707.780029296875,708.2899780273438,707.7100830078125,708.2886962890625
2026-08-24 12:15:00-04:00,708.2849731445312,708.9849853515625,708.25,708.7269287109375
2026-08-24 12:20:00-04:00,708.6799926757812,709.3358764648438,708.6300048828125,708.8685913085938
2026-08-24 12:25:00-04:00,708.8599853515625,708.9450073242188,708.6699829101562,708.8403930664062
2026-08-24 12:30:00-04:00,708.8494873046875,709.0250244140625,708.3001098632812,708.4400024414062
2026-08-24 12:35:00-04:00,708.4550170898438,708.7999877929688,708.3699951171875,708.4199829101562
2026-08-24 12:40:00-04:00,708.4099731445312,708.47998046875,708.1300048828125,708.389892578125
2026-08-24 12:45:00-04:00,708.3900146484375,708.4849853515625,708.1099853515625,708.4849853515625
2026-08-24 12:50:00-04:00,708.47998046875,708.5599975585938,708.0599975585938,708.2849731445312
2026-08-24 12:55:00-04:00,708.2849731445312,708.3300170898438,708.0250244140625,708.0250244140625
2026-08-24 13:00:00-04:00,708.030029296875,708.0549926757812,707.6400146484375,707.7302856445312
2026-08-24 13:05:00-04:00,707.72998046875,708.6599731445312,707.7100219726562,708.52001953125
2026-08-24 13:10:00-04:00,708.52001953125,708.97998046875,708.3400268554688,708.594970703125
2026-08-24 13:15:00-04:00,708.598876953125,708.5999755859375,707.9299926757812,707.93310546875
2026-08-24 13:20:00-04:00,707.9600219726562,707.989990234375,707.239990234375,707.405029296875
2026-08-24 13:25:00-04:00,707.4299926757812,707.6900024414062,707.0911865234375,707.2349853515625
2026-08-24 13:30:00-04:00,707.25,707.3300170898438,707.030029296875,707.0499877929688
2026-08-24 13:35:00-04:00,707.0399780273438,707.1699829101562,706.81201171875,707.0900268554688
2026-08-24 13:40:00-04:00,707.1099853515625,707.2100219726562,706.7705078125,706.7708740234375
2026-08-24 13:45:00-04:00,706.7894897460938,707.219970703125,706.76171875,707.0850219726562
2026-08-24 13:50:00-04:00,707.0599975585938,707.35498046875,706.780029296875,706.85498046875
2026-08-24 13:55:00-04:00,706.8599853515625,706.9550170898438,706.739990234375,706.9000244140625
2026-08-24 14:00:00-04:00,706.9099731445312,707.7000122070312,706.885986328125,707.5150146484375
2026-08-24 14:05:00-04:00,707.5150146484375,708.3375244140625,707.4550170898438,708.2449951171875
2026-08-24 14:10:00-04:00,708.2249755859375,708.4550170898438,707.9650268554688,708.4146118164062
2026-08-24 14:15:00-04:00,708.4349975585938,708.7100219726562,708.0900268554688,708.1849975585938
2026-08-24 14:20:00-04:00,708.1500244140625,709.239990234375,708.14501953125,709.1500244140625
2026-08-24 14:25:00-04:00,709.135009765625,709.280029296875,709.0504150390625,709.1599731445312
2026-08-24 14:30:00-04:00,709.1699829101562,709.530029296875,709.0599975585938,709.2050170898438
2026-08-24 14:35:00-04:00,709.22998046875,709.3150024414062,708.260009765625,708.4099731445312
2026-08-24 14:40:00-04:00,708.4099731445312,708.6099853515625,708.3215942382812,708.4799194335938
2026-08-24 14:45:00-04:00,708.4600219726562,708.5800170898438,708.1099853515625,708.260009765625
2026-08-24 14:50:00-04:00,708.219970703125,708.4099731445312,707.8900146484375,707.9600219726562
2026-08-24 14:55:00-04:00,707.9550170898438,708.0700073242188,707.6099853515625,707.6300048828125
2026-08-24 15:00:00-04:00,707.625,707.8099975585938,707.510009765625,707.6574096679688
2026-08-24 15:05:00-04:00,707.6400146484375,707.8099975585938,707.4099731445312,707.4415893554688
2026-08-24 15:10:00-04:00,707.4199829101562,707.7896728515625,707.3499755859375,707.655029296875
2026-08-24 15:15:00-04:00,707.655029296875,707.75,707.3300170898438,707.719970703125
2026-08-24 15:20:00-04:00,707.6900024414062,707.9099731445312,707.510009765625,707.64501953125
2026-08-24 15:25:00-04:00,707.6400146484375,707.8300170898438,707.6099853515625,707.7150268554688
2026-08-24 15:30:00-04:00,707.739990234375,708.0499877929688,707.3099975585938,707.3099975585938
2026-08-24 15:35:00-04:00,707.3300170898438,707.3400268554688,706.9650268554688,707.0499877929688
2026-08-24 15:40:00-04:00,707.0650024414062,707.1799926757812,706.9000244140625,707.02001953125
2026-08-24 15:45:00-04:00,707.0499877929688,707.1099853515625,706.7949829101562,707.0650024414062
2026-08-24 15:50:00-04:00,707.0800170898438,707.3099975585938,706.3200073242188,706.89501953125
2026-08-24 15:55:00-04:00,706.9000244140625,706.9000244140625,706.2100219726562,706.239990234375
2026-08-25 09:30:00-04:00,711.27001953125,713.1300048828125,710.7999877929688,713.125
2026-08-25 09:35:00-04:00,713.0800170898438,713.1099853515625,711.3400268554688,711.6649780273438
2026-08-25 09:40:00-04:00,711.7100219726562,713.0900268554688,711.6900024414062,712.5250244140625
2026-08-25 09:45:00-04:00,712.5,714.0399780273438,712.3499755859375,713.5250244140625
2026-08-25 09:50:00-04:00,713.530029296875,713.625,712.3400268554688,712.3599853515625
2026-08-25 09:55:00-04:00,712.3599853515625,712.4199829101562,711.0999755859375,711.6099853515625
2026-08-25 10:00:00-04:00,711.6699829101562,711.6799926757812,710.0700073242188,710.380615234375
2026-08-25 10:05:00-04:00,710.4299926757812,710.8599853515625,710.0,710.3599853515625
2026-08-25 10:10:00-04:00,710.3499755859375,710.97998046875,709.9149780273438,710.010009765625
2026-08-25 10:15:00-04:00,710.02001953125,710.5999755859375,709.760009765625,709.9600219726562
2026-08-25 10:20:00-04:00,709.9500122070312,710.25,709.1400756835938,709.6199951171875
2026-08-25 10:25:00-04:00,709.6433715820312,710.1500244140625,709.2750244140625,709.2999877929688
2026-08-25 10:30:00-04:00,709.239990234375,710.0999755859375,707.4500122070312,709.0701293945312
2026-08-25 10:35:00-04:00,709.0700073242188,710.5499877929688,709.0599975585938,710.3101196289062
2026-08-25 10:40:00-04:00,710.3200073242188,710.3900146484375,708.77001953125,709.3599853515625
2026-08-25 10:45:00-04:00,709.260009765625,709.6400146484375,709.0800170898438,709.4299926757812
2026-08-25 10:50:00-04:00,709.3499755859375,710.385009765625,709.1146850585938,710.010009765625
2026-08-25 10:55:00-04:00,710.02001953125,710.114990234375,709.4000244140625,709.6900024414062
2026-08-25 11:00:00-04:00,709.6900024414062,709.7899780273438,708.8825073242188,708.989990234375
2026-08-25 11:05:00-04:00,709.0449829101562,709.530029296875,708.8800048828125,709.25
2026-08-25 11:10:00-04:00,709.2899780273438,709.6300048828125,709.1099853515625,709.5
2026-08-25 11:15:00-04:00,709.509521484375,709.97998046875,709.4000244140625,709.780029296875
2026-08-25 11:20:00-04:00,709.7999877929688,710.3699951171875,709.5399780273438,709.7999877929688
2026-08-25 11:25:00-04:00,709.7999877929688,710.8599853515625,709.6599731445312,710.7899780273438
2026-08-25 11:30:00-04:00,710.760009765625,711.52001953125,710.47998046875,710.5650024414062
2026-08-25 11:35:00-04:00,710.5499877929688,711.469970703125,710.5,710.6599731445312
2026-08-25 11:40:00-04:00,710.6500244140625,710.72998046875,710.27001953125,710.530029296875
2026-08-25 11:45:00-04:00,710.489990234375,710.4998779296875,709.469970703125,709.6300048828125
2026-08-25 11:50:00-04:00,709.60498046875,710.4500122070312,709.47998046875,710.2999877929688
2026-08-25 11:55:00-04:00,710.2999877929688,710.6749877929688,710.22998046875,710.4349975585938
2026-08-25 12:00:00-04:00,710.47998046875,711.0599975585938,710.4099731445312,710.6929931640625
2026-08-25 12:05:00-04:00,710.7000122070312,711.0,710.530029296875,710.5549926757812
2026-08-25 12:10:00-04:00,710.5599975585938,710.8499755859375,710.4600830078125,710.8001098632812
2026-08-25 12:15:00-04:00,710.8099975585938,711.0800170898438,710.7210083007812,710.988525390625
2026-08-25 12:20:00-04:00,710.9699096679688,711.1699829101562,710.781005859375,711.010009765625
2026-08-25 12:25:00-04:00,710.97998046875,711.260009765625,710.9600219726562,711.1599731445312
2026-08-25 12:30:00-04:00,711.1795043945312,711.2899780273438,710.9749755859375,710.989990234375
2026-08-25 12:35:00-04:00,711.0399169921875,711.1799926757812,710.6400146484375,711.0999755859375
2026-08-25 12:40:00-04:00,711.1099853515625,711.1099853515625,710.3400268554688,710.489990234375
2026-08-25 12:45:00-04:00,710.5,710.9099731445312,710.4099731445312,710.60498046875
2026-08-25 12:50:00-04:00,710.6199951171875,710.643310546875,710.239990234375,710.3250122070312
2026-08-25 12:55:00-04:00,710.3350219726562,710.8499755859375,710.1900024414062,710.7050170898438
2026-08-25 13:00:00-04:00,710.7116088867188,710.7999877929688,709.9400024414062,709.96630859375
2026-08-25 13:05:00-04:00,709.9500122070312,710.0499877929688,709.5,709.7349853515625
2026-08-25 13:10:00-04:00,709.739990234375,709.989990234375,709.4801025390625,709.9207763671875
2026-08-25 13:15:00-04:00,709.9099731445312,710.2999267578125,709.7899780273438,710.25
2026-08-25 13:20:00-04:00,710.22998046875,710.27001953125,709.8099975585938,709.8400268554688
2026-08-25 13:25:00-04:00,709.7800903320312,709.7800903320312,709.27001953125,709.47998046875
2026-08-25 13:30:00-04:00,709.5,709.6500244140625,709.3099975585938,709.5800170898438
2026-08-25 13:35:00-04:00,709.5399780273438,709.7100219726562,709.4400024414062,709.5999755859375
2026-08-25 13:40:00-04:00,709.6199951171875,709.6199951171875,709.3499755859375,709.4398803710938
2026-08-25 13:45:00-04:00,709.4395141601562,709.6500244140625,709.3300170898438,709.530029296875
2026-08-25 13:50:00-04:00,709.530029296875,709.6489868164062,709.3049926757812,709.5700073242188
2026-08-25 13:55:00-04:00,709.5700073242188,709.64501953125,709.3599853515625,709.5440063476562
2026-08-25 14:00:00-04:00,709.530029296875,709.530029296875,708.9949951171875,709.010009765625
2026-08-25 14:05:00-04:00,709.02001953125,709.3250122070312,708.9600219726562,709.1599731445312
2026-08-25 14:10:00-04:00,709.1500244140625,709.3400268554688,706.3200073242188,709.010009765625
2026-08-25 14:15:00-04:00,709.030029296875,709.2299194335938,708.969970703125,709.2150268554688
2026-08-25 14:20:00-04:00,709.219970703125,709.5499877929688,709.1950073242188,709.4099731445312
2026-08-25 14:25:00-04:00,709.3800048828125,709.4199829101562,709.0900268554688,709.3350219726562
2026-08-25 14:30:00-04:00,709.3699951171875,709.9500122070312,709.3499755859375,709.9099731445312
2026-08-25 14:35:00-04:00,709.9149780273438,710.1300048828125,709.7999877929688,710.030029296875
2026-08-25 14:40:00-04:00,710.02001953125,710.3300170898438,709.9099731445312,710.2849731445312
2026-08-25 14:45:00-04:00,710.2849731445312,710.6699829101562,710.2849731445312,710.5700073242188
2026-08-25 14:50:00-04:00,710.5700073242188,710.5800170898438,710.2999877929688,710.3400268554688
2026-08-25 14:55:00-04:00,710.3499755859375,710.4600219726562,710.1900024414062,710.260009765625
2026-08-25 15:00:00-04:00,710.2550048828125,710.47998046875,710.0,710.02001953125
2026-08-25 15:05:00-04:00,710.010009765625,710.1500244140625,709.9299926757812,710.0499877929688
2026-08-25 15:10:00-04:00,710.0700073242188,710.0900268554688,709.6500244140625,709.739990234375
2026-08-25 15:15:00-04:00,709.719970703125,709.7999877929688,709.4498901367188,709.510009765625
2026-08-25 15:20:00-04:00,709.5,709.5250244140625,709.2100219726562,709.469970703125
2026-08-25 15:25:00-04:00,709.47998046875,709.5598754882812,709.3200073242188,709.530029296875
2026-08-25 15:30:00-04:00,709.530029296875,709.5399780273438,709.1799926757812,709.52001953125
2026-08-25 15:35:00-04:00,709.510009765625,709.8499755859375,709.47998046875,709.7050170898438
2026-08-25 15:40:00-04:00,709.7000122070312,710.2899780273438,709.7000122070312,709.8250122070312
2026-08-25 15:45:00-04:00,709.8200073242188,710.0,709.5900268554688,709.9299926757812
2026-08-25 15:50:00-04:00,709.9000244140625,710.9719848632812,709.719970703125,710.9000244140625
2026-08-25 15:55:00-04:00,710.9000244140625,711.0800170898438,710.4849853515625,710.6400146484375
2026-08-26 09:30:00-04:00,708.5,710.9550170898438,708.47998046875,710.3599853515625
2026-08-26 09:35:00-04:00,710.3499755859375,710.780029296875,709.1900024414062,710.0490112304688
2026-08-26 09:40:00-04:00,709.8685913085938,711.6900024414062,709.5900268554688,711.1599731445312
2026-08-26 09:45:00-04:00,711.1599731445312,711.72998046875,710.6300048828125,710.6699829101562
2026-08-26 09:50:00-04:00,710.6669921875,711.6199951171875,710.280029296875,711.619873046875
2026-08-26 09:55:00-04:00,711.6199951171875,712.2000122070312,711.3099975585938,712.1699829101562
2026-08-26 10:00:00-04:00,712.1799926757812,712.1799926757812,711.3800048828125,711.5557861328125
2026-08-26 10:05:00-04:00,711.5700073242188,711.6699829101562,710.8001708984375,710.9199829101562
2026-08-26 10:10:00-04:00,711.0,711.010009765625,709.880126953125,710.14501953125
2026-08-26 10:15:00-04:00,710.1300048828125,710.5399780273438,709.7899780273438,709.97998046875
2026-08-26 10:20:00-04:00,709.9598999023438,710.0800170898438,709.0598754882812,709.0900268554688
2026-08-26 10:25:00-04:00,709.0800170898438,709.219970703125,707.969970703125,708.5250244140625
2026-08-26 10:30:00-04:00,708.489990234375,709.135986328125,708.469970703125,708.9727783203125
2026-08-26 10:35:00-04:00,708.9400024414062,709.7899780273438,708.6500244140625,709.3699951171875
2026-08-26 10:40:00-04:00,709.3701171875,709.9301147460938,709.3499755859375,709.5399780273438
2026-08-26 10:45:00-04:00,709.5625,710.0499877929688,709.2000122070312,709.9500122070312
2026-08-26 10:50:00-04:00,709.9500732421875,710.6799926757812,709.9500122070312,710.0598754882812
2026-08-26 10:55:00-04:00,710.0499877929688,710.4500122070312,709.8900146484375,710.2999877929688
2026-08-26 11:00:00-04:00,710.3200073242188,710.7899780273438,710.2000122070312,710.510009765625
2026-08-26 11:05:00-04:00,710.530029296875,711.0399780273438,710.5,710.7100219726562
2026-08-26 11:10:00-04:00,710.7188720703125,710.8499755859375,710.25,710.4400024414062
2026-08-26 11:15:00-04:00,710.4299926757812,710.4299926757812,709.5800170898438,710.0999755859375
2026-08-26 11:20:00-04:00,710.0549926757812,710.4899291992188,709.8699951171875,710.02001953125
2026-08-26 11:25:00-04:00,710.010009765625,710.6599731445312,709.926513671875,710.4000244140625
2026-08-26 11:30:00-04:00,710.3800048828125,710.4719848632812,709.5501098632812,709.7615966796875
2026-08-26 11:35:00-04:00,709.760009765625,710.4000244140625,709.75,710.268310546875
2026-08-26 11:40:00-04:00,710.260009765625,711.1798706054688,710.2000122070312,711.030029296875
2026-08-26 11:45:00-04:00,710.989990234375,711.1500244140625,710.8231201171875,711.1500244140625
2026-08-26 11:50:00-04:00,711.1500244140625,711.2196044921875,709.781982421875,709.864990234375
2026-08-26 11:55:00-04:00,709.8300170898438,710.0900268554688,709.405029296875,709.4400024414062
2026-08-26 12:00:00-04:00,709.4299926757812,709.4600219726562,708.7766723632812,709.3800048828125
2026-08-26 12:05:00-04:00,709.2680053710938,709.6199951171875,709.0701293945312,709.1900024414062
2026-08-26 12:10:00-04:00,709.22998046875,709.389404296875,709.02001953125,709.0700073242188
2026-08-26 12:15:00-04:00,709.0700073242188,709.1900024414062,708.8800048828125,709.1400146484375
2026-08-26 12:20:00-04:00,709.1300048828125,709.3900146484375,709.0499877929688,709.280029296875
2026-08-26 12:25:00-04:00,709.280029296875,709.3300170898438,709.02001953125,709.2000122070312
2026-08-26 12:30:00-04:00,709.2050170898438,709.4998779296875,709.1599731445312,709.3599853515625
2026-08-26 12:35:00-04:00,709.4000244140625,709.4550170898438,708.5900268554688,708.6199951171875
2026-08-26 12:40:00-04:00,708.5999755859375,708.8599853515625,708.2899780273438,708.3900756835938
2026-08-26 12:45:00-04:00,708.3900146484375,708.969970703125,708.35498046875,708.5900268554688
2026-08-26 12:50:00-04:00,708.5999755859375,708.8200073242188,708.4099731445312,708.6500244140625
2026-08-26 12:55:00-04:00,708.6699829101562,709.5399780273438,708.6300048828125,709.39990234375
2026-08-26 13:00:00-04:00,709.3900146484375,709.7550048828125,709.27001953125,709.6900024414062
2026-08-26 13:05:00-04:00,709.6199951171875,709.9000244140625,709.4299926757812,709.8250122070312
2026-08-26 13:10:00-04:00,709.7901000976562,710.0,709.72998046875,709.8800048828125
2026-08-26 13:15:00-04:00,709.9500122070312,710.469970703125,709.9500122070312,710.27001953125
2026-08-26 13:20:00-04:00,710.27001953125,710.64501953125,710.27001953125,710.62109375
2026-08-26 13:25:00-04:00,710.6199951171875,710.6799926757812,710.3300170898438,710.6099853515625
2026-08-26 13:30:00-04:00,710.5999755859375,710.9400024414062,710.5100708007812,710.8499755859375
2026-08-26 13:35:00-04:00,710.8599853515625,711.0900268554688,710.7899780273438,710.9149780273438
2026-08-26 13:40:00-04:00,710.9099731445312,711.1599731445312,710.7249755859375,710.9304809570312
2026-08-26 13:45:00-04:00,710.9299926757812,711.02001953125,710.60498046875,710.6599731445312
2026-08-26 13:50:00-04:00,710.6798706054688,711.0999755859375,710.6599731445312,711.0700073242188
2026-08-26 13:55:00-04:00,711.0700073242188,711.22998046875,710.97998046875,711.010009765625
2026-08-26 14:00:00-04:00,711.02001953125,711.02001953125,710.7249755859375,710.8599853515625
2026-08-26 14:05:00-04:00,710.8599853515625,711.2926025390625,710.8499755859375,711.17822265625
2026-08-26 14:10:00-04:00,711.1699829101562,711.1900024414062,710.5838012695312,710.6799926757812
2026-08-26 14:15:00-04:00,710.6799926757812,711.0399780273438,710.5599975585938,710.9600219726562
2026-08-26 14:20:00-04:00,710.9699096679688,711.2000122070312,710.8206176757812,710.830078125
2026-08-26 14:25:00-04:00,710.8200073242188,711.0198974609375,710.7100219726562,710.9000244140625
2026-08-26 14:30:00-04:00,710.9000244140625,711.4500122070312,710.8099975585938,711.3200073242188
2026-08-26 14:35:00-04:00,711.3499755859375,711.3900146484375,711.1699829101562,711.2000122070312
2026-08-26 14:40:00-04:00,711.2100219726562,711.3300170898438,711.1099853515625,711.260009765625
2026-08-26 14:45:00-04:00,711.27001953125,712.0499877929688,711.27001953125,711.8599853515625
2026-08-26 14:50:00-04:00,711.850830078125,711.989990234375,711.630126953125,711.8200073242188
2026-08-26 14:55:00-04:00,711.8200073242188,712.0800170898438,711.75,711.8900146484375
2026-08-26 15:00:00-04:00,711.875,713.02001953125,711.8099975585938,712.9625854492188
2026-08-26 15:05:00-04:00,712.97998046875,713.010009765625,712.510009765625,712.510009765625
2026-08-26 15:10:00-04:00,712.510009765625,712.6199951171875,712.1199951171875,712.344970703125
2026-08-26 15:15:00-04:00,712.3499755859375,712.75,712.3300170898438,712.6900024414062
2026-08-26 15:20:00-04:00,712.6799926757812,712.6900024414062,712.1699829101562,712.52001953125
2026-08-26 15:25:00-04:00,712.489990234375,712.7100219726562,712.239990234375,712.3099975585938
2026-08-26 15:30:00-04:00,712.3099975585938,712.4500122070312,712.0900268554688,712.3900146484375
2026-08-26 15:35:00-04:00,712.4099731445312,712.4400024414062,711.9199829101562,711.9400024414062
2026-08-26 15:40:00-04:00,711.9219970703125,712.0599975585938,711.5599975585938,711.6119995117188
2026-08-26 15:45:00-04:00,711.5800170898438,712.256103515625,711.5150146484375,712.2249755859375
2026-08-26 15:50:00-04:00,712.239990234375,712.3599853515625,710.9199829101562,711.114990234375
2026-08-26 15:55:00-04:00,711.1099853515625,711.6099853515625,710.885009765625,711.2999877929688
2026-08-27 09:30:00-04:00,716.97998046875,718.469970703125,715.260009765625,715.530029296875
2026-08-27 09:35:00-04:00,715.510009765625,716.0549926757812,715.0,716.0399780273438
2026-08-27 09:40:00-04:00,716.0700073242188,718.3599853515625,716.0399780273438,718.1400756835938
2026-08-27 09:45:00-04:00,718.1500244140625,718.8300170898438,715.2100219726562,715.760009765625
2026-08-27 09:50:00-04:00,716.010009765625,717.9600219726562,715.9299926757812,717.3099975585938
2026-08-27 09:55:00-04:00,717.3300170898438,717.4149780273438,714.5250244140625,715.9299926757812
2026-08-27 10:00:00-04:00,715.9600219726562,717.489990234375,715.8400268554688,717.219970703125
2026-08-27 10:05:00-04:00,717.1900024414062,717.6998901367188,716.4299926757812,717.0599975585938
2026-08-27 10:10:00-04:00,717.0999755859375,718.469970703125,717.0252075195312,717.75
2026-08-27 10:15:00-04:00,717.77001953125,718.5900268554688,717.760009765625,718.25
2026-08-27 10:20:00-04:00,718.25,718.7899780273438,718.0999755859375,718.598876953125
2026-08-27 10:25:00-04:00,718.5899047851562,719.2692260742188,718.2000732421875,718.9349975585938
2026-08-27 10:30:00-04:00,718.9299926757812,718.989990234375,717.9000244140625,718.1199951171875
2026-08-27 10:35:00-04:00,718.2000122070312,718.8699951171875,717.4000244140625,717.4298706054688
2026-08-27 10:40:00-04:00,717.4349975585938,717.9400024414062,717.2999877929688,717.760009765625
2026-08-27 10:45:00-04:00,717.75,718.760009765625,717.1400146484375,718.625
2026-08-27 10:50:00-04:00,718.5999755859375,718.9000244140625,717.8400268554688,718.271484375
2026-08-27 10:55:00-04:00,718.2750244140625,718.7999877929688,717.6799926757812,718.7999877929688
2026-08-27 11:00:00-04:00,718.8099975585938,719.1300048828125,718.530029296875,719.0399780273438
2026-08-27 11:05:00-04:00,719.010009765625,719.3699951171875,718.905029296875,719.3150024414062
2026-08-27 11:10:00-04:00,719.3300170898438,719.4299926757812,718.969970703125,719.38720703125
2026-08-27 11:15:00-04:00,719.3880004882812,719.5800170898438,719.22998046875,719.3300170898438
2026-08-27 11:20:00-04:00,719.3599853515625,719.4199829101562,718.6799926757812,718.719970703125
2026-08-27 11:25:00-04:00,718.7100219726562,718.7449951171875,718.14501953125,718.219970703125
2026-08-27 11:30:00-04:00,718.25,718.7100219726562,717.9600219726562,718.2100219726562
2026-08-27 11:35:00-04:00,718.280029296875,718.3900146484375,717.5499877929688,717.739990234375
2026-08-27 11:40:00-04:00,717.77001953125,718.1400146484375,717.0800170898438,717.2050170898438
2026-08-27 11:45:00-04:00,717.22998046875,717.22998046875,716.6699829101562,716.9500122070312
2026-08-27 11:50:00-04:00,716.9500122070312,719.0,716.9500122070312,718.9998779296875
2026-08-27 11:55:00-04:00,718.989990234375,718.989990234375,718.5999755859375,718.6900024414062
2026-08-27 12:00:00-04:00,718.6950073242188,719.3200073242188,718.6400146484375,719.1099853515625
2026-08-27 12:05:00-04:00,719.1099853515625,719.260009765625,718.5399780273438,718.61767578125
2026-08-27 12:10:00-04:00,718.6099853515625,718.8717041015625,718.3300170898438,718.5349731445312
2026-08-27 12:15:00-04:00,718.5499877929688,718.8300170898438,718.2319946289062,718.530029296875
2026-08-27 12:20:00-04:00,718.510009765625,718.530029296875,718.0800170898438,718.239990234375
2026-08-27 12:25:00-04:00,718.25,718.989990234375,718.1300048828125,718.8499755859375
2026-08-27 12:30:00-04:00,718.8862915039062,719.1400146484375,718.7899780273438,719.1199951171875
2026-08-27 12:35:00-04:00,719.1199951171875,719.7999877929688,719.0499877929688,719.719970703125
2026-08-27 12:40:00-04:00,719.77001953125,719.9849853515625,719.6799926757812,719.8699951171875
2026-08-27 12:45:00-04:00,719.8800048828125,720.1799926757812,719.7999877929688,719.8900146484375
2026-08-27 12:50:00-04:00,719.9400024414062,720.0999755859375,719.6699829101562,720.0599975585938
2026-08-27 12:55:00-04:00,720.0399780273438,720.0751953125,719.7901000976562,720.030029296875
2026-08-27 13:00:00-04:00,720.030029296875,720.3699951171875,719.989990234375,720.3400268554688
2026-08-27 13:05:00-04:00,720.3300170898438,720.3900146484375,719.9400024414062,720.3900146484375
2026-08-27 13:10:00-04:00,720.4099731445312,720.5800170898438,720.3200073242188,720.4600219726562
2026-08-27 13:15:00-04:00,720.4400024414062,720.530029296875,720.2150268554688,720.3400268554688
2026-08-27 13:20:00-04:00,720.3300170898438,720.6199951171875,720.239990234375,720.52001953125
2026-08-27 13:25:00-04:00,720.510009765625,720.510009765625,719.6900024414062,719.7650146484375
2026-08-27 13:30:00-04:00,719.7568969726562,720.1599731445312,719.6199951171875,719.7150268554688
2026-08-27 13:35:00-04:00,719.6649780273438,719.8900146484375,719.5599975585938,719.5700073242188
2026-08-27 13:40:00-04:00,719.5800170898438,719.9500122070312,719.4099731445312,719.5
2026-08-27 13:45:00-04:00,719.5,719.5700073242188,719.1199951171875,719.2000122070312
2026-08-27 13:50:00-04:00,719.219970703125,719.52001953125,719.0402221679688,719.4149780273438
2026-08-27 13:55:00-04:00,719.4299926757812,719.4442749023438,718.989990234375,719.0999755859375
2026-08-27 14:00:00-04:00,719.0999755859375,719.3400268554688,718.1799926757812,718.2064208984375
2026-08-27 14:05:00-04:00,718.1900024414062,718.580078125,718.1503295898438,718.3499755859375
2026-08-27 14:10:00-04:00,718.3411865234375,718.4600219726562,717.8804931640625,718.25
2026-08-27 14:15:00-04:00,718.2402954101562,718.530029296875,717.969970703125,718.27001953125
2026-08-27 14:20:00-04:00,718.2650146484375,718.3983764648438,717.9400024414062,718.0399169921875
2026-08-27 14:25:00-04:00,718.0399780273438,718.0501098632812,717.0399780273438,717.3300170898438
2026-08-27 14:30:00-04:00,717.3099975585938,718.125,717.2999877929688,717.5806274414062
2026-08-27 14:35:00-04:00,717.6099853515625,718.2999877929688,717.4500122070312,718.2899780273438
2026-08-27 14:40:00-04:00,718.2999877929688,718.3499755859375,718.0499877929688,718.1300048828125
2026-08-27 14:45:00-04:00,718.1099853515625,718.3599853515625,717.6500854492188,717.6500854492188
2026-08-27 14:50:00-04:00,717.635009765625,718.010009765625,717.5549926757812,717.719970703125
2026-08-27 14:55:00-04:00,717.7100219726562,718.239990234375,717.47998046875,718.0999755859375
2026-08-27 15:00:00-04:00,718.10498046875,718.5999755859375,718.0349731445312,718.530029296875
2026-08-27 15:05:00-04:00,718.5391235351562,718.8599853515625,718.1199951171875,718.5892944335938
2026-08-27 15:10:00-04:00,718.597412109375,718.9400024414062,718.5800170898438,718.6099853515625
2026-08-27 15:15:00-04:00,718.6300048828125,719.0,718.6300048828125,718.9299926757812
2026-08-27 15:20:00-04:00,718.9199829101562,719.0900268554688,718.8599853515625,718.9000244140625
2026-08-27 15:25:00-04:00,718.8920288085938,719.1199951171875,718.6699829101562,718.864990234375
2026-08-27 15:30:00-04:00,718.8800048828125,719.4600219726562,718.7100219726562,719.4199829101562
2026-08-27 15:35:00-04:00,719.4299926757812,719.5800170898438,719.3099975585938,719.510009765625
2026-08-27 15:40:00-04:00,719.4949951171875,719.5999755859375,719.3599853515625,719.5999755859375
2026-08-27 15:45:00-04:00,719.5900268554688,719.97998046875,719.52001953125,719.9400024414062
2026-08-27 15:50:00-04:00,719.9400024414062,720.8800048828125,719.5,720.8300170898438
2026-08-27 15:55:00-04:00,720.8300170898438,721.3499755859375,720.5900268554688,721.0599975585938
2026-08-28 09:30:00-04:00,719.75,719.989990234375,718.1762084960938,719.2000122070312
2026-08-28 09:35:00-04:00,719.2100219726562,720.52001953125,718.780029296875,720.3200073242188
2026-08-28 09:40:00-04:00,720.3099975585938,721.52001953125,720.3099975585938,721.186279296875
2026-08-28 09:45:00-04:00,721.1799926757812,721.5499267578125,720.3300170898438,720.5
2026-08-28 09:50:00-04:00,720.5451049804688,720.7180786132812,719.7100219726562,719.9099731445312
2026-08-28 09:55:00-04:00,719.9400024414062,720.739990234375,719.7100830078125,719.7109985351562
2026-08-28 10:00:00-04:00,719.9299926757812,721.6300048828125,719.0399780273438,719.8200073242188
2026-08-28 10:05:00-04:00,719.8049926757812,719.8300170898438,718.1099853515625,718.659912109375
2026-08-28 10:10:00-04:00,718.6599731445312,719.0999755859375,716.7899780273438,717.5499877929688
2026-08-28 10:15:00-04:00,717.5698852539062,719.760009765625,717.4299926757812,719.1865844726562
2026-08-28 10:20:00-04:00,719.2100219726562,720.9000244140625,719.1702270507812,720.125
2026-08-28 10:25:00-04:00,720.1799926757812,720.3599853515625,719.2000122070312,720.2999877929688
2026-08-28 10:30:00-04:00,720.3499755859375,721.1699829101562,719.8300170898438,721.0700073242188
2026-08-28 10:35:00-04:00,721.0900268554688,721.7899780273438,720.780029296875,720.97998046875
2026-08-28 10:40:00-04:00,720.969970703125,722.5,720.8699951171875,722.2901000976562
2026-08-28 10:45:00-04:00,722.3200073242188,722.7849731445312,722.0700073242188,722.6749877929688
2026-08-28 10:50:00-04:00,722.6500244140625,723.3599853515625,722.5599975585938,723.140625
2026-08-28 10:55:00-04:00,723.1400146484375,723.8300170898438,723.0900268554688,723.8200073242188
2026-08-28 11:00:00-04:00,723.780029296875,724.125,723.3499755859375,723.7999877929688
2026-08-28 11:05:00-04:00,723.7899780273438,723.9400024414062,722.760009765625,722.9400024414062
2026-08-28 11:10:00-04:00,722.9400024414062,723.1649780273438,722.280029296875,722.6104736328125
2026-08-28 11:15:00-04:00,722.6199951171875,723.27001953125,722.5599975585938,722.6099853515625
2026-08-28 11:20:00-04:00,722.625,723.219970703125,722.3900146484375,723.1209716796875
2026-08-28 11:25:00-04:00,723.0900268554688,723.6500244140625,723.02001953125,723.4099731445312
2026-08-28 11:30:00-04:00,723.4550170898438,723.489990234375,722.969970703125,722.969970703125
2026-08-28 11:35:00-04:00,722.9600219726562,723.10498046875,721.8599853515625,721.9299926757812
2026-08-28 11:40:00-04:00,721.9600219726562,721.9600219726562,720.5700073242188,720.760009765625
2026-08-28 11:45:00-04:00,720.739990234375,721.0150146484375,719.719970703125,719.8206176757812
2026-08-28 11:50:00-04:00,719.8400268554688,720.177978515625,718.7000122070312,719.489990234375
2026-08-28 11:55:00-04:00,719.510009765625,719.510009765625,717.7000122070312,717.8599853515625
2026-08-28 12:00:00-04:00,717.9299926757812,718.1900024414062,716.8400268554688,717.3699951171875
2026-08-28 12:05:00-04:00,717.3499755859375,718.8200073242188,717.2949829101562,718.6900024414062
2026-08-28 12:10:00-04:00,718.6699829101562,718.7999877929688,717.9400024414062,718.0
2026-08-28 12:15:00-04:00,717.9600219726562,718.2999877929688,716.4199829101562,716.8900146484375
2026-08-28 12:20:00-04:00,716.7999877929688,717.14501953125,715.6900024414062,716.27001953125
2026-08-28 12:25:00-04:00,716.2249755859375,716.6799926757812,716.0,716.3099975585938
2026-08-28 12:30:00-04:00,716.2899780273438,717.22998046875,716.0299072265625,716.0299072265625
2026-08-28 12:35:00-04:00,716.010009765625,717.3049926757812,716.010009765625,716.89501953125
2026-08-28 12:40:00-04:00,716.864990234375,716.9199829101562,715.969970703125,716.1950073242188
2026-08-28 12:45:00-04:00,716.1799926757812,717.6799926757812,716.1699829101562,717.5
2026-08-28 12:50:00-04:00,717.4600219726562,717.7899780273438,716.8099975585938,716.8800048828125
2026-08-28 12:55:00-04:00,716.8798828125,717.16650390625,716.6099853515625,716.6500244140625
2026-08-28 13:00:00-04:00,716.6400146484375,716.6666259765625,715.280029296875,715.8499755859375
2026-08-28 13:05:00-04:00,715.7999877929688,715.8200073242188,715.0850219726562,715.4000854492188
2026-08-28 13:10:00-04:00,715.4000244140625,716.239501953125,715.1436767578125,716.22998046875
2026-08-28 13:15:00-04:00,716.2100219726562,716.3499755859375,715.75,716.0800170898438
2026-08-28 13:20:00-04:00,716.0499877929688,716.27001953125,715.4500122070312,715.9600219726562
2026-08-28 13:25:00-04:00,716.02001953125,716.469970703125,715.6900024414062,715.8900146484375
2026-08-28 13:30:00-04:00,715.8400268554688,716.6599731445312,715.75,716.5349731445312
2026-08-28 13:35:00-04:00,716.5499877929688,716.719970703125,715.6699829101562,715.739990234375
2026-08-28 13:40:00-04:00,715.719970703125,716.3798828125,715.7000122070312,716.2100219726562
2026-08-28 13:45:00-04:00,716.1900024414062,717.25,716.0750122070312,717.1699829101562
2026-08-28 13:50:00-04:00,717.1900024414062,717.2899780273438,716.8800048828125,717.0
2026-08-28 13:55:00-04:00,717.010009765625,717.0399780273438,716.4199829101562,716.9860229492188
2026-08-28 14:00:00-04:00,717.0,717.1099853515625,716.47998046875,716.6514282226562
2026-08-28 14:05:00-04:00,716.6300048828125,716.989990234375,716.47998046875,716.7160034179688
2026-08-28 14:10:00-04:00,716.746826171875,717.030029296875,716.3200073242188,716.3300170898438
2026-08-28 14:15:00-04:00,716.3300170898438,716.7050170898438,716.2000122070312,716.4400024414062
2026-08-28 14:20:00-04:00,716.47998046875,716.6925048828125,715.9000244140625,716.1500244140625
2026-08-28 14:25:00-04:00,716.1500244140625,716.489990234375,715.9400024414062,716.2050170898438
2026-08-28 14:30:00-04:00,716.2050170898438,716.6699829101562,716.1248779296875,716.530029296875
2026-08-28 14:35:00-04:00,716.510498046875,716.739990234375,716.1300048828125,716.135009765625
2026-08-28 14:40:00-04:00,716.0999755859375,716.5499877929688,716.02001953125,716.4099731445312
2026-08-28 14:45:00-04:00,716.37939453125,716.4199829101562,715.7000122070312,715.760009765625
2026-08-28 14:50:00-04:00,715.75,715.75,715.1500244140625,715.469970703125
2026-08-28 14:55:00-04:00,715.4400024414062,715.6799926757812,715.2000122070312,715.52001953125
2026-08-28 15:00:00-04:00,715.5150146484375,715.8900146484375,715.239990234375,715.6900024414062
2026-08-28 15:05:00-04:00,715.6699829101562,716.364990234375,715.510009765625,716.3599853515625
2026-08-28 15:10:00-04:00,716.35498046875,716.3699951171875,715.7559814453125,716.0800170898438
2026-08-28 15:15:00-04:00,716.0900268554688,716.1799926757812,715.719970703125,716.0750122070312
2026-08-28 15:20:00-04:00,716.0800170898438,716.5,716.030029296875,716.2000732421875
2026-08-28 15:25:00-04:00,716.22998046875,716.6300048828125,716.1849975585938,716.530029296875
2026-08-28 15:30:00-04:00,716.5349731445312,716.655029296875,716.219970703125,716.52001953125
2026-08-28 15:35:00-04:00,716.4600219726562,716.5999755859375,716.1699829101562,716.594970703125
2026-08-28 15:40:00-04:00,716.5999755859375,716.8800048828125,716.5800170898438,716.6400756835938
2026-08-28 15:45:00-04:00,716.6599731445312,716.719970703125,715.9349975585938,716.3699951171875
2026-08-28 15:50:00-04:00,716.4000244140625,717.0800170898438,716.1500244140625,716.3599853515625
2026-08-28 15:55:00-04:00,716.3300170898438,716.9000244140625,716.0700073242188,716.4500122070312
2026-08-31 09:30:00-04:00,715.1199951171875,717.0009765625,714.6799926757812,715.7999267578125
2026-08-31 09:35:00-04:00,715.760009765625,715.760009765625,714.010009765625,714.2200927734375
2026-08-31 09:40:00-04:00,714.25,715.2349853515625,714.0700073242188,714.4249877929688
2026-08-31 09:45:00-04:00,714.4299926757812,716.0,713.969970703125,715.1849975585938
2026-08-31 09:50:00-04:00,715.1699829101562,715.9000244140625,714.5599975585938,715.8958740234375
2026-08-31 09:55:00-04:00,715.7999877929688,716.12841796875,715.030029296875,715.22998046875
2026-08-31 10:00:00-04:00,715.2000122070312,715.4000244140625,714.1849975585938,714.3200073242188
2026-08-31 10:05:00-04:00,714.2899780273438,714.8200073242188,713.6900024414062,713.719970703125
2026-08-31 10:10:00-04:00,713.7100219726562,714.3400268554688,713.5399780273438,714.0900268554688
2026-08-31 10:15:00-04:00,714.0700073242188,714.9600219726562,713.7940063476562,714.6630249023438
2026-08-31 10:20:00-04:00,714.6900024414062,714.8300170898438,713.3900146484375,713.4199829101562
2026-08-31 10:25:00-04:00,713.4000244140625,713.8599853515625,713.1599731445312,713.6199951171875
2026-08-31 10:30:00-04:00,713.5501098632812,713.9299926757812,713.3699951171875,713.6300048828125
2026-08-31 10:35:00-04:00,713.6500244140625,714.9299926757812,713.5499877929688,714.4400024414062
2026-08-31 10:40:00-04:00,714.3939819335938,715.0800170898438,714.3054809570312,714.8300170898438
2026-08-31 10:45:00-04:00,714.8599853515625,714.885009765625,713.860107421875,713.9880981445312
2026-08-31 10:50:00-04:00,713.9600830078125,714.5449829101562,713.8900146484375,714.5198974609375
2026-08-31 10:55:00-04:00,714.5050048828125,715.27001953125,714.4199829101562,714.5999755859375
2026-08-31 11:00:00-04:00,714.6099853515625,715.25,714.1400146484375,714.510009765625
2026-08-31 11:05:00-04:00,714.4550170898438,715.0800170898438,714.3400268554688,714.4500122070312
2026-08-31 11:10:00-04:00,714.4600219726562,714.9500122070312,714.3499755859375,714.635009765625
2026-08-31 11:15:00-04:00,714.6380004882812,714.8900146484375,714.1994018554688,714.6699829101562
2026-08-31 11:20:00-04:00,714.7100219726562,715.2000122070312,714.4307861328125,715.1296997070312
2026-08-31 11:25:00-04:00,715.1300048828125,715.3099975585938,714.6300048828125,714.7174072265625
2026-08-31 11:30:00-04:00,714.77001953125,714.7999877929688,713.9000244140625,714.219970703125
2026-08-31 11:35:00-04:00,714.1599731445312,714.3400268554688,713.8800048828125,714.1649780273438
2026-08-31 11:40:00-04:00,714.2000122070312,714.469970703125,713.8499755859375,714.4537963867188
2026-08-31 11:45:00-04:00,714.4500122070312,714.6649780273438,714.1400146484375,714.5
2026-08-31 11:50:00-04:00,714.510009765625,715.0,714.510009765625,714.6699829101562
2026-08-31 11:55:00-04:00,714.6599731445312,714.77001953125,713.8800048828125,713.9550170898438
2026-08-31 12:00:00-04:00,713.969970703125,713.969970703125,713.4099731445312,713.5
2026-08-31 12:05:00-04:00,713.4500122070312,713.6900024414062,713.3599853515625,713.5800170898438
2026-08-31 12:10:00-04:00,713.5750122070312,714.52001953125,713.5050048828125,714.3800048828125
2026-08-31 12:15:00-04:00,714.4000244140625,714.469970703125,713.8217163085938,714.2100219726562
2026-08-31 12:20:00-04:00,714.22998046875,714.39990234375,713.9949951171875,714.25
2026-08-31 12:25:00-04:00,714.2340087890625,714.8599853515625,714.2340087890625,714.8400268554688
2026-08-31 12:30:00-04:00,714.8499755859375,714.864990234375,714.4500122070312,714.6400146484375
2026-08-31 12:35:00-04:00,714.6400146484375,714.8579711914062,714.1204223632812,714.135009765625
2026-08-31 12:40:00-04:00,714.1599731445312,714.9749755859375,714.125,714.5700073242188
2026-08-31 12:45:00-04:00,714.5549926757812,715.030029296875,714.451904296875,714.8499755859375
2026-08-31 12:50:00-04:00,714.8699951171875,715.1699829101562,714.7750244140625,714.989990234375
2026-08-31 12:55:00-04:00,715.0,715.280029296875,714.9818725585938,715.2100219726562
2026-08-31 13:00:00-04:00,715.2000122070312,715.2000122070312,714.7999877929688,714.8900146484375
2026-08-31 13:05:00-04:00,715.0050048828125,715.1599731445312,714.6799926757812,714.7144165039062
2026-08-31 13:10:00-04:00,714.7150268554688,714.89501953125,714.6328735351562,714.8300170898438
2026-08-31 13:15:00-04:00,714.8200073242188,715.0700073242188,714.5349731445312,714.760009765625
2026-08-31 13:20:00-04:00,714.7150268554688,714.8499755859375,714.5800170898438,714.6799926757812
2026-08-31 13:25:00-04:00,714.6699829101562,714.7000122070312,714.1199951171875,714.2100219726562
2026-08-31 13:30:00-04:00,714.2000122070312,714.3599853515625,713.989990234375,713.9901123046875
2026-08-31 13:35:00-04:00,713.989990234375,714.6649780273438,713.989990234375,714.6649780273438
2026-08-31 13:40:00-04:00,714.6300048828125,715.2000122070312,714.6199951171875,715.2000122070312
2026-08-31 13:45:00-04:00,715.2050170898438,715.3099975585938,715.02001953125,715.14501953125
2026-08-31 13:50:00-04:00,715.1199951171875,715.6199951171875,715.1099853515625,715.5333251953125
2026-08-31 13:55:00-04:00,715.5349731445312,715.5999755859375,715.030029296875,715.2349853515625
2026-08-31 14:00:00-04:00,715.1799926757812,715.5401000976562,714.781982421875,715.5050048828125
2026-08-31 14:05:00-04:00,715.5,715.6599731445312,715.3099975585938,715.594970703125
2026-08-31 14:10:00-04:00,715.5999755859375,715.6099853515625,715.2899780273438,715.385009765625
2026-08-31 14:15:00-04:00,715.3900146484375,715.6599731445312,715.35498046875,715.530029296875
2026-08-31 14:20:00-04:00,715.5599975585938,715.739990234375,715.3369750976562,715.5349731445312
2026-08-31 14:25:00-04:00,715.5499877929688,715.5599975585938,715.152099609375,715.1749877929688
2026-08-31 14:30:00-04:00,715.1699829101562,715.2772827148438,714.760009765625,714.7822265625
2026-08-31 14:35:00-04:00,714.8099975585938,714.9400024414062,714.0800170898438,714.219970703125
2026-08-31 14:40:00-04:00,714.1768798828125,714.3400268554688,713.8491821289062,714.2349853515625
2026-08-31 14:45:00-04:00,714.25,714.3800048828125,714.0100708007812,714.3499755859375
2026-08-31 14:50:00-04:00,714.35498046875,714.5900268554688,714.1550903320312,714.4749755859375
2026-08-31 14:55:00-04:00,714.4600219726562,714.739990234375,714.27001953125,714.3499755859375
2026-08-31 15:00:00-04:00,714.3569946289062,714.8300170898438,714.3400268554688,714.530029296875
2026-08-31 15:05:00-04:00,714.510009765625,714.7999877929688,714.3099975585938,714.75
2026-08-31 15:10:00-04:00,714.7650146484375,714.9249877929688,714.5800170898438,714.8499755859375
2026-08-31 15:15:00-04:00,714.8499755859375,714.9000244140625,714.64501953125,714.760009765625
2026-08-31 15:20:00-04:00,714.7449951171875,715.22998046875,714.6900024414062,715.0499877929688
2026-08-31 15:25:00-04:00,715.0250244140625,715.52001953125,714.9099731445312,715.3800048828125
2026-08-31 15:30:00-04:00,715.3900146484375,715.406494140625,714.9600219726562,715.280029296875
2026-08-31 15:35:00-04:00,715.280029296875,715.5800170898438,715.1900024414062,715.4199829101562
2026-08-31 15:40:00-04:00,715.469970703125,716.1950073242188,715.3499755859375,716.0601196289062
2026-08-31 15:45:00-04:00,716.0599975585938,716.25,715.6199951171875,715.9901123046875
2026-08-31 15:50:00-04:00,716.0,717.4600219726562,716.0,717.219970703125
2026-08-31 15:55:00-04:00,717.2000122070312,717.5750122070312,716.5499877929688,716.8599853515625
2026-09-01 09:30:00-04:00,707.4299926757812,707.6900024414062,706.2100219726562,706.989990234375
2026-09-01 09:35:00-04:00,707.0499877929688,708.0399780273438,706.1182250976562,706.3900146484375
2026-09-01 09:40:00-04:00,706.4099731445312,706.97998046875,705.6199951171875,706.6900024414062
2026-09-01 09:45:00-04:00,706.6099853515625,708.1199951171875,706.5100708007812,708.1199951171875
2026-09-01 09:50:00-04:00,708.10498046875,708.4500122070312,707.2249755859375,707.6199951171875
2026-09-01 09:55:00-04:00,707.64501953125,707.7794799804688,706.8800048828125,707.2249755859375
2026-09-01 10:00:00-04:00,707.27001953125,707.969970703125,706.7714233398438,707.155029296875
2026-09-01 10:05:00-04:00,707.1500244140625,708.5399780273438,707.1500244140625,708.3411865234375
2026-09-01 10:10:00-04:00,708.3499755859375,708.4650268554688,707.4500122070312,707.8770751953125
2026-09-01 10:15:00-04:00,707.85498046875,708.7999877929688,707.8350219726562,708.1400146484375
2026-09-01 10:20:00-04:00,708.1699829101562,708.969970703125,708.1699829101562,708.52001953125
2026-09-01 10:25:00-04:00,708.5399780273438,708.9400024414062,708.4000244140625,708.6099853515625
2026-09-01 10:30:00-04:00,708.594970703125,709.7598876953125,708.5700073242188,709.7150268554688
2026-09-01 10:35:00-04:00,709.7100219726562,709.8400268554688,709.3831176757812,709.6799926757812
2026-09-01 10:40:00-04:00,709.6998901367188,710.2849731445312,709.5900268554688,710.2849731445312
2026-09-01 10:45:00-04:00,710.280029296875,711.0900268554688,710.0999755859375,710.5914916992188
2026-09-01 10:50:00-04:00,710.5900268554688,710.5900268554688,709.9249877929688,710.010009765625
2026-09-01 10:55:00-04:00,710.02001953125,710.2000122070312,709.6699829101562,710.1799926757812
2026-09-01 11:00:00-04:00,710.1898803710938,710.469970703125,709.5200805664062,709.77001953125
2026-09-01 11:05:00-04:00,709.7449951171875,709.8400268554688,709.010009765625,709.02001953125
2026-09-01 11:10:00-04:00,709.0120239257812,709.4600219726562,709.0015869140625,709.0805053710938
2026-09-01 11:15:00-04:00,709.0886840820312,709.5499877929688,708.9996948242188,709.4199829101562
2026-09-01 11:20:00-04:00,709.4299926757812,709.89990234375,709.1599731445312,709.8687133789062
2026-09-01 11:25:00-04:00,709.8699951171875,710.239990234375,709.6599731445312,710.239990234375
2026-09-01 11:30:00-04:00,710.239990234375,710.52001953125,710.0599975585938,710.239990234375
2026-09-01 11:35:00-04:00,710.260009765625,711.1500244140625,710.1900024414062,711.0831909179688
2026-09-01 11:40:00-04:00,711.0900268554688,711.6500244140625,711.0800170898438,711.5999755859375
2026-09-01 11:45:00-04:00,711.5900268554688,712.2999877929688,711.5599975585938,712.2100219726562
2026-09-01 11:50:00-04:00,712.2000122070312,712.27001953125,711.7899780273438,712.135009765625
2026-09-01 11:55:00-04:00,712.1300048828125,712.1649780273438,711.6599731445312,711.7999877929688
2026-09-01 12:00:00-04:00,711.8499755859375,711.8900146484375,711.3400268554688,711.40478515625
2026-09-01 12:05:00-04:00,711.364990234375,711.4899291992188,710.8599853515625,710.9099731445312
2026-09-01 12:10:00-04:00,710.9400024414062,711.0700073242188,710.2899780273438,710.3099975585938
2026-09-01 12:15:00-04:00,710.281005859375,710.385009765625,709.5650024414062,709.5999755859375
2026-09-01 12:20:00-04:00,709.594970703125,709.739990234375,708.79052734375,709.407470703125
2026-09-01 12:25:00-04:00,709.39501953125,709.5599975585938,708.6099853515625,708.989990234375
2026-09-01 12:30:00-04:00,708.969970703125,709.135009765625,707.8900146484375,707.9450073242188
2026-09-01 12:35:00-04:00,707.9349975585938,708.6400146484375,707.9099731445312,708.6300048828125
2026-09-01 12:40:00-04:00,708.6400146484375,708.739990234375,707.9550170898438,707.97998046875
2026-09-01 12:45:00-04:00,707.97998046875,708.5900268554688,707.8699951171875,708.5499877929688
2026-09-01 12:50:00-04:00,708.551025390625,708.7000122070312,708.3400268554688,708.6099853515625
2026-09-01 12:55:00-04:00,708.6300048828125,709.4400024414062,708.6300048828125,709.2899780273438
2026-09-01 13:00:00-04:00,709.2999877929688,709.2999877929688,708.2899780273438,708.2999877929688
2026-09-01 13:05:00-04:00,708.3298950195312,708.510009765625,708.010009765625,708.2540283203125
2026-09-01 13:10:00-04:00,708.22998046875,708.6199951171875,708.0494995117188,708.3800048828125
2026-09-01 13:15:00-04:00,708.4000244140625,708.599609375,707.8900146484375,708.0599975585938
2026-09-01 13:20:00-04:00,708.0399780273438,708.2694702148438,707.8300170898438,708.0001220703125
2026-09-01 13:25:00-04:00,708.02001953125,708.1500244140625,707.0,708.0650024414062
2026-09-01 13:30:00-04:00,708.0800170898438,708.468994140625,707.9749755859375,708.344970703125
2026-09-01 13:35:00-04:00,708.3099975585938,708.52001953125,708.0300903320312,708.0750122070312
2026-09-01 13:40:00-04:00,708.0999755859375,708.4500122070312,708.0532836914062,708.3200073242188
2026-09-01 13:45:00-04:00,708.2899780273438,708.2999877929688,707.6038818359375,707.6038818359375
2026-09-01 13:50:00-04:00,707.5999755859375,707.9600219726562,707.47998046875,707.625
2026-09-01 13:55:00-04:00,707.6300048828125,708.0700073242188,707.5,708.010009765625
2026-09-01 14:00:00-04:00,708.0,708.27001953125,707.5330810546875,707.5999755859375
2026-09-01 14:05:00-04:00,707.6300048828125,707.6300048828125,707.3218994140625,707.5700073242188
2026-09-01 14:10:00-04:00,707.5119018554688,707.6500244140625,707.0599975585938,707.10009765625
2026-09-01 14:15:00-04:00,707.0999755859375,707.4199829101562,706.8099975585938,707.3200073242188
2026-09-01 14:20:00-04:00,707.3259887695312,707.4500122070312,707.1699829101562,707.4099731445312
2026-09-01 14:25:00-04:00,707.3800048828125,707.3900146484375,706.6900024414062,706.8800048828125
2026-09-01 14:30:00-04:00,706.8800048828125,706.9600219726562,706.260009765625,706.3900146484375
2026-09-01 14:35:00-04:00,706.35498046875,706.5399780273438,706.030029296875,706.0798950195312
2026-09-01 14:40:00-04:00,706.0750122070312,706.1599731445312,704.9749755859375,705.0
2026-09-01 14:45:00-04:00,704.989990234375,705.6500244140625,704.6599731445312,705.6300048828125
2026-09-01 14:50:00-04:00,705.5999755859375,705.8699951171875,705.4299926757812,705.7849731445312
2026-09-01 14:55:00-04:00,705.7100830078125,706.5700073242188,705.7100830078125,706.4232177734375
2026-09-01 15:00:00-04:00,706.4450073242188,707.1099853515625,706.3099975585938,706.9849853515625
2026-09-01 15:05:00-04:00,707.0,707.239990234375,706.75,707.0910034179688
2026-09-01 15:10:00-04:00,707.0900268554688,707.52001953125,706.9849853515625,707.489990234375
2026-09-01 15:15:00-04:00,707.5399780273438,707.6199951171875,707.239990234375,707.375
2026-09-01 15:20:00-04:00,707.3900146484375,707.590087890625,707.0999755859375,707.4249877929688
2026-09-01 15:25:00-04:00,707.4299926757812,707.72998046875,707.2913818359375,707.6500244140625
2026-09-01 15:30:00-04:00,707.6599731445312,707.7000122070312,706.8499755859375,707.47998046875
2026-09-01 15:35:00-04:00,707.469970703125,707.5883178710938,707.0999755859375,707.0999755859375
2026-09-01 15:40:00-04:00,707.1099853515625,707.5599975585938,706.9802856445312,707.4500122070312
2026-09-01 15:45:00-04:00,707.469970703125,707.989990234375,707.3300170898438,707.7949829101562
2026-09-01 15:50:00-04:00,707.780029296875,707.780029296875,706.6699829101562,707.0800170898438
2026-09-01 15:55:00-04:00,707.0900268554688,708.5499877929688,706.9199829101562,707.655029296875
2026-09-02 09:30:00-04:00,707.1099853515625,707.1099853515625,705.77001953125,706.6900024414062
2026-09-02 09:35:00-04:00,706.72998046875,706.8699951171875,705.5800170898438,706.7999877929688
2026-09-02 09:40:00-04:00,706.8400268554688,707.5399780273438,706.52001953125,706.8699951171875
2026-09-02 09:45:00-04:00,706.8900146484375,707.4000244140625,705.719970703125,705.8699951171875
2026-09-02 09:50:00-04:00,705.8599853515625,706.4400024414062,705.2999877929688,705.3800048828125
2026-09-02 09:55:00-04:00,705.4099731445312,706.2890014648438,705.1099853515625,706.1799926757812
2026-09-02 10:00:00-04:00,706.1900024414062,706.6799926757812,705.5014038085938,706.6799926757812
2026-09-02 10:05:00-04:00,706.6799926757812,707.4500122070312,706.6400146484375,707.0302124023438
2026-09-02 10:10:00-04:00,707.02001953125,707.77001953125,706.8308715820312,707.760009765625
2026-09-02 10:15:00-04:00,707.760009765625,708.5997924804688,707.5800170898438,708.5599975585938
2026-09-02 10:20:00-04:00,708.5599975585938,709.22998046875,708.3068237304688,708.8599853515625
2026-09-02 10:25:00-04:00,708.8499755859375,709.3359985351562,708.5700073242188,709.2000122070312
2026-09-02 10:30:00-04:00,709.1599731445312,709.6599731445312,708.8599853515625,709.6199951171875
2026-09-02 10:35:00-04:00,709.6500244140625,709.798828125,708.77001953125,709.2070922851562
2026-09-02 10:40:00-04:00,709.1799926757812,709.5999755859375,709.030517578125,709.5700073242188
2026-09-02 10:45:00-04:00,709.5900268554688,709.5999755859375,708.2999877929688,708.5900268554688
2026-09-02 10:50:00-04:00,708.5800170898438,708.5800170898438,707.6500854492188,707.8699951171875
2026-09-02 10:55:00-04:00,707.8499755859375,708.0999755859375,707.4299926757812,707.5999755859375
2026-09-02 11:00:00-04:00,707.5900268554688,708.239990234375,707.2974853515625,708.0499877929688
2026-09-02 11:05:00-04:00,708.0700073242188,708.4400024414062,707.8079833984375,708.4199829101562
2026-09-02 11:10:00-04:00,708.4099731445312,708.77001953125,708.1099853515625,708.52001953125
2026-09-02 11:15:00-04:00,708.5399780273438,709.280029296875,708.3800048828125,709.1699829101562
2026-09-02 11:20:00-04:00,709.1699829101562,709.2449951171875,708.780029296875,709.0150146484375
2026-09-02 11:25:00-04:00,709.0449829101562,709.719970703125,709.0449829101562,709.64501953125
2026-09-02 11:30:00-04:00,709.6699829101562,709.7399291992188,709.2899780273438,709.3599853515625
2026-09-02 11:35:00-04:00,709.3400268554688,709.5800170898438,708.8599853515625,709.0
2026-09-02 11:40:00-04:00,709.03369140625,709.25,708.9199829101562,709.14501953125
2026-09-02 11:45:00-04:00,709.1199951171875,709.1199951171875,708.1199951171875,708.1400146484375
2026-09-02 11:50:00-04:00,708.1400146484375,708.7000122070312,708.0,708.3499145507812
2026-09-02 11:55:00-04:00,708.3544921875,709.3115844726562,708.1199951171875,709.1950073242188
2026-09-02 12:00:00-04:00,709.2000122070312,709.4600219726562,708.9199829101562,709.4400024414062
2026-09-02 12:05:00-04:00,709.4349975585938,709.47998046875,709.1483764648438,709.2000122070312
2026-09-02 12:10:00-04:00,709.25,709.4099731445312,709.0900268554688,709.2000122070312
2026-09-02 12:15:00-04:00,709.1599731445312,709.1599731445312,708.5800170898438,708.8049926757812
2026-09-02 12:20:00-04:00,708.8305053710938,708.9600219726562,708.530029296875,708.5900268554688
2026-09-02 12:25:00-04:00,708.625,708.739990234375,708.1699829101562,708.385009765625
2026-09-02 12:30:00-04:00,708.3895263671875,708.9199829101562,708.3400268554688,708.5999755859375
2026-09-02 12:35:00-04:00,708.6400146484375,708.8875122070312,708.5,708.5
2026-09-02 12:40:00-04:00,708.530029296875,708.540283203125,708.0499877929688,708.0599975585938
2026-09-02 12:45:00-04:00,708.0499877929688,708.3300170898438,708.0499877929688,708.25
2026-09-02 12:50:00-04:00,708.27001953125,708.7150268554688,707.97998046875,708.6649780273438
2026-09-02 12:55:00-04:00,708.6599731445312,708.72998046875,708.280029296875,708.4199829101562
2026-09-02 13:00:00-04:00,708.4500122070312,709.0800170898438,708.4500122070312,708.8900146484375
2026-09-02 13:05:00-04:00,708.8800048828125,708.969482421875,707.7401123046875,707.844970703125
2026-09-02 13:10:00-04:00,707.8350219726562,708.3599853515625,707.8049926757812,708.1799926757812
2026-09-02 13:15:00-04:00,708.2000122070312,708.2214965820312,707.719970703125,707.8599853515625
2026-09-02 13:20:00-04:00,707.85498046875,708.3499755859375,707.7520141601562,708.2249755859375
2026-09-02 13:25:00-04:00,708.2100830078125,708.4199829101562,708.0999755859375,708.3200073242188
2026-09-02 13:30:00-04:00,708.3350219726562,708.4400024414062,707.9000244140625,707.9000244140625
2026-09-02 13:35:00-04:00,707.8950805664062,708.0701293945312,707.8400268554688,707.9400024414062
2026-09-02 13:40:00-04:00,707.9299926757812,708.5,707.760009765625,708.493408203125
2026-09-02 13:45:00-04:00,708.5,708.8800048828125,708.489990234375,708.530029296875
2026-09-02 13:50:00-04:00,708.5399780273438,708.6500244140625,708.3300170898438,708.5
2026-09-02 13:55:00-04:00,708.469970703125,708.739990234375,708.1400146484375,708.5399780273438
2026-09-02 14:00:00-04:00,708.5499877929688,708.5599975585938,707.969970703125,708.52001953125
2026-09-02 14:05:00-04:00,708.469970703125,708.6799926757812,708.2249755859375,708.3300170898438
2026-09-02 14:10:00-04:00,708.3031005859375,708.4000244140625,708.030029296875,708.1901245117188
2026-09-02 14:15:00-04:00,708.22998046875,709.489990234375,708.1600952148438,708.8499755859375
2026-09-02 14:20:00-04:00,708.8499755859375,708.9299926757812,708.5800170898438,708.7750244140625
2026-09-02 14:25:00-04:00,708.7999877929688,708.9000244140625,708.4349975585938,708.530029296875
2026-09-02 14:30:00-04:00,708.530029296875,708.8900146484375,708.5029296875,708.5029296875
2026-09-02 14:35:00-04:00,708.5,708.65478515625,708.0499877929688,708.119873046875
2026-09-02 14:40:00-04:00,708.1063232421875,708.1400146484375,707.885009765625,707.989990234375
2026-09-02 14:45:00-04:00,708.0399780273438,708.3897705078125,707.8499755859375,708.3099975585938
2026-09-02 14:50:00-04:00,708.3099975585938,708.4199829101562,707.9400024414062,708.0599975585938
2026-09-02 14:55:00-04:00,708.1300048828125,708.385009765625,708.0399780273438,708.2100219726562
2026-09-02 15:00:00-04:00,708.2249755859375,708.4500122070312,708.07568359375,708.2999877929688
2026-09-02 15:05:00-04:00,708.3200073242188,708.7000122070312,708.2899780273438,708.7000122070312
2026-09-02 15:10:00-04:00,708.719970703125,708.8250122070312,708.5800170898438,708.7100219726562
2026-09-02 15:15:00-04:00,708.7000122070312,708.7598876953125,708.5,708.7598876953125
2026-09-02 15:20:00-04:00,708.7999877929688,708.7999877929688,708.3400268554688,708.47998046875
2026-09-02 15:25:00-04:00,708.47998046875,708.7899780273438,708.3300170898438,708.75
2026-09-02 15:30:00-04:00,708.72998046875,708.8699951171875,708.5599975585938,708.8200073242188
2026-09-02 15:35:00-04:00,708.8250122070312,708.8300170898438,708.4329223632812,708.6199951171875
2026-09-02 15:40:00-04:00,708.5599975585938,708.9400024414062,708.5004272460938,708.9099731445312
2026-09-02 15:45:00-04:00,708.9000244140625,709.1939697265625,708.85498046875,709.1199951171875
2026-09-02 15:50:00-04:00,709.0999755859375,709.4249877929688,708.7899780273438,709.3226928710938
2026-09-02 15:55:00-04:00,709.3099975585938,709.3599853515625,708.8150024414062,709.25
2026-09-03 09:30:00-04:00,710.8499755859375,711.6599731445312,710.2000122070312,710.969970703125
2026-09-03 09:35:00-04:00,710.9400024414062,712.9099731445312,709.6937866210938,712.77001953125
2026-09-03 09:40:00-04:00,712.780029296875,713.489990234375,712.3900146484375,713.1500244140625
2026-09-03 09:45:00-04:00,713.1500244140625,713.6500244140625,712.530029296875,713.469970703125
2026-09-03 09:50:00-04:00,713.5050048828125,713.8496704101562,712.6699829101562,713.25
2026-09-03 09:55:00-04:00,713.2495727539062,713.3699951171875,711.97998046875,712.8800048828125
2026-09-03 10:00:00-04:00,712.8400268554688,712.840087890625,710.8699951171875,711.280029296875
2026-09-03 10:05:00-04:00,711.2750244140625,711.6500244140625,710.6799926757812,711.2401123046875
2026-09-03 10:10:00-04:00,711.280029296875,712.1099853515625,710.8499755859375,712.0549926757812
2026-09-03 10:15:00-04:00,712.0399780273438,713.2150268554688,711.9600219726562,713.0549926757812
2026-09-03 10:20:00-04:00,713.0700073242188,713.5499877929688,712.72998046875,713.25
2026-09-03 10:25:00-04:00,713.2550048828125,713.5599975585938,712.7103271484375,713.0750122070312
2026-09-03 10:30:00-04:00,713.0599975585938,713.469970703125,711.653076171875,711.6995239257812
2026-09-03 10:35:00-04:00,711.760009765625,712.5,711.5800170898438,711.6500244140625
2026-09-03 10:40:00-04:00,711.6500244140625,712.3099975585938,711.4199829101562,711.6099853515625
2026-09-03 10:45:00-04:00,711.655029296875,712.3400268554688,711.47998046875,712.260009765625
2026-09-03 10:50:00-04:00,712.27392578125,712.375,711.6799926757812,712.375
2026-09-03 10:55:00-04:00,712.3485717773438,713.64501953125,710.8099975585938,713.5499877929688
2026-09-03 11:00:00-04:00,713.5698852539062,715.3499755859375,713.5650024414062,715.3300170898438
2026-09-03 11:05:00-04:00,715.3599853515625,715.530029296875,714.97998046875,715.1699829101562
2026-09-03 11:10:00-04:00,715.177978515625,716.0449829101562,715.0900268554688,716.0
2026-09-03 11:15:00-04:00,716.0050048828125,716.3699951171875,715.9400024414062,716.25
2026-09-03 11:20:00-04:00,716.2000122070312,716.719970703125,715.760009765625,716.4099731445312
2026-09-03 11:25:00-04:00,716.4000244140625,717.8200073242188,716.3499755859375,717.72998046875
2026-09-03 11:30:00-04:00,717.760009765625,717.864990234375,717.2899780273438,717.5549926757812
2026-09-03 11:35:00-04:00,717.5399780273438,717.75,717.0999755859375,717.2000122070312
2026-09-03 11:40:00-04:00,717.2000122070312,717.4500122070312,716.9400024414062,717.0
2026-09-03 11:45:00-04:00,717.0800170898438,717.3499755859375,716.9575805664062,717.1799926757812
2026-09-03 11:50:00-04:00,717.1799926757812,717.6300048828125,717.02001953125,717.5599975585938
2026-09-03 11:55:00-04:00,717.5499877929688,717.8200073242188,717.3900146484375,717.8200073242188
2026-09-03 12:00:00-04:00,717.8049926757812,717.8200073242188,717.1599731445312,717.1699829101562
2026-09-03 12:05:00-04:00,717.1611938476562,717.3099975585938,716.9332275390625,717.1199951171875
2026-09-03 12:10:00-04:00,717.0900268554688,717.4099731445312,716.989990234375,717.3250122070312
2026-09-03 12:15:00-04:00,717.3400268554688,717.5499877929688,717.1329956054688,717.4600219726562
2026-09-03 12:20:00-04:00,717.510009765625,717.5100708007812,716.9000244140625,716.9000244140625
2026-09-03 12:25:00-04:00,716.9099731445312,716.9349975585938,716.5999755859375,716.780029296875
2026-09-03 12:30:00-04:00,716.7940063476562,716.8699951171875,716.489990234375,716.5999755859375
2026-09-03 12:35:00-04:00,716.594970703125,717.47802734375,716.4400024414062,717.4000244140625
2026-09-03 12:40:00-04:00,717.375,717.6998901367188,717.344970703125,717.5499877929688
2026-09-03 12:45:00-04:00,717.5700073242188,717.669677734375,717.4099731445312,717.60498046875
2026-09-03 12:50:00-04:00,717.6199951171875,717.6699829101562,717.2949829101562,717.4099731445312
2026-09-03 12:55:00-04:00,717.39501953125,717.9299926757812,717.3800048828125,717.5549926757812
2026-09-03 13:00:00-04:00,717.5700073242188,717.6799926757812,717.10498046875,717.344970703125
2026-09-03 13:05:00-04:00,717.3200073242188,717.3499755859375,716.7000122070312,716.7000122070312
2026-09-03 13:10:00-04:00,716.70849609375,716.9099731445312,716.5800170898438,716.6500854492188
2026-09-03 13:15:00-04:00,716.6699829101562,716.9000244140625,716.52001953125,716.5750122070312
2026-09-03 13:20:00-04:00,716.5700073242188,716.5900268554688,716.3400268554688,716.4705200195312
2026-09-03 13:25:00-04:00,716.489501953125,717.0800170898438,716.469970703125,716.969970703125
2026-09-03 13:30:00-04:00,716.9580078125,717.3250122070312,716.9580078125,717.22998046875
2026-09-03 13:35:00-04:00,717.239990234375,717.5855712890625,717.1799926757812,717.3699951171875
2026-09-03 13:40:00-04:00,717.3870239257812,717.6199951171875,717.3599853515625,717.5800170898438
2026-09-03 13:45:00-04:00,717.5549926757812,717.7050170898438,717.3900146484375,717.5800170898438
2026-09-03 13:50:00-04:00,717.5999755859375,718.1500244140625,717.47998046875,717.989990234375
2026-09-03 13:55:00-04:00,717.97998046875,718.1300048828125,717.8499755859375,717.9199829101562
2026-09-03 14:00:00-04:00,717.9199829101562,718.760009765625,717.9199829101562,718.5800170898438
2026-09-03 14:05:00-04:00,718.7100219726562,718.8049926757812,718.469970703125,718.5399780273438
2026-09-03 14:10:00-04:00,718.6699829101562,718.7863159179688,718.5800170898438,718.6500244140625
2026-09-03 14:15:00-04:00,718.6575927734375,718.9099731445312,718.5499877929688,718.6199951171875
2026-09-03 14:20:00-04:00,718.64501953125,718.7000122070312,718.4429931640625,718.6099853515625
2026-09-03 14:25:00-04:00,718.6099853515625,718.7698974609375,718.5,718.5850219726562
2026-09-03 14:30:00-04:00,718.5999755859375,718.77001953125,718.4299926757812,718.739990234375
2026-09-03 14:35:00-04:00,718.75,718.7999877929688,718.5900268554688,718.72998046875
2026-09-03 14:40:00-04:00,718.72998046875,718.760009765625,718.3350219726562,718.3400268554688
2026-09-03 14:45:00-04:00,718.3350219726562,718.75,718.3350219726562,718.75
2026-09-03 14:50:00-04:00,718.739990234375,718.8400268554688,718.4500122070312,718.5800170898438
2026-09-03 14:55:00-04:00,718.5850219726562,718.5850219726562,718.3499755859375,718.510009765625
2026-09-03 15:00:00-04:00,718.5250244140625,718.5599975585938,718.155029296875,718.2490234375
2026-09-03 15:05:00-04:00,718.25,718.340087890625,718.030029296875,718.0750122070312
2026-09-03 15:10:00-04:00,718.0599975585938,718.1300048828125,717.7000122070312,717.8300170898438
2026-09-03 15:15:00-04:00,717.8200073242188,717.9550170898438,717.6300048828125,717.9550170898438
2026-09-03 15:20:00-04:00,717.9500122070312,717.9600219726562,717.5599975585938,717.6500244140625
2026-09-03 15:25:00-04:00,717.655029296875,717.7999877929688,717.543701171875,717.72998046875
2026-09-03 15:30:00-04:00,717.7150268554688,717.869873046875,717.5,717.5499877929688
2026-09-03 15:35:00-04:00,717.5499877929688,717.780029296875,717.5499877929688,717.6968994140625
2026-09-03 15:40:00-04:00,717.6799926757812,717.8800048828125,717.4600219726562,717.510009765625
2026-09-03 15:45:00-04:00,717.510009765625,717.77001953125,717.2999877929688,717.4099731445312
2026-09-03 15:50:00-04:00,717.4199829101562,717.5999755859375,717.1680297851562,717.5599975585938
2026-09-03 15:55:00-04:00,717.5800170898438,717.739990234375,717.1400146484375,717.6099853515625
2026-09-04 09:30:00-04:00,719.3599853515625,720.47998046875,718.5250244140625,720.4600219726562
2026-09-04 09:35:00-04:00,720.469970703125,720.6849975585938,719.9500122070312,720.3482055664062
2026-09-04 09:40:00-04:00,720.3200073242188,720.7100219726562,719.59912109375,720.0399780273438
2026-09-04 09:45:00-04:00,720.02001953125,720.8049926757812,719.1199951171875,720.47998046875
2026-09-04 09:50:00-04:00,720.4749755859375,721.2100219726562,719.885009765625,721.0900268554688
2026-09-04 09:55:00-04:00,721.0800170898438,721.8599853515625,720.9299926757812,721.8380126953125
2026-09-04 10:00:00-04:00,721.8200073242188,721.8400268554688,720.9500122070312,721.3099975585938
2026-09-04 10:05:00-04:00,721.3099975585938,721.5,720.6699829101562,720.760009765625
2026-09-04 10:10:00-04:00,720.719970703125,720.9600219726562,719.5399780273438,720.8499755859375
2026-09-04 10:15:00-04:00,720.8599853515625,720.8900146484375,719.6904907226562,719.7050170898438
2026-09-04 10:20:00-04:00,719.719970703125,719.9600219726562,719.1950073242188,719.5900268554688
2026-09-04 10:25:00-04:00,719.5399780273438,719.739990234375,718.8499755859375,719.5900268554688
2026-09-04 10:30:00-04:00,719.5999755859375,719.6400146484375,718.5999755859375,718.719970703125
2026-09-04 10:35:00-04:00,718.6900024414062,719.4000244140625,718.6900024414062,719.375
2026-09-04 10:40:00-04:00,719.3300170898438,719.3599853515625,718.0377197265625,718.0715942382812
2026-09-04 10:45:00-04:00,718.0700073242188,718.3295288085938,717.510009765625,717.5100708007812
2026-09-04 10:50:00-04:00,717.510009765625,718.114990234375,717.5,717.5999755859375
2026-09-04 10:55:00-04:00,717.6599731445312,718.0,717.260009765625,717.7100219726562
2026-09-04 11:00:00-04:00,717.760009765625,718.0,717.239990234375,717.669921875
2026-09-04 11:05:00-04:00,717.6500244140625,718.0399169921875,717.3699951171875,717.9400024414062
2026-09-04 11:10:00-04:00,717.8900146484375,718.280029296875,717.5700073242188,718.280029296875
2026-09-04 11:15:00-04:00,718.259521484375,718.3200073242188,717.1599731445312,717.330322265625
2026-09-04 11:20:00-04:00,717.3300170898438,717.5499877929688,716.9299926757812,717.3499755859375
2026-09-04 11:25:00-04:00,717.3400268554688,717.5800170898438,717.2000122070312,717.4400024414062
2026-09-04 11:30:00-04:00,717.4299926757812,717.530029296875,716.7899780273438,717.0700073242188
2026-09-04 11:35:00-04:00,717.0784301757812,717.4349975585938,717.0401000976562,717.3350219726562
2026-09-04 11:40:00-04:00,717.3800048828125,717.8699951171875,717.239990234375,717.760009765625
2026-09-04 11:45:00-04:00,717.7427978515625,717.8098754882812,717.0,717.3400268554688
2026-09-04 11:50:00-04:00,717.3350219726562,717.6799926757812,717.1699829101562,717.3699951171875
2026-09-04 11:55:00-04:00,717.364990234375,717.7186279296875,717.22998046875,717.630126953125
2026-09-04 12:00:00-04:00,717.6500244140625,717.75,717.4299926757812,717.6300048828125
2026-09-04 12:05:00-04:00,717.6298828125,718.1649780273438,717.510009765625,718.0750122070312
2026-09-04 12:10:00-04:00,718.082275390625,718.5499877929688,717.97998046875,718.4550170898438
2026-09-04 12:15:00-04:00,718.4500122070312,718.4500122070312,718.1900024414062,718.3699951171875
2026-09-04 12:20:00-04:00,718.3699951171875,718.85498046875,718.3699951171875,718.614990234375
2026-09-04 12:25:00-04:00,718.5999755859375,718.7598876953125,718.4299926757812,718.6099853515625
2026-09-04 12:30:00-04:00,718.6094970703125,719.0050048828125,718.489990234375,719.0050048828125
2026-09-04 12:35:00-04:00,719.0009765625,719.0800170898438,718.7100219726562,718.8099975585938
2026-09-04 12:40:00-04:00,718.7949829101562,718.9600219726562,718.7249755859375,718.9249877929688
2026-09-04 12:45:00-04:00,718.9500122070312,719.469970703125,718.8699951171875,719.4450073242188
2026-09-04 12:50:00-04:00,719.4600219726562,719.60498046875,719.3599853515625,719.3599853515625
2026-09-04 12:55:00-04:00,719.3599853515625,719.4099731445312,719.1420288085938,719.1599731445312
2026-09-04 13:00:00-04:00,719.1599731445312,719.219970703125,718.39501953125,718.5349731445312
2026-09-04 13:05:00-04:00,718.530029296875,718.780029296875,718.2349853515625,718.239990234375
2026-09-04 13:10:00-04:00,718.239990234375,718.4083862304688,718.0650024414062,718.1400146484375
2026-09-04 13:15:00-04:00,718.1400146484375,718.3300170898438,717.969970703125,718.0499877929688
2026-09-04 13:20:00-04:00,718.0599975585938,718.1599731445312,717.72998046875,717.739990234375
2026-09-04 13:25:00-04:00,717.75,717.9349975585938,717.4199829101562,717.5050048828125
2026-09-04 13:30:00-04:00,717.5,717.5,716.97998046875,717.1690063476562
2026-09-04 13:35:00-04:00,717.1500244140625,717.3300170898438,717.0599975585938,717.1950073242188
2026-09-04 13:40:00-04:00,717.2000122070312,717.2100219726562,716.7000122070312,716.8049926757812
2026-09-04 13:45:00-04:00,716.7949829101562,717.1298828125,716.5599975585938,716.9299926757812
2026-09-04 13:50:00-04:00,716.9400024414062,717.2000122070312,716.8602294921875,716.9650268554688
2026-09-04 13:55:00-04:00,716.9600219726562,717.2659912109375,716.8499755859375,717.1199951171875
2026-09-04 14:00:00-04:00,717.1099853515625,717.2634887695312,716.6599731445312,716.7496948242188
2026-09-04 14:05:00-04:00,716.760009765625,717.0900268554688,716.6400146484375,717.0900268554688
2026-09-04 14:10:00-04:00,717.0599975585938,717.2449951171875,716.989990234375,717.010009765625
2026-09-04 14:15:00-04:00,717.0349731445312,717.4550170898438,716.9600219726562,717.4299926757812
2026-09-04 14:20:00-04:00,717.4349975585938,717.6699829101562,717.3599853515625,717.4749755859375
2026-09-04 14:25:00-04:00,717.489990234375,717.6015014648438,717.3900146484375,717.5629272460938
2026-09-04 14:30:00-04:00,717.5999755859375,717.73876953125,717.5814819335938,717.72998046875
2026-09-04 14:35:00-04:00,717.7249755859375,717.77001953125,717.4299926757812,717.5499877929688
2026-09-04 14:40:00-04:00,717.5750122070312,717.875,717.4299926757812,717.8250122070312
2026-09-04 14:45:00-04:00,717.8200073242188,718.0,717.8098754882812,717.9849853515625
2026-09-04 14:50:00-04:00,717.969970703125,718.0599975585938,717.8350219726562,718.0
2026-09-04 14:55:00-04:00,718.010009765625,718.3200073242188,717.9400024414062,718.22998046875
2026-09-04 15:00:00-04:00,718.2349853515625,718.3599853515625,717.5599975585938,717.5900268554688
2026-09-04 15:05:00-04:00,717.6199951171875,717.739990234375,717.47998046875,717.5499877929688
2026-09-04 15:10:00-04:00,717.530029296875,717.77001953125,717.47998046875,717.5599975585938
2026-09-04 15:15:00-04:00,717.5900268554688,717.8298950195312,717.5750122070312,717.6799926757812
2026-09-04 15:20:00-04:00,717.6799926757812,717.8900146484375,717.6500244140625,717.8699951171875
2026-09-04 15:25:00-04:00,717.9299926757812,718.0698852539062,717.83251953125,717.9500122070312
2026-09-04 15:30:00-04:00,717.9500122070312,718.2899780273438,717.7899780273438,718.2550048828125
2026-09-04 15:35:00-04:00,718.2449951171875,718.4600219726562,717.969970703125,718.1500244140625
2026-09-04 15:40:00-04:00,718.1300048828125,718.3300170898438,718.0499877929688,718.3099975585938
2026-09-04 15:45:00-04:00,718.2999877929688,718.5850219726562,718.29248046875,718.5549926757812
2026-09-04 15:50:00-04:00,718.5800170898438,719.2100219726562,718.5800170898438,719.1699829101562
2026-09-04 15:55:00-04:00,719.1799926757812,719.4400024414062,718.7899780273438,719.0599975585938
2026-09-08 09:30:00-04:00,720.969970703125,721.885986328125,719.1500244140625,719.8400268554688
2026-09-08 09:35:00-04:00,719.8499755859375,720.0900268554688,718.8900146484375,719.0399780273438
2026-09-08 09:40:00-04:00,719.010009765625,719.1300048828125,716.5599975585938,716.719970703125
2026-09-08 09:45:00-04:00,716.739990234375,718.0,716.6400146484375,717.989990234375
2026-09-08 09:50:00-04:00,718.0,718.0,716.3300170898438,717.3699951171875
2026-09-08 09:55:00-04:00,717.3699951171875,718.2899780273438,717.1199951171875,717.469970703125
2026-09-08 10:00:00-04:00,717.4600219726562,717.6950073242188,715.8699951171875,717.0421752929688
2026-09-08 10:05:00-04:00,717.010009765625,717.1400146484375,716.2650146484375,716.2899780273438
2026-09-08 10:10:00-04:00,716.1900024414062,716.9000244140625,715.5700073242188,716.5050048828125
2026-09-08 10:15:00-04:00,716.5,717.2249755859375,716.3900146484375,716.9299926757812
2026-09-08 10:20:00-04:00,716.9398803710938,717.9400024414062,716.8099975585938,717.9100952148438
2026-09-08 10:25:00-04:00,717.8800048828125,717.9099731445312,717.030029296875,717.760009765625
2026-09-08 10:30:00-04:00,717.8161010742188,717.9849853515625,717.1500244140625,717.9500122070312
2026-09-08 10:35:00-04:00,717.9299926757812,717.989990234375,717.3499755859375,717.5999755859375
2026-09-08 10:40:00-04:00,717.5850830078125,718.3049926757812,717.5050048828125,718.1500244140625
2026-09-08 10:45:00-04:00,718.1500244140625,718.2150268554688,717.7000122070312,718.0499877929688
2026-09-08 10:50:00-04:00,718.0700073242188,718.6599731445312,717.97998046875,718.625
2026-09-08 10:55:00-04:00,718.6300048828125,718.938720703125,718.3900146484375,718.9299926757812
2026-09-08 11:00:00-04:00,718.9500122070312,719.0399780273438,718.6300048828125,718.81298828125
2026-09-08 11:05:00-04:00,718.8200073242188,719.0499877929688,718.5549926757812,718.739990234375
2026-09-08 11:10:00-04:00,718.8200073242188,720.0750122070312,718.7899780273438,719.9199829101562
2026-09-08 11:15:00-04:00,719.9199829101562,720.4450073242188,719.7008056640625,720.3200073242188
2026-09-08 11:20:00-04:00,720.2999877929688,720.3200073242188,719.4000244140625,720.2899169921875
2026-09-08 11:25:00-04:00,720.2772216796875,720.719970703125,720.010009765625,720.0850219726562
2026-09-08 11:30:00-04:00,720.1248779296875,720.3599853515625,719.8900146484375,720.1129760742188
2026-09-08 11:35:00-04:00,720.1099853515625,720.1500244140625,719.760009765625,720.1300048828125
2026-09-08 11:40:00-04:00,720.1400146484375,720.9299926757812,720.030029296875,720.8499755859375
2026-09-08 11:45:00-04:00,720.8900146484375,720.9099731445312,720.0449829101562,720.155029296875
2026-09-08 11:50:00-04:00,720.2000122070312,720.5,720.0700073242188,720.2050170898438
2026-09-08 11:55:00-04:00,720.1799926757812,720.3599853515625,719.864990234375,719.969970703125
2026-09-08 12:00:00-04:00,719.989990234375,720.280029296875,719.7999877929688,720.280029296875
2026-09-08 12:05:00-04:00,720.280029296875,720.4000244140625,719.6212158203125,719.6400146484375
2026-09-08 12:10:00-04:00,719.6300048828125,719.7249755859375,719.3350219726562,719.5999755859375
2026-09-08 12:15:00-04:00,719.5900268554688,719.5900268554688,719.1300048828125,719.130126953125
2026-09-08 12:20:00-04:00,719.1400146484375,719.6671752929688,718.97998046875,719.6671752929688
2026-09-08 12:25:00-04:00,719.6500244140625,719.9600219726562,719.0601196289062,719.0750122070312
2026-09-08 12:30:00-04:00,719.0999755859375,719.469970703125,718.9500122070312,719.280029296875
2026-09-08 12:35:00-04:00,719.280029296875,719.4450073242188,719.1300048828125,719.260009765625
2026-09-08 12:40:00-04:00,719.280029296875,719.469970703125,719.0999755859375,719.27001953125
2026-09-08 12:45:00-04:00,719.280029296875,719.7669067382812,719.1500244140625,719.6300048828125
2026-09-08 12:50:00-04:00,719.6300048828125,720.0700073242188,719.4650268554688,719.7650146484375
2026-09-08 12:55:00-04:00,719.7899780273438,719.8400268554688,718.6699829101562,719.22998046875
2026-09-08 13:00:00-04:00,719.239990234375,720.5900268554688,719.219970703125,720.5900268554688
2026-09-08 13:05:00-04:00,720.5999755859375,720.8499755859375,720.2800903320312,720.39501953125
2026-09-08 13:10:00-04:00,720.3900146484375,720.6599731445312,720.3499755859375,720.5599975585938
2026-09-08 13:15:00-04:00,720.5900268554688,720.6699829101562,720.3900146484375,720.52001953125
2026-09-08 13:20:00-04:00,720.5399780273438,720.5800170898438,720.1799926757812,720.4349975585938
2026-09-08 13:25:00-04:00,720.4299926757812,720.469970703125,720.0399780273438,720.260009765625
2026-09-08 13:30:00-04:00,720.280029296875,720.6699829101562,720.25,720.5800170898438
2026-09-08 13:35:00-04:00,720.5549926757812,720.6500244140625,720.3800048828125,720.3800048828125
2026-09-08 13:40:00-04:00,720.3900146484375,720.3900146484375,719.8400268554688,719.8800048828125
2026-09-08 13:45:00-04:00,719.8900146484375,720.16552734375,719.88720703125,720.0321044921875
2026-09-08 13:50:00-04:00,720.030029296875,720.1900024414062,719.7899780273438,720.0700073242188
2026-09-08 13:55:00-04:00,720.0800170898438,720.0800170898438,719.6599731445312,719.6599731445312
2026-09-08 14:00:00-04:00,719.6699829101562,719.8696899414062,719.5700073242188,719.8049926757812
2026-09-08 14:05:00-04:00,719.8499755859375,720.1500244140625,719.7904052734375,720.0300903320312
2026-09-08 14:10:00-04:00,720.0399780273438,720.2000122070312,719.9099731445312,720.02001953125
2026-09-08 14:15:00-04:00,720.030029296875,720.239990234375,719.97998046875,720.1300048828125
2026-09-08 14:20:00-04:00,720.114990234375,720.219970703125,719.6699829101562,719.6862182617188
2026-09-08 14:25:00-04:00,719.6699829101562,719.8699951171875,719.6199951171875,719.8099975585938
2026-09-08 14:30:00-04:00,719.8300170898438,719.8800048828125,719.6699829101562,719.6799926757812
2026-09-08 14:35:00-04:00,719.6699829101562,719.7899780273438,719.3800048828125,719.5
2026-09-08 14:40:00-04:00,719.4949951171875,719.9500122070312,719.3699951171875,719.9299926757812
2026-09-08 14:45:00-04:00,719.9299926757812,720.1199951171875,717.9099731445312,718.5
2026-09-08 14:50:00-04:00,718.52001953125,719.3599853515625,718.3200073242188,719.285888671875
2026-09-08 14:55:00-04:00,719.280029296875,719.52001953125,719.1464233398438,719.2899780273438
2026-09-08 15:00:00-04:00,719.3150024414062,719.5463256835938,718.9099731445312,719.155029296875
2026-09-08 15:05:00-04:00,719.135009765625,719.47998046875,719.0501098632812,719.0750122070312
2026-09-08 15:10:00-04:00,719.0599975585938,719.3599853515625,719.0399780273438,719.239990234375
2026-09-08 15:15:00-04:00,719.219970703125,719.3099975585938,718.8699951171875,718.8914794921875
2026-09-08 15:20:00-04:00,718.8900146484375,719.1199951171875,718.5501098632812,718.6199951171875
2026-09-08 15:25:00-04:00,718.6799926757812,719.0789794921875,718.510009765625,718.9650268554688
2026-09-08 15:30:00-04:00,718.9650268554688,719.010009765625,718.5700073242188,718.9299926757812
2026-09-08 15:35:00-04:00,718.9470825195312,718.9598999023438,718.6199951171875,718.7000122070312
2026-09-08 15:40:00-04:00,718.75,718.85498046875,718.4500122070312,718.5700073242188
2026-09-08 15:45:00-04:00,718.5800170898438,718.6699829101562,717.989990234375,718.469970703125
2026-09-08 15:50:00-04:00,718.5,718.6199951171875,717.25,717.4949951171875
2026-09-08 15:55:00-04:00,717.5800170898438,718.5399780273438,717.3900146484375,718.380615234375
2026-09-09 09:30:00-04:00,716.2899780273438,717.4074096679688,715.489990234375,716.9547729492188
2026-09-09 09:35:00-04:00,716.9099731445312,717.4398803710938,716.6799926757812,717.0800170898438
2026-09-09 09:40:00-04:00,717.0800170898438,717.5399780273438,716.551025390625,716.9600219726562
2026-09-09 09:45:00-04:00,716.989990234375,717.7899780273438,716.4099731445312,717.4500122070312
2026-09-09 09:50:00-04:00,717.4500122070312,718.0,717.0800170898438,717.9000244140625
2026-09-09 09:55:00-04:00,717.8900146484375,719.0599975585938,717.7999877929688,718.8800048828125
2026-09-09 10:00:00-04:00,718.8699951171875,719.5493774414062,718.2061767578125,719.3350219726562
2026-09-09 10:05:00-04:00,719.3300170898438,719.7000122070312,718.9199829101562,719.1900024414062
2026-09-09 10:10:00-04:00,719.1900024414062,719.3800048828125,718.510009765625,718.9450073242188
2026-09-09 10:15:00-04:00,718.8800048828125,718.9199829101562,717.1959228515625,717.4199829101562
2026-09-09 10:20:00-04:00,717.4299926757812,717.6599731445312,716.510009765625,716.510009765625
2026-09-09 10:25:00-04:00,716.52001953125,718.3699951171875,716.489990234375,718.2899780273438
2026-09-09 10:30:00-04:00,718.280029296875,718.3200073242188,717.469970703125,717.8400268554688
2026-09-09 10:35:00-04:00,717.9000244140625,718.1799926757812,717.3300170898438,718.0380859375
2026-09-09 10:40:00-04:00,717.989990234375,718.5092163085938,717.739990234375,718.4000244140625
2026-09-09 10:45:00-04:00,718.3499755859375,718.4600219726562,717.9400024414062,718.3900146484375
2026-09-09 10:50:00-04:00,718.4349975585938,718.4600219726562,717.5700073242188,717.6199951171875
2026-09-09 10:55:00-04:00,717.6099853515625,718.3795776367188,717.5800170898438,718.1699829101562
2026-09-09 11:00:00-04:00,718.1851196289062,718.9299926757812,717.0499877929688,717.3099975585938
2026-09-09 11:05:00-04:00,717.27001953125,717.5900268554688,715.8800048828125,716.0050048828125
2026-09-09 11:10:00-04:00,716.0449829101562,716.1749877929688,714.73291015625,715.0150146484375
2026-09-09 11:15:00-04:00,715.010009765625,716.27001953125,714.8400268554688,716.0900268554688
2026-09-09 11:20:00-04:00,716.0900268554688,716.3599853515625,714.02001953125,714.1599731445312
2026-09-09 11:25:00-04:00,714.155029296875,714.8878784179688,714.0700073242188,714.7999877929688
2026-09-09 11:30:00-04:00,714.8200073242188,715.855712890625,714.75,715.7385864257812
2026-09-09 11:35:00-04:00,715.8400268554688,716.8300170898438,715.1599731445312,716.6799926757812
2026-09-09 11:40:00-04:00,716.7100219726562,716.97998046875,715.4500122070312,715.969970703125
2026-09-09 11:45:00-04:00,715.9500122070312,716.0599975585938,715.6500244140625,715.9099731445312
2026-09-09 11:50:00-04:00,715.9299926757812,716.6300048828125,715.9299926757812,716.6199951171875
2026-09-09 11:55:00-04:00,716.5971069335938,716.5971069335938,715.6900024414062,716.1900024414062
2026-09-09 12:00:00-04:00,716.1911010742188,716.4299926757812,716.0369873046875,716.3900146484375
2026-09-09 12:05:00-04:00,716.3900146484375,716.510009765625,715.3699951171875,715.385009765625
2026-09-09 12:10:00-04:00,715.385009765625,715.8800048828125,715.2999877929688,715.3699951171875
2026-09-09 12:15:00-04:00,715.3800048828125,715.4099731445312,714.989990234375,715.1099853515625
2026-09-09 12:20:00-04:00,715.0999755859375,715.3499755859375,714.911376953125,715.3300170898438
2026-09-09 12:25:00-04:00,715.3400268554688,715.419921875,714.7100219726562,714.9600219726562
2026-09-09 12:30:00-04:00,715.010009765625,715.8900146484375,714.97998046875,715.7650146484375
2026-09-09 12:35:00-04:00,715.760009765625,716.0700073242188,715.5750122070312,716.0463256835938
2026-09-09 12:40:00-04:00,716.0549926757812,716.3300170898438,715.9000244140625,716.3300170898438
2026-09-09 12:45:00-04:00,716.3599853515625,716.510009765625,716.02001953125,716.3200073242188
2026-09-09 12:50:00-04:00,716.3209838867188,716.8699951171875,716.3209838867188,716.510009765625
2026-09-09 12:55:00-04:00,716.530029296875,716.7100219726562,716.3400268554688,716.4099731445312
2026-09-09 13:00:00-04:00,716.4000244140625,716.9500122070312,716.1599731445312,716.1799926757812
2026-09-09 13:05:00-04:00,716.2100219726562,716.6500244140625,716.2100219726562,716.4099731445312
2026-09-09 13:10:00-04:00,716.4000244140625,716.9600219726562,716.2999877929688,716.8900146484375
2026-09-09 13:15:00-04:00,716.8900146484375,717.0499877929688,716.5,716.5
2026-09-09 13:20:00-04:00,716.510009765625,716.7000122070312,716.3599853515625,716.7000122070312
2026-09-09 13:25:00-04:00,716.72998046875,716.72998046875,716.239990234375,716.239990234375
2026-09-09 13:30:00-04:00,716.260009765625,716.52001953125,716.041015625,716.2999877929688
2026-09-09 13:35:00-04:00,716.2550048828125,716.39990234375,715.7274780273438,715.7899780273438
2026-09-09 13:40:00-04:00,715.8200073242188,716.4099731445312,715.8099975585938,716.3699951171875
2026-09-09 13:45:00-04:00,716.4000244140625,716.7969970703125,716.3699951171875,716.7150268554688
2026-09-09 13:50:00-04:00,716.72998046875,717.030029296875,716.5399780273438,716.9500122070312
2026-09-09 13:55:00-04:00,716.9600219726562,717.0399780273438,716.6799926757812,716.7000122070312
2026-09-09 14:00:00-04:00,716.6900024414062,716.77001953125,716.5900268554688,716.6599731445312
2026-09-09 14:05:00-04:00,716.6599731445312,716.6699829101562,716.280029296875,716.344970703125
2026-09-09 14:10:00-04:00,716.3499755859375,716.409912109375,716.0438842773438,716.0438842773438
2026-09-09 14:15:00-04:00,716.010009765625,716.2550048828125,715.9299926757812,716.0902709960938
2026-09-09 14:20:00-04:00,716.0999755859375,716.47998046875,716.0750122070312,716.4450073242188
2026-09-09 14:25:00-04:00,716.4451293945312,716.5202026367188,716.1500244140625,716.2999877929688
2026-09-09 14:30:00-04:00,716.3121948242188,716.4898071289062,716.1400146484375,716.3350219726562
2026-09-09 14:35:00-04:00,716.3200073242188,716.5294799804688,716.2999877929688,716.4700927734375
2026-09-09 14:40:00-04:00,716.47998046875,716.6900024414062,716.47998046875,716.6300048828125
2026-09-09 14:45:00-04:00,716.6224975585938,716.6950073242188,716.4099731445312,716.468505859375
2026-09-09 14:50:00-04:00,716.469970703125,716.7999877929688,716.4500122070312,716.7100219726562
2026-09-09 14:55:00-04:00,716.72998046875,716.7999877929688,716.1400146484375,716.1500244140625
2026-09-09 15:00:00-04:00,716.1599731445312,716.280029296875,715.760009765625,715.8699951171875
2026-09-09 15:05:00-04:00,715.8800048828125,716.3400268554688,715.838623046875,716.260009765625
2026-09-09 15:10:00-04:00,716.2750244140625,716.3400268554688,716.1599731445312,716.2249755859375
2026-09-09 15:15:00-04:00,716.2249755859375,716.719970703125,716.2109985351562,716.6400146484375
2026-09-09 15:20:00-04:00,716.6599731445312,716.7449951171875,716.4400024414062,716.588623046875
2026-09-09 15:25:00-04:00,716.594970703125,716.6799926757812,716.2650146484375,716.276123046875
2026-09-09 15:30:00-04:00,716.280029296875,716.3900146484375,716.1400146484375,716.22998046875
2026-09-09 15:35:00-04:00,716.2349853515625,716.280029296875,715.97998046875,716.0499877929688
2026-09-09 15:40:00-04:00,716.02001953125,716.1500244140625,715.9099731445312,716.1300048828125
2026-09-09 15:45:00-04:00,716.1300048828125,716.25,715.9400024414062,716.1900024414062
2026-09-09 15:50:00-04:00,716.1500244140625,716.22998046875,715.780029296875,715.9949951171875
2026-09-09 15:55:00-04:00,716.010009765625,716.3699951171875,715.530029296875,716.280029296875
2026-09-10 09:30:00-04:00,707.5650024414062,708.4299926757812,706.85498046875,707.7750244140625
2026-09-10 09:35:00-04:00,707.780029296875,709.9000244140625,707.5800170898438,709.7210083007812
2026-09-10 09:40:00-04:00,709.7462768554688,710.27001953125,708.6699829101562,708.77001953125
2026-09-10 09:45:00-04:00,708.8200073242188,710.3599853515625,708.62548828125,709.8887939453125
2026-09-10 09:50:00-04:00,709.9099731445312,709.9500122070312,707.9307250976562,707.9500122070312
2026-09-10 09:55:00-04:00,707.9550170898438,708.4071044921875,707.5800170898438,707.8300170898438
2026-09-10 10:00:00-04:00,707.760009765625,709.7150268554688,707.760009765625,708.97998046875
2026-09-10 10:05:00-04:00,708.9849853515625,709.2000122070312,708.0399780273438,708.6900024414062
2026-09-10 10:10:00-04:00,708.7379760742188,709.510009765625,708.3400268554688,708.7899780273438
2026-09-10 10:15:00-04:00,708.77001953125,709.2899780273438,708.1099853515625,709.2150268554688
2026-09-10 10:20:00-04:00,709.22998046875,711.780029296875,709.1199951171875,710.989990234375
2026-09-10 10:25:00-04:00,710.989990234375,711.585205078125,710.1699829101562,710.4099731445312
2026-09-10 10:30:00-04:00,710.4099731445312,711.25,710.385009765625,710.7050170898438
2026-09-10 10:35:00-04:00,710.7100219726562,712.0599975585938,710.7100219726562,711.7249755859375
2026-09-10 10:40:00-04:00,711.72998046875,711.9199829101562,710.8099975585938,711.1400146484375
2026-09-10 10:45:00-04:00,711.0999755859375,711.47998046875,710.5599975585938,710.9299926757812
2026-09-10 10:50:00-04:00,710.91162109375,711.3499755859375,710.5,711.3350219726562
2026-09-10 10:55:00-04:00,711.4199829101562,711.8049926757812,710.97998046875,711.7999877929688
2026-09-10 11:00:00-04:00,711.77001953125,711.8300170898438,710.6099853515625,710.91748046875
2026-09-10 11:05:00-04:00,710.9299926757812,711.5700073242188,710.802978515625,710.8800048828125
2026-09-10 11:10:00-04:00,710.875,711.719970703125,710.85498046875,711.3599853515625
2026-09-10 11:15:00-04:00,711.3300170898438,711.4500122070312,710.4600219726562,710.8049926757812
2026-09-10 11:20:00-04:00,710.8200073242188,711.0999755859375,710.2100219726562,711.030029296875
2026-09-10 11:25:00-04:00,711.030029296875,711.5999755859375,710.8400268554688,711.1300048828125
2026-09-10 11:30:00-04:00,711.1300048828125,711.4249877929688,710.6799926757812,711.2899780273438
2026-09-10 11:35:00-04:00,711.27001953125,711.97998046875,710.9400024414062,711.239990234375
2026-09-10 11:40:00-04:00,711.2100219726562,711.5750122070312,710.9500122070312,711.510009765625
2026-09-10 11:45:00-04:00,711.5399780273438,711.6300048828125,710.6099853515625,711.0050048828125
2026-09-10 11:50:00-04:00,710.9500122070312,711.2100219726562,710.385009765625,710.385009765625
2026-09-10 11:55:00-04:00,710.385009765625,710.5551147460938,709.9199829101562,710.39501953125
2026-09-10 12:00:00-04:00,710.3800048828125,711.0,710.2000122070312,710.3499755859375
2026-09-10 12:05:00-04:00,710.3350219726562,710.5399780273438,709.7899780273438,709.8250122070312
2026-09-10 12:10:00-04:00,709.8280029296875,710.0999755859375,709.4400024414062,709.77001953125
2026-09-10 12:15:00-04:00,709.8099975585938,710.27001953125,709.52001953125,709.64599609375
2026-09-10 12:20:00-04:00,709.6500244140625,710.02001953125,709.6405029296875,709.7515869140625
2026-09-10 12:25:00-04:00,709.760009765625,709.8300170898438,709.33251953125,709.6400146484375
2026-09-10 12:30:00-04:00,709.635009765625,710.0999755859375,708.97998046875,709.0800170898438
2026-09-10 12:35:00-04:00,709.0399780273438,709.6099853515625,708.6300048828125,709.5050048828125
2026-09-10 12:40:00-04:00,709.5162963867188,710.5700073242188,709.510009765625,710.4249877929688
2026-09-10 12:45:00-04:00,710.423095703125,711.2100219726562,710.364990234375,710.4600219726562
2026-09-10 12:50:00-04:00,710.4450073242188,711.0800170898438,710.380126953125,711.0609741210938
2026-09-10 12:55:00-04:00,711.0700073242188,711.25,710.8400268554688,711.030029296875
2026-09-10 13:00:00-04:00,711.0078735351562,711.8099975585938,710.5499877929688,710.8800048828125
2026-09-10 13:05:00-04:00,710.8800048828125,711.1099853515625,710.6900024414062,710.9099731445312
2026-09-10 13:10:00-04:00,710.8911743164062,711.3900146484375,710.8200073242188,710.8200073242188
2026-09-10 13:15:00-04:00,710.8400268554688,711.0,710.655029296875,710.8049926757812
2026-09-10 13:20:00-04:00,710.8099975585938,710.8099975585938,710.4299926757812,710.5
2026-09-10 13:25:00-04:00,710.52001953125,710.5499877929688,710.239990234375,710.489990234375
2026-09-10 13:30:00-04:00,710.468017578125,710.5875244140625,710.2000122070312,710.3099975585938
2026-09-10 13:35:00-04:00,710.3200073242188,710.5899047851562,709.6950073242188,709.72998046875
2026-09-10 13:40:00-04:00,709.7000732421875,710.3099975585938,709.6699829101562,710.2899780273438
2026-09-10 13:45:00-04:00,710.2999877929688,710.3499755859375,709.9299926757812,709.969970703125
2026-09-10 13:50:00-04:00,709.9849853515625,710.3099975585938,709.7999877929688,710.0875244140625
2026-09-10 13:55:00-04:00,710.0700073242188,710.2000122070312,709.8300170898438,709.8994750976562
2026-09-10 14:00:00-04:00,709.8800048828125,710.22998046875,709.3300170898438,709.469970703125
2026-09-10 14:05:00-04:00,709.4500122070312,709.7100219726562,709.1199951171875,709.2100219726562
2026-09-10 14:10:00-04:00,709.2100219726562,709.4500122070312,708.969970703125,709.2349853515625
2026-09-10 14:15:00-04:00,709.2449951171875,709.2999877929688,708.97998046875,709.280029296875
2026-09-10 14:20:00-04:00,709.2750244140625,709.7050170898438,709.2750244140625,709.419921875
2026-09-10 14:25:00-04:00,709.4149780273438,709.52001953125,709.0800170898438,709.2098999023438
2026-09-10 14:30:00-04:00,709.1699829101562,709.3599853515625,708.9213256835938,709.340087890625
2026-09-10 14:35:00-04:00,709.3400268554688,709.6199951171875,709.1699829101562,709.60498046875
2026-09-10 14:40:00-04:00,709.6099853515625,709.614990234375,709.385009765625,709.5499877929688
2026-09-10 14:45:00-04:00,709.5399780273438,709.8291015625,709.0100708007812,709.4600219726562
2026-09-10 14:50:00-04:00,709.4000244140625,710.1799926757812,709.1400146484375,709.77001953125
2026-09-10 14:55:00-04:00,709.77001953125,709.96630859375,709.4199829101562,709.5750122070312
2026-09-10 15:00:00-04:00,709.5700073242188,709.606201171875,709.030029296875,709.0325927734375
2026-09-10 15:05:00-04:00,709.0399780273438,709.4010009765625,708.7899780273438,709.3699951171875
2026-09-10 15:10:00-04:00,709.344970703125,709.4298706054688,708.7999877929688,709.1386108398438
2026-09-10 15:15:00-04:00,709.135009765625,709.3250122070312,708.6699829101562,708.8400268554688
2026-09-10 15:20:00-04:00,708.8200073242188,709.1300048828125,708.7000122070312,709.0900268554688
2026-09-10 15:25:00-04:00,709.0850219726562,709.27001953125,709.02001953125,709.1799926757812
2026-09-10 15:30:00-04:00,709.1599731445312,709.3499755859375,708.8300170898438,709.2825927734375
2026-09-10 15:35:00-04:00,709.27001953125,709.3099975585938,708.8300170898438,709.1599731445312
2026-09-10 15:40:00-04:00,709.1749877929688,709.4299926757812,709.0900268554688,709.135009765625
2026-09-10 15:45:00-04:00,709.135009765625,709.3499755859375,708.8900146484375,709.1799926757812
2026-09-10 15:50:00-04:00,709.1699829101562,709.3900146484375,708.280029296875,708.6099853515625
2026-09-10 15:55:00-04:00,708.5800170898438,708.8499755859375,708.3499755859375,708.6599731445312
2026-09-11 09:30:00-04:00,715.4400024414062,715.8400268554688,713.9299926757812,715.7036743164062
2026-09-11 09:35:00-04:00,715.6799926757812,715.969970703125,714.5700073242188,715.0999755859375
2026-09-11 09:40:00-04:00,715.2537841796875,716.1799926757812,714.0902709960938,716.0
2026-09-11 09:45:00-04:00,715.9849853515625,716.9310302734375,715.1799926757812,716.0150146484375
2026-09-11 09:50:00-04:00,716.0599975585938,716.2949829101562,714.760009765625,715.8300170898438
2026-09-11 09:55:00-04:00,715.8200073242188,717.0399780273438,715.5700073242188,716.864990234375
2026-09-11 10:00:00-04:00,716.9299926757812,716.9299926757812,714.9151000976562,715.0
2026-09-11 10:05:00-04:00,714.97998046875,715.3748168945312,714.4099731445312,715.0499877929688
2026-09-11 10:10:00-04:00,715.0599975585938,715.760009765625,714.7050170898438,715.0700073242188
2026-09-11 10:15:00-04:00,715.1099853515625,716.169921875,714.5700073242188,716.1199951171875
2026-09-11 10:20:00-04:00,716.1199951171875,716.6699829101562,715.989990234375,716.2000122070312
2026-09-11 10:25:00-04:00,716.2650146484375,716.8300170898438,716.1300048828125,716.4600219726562
2026-09-11 10:30:00-04:00,716.5,716.5499877929688,715.4299926757812,715.5399780273438
2026-09-11 10:35:00-04:00,715.4400024414062,715.5214233398438,714.5,714.8900146484375
2026-09-11 10:40:00-04:00,714.89501953125,715.4598999023438,714.1099853515625,714.5599975585938
2026-09-11 10:45:00-04:00,714.5599975585938,715.1898803710938,713.6500244140625,715.1699829101562
2026-09-11 10:50:00-04:00,715.1699829101562,715.219970703125,714.4099731445312,714.47998046875
2026-09-11 10:55:00-04:00,714.489990234375,714.6500244140625,714.0,714.489990234375
2026-09-11 11:00:00-04:00,714.4492797851562,715.280029296875,714.27001953125,715.2700805664062
2026-09-11 11:05:00-04:00,715.2777099609375,715.97998046875,715.219970703125,715.6900024414062
2026-09-11 11:10:00-04:00,715.7050170898438,715.7999877929688,714.5999755859375,715.0800170898438
2026-09-11 11:15:00-04:00,715.0800170898438,716.2899780273438,715.0800170898438,716.1199951171875
2026-09-11 11:20:00-04:00,716.1400146484375,716.72998046875,716.0800170898438,716.6799926757812
2026-09-11 11:25:00-04:00,716.6801147460938,717.4500122070312,716.5999755859375,717.2750244140625
2026-09-11 11:30:00-04:00,717.27001953125,717.6199951171875,717.0900268554688,717.2899780273438
2026-09-11 11:35:00-04:00,717.280029296875,717.3250122070312,716.739990234375,717.0499877929688
2026-09-11 11:40:00-04:00,717.0499877929688,717.22998046875,716.830078125,717.1099853515625
2026-09-11 11:45:00-04:00,717.0999755859375,717.0999755859375,716.7000122070312,716.9000244140625
2026-09-11 11:50:00-04:00,716.9099731445312,717.0490112304688,716.2449951171875,716.3900146484375
2026-09-11 11:55:00-04:00,716.3800048828125,716.7000122070312,716.219970703125,716.4600219726562
2026-09-11 12:00:00-04:00,716.4600219726562,717.2000122070312,716.4500122070312,717.1849975585938
2026-09-11 12:05:00-04:00,717.2100219726562,717.260009765625,716.6699829101562,716.9000244140625
2026-09-11 12:10:00-04:00,716.8900146484375,716.969970703125,716.3200073242188,716.389892578125
2026-09-11 12:15:00-04:00,716.3499755859375,716.4600219726562,716.0599975585938,716.125
2026-09-11 12:20:00-04:00,716.1699829101562,716.25,715.77001953125,715.8599853515625
2026-09-11 12:25:00-04:00,715.875,716.0999755859375,715.1799926757812,715.25
2026-09-11 12:30:00-04:00,715.2763061523438,716.219970703125,715.1199951171875,715.9600219726562
2026-09-11 12:35:00-04:00,715.9099731445312,715.919921875,715.1699829101562,715.1903076171875
2026-09-11 12:40:00-04:00,715.1849975585938,716.0399780273438,715.0499877929688,716.0
2026-09-11 12:45:00-04:00,715.989990234375,716.0678100585938,715.5700073242188,715.60498046875
2026-09-11 12:50:00-04:00,715.5549926757812,715.9199829101562,715.5549926757812,715.9000244140625
2026-09-11 12:55:00-04:00,715.9099731445312,716.1300048828125,715.8499755859375,716.0850219726562
2026-09-11 13:00:00-04:00,716.1099853515625,716.4099731445312,716.0999755859375,716.2000122070312
2026-09-11 13:05:00-04:00,716.2006225585938,716.7899780273438,716.2006225585938,716.489990234375
2026-09-11 13:10:00-04:00,716.4949951171875,716.64501953125,716.0900268554688,716.110107421875
2026-09-11 13:15:00-04:00,716.1400146484375,716.739990234375,716.1400146484375,716.625
2026-09-11 13:20:00-04:00,716.6300048828125,717.0449829101562,716.6199951171875,717.0399780273438
2026-09-11 13:25:00-04:00,717.030029296875,717.1300048828125,716.7650146484375,716.7650146484375
2026-09-11 13:30:00-04:00,716.719970703125,717.0900268554688,716.7100219726562,716.75
2026-09-11 13:35:00-04:00,716.780029296875,716.8997192382812,716.6500244140625,716.6900024414062
2026-09-11 13:40:00-04:00,716.6801147460938,716.9400024414062,716.6400756835938,716.760009765625
2026-09-11 13:45:00-04:00,716.75,716.8900146484375,716.5599975585938,716.8400268554688
2026-09-11 13:50:00-04:00,716.8699951171875,716.8800048828125,716.7515258789062,716.7650146484375
2026-09-11 13:55:00-04:00,716.7899780273438,716.8200073242188,716.4400024414062,716.510009765625
2026-09-11 14:00:00-04:00,716.530029296875,716.7100219726562,716.4600219726562,716.5700073242188
2026-09-11 14:05:00-04:00,716.5499877929688,716.5549926757812,716.3099975585938,716.3599853515625
2026-09-11 14:10:00-04:00,716.385009765625,716.3900146484375,716.1798706054688,716.2401123046875
2026-09-11 14:15:00-04:00,716.27001953125,716.3699951171875,716.0900268554688,716.25
2026-09-11 14:20:00-04:00,716.2589721679688,716.27001953125,715.719970703125,716.0
2026-09-11 14:25:00-04:00,716.010009765625,716.3599853515625,715.9149780273438,716.2849731445312
2026-09-11 14:30:00-04:00,716.280029296875,716.6400146484375,716.0399780273438,716.5700073242188
2026-09-11 14:35:00-04:00,716.6199951171875,716.6699829101562,716.2999877929688,716.3900146484375
2026-09-11 14:40:00-04:00,716.4000244140625,716.4600219726562,716.1099853515625,716.1799926757812
2026-09-11 14:45:00-04:00,716.1900024414062,716.3400268554688,715.969970703125,716.030029296875
2026-09-11 14:50:00-04:00,716.0,716.0900268554688,715.9099731445312,715.9400024414062
2026-09-11 14:55:00-04:00,715.9299926757812,716.1849975585938,715.8800048828125,715.9401245117188
2026-09-11 15:00:00-04:00,715.97998046875,716.0499877929688,715.7899780273438,715.8610229492188
2026-09-11 15:05:00-04:00,715.8900146484375,716.0,715.5601196289062,715.6199951171875
2026-09-11 15:10:00-04:00,715.6060180664062,715.6937255859375,715.3922729492188,715.5999755859375
2026-09-11 15:15:00-04:00,715.655029296875,715.8599853515625,715.5700073242188,715.6900024414062
2026-09-11 15:20:00-04:00,715.7050170898438,715.8300170898438,715.5700073242188,715.8200073242188
2026-09-11 15:25:00-04:00,715.8099975585938,715.8800048828125,715.5399780273438,715.60498046875
2026-09-11 15:30:00-04:00,715.5900268554688,715.7199096679688,715.5499877929688,715.7100219726562
2026-09-11 15:35:00-04:00,715.7100219726562,715.739990234375,715.5700073242188,715.6699829101562
2026-09-11 15:40:00-04:00,715.6699829101562,715.8900146484375,715.6599731445312,715.7899780273438
2026-09-11 15:45:00-04:00,715.7899780273438,715.905029296875,715.530029296875,715.5900268554688
2026-09-11 15:50:00-04:00,715.5800170898438,715.6649780273438,715.1099853515625,715.4749755859375
2026-09-11 15:55:00-04:00,715.4500122070312,715.4500122070312,714.739990234375,714.8499755859375
2026-09-14 09:30:00-04:00,703.2899780273438,703.989990234375,702.75,703.3400268554688
2026-09-14 09:35:00-04:00,703.3200073242188,703.6749877929688,702.77001953125,702.9598999023438
2026-09-14 09:40:00-04:00,702.9600219726562,704.530029296875,702.8300170898438,704.4849853515625
2026-09-14 09:45:00-04:00,704.489990234375,706.739990234375,704.47998046875,706.4412841796875
2026-09-14 09:50:00-04:00,706.4400024414062,706.6500244140625,705.5999755859375,705.8150024414062
2026-09-14 09:55:00-04:00,705.8099975585938,706.1099853515625,705.4199829101562,705.7849731445312
2026-09-14 10:00:00-04:00,705.7401123046875,706.60498046875,705.7000122070312,706.2349853515625
2026-09-14 10:05:00-04:00,706.2100219726562,707.47998046875,706.1400146484375,707.239990234375
2026-09-14 10:10:00-04:00,707.2050170898438,707.7698974609375,707.2050170898438,707.4199829101562
2026-09-14 10:15:00-04:00,707.4299926757812,707.6199951171875,706.39501953125,706.719970703125
2026-09-14 10:20:00-04:00,706.7100219726562,706.739990234375,705.760009765625,705.8099975585938
2026-09-14 10:25:00-04:00,705.7698974609375,705.9099731445312,705.1099853515625,705.780029296875
2026-09-14 10:30:00-04:00,705.7924194335938,706.0999755859375,705.3900146484375,706.0549926757812
2026-09-14 10:35:00-04:00,706.0250244140625,706.0250244140625,704.6500244140625,704.9500122070312
2026-09-14 10:40:00-04:00,704.9099731445312,705.4400024414062,704.590087890625,705.4400024414062
2026-09-14 10:45:00-04:00,705.4500122070312,706.1099853515625,705.3400268554688,705.7634887695312
2026-09-14 10:50:00-04:00,705.8200073242188,705.8300170898438,705.030029296875,705.1900024414062
2026-09-14 10:55:00-04:00,705.2100219726562,705.9500122070312,704.9299926757812,705.9099731445312
2026-09-14 11:00:00-04:00,705.905029296875,706.030029296875,705.27001953125,705.3300170898438
2026-09-14 11:05:00-04:00,705.2999877929688,707.5499877929688,705.2999877929688,706.5590209960938
2026-09-14 11:10:00-04:00,706.614990234375,706.739990234375,706.1500244140625,706.1599731445312
2026-09-14 11:15:00-04:00,706.1599731445312,707.1199951171875,706.0499877929688,707.0
2026-09-14 11:20:00-04:00,707.010009765625,707.4500122070312,706.75,707.375
2026-09-14 11:25:00-04:00,707.3300170898438,707.760009765625,707.1599731445312,707.5499877929688
2026-09-14 11:30:00-04:00,707.530029296875,709.5900268554688,707.3800048828125,709.576171875
2026-09-14 11:35:00-04:00,709.4899291992188,709.969970703125,709.0599975585938,709.8300170898438
2026-09-14 11:40:00-04:00,709.8400268554688,710.6466064453125,709.5599975585938,710.4349975585938
2026-09-14 11:45:00-04:00,710.4600219726562,710.5,709.760009765625,709.7849731445312
2026-09-14 11:50:00-04:00,709.7949829101562,710.1063232421875,709.5599975585938,710.0009765625
2026-09-14 11:55:00-04:00,710.02001953125,710.1300048828125,709.7100219726562,709.8375854492188
2026-09-14 12:00:00-04:00,709.7899780273438,709.8848876953125,709.0999755859375,709.0999755859375
2026-09-14 12:05:00-04:00,709.030029296875,709.3400268554688,708.8400268554688,708.9949951171875
2026-09-14 12:10:00-04:00,709.0,709.5999145507812,708.9600219726562,709.489990234375
2026-09-14 12:15:00-04:00,709.47998046875,711.0390014648438,709.47998046875,710.8150024414062
2026-09-14 12:20:00-04:00,710.8150024414062,711.1199951171875,710.4299926757812,710.89501953125
2026-09-14 12:25:00-04:00,710.885009765625,710.9400024414062,710.1649780273438,710.2999877929688
2026-09-14 12:30:00-04:00,710.1900024414062,710.6199951171875,710.1199951171875,710.239990234375
2026-09-14 12:35:00-04:00,710.239990234375,710.549072265625,710.0499877929688,710.489990234375
2026-09-14 12:40:00-04:00,710.4749755859375,710.9000244140625,710.3350219726562,710.9000244140625
2026-09-14 12:45:00-04:00,710.9400024414062,712.2999877929688,710.590087890625,711.9650268554688
2026-09-14 12:50:00-04:00,711.969970703125,712.219970703125,711.719970703125,711.760009765625
2026-09-14 12:55:00-04:00,711.760009765625,711.9199829101562,711.4000244140625,711.8599853515625
2026-09-14 13:00:00-04:00,711.8599853515625,712.02001953125,711.489990234375,711.6699829101562
2026-09-14 13:05:00-04:00,711.6500244140625,711.7999267578125,711.3900146484375,711.6699829101562
2026-09-14 13:10:00-04:00,711.6900024414062,712.2861938476562,711.6199951171875,711.7550048828125
2026-09-14 13:15:00-04:00,711.7550048828125,711.9349975585938,711.3599853515625,711.5999145507812
2026-09-14 13:20:00-04:00,711.6099853515625,712.02001953125,711.54052734375,711.9299926757812
2026-09-14 13:25:00-04:00,711.969970703125,712.3499755859375,711.7999877929688,712.3480224609375
2026-09-14 13:30:00-04:00,712.3499755859375,712.5,712.1099853515625,712.280029296875
2026-09-14 13:35:00-04:00,712.3049926757812,712.489990234375,712.0900268554688,712.4849853515625
2026-09-14 13:40:00-04:00,712.4700927734375,712.5,712.219970703125,712.3809814453125
2026-09-14 13:45:00-04:00,712.4000244140625,712.7000122070312,712.3900146484375,712.614990234375
2026-09-14 13:50:00-04:00,712.6300048828125,712.8400268554688,712.5399780273438,712.7349853515625
2026-09-14 13:55:00-04:00,712.739990234375,712.9500122070312,712.4000244140625,712.4130249023438
2026-09-14 14:00:00-04:00,712.4550170898438,712.864990234375,712.2000122070312,712.2949829101562
2026-09-14 14:05:00-04:00,712.2849731445312,712.5900268554688,712.1021728515625,712.510009765625
2026-09-14 14:10:00-04:00,712.530029296875,712.530029296875,712.2310180664062,712.4349975585938
2026-09-14 14:15:00-04:00,712.469970703125,712.6199951171875,712.1900024414062,712.2750244140625
2026-09-14 14:20:00-04:00,712.2650146484375,712.2999877929688,711.9199829101562,711.9199829101562
2026-09-14 14:25:00-04:00,711.9099731445312,712.0599975585938,711.81201171875,711.9099731445312
2026-09-14 14:30:00-04:00,711.9500122070312,712.27001953125,711.8499755859375,712.130126953125
2026-09-14 14:35:00-04:00,712.1300048828125,712.4099731445312,712.0449829101562,712.2589721679688
2026-09-14 14:40:00-04:00,712.2125244140625,712.4199829101562,712.1300048828125,712.1300048828125
2026-09-14 14:45:00-04:00,712.1500244140625,712.22998046875,711.7999877929688,712.1799926757812
2026-09-14 14:50:00-04:00,712.1749877929688,712.25,711.97998046875,712.0399780273438
2026-09-14 14:55:00-04:00,711.989990234375,712.0999755859375,711.7424926757812,711.8400268554688
2026-09-14 15:00:00-04:00,711.8300170898438,711.8599853515625,711.4801025390625,711.6300048828125
2026-09-14 15:05:00-04:00,711.614990234375,711.6699829101562,711.135009765625,711.3049926757812
2026-09-14 15:10:00-04:00,711.3099975585938,711.4349975585938,711.1199951171875,711.22998046875
2026-09-14 15:15:00-04:00,711.239990234375,711.239990234375,710.9500732421875,711.1599731445312
2026-09-14 15:20:00-04:00,711.1500244140625,711.2100219726562,710.85498046875,711.0419921875
2026-09-14 15:25:00-04:00,711.0650024414062,711.1799926757812,710.989990234375,711.0349731445312
2026-09-14 15:30:00-04:00,711.030029296875,711.1799926757812,710.969970703125,710.97998046875
2026-09-14 15:35:00-04:00,711.0,711.0150146484375,710.6799926757812,710.6900024414062
2026-09-14 15:40:00-04:00,710.69873046875,710.9299926757812,710.6649780273438,710.780029296875
2026-09-14 15:45:00-04:00,710.72998046875,711.010009765625,710.72998046875,710.9650268554688
2026-09-14 15:50:00-04:00,710.9199829101562,711.0,710.0700073242188,710.210205078125
2026-09-14 15:55:00-04:00,710.2100219726562,710.2100219726562,709.0900268554688,709.1599731445312
2026-09-15 09:30:00-04:00,708.760009765625,708.8099975585938,707.5599975585938,707.8800048828125
2026-09-15 09:35:00-04:00,707.885009765625,709.22802734375,707.885009765625,708.97998046875
2026-09-15 09:40:00-04:00,708.97998046875,709.22998046875,708.4000244140625,709.14501953125
2026-09-15 09:45:00-04:00,709.1300048828125,709.5299072265625,708.8250122070312,708.97998046875
2026-09-15 09:50:00-04:00,708.9650268554688,709.1353759765625,708.4299926757812,708.9849853515625
2026-09-15 09:55:00-04:00,708.9849853515625,709.1599731445312,708.64501953125,708.9500122070312
2026-09-15 10:00:00-04:00,708.9500122070312,709.010009765625,708.1900024414062,708.1900024414062
2026-09-15 10:05:00-04:00,708.1900024414062,708.3400268554688,707.5999755859375,707.7899780273438
2026-09-15 10:10:00-04:00,707.7800903320312,707.7999877929688,706.8200073242188,706.9249877929688
2026-09-15 10:15:00-04:00,706.9299926757812,707.4299926757812,706.864990234375,707.239990234375
2026-09-15 10:20:00-04:00,707.2349853515625,707.3900146484375,705.9500122070312,706.5399780273438
2026-09-15 10:25:00-04:00,706.5700073242188,706.7999877929688,706.2916259765625,706.5549926757812
2026-09-15 10:30:00-04:00,706.5499877929688,706.72998046875,705.9600219726562,706.1099853515625
2026-09-15 10:35:00-04:00,706.1300048828125,706.3400268554688,705.5800170898438,705.7000122070312
2026-09-15 10:40:00-04:00,705.655029296875,705.659912109375,705.2999877929688,705.5850219726562
2026-09-15 10:45:00-04:00,705.594970703125,705.9199829101562,705.1300048828125,705.1300048828125
2026-09-15 10:50:00-04:00,705.0999755859375,705.1950073242188,703.906005859375,704.4749755859375
2026-09-15 10:55:00-04:00,704.4749755859375,704.9099731445312,704.2100219726562,704.47998046875
2026-09-15 11:00:00-04:00,704.4749755859375,705.5399780273438,704.4749755859375,705.5399780273438
2026-09-15 11:05:00-04:00,705.5399780273438,705.6599731445312,705.1599731445312,705.2899780273438
2026-09-15 11:10:00-04:00,705.2849731445312,705.4500122070312,704.9500122070312,705.2750244140625
2026-09-15 11:15:00-04:00,705.27001953125,705.760009765625,705.0999755859375,705.5700073242188
2026-09-15 11:20:00-04:00,705.5800170898438,705.77001953125,705.135009765625,705.5750122070312
2026-09-15 11:25:00-04:00,705.5999755859375,705.8099975585938,705.4099731445312,705.6594848632812
2026-09-15 11:30:00-04:00,705.6599731445312,705.7100219726562,704.9625244140625,705.4199829101562
2026-09-15 11:35:00-04:00,705.4600219726562,705.6300048828125,705.2000122070312,705.2100219726562
2026-09-15 11:40:00-04:00,705.1901245117188,705.8048095703125,705.1901245117188,705.5999755859375
2026-09-15 11:45:00-04:00,705.5800170898438,705.6500244140625,704.97998046875,705.0999755859375
2026-09-15 11:50:00-04:00,705.0999755859375,705.8699951171875,705.0800170898438,705.375
2026-09-15 11:55:00-04:00,705.3900146484375,706.02001953125,705.2550048828125,705.3200073242188
2026-09-15 12:00:00-04:00,705.3499755859375,705.6099853515625,705.219970703125,705.5120849609375
2026-09-15 12:05:00-04:00,705.469970703125,705.5,704.5709838867188,704.6699829101562
2026-09-15 12:10:00-04:00,704.6500244140625,704.77001953125,704.4901123046875,704.530029296875
2026-09-15 12:15:00-04:00,704.5349731445312,705.0999755859375,704.4600219726562,705.0900268554688
2026-09-15 12:20:00-04:00,705.0700073242188,705.9199829101562,705.0700073242188,705.7886962890625
2026-09-15 12:25:00-04:00,705.780029296875,705.8804931640625,705.4500122070312,705.510009765625
2026-09-15 12:30:00-04:00,705.5050048828125,705.75,705.1104125976562,705.5900268554688
2026-09-15 12:35:00-04:00,705.5999145507812,705.6199951171875,705.330078125,705.4749755859375
2026-09-15 12:40:00-04:00,705.4600219726562,705.5490112304688,705.25,705.3900146484375
2026-09-15 12:45:00-04:00,705.3900146484375,705.5399780273438,705.1204833984375,705.3344116210938
2026-09-15 12:50:00-04:00,705.3099975585938,705.9600219726562,705.2899780273438,705.89501953125
2026-09-15 12:55:00-04:00,705.9000244140625,706.0,705.27001953125,705.4400024414062
2026-09-15 13:00:00-04:00,705.4400024414062,705.52001953125,704.780029296875,704.780029296875
2026-09-15 13:05:00-04:00,704.760009765625,705.1699829101562,704.6306762695312,704.8800048828125
2026-09-15 13:10:00-04:00,704.89501953125,705.25,704.7999877929688,704.8250122070312
2026-09-15 13:15:00-04:00,704.8400268554688,705.010009765625,704.7620239257812,705.0
2026-09-15 13:20:00-04:00,705.0,705.1199951171875,704.5599975585938,704.57177734375
2026-09-15 13:25:00-04:00,704.5700073242188,704.8699951171875,704.5499877929688,704.7999877929688
2026-09-15 13:30:00-04:00,704.8099975585938,705.1300048828125,704.7249755859375,704.9000244140625
2026-09-15 13:35:00-04:00,704.9099731445312,705.0499267578125,704.719970703125,704.7899780273438
2026-09-15 13:40:00-04:00,704.7899780273438,704.9500122070312,704.530029296875,704.8499755859375
2026-09-15 13:45:00-04:00,704.8250122070312,704.9600219726562,704.5999755859375,704.6699829101562
2026-09-15 13:50:00-04:00,704.6599731445312,705.030029296875,704.625,705.0197143554688
2026-09-15 13:55:00-04:00,705.0,705.198486328125,704.8900146484375,705.0
2026-09-15 14:00:00-04:00,705.0,705.25,704.8200073242188,705.2349853515625
2026-09-15 14:05:00-04:00,705.2249755859375,705.3800048828125,705.1099853515625,705.3800048828125
2026-09-15 14:10:00-04:00,705.385009765625,705.5700073242188,705.260009765625,705.3800048828125
2026-09-15 14:15:00-04:00,705.4099731445312,705.4600219726562,704.9849853515625,705.0850219726562
2026-09-15 14:20:00-04:00,705.0800170898438,705.219970703125,705.0650024414062,705.169921875
2026-09-15 14:25:00-04:00,705.1799926757812,705.4000244140625,705.0700073242188,705.39501953125
2026-09-15 14:30:00-04:00,705.398681640625,705.398681640625,704.8200073242188,704.8699951171875
2026-09-15 14:35:00-04:00,704.8775024414062,704.96240234375,704.7000122070312,704.8699951171875
2026-09-15 14:40:00-04:00,704.875,705.1300048828125,704.6500244140625,704.6799926757812
2026-09-15 14:45:00-04:00,704.6849975585938,704.72998046875,704.1906127929688,704.3400268554688
2026-09-15 14:50:00-04:00,704.3300170898438,704.530029296875,704.27001953125,704.5
2026-09-15 14:55:00-04:00,704.5,704.7550048828125,704.4409790039062,704.7304077148438
2026-09-15 15:00:00-04:00,704.72998046875,704.8800048828125,704.5,704.6799926757812
2026-09-15 15:05:00-04:00,704.6799926757812,704.780029296875,704.5399780273438,704.719970703125
2026-09-15 15:10:00-04:00,704.719970703125,704.780029296875,704.4000244140625,704.4561157226562
2026-09-15 15:15:00-04:00,704.4450073242188,704.530029296875,704.2750244140625,704.469970703125
2026-09-15 15:20:00-04:00,704.4600219726562,704.47998046875,704.2890014648438,704.3300170898438
2026-09-15 15:25:00-04:00,704.3350219726562,704.510009765625,704.22998046875,704.3599853515625
2026-09-15 15:30:00-04:00,704.3599853515625,704.4277954101562,704.2249755859375,704.239990234375
2026-09-15 15:35:00-04:00,704.22998046875,704.22998046875,703.7999877929688,703.909912109375
2026-09-15 15:40:00-04:00,703.9000244140625,704.1599731445312,703.8200073242188,704.0850219726562
2026-09-15 15:45:00-04:00,704.0800170898438,704.22998046875,703.94580078125,704.1950073242188
2026-09-15 15:50:00-04:00,704.1699829101562,704.3400268554688,703.635009765625,704.3400268554688
2026-09-15 15:55:00-04:00,704.3099975585938,704.64501953125,704.0800170898438,704.5900268554688
2026-09-16 09:30:00-04:00,708.0599975585938,708.7899780273438,707.885009765625,708.4500122070312
2026-09-16 09:35:00-04:00,708.3800048828125,708.5819702148438,707.6500244140625,708.1199951171875
2026-09-16 09:40:00-04:00,708.1099853515625,708.8099975585938,708.02001953125,708.3900146484375
2026-09-16 09:45:00-04:00,708.4000244140625,709.8200073242188,708.3499755859375,709.77001953125
2026-09-16 09:50:00-04:00,709.77001953125,710.1400146484375,709.5900268554688,709.7949829101562
2026-09-16 09:55:00-04:00,709.8099975585938,710.25,709.6500244140625,710.2100219726562
2026-09-16 10:00:00-04:00,710.219970703125,710.27001953125,709.0399780273438,709.1400146484375
2026-09-16 10:05:00-04:00,709.1500244140625,709.9199829101562,708.9099731445312,709.6099243164062
2026-09-16 10:10:00-04:00,709.594970703125,709.760009765625,708.75,709.52001953125
2026-09-16 10:15:00-04:00,709.489990234375,710.139892578125,709.3699951171875,709.969970703125
2026-09-16 10:20:00-04:00,709.9400024414062,710.0900268554688,709.6500244140625,709.8099975585938
2026-09-16 10:25:00-04:00,709.8300170898438,709.8699951171875,709.39501953125,709.580078125
2026-09-16 10:30:00-04:00,709.5650024414062,709.7197265625,709.2249755859375,709.4299926757812
2026-09-16 10:35:00-04:00,709.4099731445312,709.489990234375,708.9500122070312,709.239990234375
2026-09-16 10:40:00-04:00,709.2009887695312,709.8900146484375,709.2009887695312,709.8900146484375
2026-09-16 10:45:00-04:00,709.8895874023438,710.0800170898438,709.5399780273438,709.6900024414062
2026-09-16 10:50:00-04:00,709.6900024414062,710.0349731445312,709.52001953125,709.8399047851562
2026-09-16 10:55:00-04:00,709.8499755859375,710.72998046875,709.760009765625,710.6578979492188
2026-09-16 11:00:00-04:00,710.719970703125,711.030029296875,710.3499755859375,710.75
2026-09-16 11:05:00-04:00,710.739990234375,711.5499877929688,710.52001953125,711.4199829101562
2026-09-16 11:10:00-04:00,711.4099731445312,711.5,710.9199829101562,711.280029296875
2026-09-16 11:15:00-04:00,711.3109741210938,711.3109741210938,710.6199951171875,710.9099731445312
2026-09-16 11:20:00-04:00,710.9000244140625,711.1400146484375,710.719970703125,711.1080932617188
2026-09-16 11:25:00-04:00,711.080078125,711.3099975585938,710.7620239257812,710.8699951171875
2026-09-16 11:30:00-04:00,710.9000244140625,710.9600219726562,710.2999877929688,710.4600219726562
2026-09-16 11:35:00-04:00,710.489990234375,710.8300170898438,710.3300170898438,710.5599975585938
2026-09-16 11:40:00-04:00,710.5698852539062,710.73681640625,710.344970703125,710.5999755859375
2026-09-16 11:45:00-04:00,710.5900268554688,711.8499755859375,710.4404296875,711.3400268554688
2026-09-16 11:50:00-04:00,711.3800048828125,711.4500122070312,710.9500732421875,711.030029296875
2026-09-16 11:55:00-04:00,710.9650268554688,711.0789184570312,710.630126953125,710.630126953125
2026-09-16 12:00:00-04:00,710.6699829101562,710.72998046875,710.1300048828125,710.1500244140625
2026-09-16 12:05:00-04:00,710.1300048828125,710.4400024414062,710.0999755859375,710.330078125
2026-09-16 12:10:00-04:00,710.3400268554688,710.3800048828125,710.010009765625,710.3098754882812
2026-09-16 12:15:00-04:00,710.3300170898438,710.5994873046875,710.2899780273438,710.489990234375
2026-09-16 12:20:00-04:00,710.47998046875,710.47998046875,709.9299926757812,709.9949951171875
2026-09-16 12:25:00-04:00,710.0,710.3800048828125,709.9660034179688,710.3499755859375
2026-09-16 12:30:00-04:00,710.3400268554688,710.4099731445312,709.8699951171875,709.8807983398438
2026-09-16 12:35:00-04:00,709.8800048828125,710.0900268554688,709.8800048828125,710.02001953125
2026-09-16 12:40:00-04:00,710.0180053710938,710.1500244140625,709.9400024414062,710.0
2026-09-16 12:45:00-04:00,710.010009765625,710.52001953125,710.010009765625,710.3900146484375
2026-09-16 12:50:00-04:00,710.3599853515625,710.4199829101562,709.9099731445312,710.093994140625
2026-09-16 12:55:00-04:00,710.0919799804688,710.2100219726562,709.9600219726562,709.9650268554688
2026-09-16 13:00:00-04:00,709.97998046875,709.97998046875,709.280029296875,709.4635009765625
2026-09-16 13:05:00-04:00,709.4749755859375,709.5700073242188,709.3900146484375,709.5700073242188
2026-09-16 13:10:00-04:00,709.5700073242188,709.8200073242188,709.4000244140625,709.75
2026-09-16 13:15:00-04:00,709.7550048828125,709.8599853515625,709.5800170898438,709.6199951171875
2026-09-16 13:20:00-04:00,709.6300048828125,709.8099975585938,709.3800048828125,709.4500122070312
2026-09-16 13:25:00-04:00,709.4600219726562,709.7100219726562,709.4600219726562,709.6849975585938
2026-09-16 13:30:00-04:00,709.7000122070312,709.8300170898438,709.469970703125,709.5601196289062
2026-09-16 13:35:00-04:00,709.5800170898438,709.6500244140625,709.3099975585938,709.3099975585938
2026-09-16 13:40:00-04:00,709.2999877929688,709.3099975585938,708.77197265625,708.8790283203125
2026-09-16 13:45:00-04:00,708.8900146484375,709.3699951171875,708.8800048828125,709.0900268554688
2026-09-16 13:50:00-04:00,709.1199951171875,709.530029296875,708.9600219726562,709.4199829101562
2026-09-16 13:55:00-04:00,709.4099731445312,710.2100219726562,709.3709716796875,710.1900024414062
2026-09-16 14:00:00-04:00,710.2100219726562,711.0999755859375,708.5999755859375,710.9199829101562
2026-09-16 14:05:00-04:00,710.9400024414062,711.6500244140625,710.5795288085938,710.7698974609375
2026-09-16 14:10:00-04:00,710.75,710.9500122070312,709.6900024414062,709.8900146484375
2026-09-16 14:15:00-04:00,709.885009765625,710.2899780273438,709.5499877929688,709.9199829101562
2026-09-16 14:20:00-04:00,709.8400268554688,710.22998046875,709.4500122070312,709.6099853515625
2026-09-16 14:25:00-04:00,709.6500244140625,709.75,708.4500122070312,709.6651000976562
2026-09-16 14:30:00-04:00,709.5878295898438,709.9199829101562,707.52001953125,707.6400146484375
2026-09-16 14:35:00-04:00,707.6199951171875,708.3300170898438,705.89501953125,708.0800170898438
2026-09-16 14:40:00-04:00,707.9949951171875,710.6199951171875,707.9299926757812,709.3099975585938
2026-09-16 14:45:00-04:00,709.2899780273438,710.0700073242188,707.76611328125,707.9199829101562
2026-09-16 14:50:00-04:00,707.8800048828125,708.2249755859375,705.7249755859375,705.77001953125
2026-09-16 14:55:00-04:00,705.8300170898438,706.47998046875,704.02001953125,704.280029296875
2026-09-16 15:00:00-04:00,704.3099975585938,706.02001953125,704.0750122070312,705.3800048828125
2026-09-16 15:05:00-04:00,705.2999877929688,705.3800048828125,703.239990234375,703.6663818359375
2026-09-16 15:10:00-04:00,703.6599731445312,703.8300170898438,701.3499755859375,701.909912109375
2026-09-16 15:15:00-04:00,701.85498046875,702.6699829101562,700.7662963867188,701.3300170898438
2026-09-16 15:20:00-04:00,701.3599853515625,701.8400268554688,700.6799926757812,701.369384765625
2026-09-16 15:25:00-04:00,701.4299926757812,701.9863891601562,700.0,701.8900146484375
2026-09-16 15:30:00-04:00,701.875,703.4500122070312,701.655029296875,703.4249877929688
2026-09-16 15:35:00-04:00,703.4000244140625,703.52001953125,702.1599731445312,703.280029296875
2026-09-16 15:40:00-04:00,703.2763061523438,703.6799926757812,702.3200073242188,702.860107421875
2026-09-16 15:45:00-04:00,702.8800048828125,704.3400268554688,702.8599853515625,704.0900268554688
2026-09-16 15:50:00-04:00,704.0900268554688,704.77001953125,703.8699951171875,704.4000244140625
2026-09-16 15:55:00-04:00,704.4000244140625,705.030029296875,703.9199829101562,704.75
2026-09-17 09:30:00-04:00,716.0499877929688,716.3699951171875,714.0599975585938,714.1099853515625
2026-09-17 09:35:00-04:00,714.1099853515625,714.719970703125,713.3200073242188,713.6699829101562
2026-09-17 09:40:00-04:00,713.6799926757812,714.3798828125,713.510009765625,714.2100219726562
2026-09-17 09:45:00-04:00,714.22998046875,714.8499755859375,713.7999877929688,714.739990234375
2026-09-17 09:50:00-04:00,714.760009765625,715.4949951171875,714.280029296875,715.0399780273438
2026-09-17 09:55:00-04:00,715.030029296875,715.3800048828125,714.75,715.3699951171875
2026-09-17 10:00:00-04:00,715.4099731445312,715.4099731445312,714.4299926757812,714.9708862304688
2026-09-17 10:05:00-04:00,715.0399780273438,715.1849975585938,714.1599731445312,714.607177734375
2026-09-17 10:10:00-04:00,714.614990234375,716.02001953125,714.344970703125,715.8499755859375
2026-09-17 10:15:00-04:00,715.8499755859375,716.0999145507812,715.5650024414062,715.8800048828125
2026-09-17 10:20:00-04:00,715.8740234375,716.219970703125,715.4605102539062,716.1400146484375
2026-09-17 10:25:00-04:00,716.1599731445312,716.6099853515625,715.9450073242188,715.9600219726562
2026-09-17 10:30:00-04:00,715.97998046875,716.5900268554688,715.9000244140625,716.4909057617188
2026-09-17 10:35:00-04:00,716.510009765625,716.6950073242188,716.219970703125,716.25
2026-09-17 10:40:00-04:00,716.27001953125,716.7999877929688,716.0001220703125,716.0399780273438
2026-09-17 10:45:00-04:00,716.0499877929688,716.1199951171875,715.2100219726562,715.5050048828125
2026-09-17 10:50:00-04:00,715.5,715.6099853515625,714.9500122070312,715.0999755859375
2026-09-17 10:55:00-04:00,715.0800170898438,715.5700073242188,714.9199829101562,715.1749877929688
2026-09-17 11:00:00-04:00,715.22998046875,715.39501953125,714.9000244140625,715.0599975585938
2026-09-17 11:05:00-04:00,715.0700073242188,715.47998046875,714.5800170898438,715.2849731445312
2026-09-17 11:10:00-04:00,715.2874755859375,715.3699951171875,715.02001953125,715.2899780273438
2026-09-17 11:15:00-04:00,715.2999877929688,715.625,715.030029296875,715.5399780273438
2026-09-17 11:20:00-04:00,715.5700073242188,715.5700073242188,715.22998046875,715.5349731445312
2026-09-17 11:25:00-04:00,715.530029296875,716.030029296875,715.530029296875,715.8599853515625
2026-09-17 11:30:00-04:00,715.8599853515625,715.9500122070312,715.6900024414062,715.8499145507812
2026-09-17 11:35:00-04:00,715.8599853515625,716.1699829101562,715.7999877929688,716.1699829101562
2026-09-17 11:40:00-04:00,716.1799926757812,716.6500244140625,716.1400146484375,716.530029296875
2026-09-17 11:45:00-04:00,716.52001953125,716.7117919921875,716.4199829101562,716.6300048828125
2026-09-17 11:50:00-04:00,716.7000122070312,716.739990234375,716.4199829101562,716.5599975585938
2026-09-17 11:55:00-04:00,716.5599975585938,716.6900024414062,716.27001953125,716.6699829101562
2026-09-17 12:00:00-04:00,716.7100219726562,716.760009765625,716.3300170898438,716.3394775390625
2026-09-17 12:05:00-04:00,716.3350219726562,716.6799926757812,716.0750122070312,716.6400146484375
2026-09-17 12:10:00-04:00,716.6599731445312,716.7100219726562,716.4500732421875,716.6300048828125
2026-09-17 12:15:00-04:00,716.64501953125,716.694091796875,716.4600219726562,716.5800170898438
2026-09-17 12:20:00-04:00,716.6099853515625,716.9385986328125,716.4000244140625,716.8150024414062
2026-09-17 12:25:00-04:00,716.8099975585938,716.9000244140625,716.6900024414062,716.8150024414062
2026-09-17 12:30:00-04:00,716.8099975585938,716.8839111328125,716.10498046875,716.2760009765625
2026-09-17 12:35:00-04:00,716.2899780273438,716.5,716.219970703125,716.4099731445312
2026-09-17 12:40:00-04:00,716.405029296875,716.7901000976562,716.2800903320312,716.7901000976562
2026-09-17 12:45:00-04:00,716.7951049804688,716.8599853515625,716.6500854492188,716.7150268554688
2026-09-17 12:50:00-04:00,716.7100219726562,716.8400268554688,716.6599731445312,716.7100219726562
2026-09-17 12:55:00-04:00,716.7000122070312,716.739990234375,715.7999877929688,716.6973876953125
2026-09-17 13:00:00-04:00,716.6799926757812,717.0700073242188,716.64501953125,716.9794921875
2026-09-17 13:05:00-04:00,716.989990234375,717.1599731445312,716.7899780273438,716.7999877929688
2026-09-17 13:10:00-04:00,716.8400268554688,716.8400268554688,716.4299926757812,716.4500122070312
2026-09-17 13:15:00-04:00,716.4857788085938,716.719970703125,716.4450073242188,716.6199951171875
2026-09-17 13:20:00-04:00,716.5900268554688,716.719970703125,716.239990234375,716.26123046875
2026-09-17 13:25:00-04:00,716.2899780273438,716.52001953125,716.2200927734375,716.3200073242188
2026-09-17 13:30:00-04:00,716.3400268554688,716.489990234375,716.1119995117188,716.47998046875
2026-09-17 13:35:00-04:00,716.469970703125,716.5800170898438,716.260009765625,716.27001953125
2026-09-17 13:40:00-04:00,716.2999877929688,716.6099853515625,716.2999877929688,716.5900268554688
2026-09-17 13:45:00-04:00,716.5700073242188,716.760009765625,716.5399780273438,716.6199951171875
2026-09-17 13:50:00-04:00,716.5999755859375,716.6099853515625,716.3499755859375,716.4400024414062
2026-09-17 13:55:00-04:00,716.4500122070312,716.719970703125,716.4099731445312,716.6799926757812
2026-09-17 14:00:00-04:00,716.7000122070312,716.75,716.489990234375,716.6900024414062
2026-09-17 14:05:00-04:00,716.6900024414062,716.8250122070312,716.2750244140625,716.3200073242188
2026-09-17 14:10:00-04:00,716.375,716.489990234375,716.280029296875,716.4149780273438
2026-09-17 14:15:00-04:00,716.4099731445312,716.6495971679688,716.1950073242188,716.5499877929688
2026-09-17 14:20:00-04:00,716.5501098632812,716.6126708984375,716.25,716.2899780273438
2026-09-17 14:25:00-04:00,716.2849731445312,716.4299926757812,716.280029296875,716.3300170898438
2026-09-17 14:30:00-04:00,716.3599853515625,716.5,716.2000122070312,716.219970703125
2026-09-17 14:35:00-04:00,716.219970703125,716.2550048828125,715.9299926757812,715.9500122070312
2026-09-17 14:40:00-04:00,715.9500122070312,716.1400146484375,715.8599853515625,716.1099243164062
2026-09-17 14:45:00-04:00,716.1300048828125,716.3699951171875,716.0800170898438,716.239990234375
2026-09-17 14:50:00-04:00,716.22998046875,716.3499755859375,716.1199951171875,716.219970703125
2026-09-17 14:55:00-04:00,716.219970703125,716.3154907226562,716.0999755859375,716.239990234375
2026-09-17 15:00:00-04:00,716.2999877929688,716.606201171875,716.2249755859375,716.5750122070312
2026-09-17 15:05:00-04:00,716.5798950195312,716.9500122070312,716.5706176757812,716.6649780273438
2026-09-17 15:10:00-04:00,716.6699829101562,716.8400268554688,716.5750122070312,716.7000122070312
2026-09-17 15:15:00-04:00,716.7100219726562,716.8599853515625,716.6245727539062,716.7999877929688
2026-09-17 15:20:00-04:00,716.8099975585938,716.8599853515625,716.580078125,716.594970703125
2026-09-17 15:25:00-04:00,716.5999755859375,716.6900024414062,716.4400024414062,716.530029296875
2026-09-17 15:30:00-04:00,716.5250244140625,717.0499877929688,716.5050048828125,717.010009765625
2026-09-17 15:35:00-04:00,717.0250244140625,717.2100219726562,717.02001953125,717.155029296875
2026-09-17 15:40:00-04:00,717.155029296875,717.3400268554688,716.9099731445312,717.2899780273438
2026-09-17 15:45:00-04:00,717.2899780273438,717.3400268554688,716.9749755859375,717.0599975585938
2026-09-17 15:50:00-04:00,717.0700073242188,718.0401000976562,717.0700073242188,717.468994140625
2026-09-17 15:55:00-04:00,717.3300170898438,717.6199951171875,716.5999755859375,716.8699951171875
2026-09-18 09:30:00-04:00,718.8400268554688,719.469970703125,718.5,718.7349853515625
2026-09-18 09:35:00-04:00,718.72998046875,719.4099731445312,718.4500122070312,719.3400268554688
2026-09-18 09:40:00-04:00,719.3400268554688,719.5399780273438,718.52001953125,718.8699951171875
2026-09-18 09:45:00-04:00,718.875,719.3499755859375,718.280029296875,718.3699951171875
2026-09-18 09:50:00-04:00,718.3599853515625,718.5999755859375,717.9600219726562,718.0399780273438
2026-09-18 09:55:00-04:00,718.0350952148438,718.1900024414062,717.6400146484375,717.9298706054688
2026-09-18 10:00:00-04:00,717.9099731445312,718.0800170898438,716.6199951171875,716.6799926757812
2026-09-18 10:05:00-04:00,716.7050170898438,717.2000122070312,716.4000244140625,717.02001953125
2026-09-18 10:10:00-04:00,717.0150146484375,717.3900146484375,716.4605102539062,716.4801025390625
2026-09-18 10:15:00-04:00,716.489990234375,716.6699829101562,715.89501953125,716.6367797851562
2026-09-18 10:20:00-04:00,716.6300048828125,717.1599731445312,716.4400024414062,716.7750244140625
2026-09-18 10:25:00-04:00,716.780029296875,717.0999755859375,716.6099853515625,716.7000122070312
2026-09-18 10:30:00-04:00,716.7050170898438,716.9199829101562,716.331787109375,716.6594848632812
2026-09-18 10:35:00-04:00,716.6599731445312,717.2534790039062,716.301025390625,716.8499755859375
2026-09-18 10:40:00-04:00,716.844970703125,716.8699951171875,716.1300048828125,716.3800048828125
2026-09-18 10:45:00-04:00,716.3800048828125,717.0700073242188,716.2200927734375,717.0399780273438
2026-09-18 10:50:00-04:00,717.031005859375,717.6500244140625,716.8942260742188,717.5499877929688
2026-09-18 10:55:00-04:00,717.5599975585938,717.6199951171875,717.1760864257812,717.4299926757812
2026-09-18 11:00:00-04:00,717.4299926757812,717.5800170898438,716.9400024414062,717.280029296875
2026-09-18 11:05:00-04:00,717.27001953125,717.72998046875,717.1900024414062,717.2100219726562
2026-09-18 11:10:00-04:00,717.219970703125,717.3099975585938,716.64501953125,716.739990234375
2026-09-18 11:15:00-04:00,716.75,716.8800048828125,716.5549926757812,716.7999877929688
2026-09-18 11:20:00-04:00,716.7999877929688,717.0900268554688,716.6849975585938,716.989990234375
2026-09-18 11:25:00-04:00,716.97998046875,717.3599853515625,716.97998046875,717.25
2026-09-18 11:30:00-04:00,717.239990234375,717.3800048828125,716.7100219726562,716.9000244140625
2026-09-18 11:35:00-04:00,716.8900146484375,717.0900268554688,716.5499877929688,716.6300048828125
2026-09-18 11:40:00-04:00,716.6300048828125,716.6900024414062,716.3400268554688,716.6099853515625
2026-09-18 11:45:00-04:00,716.6300048828125,716.6900024414062,716.3300170898438,716.5399780273438
2026-09-18 11:50:00-04:00,716.5399780273438,716.7999877929688,716.260009765625,716.3150024414062
2026-09-18 11:55:00-04:00,716.3200073242188,716.5449829101562,716.1500244140625,716.2899780273438
2026-09-18 12:00:00-04:00,716.2750244140625,716.3200073242188,716.0501098632812,716.2100830078125
2026-09-18 12:05:00-04:00,716.22998046875,716.6300048828125,716.219970703125,716.4099731445312
2026-09-18 12:10:00-04:00,716.405029296875,716.530029296875,716.2899780273438,716.2949829101562
2026-09-18 12:15:00-04:00,716.2750244140625,716.60498046875,716.1799926757812,716.5549926757812
2026-09-18 12:20:00-04:00,716.5700073242188,716.60498046875,715.3400268554688,715.4099731445312
2026-09-18 12:25:00-04:00,715.4149780273438,716.1619262695312,715.0800170898438,716.0650024414062
2026-09-18 12:30:00-04:00,716.0700073242188,716.5599975585938,715.8699951171875,716.3800048828125
2026-09-18 12:35:00-04:00,716.385009765625,716.5,716.0150146484375,716.2406005859375
2026-09-18 12:40:00-04:00,716.2650146484375,716.5800170898438,716.1201171875,716.4849853515625
2026-09-18 12:45:00-04:00,716.4600219726562,716.5399780273438,716.1199951171875,716.4299926757812
2026-09-18 12:50:00-04:00,716.409912109375,716.780029296875,716.409912109375,716.7208862304688
2026-09-18 12:55:00-04:00,716.75,716.8699951171875,716.5900268554688,716.739990234375
2026-09-18 13:00:00-04:00,716.7449951171875,716.8701171875,716.5499877929688,716.8300170898438
2026-09-18 13:05:00-04:00,716.7999877929688,717.0800170898438,716.7999877929688,716.9099731445312
2026-09-18 13:10:00-04:00,716.9500122070312,717.0499877929688,716.6849975585938,717.030029296875
2026-09-18 13:15:00-04:00,717.0399780273438,717.219970703125,717.0150146484375,717.0900268554688
2026-09-18 13:20:00-04:00,717.1699829101562,717.2100219726562,717.0,717.2000122070312
2026-09-18 13:25:00-04:00,717.1900024414062,717.2899780273438,717.0499877929688,717.0700073242188
2026-09-18 13:30:00-04:00,717.0599975585938,717.0700073242188,716.8510131835938,717.0599975585938
2026-09-18 13:35:00-04:00,717.0499877929688,717.4099731445312,717.0499877929688,717.405029296875
2026-09-18 13:40:00-04:00,717.4061279296875,717.5599975585938,717.340087890625,717.5499877929688
2026-09-18 13:45:00-04:00,717.5499877929688,717.6300048828125,717.4600219726562,717.5050048828125
2026-09-18 13:50:00-04:00,717.4949951171875,717.6400146484375,717.4349975585938,717.5499877929688
2026-09-18 13:55:00-04:00,717.5599975585938,717.6699829101562,717.5050048828125,717.5900268554688
2026-09-18 14:00:00-04:00,717.5900268554688,717.7000122070312,717.4400024414062,717.5650024414062
2026-09-18 14:05:00-04:00,717.5549926757812,717.5900268554688,717.4000244140625,717.4400024414062
2026-09-18 14:10:00-04:00,717.4500122070312,717.47998046875,717.2109985351562,717.3497924804688
2026-09-18 14:15:00-04:00,717.3400268554688,717.5999755859375,717.3300170898438,717.5999755859375
2026-09-18 14:20:00-04:00,717.5925903320312,718.1599731445312,717.5925903320312,717.8800048828125
2026-09-18 14:25:00-04:00,717.8900146484375,718.0,717.75,717.9500122070312
2026-09-18 14:30:00-04:00,717.9799194335938,718.0700073242188,717.8358764648438,718.0700073242188
2026-09-18 14:35:00-04:00,718.0687255859375,718.0900268554688,717.8049926757812,717.9650268554688
2026-09-18 14:40:00-04:00,717.9600219726562,718.2109985351562,717.8800048828125,718.2041015625
2026-09-18 14:45:00-04:00,718.2000122070312,719.0,718.1950073242188,718.9000244140625
2026-09-18 14:50:00-04:00,718.8809814453125,719.5999755859375,718.8723754882812,719.2999877929688
2026-09-18 14:55:00-04:00,719.2999877929688,719.3250122070312,719.0499877929688,719.1300048828125
2026-09-18 15:00:00-04:00,719.1900024414062,719.5477294921875,719.1199951171875,719.47998046875
2026-09-18 15:05:00-04:00,719.47998046875,719.6400146484375,719.1199951171875,719.2993774414062
2026-09-18 15:10:00-04:00,719.2999877929688,719.4550170898438,719.119873046875,719.239990234375
2026-09-18 15:15:00-04:00,719.2349853515625,719.3599853515625,719.1599731445312,719.2999877929688
2026-09-18 15:20:00-04:00,719.2999267578125,719.469970703125,719.1699829101562,719.3499755859375
2026-09-18 15:25:00-04:00,719.3499755859375,719.3900146484375,719.0750122070312,719.1199951171875
2026-09-18 15:30:00-04:00,719.1199951171875,719.1699829101562,718.9299926757812,718.969970703125
2026-09-18 15:35:00-04:00,718.969970703125,719.3699951171875,718.9349975585938,719.280029296875
2026-09-18 15:40:00-04:00,719.3049926757812,719.5999755859375,719.22998046875,719.5900268554688
2026-09-18 15:45:00-04:00,719.5900268554688,720.0900268554688,719.5549926757812,720.0599975585938
2026-09-18 15:50:00-04:00,720.0900268554688,720.440185546875,719.844970703125,720.2349853515625
2026-09-18 15:55:00-04:00,720.2396850585938,721.7249755859375,720.22998046875,721.3599853515625
2026-09-21 09:30:00-04:00,727.9500122070312,728.8400268554688,727.8200073242188,728.655029296875
2026-09-21 09:35:00-04:00,728.6599731445312,729.9199829101562,728.3049926757812,729.8049926757812
2026-09-21 09:40:00-04:00,729.8099975585938,730.7849731445312,729.7899780273438,730.780029296875
2026-09-21 09:45:00-04:00,730.77001953125,731.5,730.77001953125,731.219970703125
2026-09-21 09:50:00-04:00,731.219970703125,732.3900146484375,731.0700073242188,732.385009765625
2026-09-21 09:55:00-04:00,732.3807983398438,732.6699829101562,732.0800170898438,732.5701293945312
2026-09-21 10:00:00-04:00,732.5599975585938,733.0700073242188,732.4500122070312,732.5900268554688
2026-09-21 10:05:00-04:00,732.594970703125,732.6099853515625,732.0900268554688,732.3800048828125
2026-09-21 10:10:00-04:00,732.3499755859375,733.1900024414062,732.3499755859375,732.9901123046875
2026-09-21 10:15:00-04:00,733.0499877929688,733.8099975585938,733.0499877929688,733.760009765625
2026-09-21 10:20:00-04:00,733.75,734.6599731445312,733.47998046875,734.5700073242188
2026-09-21 10:25:00-04:00,734.5900268554688,735.0,734.4000244140625,734.969970703125
2026-09-21 10:30:00-04:00,734.9749755859375,735.27001953125,734.8099975585938,735.1199951171875
2026-09-21 10:35:00-04:00,735.1099853515625,735.861083984375,735.1099853515625,735.22998046875
2026-09-21 10:40:00-04:00,735.2899780273438,735.5,734.5599975585938,734.9349975585938
2026-09-21 10:45:00-04:00,734.9299926757812,735.25,734.6199951171875,734.969970703125
2026-09-21 10:50:00-04:00,734.9600219726562,735.1900024414062,734.6500244140625,735.1668701171875
2026-09-21 10:55:00-04:00,735.1500244140625,735.8699951171875,734.9949951171875,735.719970703125
2026-09-21 11:00:00-04:00,735.72998046875,736.3499755859375,735.6900024414062,736.3300170898438
2026-09-21 11:05:00-04:00,736.3298950195312,736.3800048828125,736.0399780273438,736.3200073242188
2026-09-21 11:10:00-04:00,736.3375244140625,736.4299926757812,736.114990234375,736.3200073242188
2026-09-21 11:15:00-04:00,736.3300170898438,736.5700073242188,736.2053833007812,736.5360107421875
2026-09-21 11:20:00-04:00,736.5399780273438,736.5499877929688,736.2000122070312,736.2849731445312
2026-09-21 11:25:00-04:00,736.280029296875,736.5999755859375,736.2100219726562,736.5700073242188
2026-09-21 11:30:00-04:00,736.5850219726562,736.7949829101562,736.4299926757812,736.510009765625
2026-09-21 11:35:00-04:00,736.530029296875,737.2000122070312,736.4500122070312,737.1099853515625
2026-09-21 11:40:00-04:00,737.1199951171875,737.2698974609375,736.9105834960938,737.22998046875
2026-09-21 11:45:00-04:00,737.2899780273438,737.6900024414062,737.2899780273438,737.5
2026-09-21 11:50:00-04:00,737.5,737.8599853515625,737.2100219726562,737.22998046875
2026-09-21 11:55:00-04:00,737.2249755859375,737.3300170898438,736.9400024414062,737.1400756835938
2026-09-21 12:00:00-04:00,737.14599609375,737.6599731445312,736.9401245117188,737.614990234375
2026-09-21 12:05:00-04:00,737.614990234375,738.1799926757812,737.3699951171875,738.1500244140625
2026-09-21 12:10:00-04:00,738.1599731445312,738.3599853515625,738.030029296875,738.1599731445312
2026-09-21 12:15:00-04:00,738.22998046875,738.39501953125,738.0399780273438,738.2650146484375
2026-09-21 12:20:00-04:00,738.25,738.6400146484375,738.1500244140625,738.6088256835938
2026-09-21 12:25:00-04:00,738.573974609375,739.0,738.5349731445312,738.7750244140625
2026-09-21 12:30:00-04:00,738.7659912109375,739.3900146484375,738.7449951171875,739.239990234375
2026-09-21 12:35:00-04:00,739.239990234375,739.2999877929688,738.47998046875,738.5250244140625
2026-09-21 12:40:00-04:00,738.5349731445312,738.9299926757812,738.510009765625,738.5999755859375
2026-09-21 12:45:00-04:00,738.6199951171875,738.8499755859375,738.60400390625,738.7899780273438
2026-09-21 12:50:00-04:00,738.8200073242188,738.8895263671875,738.5,738.6900024414062
2026-09-21 12:55:00-04:00,738.7000122070312,738.8499755859375,738.5999755859375,738.8350219726562
2026-09-21 13:00:00-04:00,738.8400268554688,739.010009765625,738.8200073242188,738.9550170898438
2026-09-21 13:05:00-04:00,738.969970703125,739.1500244140625,738.719970703125,738.8355712890625
2026-09-21 13:10:00-04:00,738.8400268554688,739.1300048828125,738.72998046875,739.0300903320312
2026-09-21 13:15:00-04:00,739.0349731445312,739.0999755859375,738.8200073242188,739.010009765625
2026-09-21 13:20:00-04:00,739.02001953125,739.0999755859375,738.510009765625,738.5399780273438
2026-09-21 13:25:00-04:00,738.5900268554688,739.0250244140625,738.4299926757812,738.969970703125
2026-09-21 13:30:00-04:00,738.97998046875,739.1699829101562,738.6400146484375,738.6773071289062
2026-09-21 13:35:00-04:00,738.7000122070312,738.9000244140625,738.5994873046875,738.8300170898438
2026-09-21 13:40:00-04:00,738.8400268554688,739.6699829101562,738.77001953125,739.6099853515625
2026-09-21 13:45:00-04:00,739.6300048828125,739.8599243164062,739.4600219726562,739.5689697265625
2026-09-21 13:50:00-04:00,739.5700073242188,739.7899780273438,739.5449829101562,739.72998046875
2026-09-21 13:55:00-04:00,739.72998046875,739.72998046875,739.5050048828125,739.5607299804688
2026-09-21 14:00:00-04:00,739.5900268554688,739.8499755859375,739.5650024414062,739.8399047851562
2026-09-21 14:05:00-04:00,739.8800048828125,740.0,739.77001953125,739.844970703125
2026-09-21 14:10:00-04:00,739.8499755859375,740.1300048828125,739.7600708007812,740.0
2026-09-21 14:15:00-04:00,740.0,740.3200073242188,739.9887084960938,740.2000122070312
2026-09-21 14:20:00-04:00,740.1900024414062,740.6199951171875,740.1900024414062,740.5900268554688
2026-09-21 14:25:00-04:00,740.5900268554688,740.6900024414062,740.4299926757812,740.5549926757812
2026-09-21 14:30:00-04:00,740.5599975585938,740.5900268554688,740.1599731445312,740.2899780273438
2026-09-21 14:35:00-04:00,740.3099975585938,740.780029296875,740.2036743164062,740.780029296875
2026-09-21 14:40:00-04:00,740.780029296875,740.889892578125,740.6500244140625,740.8286743164062
2026-09-21 14:45:00-04:00,740.8699951171875,741.0399780273438,740.75,740.989990234375
2026-09-21 14:50:00-04:00,741.0,741.5800170898438,741.0,741.4600219726562
2026-09-21 14:55:00-04:00,741.469970703125,741.52001953125,741.1801147460938,741.3400268554688
2026-09-21 15:00:00-04:00,741.3599853515625,741.5700073242188,741.1500244140625,741.1500244140625
2026-09-21 15:05:00-04:00,741.1199951171875,741.4400024414062,741.0,741.3900756835938
2026-09-21 15:10:00-04:00,741.4000244140625,741.7100219726562,741.1599731445312,741.7100219726562
2026-09-21 15:15:00-04:00,741.7000122070312,741.8400268554688,741.5499877929688,741.7999267578125
2026-09-21 15:20:00-04:00,741.8099975585938,741.97998046875,741.5750122070312,741.739990234375
2026-09-21 15:25:00-04:00,741.739990234375,741.969970703125,741.6300048828125,741.75
2026-09-21 15:30:00-04:00,741.760009765625,742.6199951171875,741.7000122070312,742.5750122070312
2026-09-21 15:35:00-04:00,742.5850219726562,743.219970703125,742.5020141601562,743.030029296875
2026-09-21 15:40:00-04:00,743.0349731445312,743.1099853515625,742.3699951171875,742.5549926757812
2026-09-21 15:45:00-04:00,742.5399780273438,742.6300048828125,742.25,742.3300170898438
2026-09-21 15:50:00-04:00,742.3300170898438,742.3300170898438,741.4299926757812,741.5900268554688
2026-09-21 15:55:00-04:00,741.5700073242188,741.9199829101562,741.25,741.4500122070312
2026-09-22 09:30:00-04:00,741.0050048828125,743.4500122070312,741.0,743.4500122070312
2026-09-22 09:35:00-04:00,743.4500122070312,744.239990234375,743.4400024414062,744.1099853515625
2026-09-22 09:40:00-04:00,744.1300048828125,744.9400024414062,743.97998046875,744.3599853515625
2026-09-22 09:45:00-04:00,744.4099731445312,744.9000244140625,743.9299926757812,744.4650268554688
2026-09-22 09:50:00-04:00,744.4500122070312,745.3699951171875,744.4500122070312,745.3151245117188
2026-09-22 09:55:00-04:00,745.2999877929688,745.3599853515625,744.2899780273438,745.0349731445312
2026-09-22 10:00:00-04:00,745.030029296875,745.2100219726562,744.5449829101562,744.9550170898438
2026-09-22 10:05:00-04:00,744.969970703125,745.0679931640625,744.510986328125,744.6690063476562
2026-09-22 10:10:00-04:00,744.6599731445312,746.2999877929688,744.6300048828125,745.75
2026-09-22 10:15:00-04:00,745.760009765625,746.1300048828125,745.2100219726562,745.469970703125
2026-09-22 10:20:00-04:00,745.489990234375,745.75,745.1199951171875,745.5285034179688
2026-09-22 10:25:00-04:00,745.5,745.8419799804688,745.27001953125,745.760009765625
2026-09-22 10:30:00-04:00,745.7799072265625,746.5999755859375,745.6099853515625,746.39990234375
2026-09-22 10:35:00-04:00,746.3800048828125,746.5,745.1900024414062,745.3699951171875
2026-09-22 10:40:00-04:00,745.3900146484375,745.469970703125,744.2308959960938,744.6300048828125
2026-09-22 10:45:00-04:00,744.6199951171875,745.3099975585938,744.0499877929688,745.3099975585938
2026-09-22 10:50:00-04:00,745.2750244140625,745.6099853515625,744.8200073242188,745.3250122070312
2026-09-22 10:55:00-04:00,745.3400268554688,745.4199829101562,744.72998046875,744.9400024414062
2026-09-22 11:00:00-04:00,744.9500122070312,744.989990234375,744.4099731445312,744.6400146484375
2026-09-22 11:05:00-04:00,744.6019897460938,745.0999755859375,744.52001953125,744.614990234375
2026-09-22 11:10:00-04:00,744.6195068359375,745.2849731445312,744.4650268554688,745.1749877929688
2026-09-22 11:15:00-04:00,745.1701049804688,745.43701171875,744.8599853515625,745.4315795898438
2026-09-22 11:20:00-04:00,745.3699951171875,745.4000244140625,744.989990234375,745.0549926757812
2026-09-22 11:25:00-04:00,745.0599975585938,745.3499755859375,744.7800903320312,745.0
2026-09-22 11:30:00-04:00,744.9536743164062,745.0999755859375,744.7000122070312,744.8800048828125
2026-09-22 11:35:00-04:00,744.8900146484375,744.919921875,744.1799926757812,744.239990234375
2026-09-22 11:40:00-04:00,744.2100219726562,744.4299926757812,743.989990234375,744.2999877929688
2026-09-22 11:45:00-04:00,744.3037109375,744.739990234375,744.260009765625,744.489990234375
2026-09-22 11:50:00-04:00,744.469970703125,744.6300048828125,744.1699829101562,744.2005004882812
2026-09-22 11:55:00-04:00,744.2050170898438,744.5549926757812,744.010009765625,744.5432739257812
2026-09-22 12:00:00-04:00,744.5673828125,744.719970703125,744.1849975585938,744.509521484375
2026-09-22 12:05:00-04:00,744.5,745.1500244140625,744.469970703125,744.9400024414062
2026-09-22 12:10:00-04:00,744.9500122070312,745.114990234375,744.760009765625,744.8900146484375
2026-09-22 12:15:00-04:00,744.8699951171875,744.9299926757812,744.5,744.5399780273438
2026-09-22 12:20:00-04:00,744.5499877929688,744.8900146484375,744.22998046875,744.2901000976562
2026-09-22 12:25:00-04:00,744.25,744.469970703125,744.0499877929688,744.0650024414062
2026-09-22 12:30:00-04:00,744.0900268554688,744.739990234375,744.0900268554688,744.72998046875
2026-09-22 12:35:00-04:00,744.72998046875,744.72998046875,744.27099609375,744.3699951171875
2026-09-22 12:40:00-04:00,744.3800048828125,744.6699829101562,744.2100219726562,744.6522827148438
2026-09-22 12:45:00-04:00,744.6400146484375,745.4000244140625,744.5599975585938,745.3150024414062
2026-09-22 12:50:00-04:00,745.3099975585938,745.3699951171875,745.1199951171875,745.2092895507812
2026-09-22 12:55:00-04:00,745.2100219726562,745.3499145507812,745.1500244140625,745.2849731445312
2026-09-22 13:00:00-04:00,745.2899780273438,745.3499755859375,745.1799926757812,745.2349853515625
2026-09-22 13:05:00-04:00,745.239990234375,745.5999755859375,745.1900024414062,745.3099975585938
2026-09-22 13:10:00-04:00,745.3099975585938,745.4149780273438,745.2100219726562,745.3200073242188
2026-09-22 13:15:00-04:00,745.3200073242188,745.3599853515625,745.1599731445312,745.27001953125
2026-09-22 13:20:00-04:00,745.260009765625,745.27001953125,745.02001953125,745.1701049804688
2026-09-22 13:25:00-04:00,745.1500244140625,745.6699829101562,745.1099853515625,745.5900268554688
2026-09-22 13:30:00-04:00,745.5900268554688,745.5900268554688,745.0599975585938,745.1798706054688
2026-09-22 13:35:00-04:00,745.1799926757812,745.25,745.010009765625,745.0399780273438
2026-09-22 13:40:00-04:00,745.0399780273438,745.4099731445312,744.8300170898438,745.3800048828125
2026-09-22 13:45:00-04:00,745.3900146484375,745.52001953125,745.22998046875,745.3200073242188
2026-09-22 13:50:00-04:00,745.3099975585938,746.4400024414062,745.1799926757812,746.1699829101562
2026-09-22 13:55:00-04:00,746.1500244140625,746.219970703125,745.8900146484375,746.1701049804688
2026-09-22 14:00:00-04:00,746.18798828125,746.22998046875,745.5449829101562,745.7698974609375
2026-09-22 14:05:00-04:00,745.780029296875,746.280029296875,745.7301025390625,746.2650146484375
2026-09-22 14:10:00-04:00,746.2650146484375,746.3699951171875,746.10498046875,746.280029296875
2026-09-22 14:15:00-04:00,746.3099975585938,746.5823974609375,746.2918701171875,746.4949951171875
2026-09-22 14:20:00-04:00,746.4949951171875,746.9400024414062,746.4600219726562,746.8250122070312
2026-09-22 14:25:00-04:00,746.8200073242188,746.8699951171875,746.5599975585938,746.5798950195312
2026-09-22 14:30:00-04:00,746.5800170898438,746.6900024414062,746.280029296875,746.2849731445312
2026-09-22 14:35:00-04:00,746.3200073242188,746.361328125,745.9400024414062,746.0599975585938
2026-09-22 14:40:00-04:00,746.0590209960938,746.5499877929688,745.9400024414062,746.4500122070312
2026-09-22 14:45:00-04:00,746.4600219726562,746.530029296875,746.260009765625,746.3400268554688
2026-09-22 14:50:00-04:00,746.3400268554688,746.4600219726562,746.2000122070312,746.385009765625
2026-09-22 14:55:00-04:00,746.3699951171875,746.4099731445312,746.043212890625,746.1500244140625
2026-09-22 15:00:00-04:00,746.1699829101562,746.4735107421875,746.1400146484375,746.4635009765625
2026-09-22 15:05:00-04:00,746.4600219726562,746.7100219726562,746.375,746.6599731445312
2026-09-22 15:10:00-04:00,746.655029296875,746.8499755859375,746.655029296875,746.7949829101562
2026-09-22 15:15:00-04:00,746.8099975585938,747.0999755859375,746.781982421875,747.02001953125
2026-09-22 15:20:00-04:00,747.0150146484375,747.0150146484375,746.7050170898438,746.8400268554688
2026-09-22 15:25:00-04:00,746.844970703125,747.3300170898438,746.844970703125,747.2050170898438
2026-09-22 15:30:00-04:00,747.2061767578125,747.8599853515625,747.1500244140625,747.8200073242188
2026-09-22 15:35:00-04:00,747.8099975585938,747.9000244140625,747.6199951171875,747.739990234375
2026-09-22 15:40:00-04:00,747.7449951171875,747.77001953125,747.1699829101562,747.5499877929688
2026-09-22 15:45:00-04:00,747.5499877929688,747.9299926757812,747.5499877929688,747.8900146484375
2026-09-22 15:50:00-04:00,747.875,748.3489990234375,747.4500122070312,747.7000122070312
2026-09-22 15:55:00-04:00,747.6799926757812,747.6900024414062,747.0900268554688,747.4650268554688
2026-09-23 09:30:00-04:00,746.989990234375,747.1199951171875,745.0850219726562,745.0850219726562
2026-09-23 09:35:00-04:00,745.0900268554688,745.7999877929688,744.4500122070312,744.7999877929688
2026-09-23 09:40:00-04:00,744.773681640625,744.989990234375,744.530029296875,744.760009765625
2026-09-23 09:45:00-04:00,744.6300048828125,744.9500122070312,743.4600219726562,743.9000244140625
2026-09-23 09:50:00-04:00,743.9500122070312,744.1199951171875,743.02001953125,743.2100219726562
2026-09-23 09:55:00-04:00,743.1799926757812,743.510009765625,742.8099975585938,743.1199951171875
2026-09-23 10:00:00-04:00,743.1099853515625,743.6900024414062,742.4600219726562,742.7550048828125
2026-09-23 10:05:00-04:00,742.789794921875,742.9879760742188,741.1699829101562,741.2100219726562
2026-09-23 10:10:00-04:00,741.239990234375,741.3499755859375,739.6699829101562,740.030029296875
2026-09-23 10:15:00-04:00,740.0250244140625,740.5499877929688,738.8800048828125,738.9102172851562
2026-09-23 10:20:00-04:00,738.9099731445312,739.5800170898438,738.239990234375,738.9199829101562
2026-09-23 10:25:00-04:00,738.9299926757812,739.4199829101562,738.1909790039062,739.0900268554688
2026-09-23 10:30:00-04:00,739.0800170898438,740.0999755859375,738.5800170898438,740.0499877929688
2026-09-23 10:35:00-04:00,740.0449829101562,740.4749755859375,739.260009765625,739.469970703125
2026-09-23 10:40:00-04:00,739.510009765625,740.0700073242188,739.35009765625,740.0499877929688
2026-09-23 10:45:00-04:00,740.030029296875,740.489990234375,740.030029296875,740.3400268554688
2026-09-23 10:50:00-04:00,740.35009765625,742.5599975585938,739.9000244140625,742.2999267578125
2026-09-23 10:55:00-04:00,742.280029296875,742.5999755859375,741.5,742.5150146484375
2026-09-23 11:00:00-04:00,742.5579833984375,742.635009765625,741.8499755859375,742.063720703125
2026-09-23 11:05:00-04:00,742.0582275390625,742.3400268554688,741.7899780273438,742.0900268554688
2026-09-23 11:10:00-04:00,742.0800170898438,742.1199951171875,741.590087890625,741.7150268554688
2026-09-23 11:15:00-04:00,741.7150268554688,742.0050048828125,740.9600219726562,741.6553955078125
2026-09-23 11:20:00-04:00,741.6500244140625,742.4005126953125,741.5,742.2000122070312
2026-09-23 11:25:00-04:00,742.1699829101562,742.3900146484375,741.260009765625,741.3350219726562
2026-09-23 11:30:00-04:00,741.3309936523438,741.5599975585938,741.1400146484375,741.2899780273438
2026-09-23 11:35:00-04:00,741.27001953125,741.4500122070312,740.969970703125,741.1599731445312
2026-09-23 11:40:00-04:00,741.1799926757812,741.567626953125,740.9099731445312,741.530029296875
2026-09-23 11:45:00-04:00,741.52001953125,741.6199951171875,740.360107421875,740.5399780273438
2026-09-23 11:50:00-04:00,740.5297241210938,740.8400268554688,740.1400146484375,740.8400268554688
2026-09-23 11:55:00-04:00,740.8699951171875,740.9299926757812,740.469970703125,740.7100219726562
2026-09-23 12:00:00-04:00,740.6799926757812,740.72998046875,740.2501220703125,740.5499267578125
2026-09-23 12:05:00-04:00,740.510009765625,740.7999877929688,740.3300170898438,740.6699829101562
2026-09-23 12:10:00-04:00,740.669921875,740.7899780273438,740.5,740.655029296875
2026-09-23 12:15:00-04:00,740.6500244140625,740.9099731445312,740.2100219726562,740.489990234375
2026-09-23 12:20:00-04:00,740.4849853515625,740.489990234375,739.9401245117188,740.1300048828125
2026-09-23 12:25:00-04:00,740.1998901367188,740.4400024414062,740.030029296875,740.1599731445312
2026-09-23 12:30:00-04:00,740.1749877929688,740.7999877929688,740.1749877929688,740.5850219726562
2026-09-23 12:35:00-04:00,740.594970703125,740.753173828125,740.1699829101562,740.3200073242188
2026-09-23 12:40:00-04:00,740.239990234375,740.2880249023438,739.4600219726562,739.4896240234375
2026-09-23 12:45:00-04:00,739.469970703125,740.0499877929688,739.2899780273438,739.4299926757812
2026-09-23 12:50:00-04:00,739.4299926757812,739.4393920898438,738.7999877929688,738.8699951171875
2026-09-23 12:55:00-04:00,738.8599853515625,739.4400024414062,738.8250122070312,739.260009765625
2026-09-23 13:00:00-04:00,739.27001953125,739.7349853515625,738.260009765625,738.530029296875
2026-09-23 13:05:00-04:00,738.5599975585938,739.0750122070312,738.4005737304688,738.9600219726562
2026-09-23 13:10:00-04:00,738.97998046875,739.0150146484375,738.4600219726562,738.7999877929688
2026-09-23 13:15:00-04:00,738.7138061523438,740.1099853515625,738.6799926757812,740.0399780273438
2026-09-23 13:20:00-04:00,740.0599975585938,740.0700073242188,739.0800170898438,739.0800170898438
2026-09-23 13:25:00-04:00,739.0700073242188,739.2899780273438,738.9500122070312,739.0499877929688
2026-09-23 13:30:00-04:00,739.0399780273438,739.5842895507812,738.864990234375,739.5598754882812
2026-09-23 13:35:00-04:00,739.5399780273438,739.6500244140625,739.2349853515625,739.4100952148438
2026-09-23 13:40:00-04:00,739.427001953125,740.8499145507812,739.1749877929688,740.7000122070312
2026-09-23 13:45:00-04:00,740.6599731445312,741.0399780273438,740.4249877929688,740.7249755859375
2026-09-23 13:50:00-04:00,740.7000122070312,740.9406127929688,740.5,740.75
2026-09-23 13:55:00-04:00,740.8599853515625,741.3350219726562,740.7100219726562,741.280029296875
2026-09-23 14:00:00-04:00,741.27001953125,741.2849731445312,740.239990234375,740.2951049804688
2026-09-23 14:05:00-04:00,740.2520141601562,740.719970703125,740.1962280273438,740.52001953125
2026-09-23 14:10:00-04:00,740.5180053710938,740.7000122070312,740.4705200195312,740.6900024414062
2026-09-23 14:15:00-04:00,740.7000122070312,741.2550048828125,740.5999755859375,741.0700073242188
2026-09-23 14:20:00-04:00,741.030029296875,741.0900268554688,740.7449951171875,741.0549926757812
2026-09-23 14:25:00-04:00,741.0650024414062,741.1400146484375,740.844970703125,740.9365234375
2026-09-23 14:30:00-04:00,740.9349975585938,740.969970703125,740.5700073242188,740.72998046875
2026-09-23 14:35:00-04:00,740.760009765625,740.8800048828125,740.219970703125,740.3400268554688
2026-09-23 14:40:00-04:00,740.3300170898438,740.8150024414062,740.3300170898438,740.6799926757812
2026-09-23 14:45:00-04:00,740.719970703125,741.0650024414062,740.5499877929688,741.0499877929688
2026-09-23 14:50:00-04:00,741.0599975585938,741.1799926757812,740.6701049804688,740.719970703125
2026-09-23 14:55:00-04:00,740.75,741.1500244140625,740.719970703125,741.02001953125
2026-09-23 15:00:00-04:00,741.0449829101562,741.1663208007812,740.5800170898438,740.6099243164062
2026-09-23 15:05:00-04:00,740.6199951171875,741.5296020507812,740.5700073242188,741.25
2026-09-23 15:10:00-04:00,741.222412109375,741.3300170898438,740.8121948242188,741.0250244140625
2026-09-23 15:15:00-04:00,741.0549926757812,741.0999755859375,740.5250244140625,740.7630004882812
2026-09-23 15:20:00-04:00,740.739990234375,740.7449951171875,740.530029296875,740.7114868164062
2026-09-23 15:25:00-04:00,740.719970703125,740.89990234375,740.6099853515625,740.780029296875
2026-09-23 15:30:00-04:00,740.8099975585938,741.3300170898438,740.6690063476562,741.2999877929688
2026-09-23 15:35:00-04:00,741.260009765625,741.260009765625,740.9000244140625,741.0800170898438
2026-09-23 15:40:00-04:00,741.0880126953125,741.219970703125,740.219970703125,740.6500244140625
2026-09-23 15:45:00-04:00,740.6400146484375,741.1300048828125,740.5549926757812,741.119873046875
2026-09-23 15:50:00-04:00,741.1099853515625,741.1300048828125,739.77001953125,739.969970703125
2026-09-23 15:55:00-04:00,739.969970703125,741.4000244140625,739.969970703125,741.1699829101562
2026-09-24 09:30:00-04:00,735.1599731445312,736.02001953125,734.630126953125,735.7899780273438
2026-09-24 09:35:00-04:00,735.7899780273438,737.3800048828125,735.6799926757812,737.1300048828125
2026-09-24 09:40:00-04:00,737.114990234375,737.1400146484375,736.260009765625,736.8350219726562
2026-09-24 09:45:00-04:00,736.8099975585938,737.77001953125,736.4199829101562,736.6500244140625
2026-09-24 09:50:00-04:00,736.7000122070312,736.9500122070312,735.6699829101562,735.8989868164062
2026-09-24 09:55:00-04:00,735.9199829101562,736.7899780273438,735.5800170898438,736.72802734375
2026-09-24 10:00:00-04:00,736.7072143554688,737.4650268554688,736.52001953125,737.3699951171875
2026-09-24 10:05:00-04:00,737.3800048828125,737.5900268554688,737.0150146484375,737.2000122070312
2026-09-24 10:10:00-04:00,737.2150268554688,737.2150268554688,736.4199829101562,736.9099731445312
2026-09-24 10:15:00-04:00,736.885009765625,737.239990234375,736.3499755859375,737.1300048828125
2026-09-24 10:20:00-04:00,737.1199951171875,737.5900268554688,736.969970703125,737.27001953125
2026-09-24 10:25:00-04:00,737.2501220703125,738.0999145507812,737.1099853515625,737.8900146484375
2026-09-24 10:30:00-04:00,737.8699951171875,737.9949951171875,737.2899780273438,737.97998046875
2026-09-24 10:35:00-04:00,737.9400024414062,738.1599731445312,737.1998901367188,737.4299926757812
2026-09-24 10:40:00-04:00,737.4299926757812,737.5999755859375,736.6019897460938,736.7550048828125
2026-09-24 10:45:00-04:00,736.75,737.39990234375,736.530029296875,737.0501098632812
2026-09-24 10:50:00-04:00,737.030029296875,737.510009765625,736.219970703125,736.4000244140625
2026-09-24 10:55:00-04:00,736.3800048828125,736.4000244140625,735.6400146484375,735.8499755859375
2026-09-24 11:00:00-04:00,735.8499755859375,736.5700073242188,735.80029296875,736.0999755859375
2026-09-24 11:05:00-04:00,736.0599975585938,736.2000122070312,735.1801147460938,735.2100219726562
2026-09-24 11:10:00-04:00,735.2100219726562,735.7299194335938,734.9500122070312,735.0900268554688
2026-09-24 11:15:00-04:00,735.0700073242188,735.9400024414062,734.969970703125,735.2698974609375
2026-09-24 11:20:00-04:00,735.2550048828125,736.2100219726562,735.0750122070312,736.1099853515625
2026-09-24 11:25:00-04:00,736.1300048828125,736.1409912109375,735.010009765625,735.1599731445312
2026-09-24 11:30:00-04:00,735.1599731445312,735.4400024414062,734.9000244140625,735.3599853515625
2026-09-24 11:35:00-04:00,735.3200073242188,735.8446044921875,735.1900024414062,735.4100952148438
2026-09-24 11:40:00-04:00,735.4650268554688,735.7501220703125,735.0499877929688,735.720703125
2026-09-24 11:45:00-04:00,735.719970703125,735.97998046875,734.97998046875,735.2100219726562
2026-09-24 11:50:00-04:00,735.2000122070312,736.4249877929688,735.1799926757812,736.3510131835938
2026-09-24 11:55:00-04:00,736.4000244140625,736.4199829101562,735.9199829101562,736.1099853515625
2026-09-24 12:00:00-04:00,736.0800170898438,736.1500244140625,735.3800048828125,735.739990234375
2026-09-24 12:05:00-04:00,735.7423706054688,735.8099975585938,735.219970703125,735.3798828125
2026-09-24 12:10:00-04:00,735.3699951171875,736.3099975585938,735.0,736.2899780273438
2026-09-24 12:15:00-04:00,736.22998046875,740.77001953125,736.1799926757812,739.1799926757812
2026-09-24 12:20:00-04:00,739.1599731445312,739.8300170898438,738.9400024414062,739.364990234375
2026-09-24 12:25:00-04:00,739.43798828125,739.8494873046875,738.4600219726562,739.530029296875
2026-09-24 12:30:00-04:00,739.5399780273438,739.6599731445312,738.719970703125,739.2730712890625
2026-09-24 12:35:00-04:00,739.2750244140625,740.7691040039062,739.1599731445312,740.72998046875
2026-09-24 12:40:00-04:00,740.739990234375,742.3662109375,740.5700073242188,740.72998046875
2026-09-24 12:45:00-04:00,740.75,741.8400268554688,740.2360229492188,741.6849975585938
2026-09-24 12:50:00-04:00,741.77001953125,742.1400146484375,740.8400268554688,741.1248779296875
2026-09-24 12:55:00-04:00,741.1300048828125,742.4080200195312,741.0750122070312,741.8599853515625
2026-09-24 13:00:00-04:00,741.8599853515625,742.469970703125,741.0700073242188,742.2000122070312
2026-09-24 13:05:00-04:00,742.25,742.6500244140625,741.7899780273438,741.8200073242188
2026-09-24 13:10:00-04:00,741.7999877929688,741.8995971679688,741.010009765625,741.7899780273438
2026-09-24 13:15:00-04:00,741.8400268554688,741.8400268554688,740.719970703125,740.739990234375
2026-09-24 13:20:00-04:00,740.719970703125,741.0599975585938,740.414794921875,740.47998046875
2026-09-24 13:25:00-04:00,740.47998046875,740.5599975585938,739.6199951171875,740.4600219726562
2026-09-24 13:30:00-04:00,740.47998046875,741.0800170898438,740.0349731445312,740.0399780273438
2026-09-24 13:35:00-04:00,740.0599975585938,740.260009765625,739.5700073242188,739.9000854492188
2026-09-24 13:40:00-04:00,739.9099731445312,740.1790161132812,738.9500122070312,738.969970703125
2026-09-24 13:45:00-04:00,738.9500122070312,739.7999877929688,738.81201171875,739.6199951171875
2026-09-24 13:50:00-04:00,739.6500244140625,739.75,738.9299926757812,739.1702270507812
2026-09-24 13:55:00-04:00,739.1799926757812,739.739990234375,738.9500122070312,739.530029296875
2026-09-24 14:00:00-04:00,739.5689697265625,739.5689697265625,737.760009765625,737.8283081054688
2026-09-24 14:05:00-04:00,737.8499755859375,739.3499755859375,737.8300170898438,739.168701171875
2026-09-24 14:10:00-04:00,739.197509765625,739.6848754882812,739.0499877929688,739.4600219726562
2026-09-24 14:15:00-04:00,739.469970703125,740.2899780273438,739.3599853515625,739.969970703125
2026-09-24 14:20:00-04:00,739.97998046875,740.1400146484375,739.4500122070312,740.0399780273438
2026-09-24 14:25:00-04:00,740.010009765625,740.8499755859375,739.97998046875,740.5650024414062
2026-09-24 14:30:00-04:00,740.5850219726562,740.6799926757812,740.02001953125,740.030029296875
2026-09-24 14:35:00-04:00,740.010009765625,741.5999755859375,739.7000122070312,740.8400268554688
2026-09-24 14:40:00-04:00,740.8499755859375,740.8499755859375,740.1967163085938,740.4500122070312
2026-09-24 14:45:00-04:00,740.5,740.8200073242188,740.5,740.72998046875
2026-09-24 14:50:00-04:00,740.7224731445312,741.4600219726562,740.6599731445312,741.1599731445312
2026-09-24 14:55:00-04:00,741.2080078125,741.8099975585938,741.1900024414062,741.5250244140625
2026-09-24 15:00:00-04:00,741.469970703125,741.602294921875,740.260009765625,740.4415893554688
2026-09-24 15:05:00-04:00,740.4299926757812,740.75,740.380126953125,740.5650024414062
2026-09-24 15:10:00-04:00,740.5599975585938,740.6799926757812,740.219970703125,740.280029296875
2026-09-24 15:15:00-04:00,740.2600708007812,741.260009765625,740.2600708007812,741.0999755859375
2026-09-24 15:20:00-04:00,741.1300048828125,741.2999267578125,740.8400268554688,741.239990234375
2026-09-24 15:25:00-04:00,741.260009765625,741.3779907226562,740.7420043945312,740.8400268554688
2026-09-24 15:30:00-04:00,740.85498046875,741.25,740.7800903320312,741.2310180664062
2026-09-24 15:35:00-04:00,741.2550048828125,741.280029296875,740.8250122070312,741.1699829101562
2026-09-24 15:40:00-04:00,741.1699829101562,741.3200073242188,740.8709716796875,740.9400024414062
2026-09-24 15:45:00-04:00,740.9299926757812,741.162109375,740.81982421875,740.8499755859375
2026-09-24 15:50:00-04:00,740.8499755859375,741.8599853515625,740.8400268554688,741.5650024414062
2026-09-24 15:55:00-04:00,741.5800170898438,741.6500244140625,741.0599975585938,741.0599975585938
2026-09-25 09:30:00-04:00,742.8400268554688,743.6799926757812,741.6599731445312,743.614990234375
2026-09-25 09:35:00-04:00,743.594970703125,744.280029296875,743.4500122070312,744.09912109375
2026-09-25 09:40:00-04:00,744.0900268554688,744.5750122070312,743.6599731445312,744.2650146484375
2026-09-25 09:45:00-04:00,744.2750244140625,744.5499877929688,743.5650024414062,744.1909790039062
2026-09-25 09:50:00-04:00,744.219970703125,745.3099975585938,744.0399780273438,745.0601196289062
2026-09-25 09:55:00-04:00,745.0599975585938,745.4199829101562,744.2899780273438,744.72998046875
2026-09-25 10:00:00-04:00,744.760009765625,744.8900146484375,742.3800048828125,742.5
2026-09-25 10:05:00-04:00,742.489990234375,742.7999877929688,741.2899780273438,742.5999755859375
2026-09-25 10:10:00-04:00,742.5999755859375,742.9500122070312,740.8109741210938,740.989990234375
2026-09-25 10:15:00-04:00,741.0,741.280029296875,739.6400146484375,740.5349731445312
2026-09-25 10:20:00-04:00,740.489990234375,741.47998046875,740.260009765625,741.2999877929688
2026-09-25 10:25:00-04:00,741.3400268554688,741.9000244140625,740.6699829101562,740.77001953125
2026-09-25 10:30:00-04:00,740.780029296875,742.0,740.489990234375,741.7249755859375
2026-09-25 10:35:00-04:00,741.7349853515625,742.4981079101562,741.5,742.2150268554688
2026-09-25 10:40:00-04:00,742.239990234375,742.3099975585938,740.9552001953125,741.510009765625
2026-09-25 10:45:00-04:00,741.5800170898438,742.3300170898438,741.0499877929688,742.2000122070312
2026-09-25 10:50:00-04:00,742.155029296875,742.2100219726562,741.25,742.0800170898438
2026-09-25 10:55:00-04:00,742.02001953125,743.0800170898438,742.02001953125,742.96142578125
2026-09-25 11:00:00-04:00,742.9299926757812,743.97998046875,742.75,743.7050170898438
2026-09-25 11:05:00-04:00,743.7100219726562,744.05810546875,743.47998046875,743.52001953125
2026-09-25 11:10:00-04:00,743.489990234375,743.5650024414062,742.530029296875,742.8800048828125
2026-09-25 11:15:00-04:00,742.9199829101562,743.3049926757812,742.469970703125,742.6600952148438
2026-09-25 11:20:00-04:00,742.6699829101562,743.4500122070312,742.4199829101562,742.6849975585938
2026-09-25 11:25:00-04:00,742.7091064453125,743.0399780273438,742.510009765625,742.6900024414062
2026-09-25 11:30:00-04:00,742.7109985351562,743.8200073242188,742.6900024414062,742.780029296875
2026-09-25 11:35:00-04:00,742.760009765625,742.9199829101562,741.530029296875,741.719970703125
2026-09-25 11:40:00-04:00,741.7265014648438,742.119873046875,741.1799926757812,741.25
2026-09-25 11:45:00-04:00,741.22998046875,741.9199829101562,740.8800048828125,741.9099731445312
2026-09-25 11:50:00-04:00,741.969970703125,742.0399780273438,740.72998046875,741.7789916992188
2026-09-25 11:55:00-04:00,741.739990234375,743.791015625,741.7349853515625,743.6909790039062
2026-09-25 12:00:00-04:00,743.7235107421875,745.2000122070312,743.4849853515625,745.0999755859375
2026-09-25 12:05:00-04:00,745.0700073242188,745.6599731445312,744.8599853515625,745.4400024414062
2026-09-25 12:10:00-04:00,745.489990234375,745.9010009765625,744.9000244140625,745.330078125
2026-09-25 12:15:00-04:00,745.2979736328125,745.9149780273438,744.5900268554688,744.760009765625
2026-09-25 12:20:00-04:00,744.760009765625,744.8599853515625,743.2899780273438,743.89501953125
2026-09-25 12:25:00-04:00,743.9099731445312,745.3699951171875,743.8300170898438,745.3099975585938
2026-09-25 12:30:00-04:00,745.3400268554688,745.489990234375,743.8499755859375,744.2598876953125
2026-09-25 12:35:00-04:00,744.2650146484375,745.1199951171875,744.2000122070312,744.6729736328125
2026-09-25 12:40:00-04:00,744.7009887695312,745.22998046875,744.4000244140625,744.8699951171875
2026-09-25 12:45:00-04:00,744.85498046875,744.875,743.905029296875,744.3021850585938
2026-09-25 12:50:00-04:00,744.3699951171875,744.72998046875,744.219970703125,744.5050048828125
2026-09-25 12:55:00-04:00,744.5963134765625,744.8099975585938,743.8499755859375,744.2399291992188
2026-09-25 13:00:00-04:00,744.280029296875,745.2498779296875,744.135009765625,745.0
2026-09-25 13:05:00-04:00,744.9739990234375,745.1599731445312,744.5,745.010009765625
2026-09-25 13:10:00-04:00,745.0,745.27001953125,744.5499877929688,745.25
2026-09-25 13:15:00-04:00,745.2550048828125,745.3900146484375,744.9019775390625,744.97998046875
2026-09-25 13:20:00-04:00,745.0,745.3200073242188,744.989990234375,745.260009765625
2026-09-25 13:25:00-04:00,745.3099975585938,745.3300170898438,745.030029296875,745.1928100585938
2026-09-25 13:30:00-04:00,745.2000122070312,745.2999877929688,744.4802856445312,744.72998046875
2026-09-25 13:35:00-04:00,744.7493896484375,745.0900268554688,744.423583984375,744.8200073242188
2026-09-25 13:40:00-04:00,744.8350219726562,745.25,744.7899780273438,744.8900146484375
2026-09-25 13:45:00-04:00,744.8200073242188,745.2000122070312,744.72998046875,745.2000122070312
2026-09-25 13:50:00-04:00,745.1699829101562,745.1950073242188,744.5200805664062,744.719970703125
2026-09-25 13:55:00-04:00,744.739990234375,745.0180053710938,744.7020263671875,745.0180053710938
2026-09-25 14:00:00-04:00,745.02001953125,745.1199951171875,744.8599853515625,744.8699951171875
2026-09-25 14:05:00-04:00,744.8800048828125,745.0899047851562,744.6749877929688,745.0650024414062
2026-09-25 14:10:00-04:00,745.0549926757812,745.4299926757812,744.8800048828125,745.4005126953125
2026-09-25 14:15:00-04:00,745.4075927734375,745.4500122070312,745.0800170898438,745.2100219726562
2026-09-25 14:20:00-04:00,745.2100219726562,745.27001953125,744.9940185546875,745.1890258789062
2026-09-25 14:25:00-04:00,745.1699829101562,745.274169921875,744.0700073242188,744.510009765625
2026-09-25 14:30:00-04:00,744.5399780273438,745.1300048828125,744.5399780273438,744.8800048828125
2026-09-25 14:35:00-04:00,744.85498046875,744.9000244140625,744.1799926757812,744.2000122070312
2026-09-25 14:40:00-04:00,744.2100219726562,744.719970703125,743.97998046875,744.719970703125
2026-09-25 14:45:00-04:00,744.7000732421875,744.77001953125,744.239990234375,744.3375854492188
2026-09-25 14:50:00-04:00,744.3400268554688,744.419921875,744.1019897460938,744.1799926757812
2026-09-25 14:55:00-04:00,744.1599731445312,744.260009765625,743.9400024414062,743.9500122070312
2026-09-25 15:00:00-04:00,743.989990234375,744.4099731445312,743.8499755859375,744.2352294921875
2026-09-25 15:05:00-04:00,744.2418212890625,744.5,744.1699829101562,744.3800048828125
2026-09-25 15:10:00-04:00,744.4199829101562,744.7000122070312,744.2899780273438,744.6699829101562
2026-09-25 15:15:00-04:00,744.6699829101562,744.7899169921875,744.3699951171875,744.3699951171875
2026-09-25 15:20:00-04:00,744.4000244140625,744.4500122070312,744.02001953125,744.2000122070312
2026-09-25 15:25:00-04:00,744.2000122070312,744.2100219726562,743.72998046875,743.8699951171875
2026-09-25 15:30:00-04:00,743.8699951171875,743.969970703125,743.52001953125,743.530029296875
2026-09-25 15:35:00-04:00,743.5349731445312,744.25,743.3510131835938,744.2000122070312
2026-09-25 15:40:00-04:00,744.1900024414062,744.6400146484375,744.010009765625,744.4450073242188
2026-09-25 15:45:00-04:00,744.4600219726562,745.0999755859375,744.4600219726562,744.8599853515625
2026-09-25 15:50:00-04:00,744.8699951171875,745.510009765625,744.8699951171875,744.9299926757812
2026-09-25 15:55:00-04:00,744.9500122070312,745.0999755859375,744.280029296875,744.4400024414062
2026-09-28 09:30:00-04:00,740.4550170898438,741.4199829101562,739.4146728515625,739.5189819335938
2026-09-28 09:35:00-04:00,739.489990234375,739.489990234375,738.0449829101562,738.6599731445312
2026-09-28 09:40:00-04:00,738.6799926757812,739.02001953125,737.6500244140625,737.9799194335938
2026-09-28 09:45:00-04:00,737.919921875,738.7899169921875,737.4400024414062,738.3150024414062
2026-09-28 09:50:00-04:00,738.2999877929688,739.1900024414062,737.219970703125,738.8400268554688
2026-09-28 09:55:00-04:00,738.8499755859375,739.239990234375,738.22998046875,738.8250122070312
2026-09-28 10:00:00-04:00,738.8300170898438,738.969970703125,737.4500122070312,737.4949951171875
2026-09-28 10:05:00-04:00,737.510009765625,737.541015625,736.7100219726562,736.7100219726562
2026-09-28 10:10:00-04:00,736.7000122070312,736.7000122070312,735.3099975585938,735.659912109375
2026-09-28 10:15:00-04:00,735.6599731445312,737.0,735.6599731445312,736.8699951171875
2026-09-28 10:20:00-04:00,736.8200073242188,737.5300903320312,736.4600219726562,737.25
2026-09-28 10:25:00-04:00,737.219970703125,737.27001953125,736.1699829101562,736.3099975585938
2026-09-28 10:30:00-04:00,736.280029296875,736.6500244140625,736.0800170898438,736.260009765625
2026-09-28 10:35:00-04:00,736.260009765625,736.3499755859375,734.8800048828125,735.0700073242188
2026-09-28 10:40:00-04:00,735.1199951171875,735.385009765625,733.2999877929688,733.3699951171875
2026-09-28 10:45:00-04:00,733.3900146484375,733.489990234375,731.6300048828125,732.3300170898438
2026-09-28 10:50:00-04:00,732.3300170898438,733.0,732.0399780273438,732.1699829101562
2026-09-28 10:55:00-04:00,732.1699829101562,733.1599731445312,731.989990234375,732.8905029296875
2026-09-28 11:00:00-04:00,732.9400024414062,733.7899780273438,732.8499755859375,733.6699829101562
2026-09-28 11:05:00-04:00,733.7100219726562,734.8900146484375,733.3900146484375,734.8900146484375
2026-09-28 11:10:00-04:00,734.9000244140625,735.1199951171875,734.4849853515625,734.6599731445312
2026-09-28 11:15:00-04:00,734.6500244140625,734.6799926757812,733.8499755859375,734.25
2026-09-28 11:20:00-04:00,734.25,734.5800170898438,733.964599609375,734.4199829101562
2026-09-28 11:25:00-04:00,734.4099731445312,735.110107421875,734.1500244140625,734.9251708984375
2026-09-28 11:30:00-04:00,734.9299926757812,735.0,734.4464721679688,734.89501953125
2026-09-28 11:35:00-04:00,734.9229736328125,735.8099975585938,734.7650146484375,735.6950073242188
2026-09-28 11:40:00-04:00,735.72998046875,735.7338256835938,734.0499877929688,734.4500122070312
2026-09-28 11:45:00-04:00,734.4400024414062,734.8499755859375,734.2100219726562,734.7050170898438
2026-09-28 11:50:00-04:00,734.719970703125,735.22998046875,734.52001953125,735.22998046875
2026-09-28 11:55:00-04:00,735.239990234375,735.719970703125,735.219970703125,735.6300048828125
2026-09-28 12:00:00-04:00,735.5963134765625,735.6799926757812,735.090087890625,735.3099975585938
2026-09-28 12:05:00-04:00,735.1799926757812,735.7899169921875,735.0491943359375,735.6199951171875
2026-09-28 12:10:00-04:00,735.6400146484375,735.969970703125,735.3099975585938,735.4650268554688
2026-09-28 12:15:00-04:00,735.4299926757812,737.25,735.375,736.8800048828125
2026-09-28 12:20:00-04:00,736.864990234375,738.47998046875,736.6500244140625,738.2412719726562
2026-09-28 12:25:00-04:00,738.27001953125,740.3800048828125,738.2000122070312,739.4337768554688
2026-09-28 12:30:00-04:00,739.3900146484375,739.5499877929688,737.9199829101562,738.760009765625
2026-09-28 12:35:00-04:00,738.8099975585938,739.1561889648438,738.1400146484375,738.3049926757812
2026-09-28 12:40:00-04:00,738.3049926757812,738.5,737.1900024414062,737.489990234375
2026-09-28 12:45:00-04:00,737.5,738.0599975585938,737.3099975585938,737.5599975585938
2026-09-28 12:50:00-04:00,737.5800170898438,737.7738037109375,737.1799926757812,737.6973876953125
2026-09-28 12:55:00-04:00,737.6599731445312,737.8099975585938,737.4000244140625,737.6300048828125
2026-09-28 13:00:00-04:00,737.5499877929688,737.5499877929688,736.9100952148438,737.1900024414062
2026-09-28 13:05:00-04:00,737.25,737.27001953125,736.64501953125,736.719970703125
2026-09-28 13:10:00-04:00,736.760009765625,739.7000122070312,736.6900024414062,739.6699829101562
2026-09-28 13:15:00-04:00,739.6599731445312,739.6599731445312,737.6500244140625,737.75
2026-09-28 13:20:00-04:00,737.72998046875,738.239990234375,737.4749755859375,738.160400390625
2026-09-28 13:25:00-04:00,738.0900268554688,738.3098754882812,737.489990234375,737.8099975585938
2026-09-28 13:30:00-04:00,737.7999877929688,738.489990234375,737.7899780273438,738.2473754882812
2026-09-28 13:35:00-04:00,738.22998046875,738.510009765625,737.8599853515625,738.155029296875
2026-09-28 13:40:00-04:00,738.14990234375,738.322021484375,737.8599853515625,738.0700073242188
2026-09-28 13:45:00-04:00,738.0700073242188,738.4299926757812,737.9199829101562,738.3099975585938
2026-09-28 13:50:00-04:00,738.280029296875,738.3599853515625,737.989990234375,738.1900024414062
2026-09-28 13:55:00-04:00,738.25,738.25,737.7100219726562,738.0800170898438
2026-09-28 14:00:00-04:00,738.0850219726562,738.4210815429688,737.51171875,738.3699951171875
2026-09-28 14:05:00-04:00,738.3800048828125,738.469970703125,738.0,738.1699829101562
2026-09-28 14:10:00-04:00,738.1594848632812,738.5499877929688,738.1400146484375,738.3800048828125
2026-09-28 14:15:00-04:00,738.4099731445312,738.5399780273438,737.95361328125,737.95361328125
2026-09-28 14:20:00-04:00,737.9550170898438,738.2100219726562,737.5900268554688,737.7896728515625
2026-09-28 14:25:00-04:00,737.77001953125,738.0599975585938,737.75,737.9299926757812
2026-09-28 14:30:00-04:00,737.9149780273438,738.1799926757812,737.4609985351562,737.7899780273438
2026-09-28 14:35:00-04:00,737.7750244140625,737.8049926757812,736.9400024414062,737.0399169921875
2026-09-28 14:40:00-04:00,737.0800170898438,738.0599975585938,737.0100708007812,738.02001953125
2026-09-28 14:45:00-04:00,738.0302124023438,738.2999877929688,737.6799926757812,738.2000122070312
2026-09-28 14:50:00-04:00,738.2000122070312,738.6199951171875,737.9299926757812,738.3699951171875
2026-09-28 14:55:00-04:00,738.352783203125,738.6099853515625,738.1599731445312,738.344970703125
2026-09-28 15:00:00-04:00,738.3900146484375,738.4099731445312,737.3800048828125,737.7999877929688
2026-09-28 15:05:00-04:00,737.7999877929688,737.9099731445312,737.260009765625,737.2899780273438
2026-09-28 15:10:00-04:00,737.2650146484375,737.2899780273438,736.780029296875,736.8499755859375
2026-09-28 15:15:00-04:00,736.8499755859375,737.280029296875,736.6807861328125,737.1199951171875
2026-09-28 15:20:00-04:00,737.1199951171875,737.4349975585938,737.0150146484375,737.3099975585938
2026-09-28 15:25:00-04:00,737.3099975585938,737.5401000976562,737.1599731445312,737.2999877929688
2026-09-28 15:30:00-04:00,737.3099975585938,737.3699951171875,736.7899780273438,737.1300048828125
2026-09-28 15:35:00-04:00,737.1199951171875,737.2449951171875,735.989990234375,736.0599975585938
2026-09-28 15:40:00-04:00,736.0700073242188,736.5687255859375,736.0650024414062,736.4249877929688
2026-09-28 15:45:00-04:00,736.4299926757812,736.7899780273438,736.2899780273438,736.3400268554688
2026-09-28 15:50:00-04:00,736.3400268554688,736.6276245117188,735.8099975585938,735.8499755859375
2026-09-28 15:55:00-04:00,735.8400268554688,736.7849731445312,735.8300170898438,736.5399780273438
2026-09-29 09:30:00-04:00,740.1699829101562,740.5798950195312,737.6705932617188,737.8599853515625
2026-09-29 09:35:00-04:00,737.8400268554688,738.3961791992188,737.1799926757812,738.0
2026-09-29 09:40:00-04:00,738.0399780273438,738.1099853515625,736.27001953125,736.7550048828125
2026-09-29 09:45:00-04:00,736.780029296875,737.5499877929688,736.60888671875,736.969970703125
2026-09-29 09:50:00-04:00,737.0499877929688,738.280029296875,736.8900146484375,738.0499877929688
2026-09-29 09:55:00-04:00,738.0700073242188,738.8900146484375,737.52001953125,737.7874755859375
2026-09-29 10:00:00-04:00,737.7899780273438,738.9199829101562,737.6199951171875,738.2449951171875
2026-09-29 10:05:00-04:00,738.25,738.3900146484375,737.5599975585938,737.72998046875
2026-09-29 10:10:00-04:00,737.8599853515625,738.5700073242188,737.3300170898438,738.2404174804688
2026-09-29 10:15:00-04:00,738.25,739.236083984375,737.5599975585938,739.0
2026-09-29 10:20:00-04:00,739.0549926757812,739.385009765625,738.010009765625,739.1329956054688
2026-09-29 10:25:00-04:00,739.0999755859375,739.9199829101562,738.9099731445312,739.2899780273438
2026-09-29 10:30:00-04:00,739.3200073242188,739.9500122070312,739.2899780273438,739.7000122070312
2026-09-29 10:35:00-04:00,739.7000122070312,739.7999877929688,739.010009765625,739.5250244140625
2026-09-29 10:40:00-04:00,739.5399780273438,739.989990234375,738.969970703125,739.239990234375
2026-09-29 10:45:00-04:00,739.280029296875,739.72998046875,738.6300048828125,738.6400146484375
2026-09-29 10:50:00-04:00,738.6500244140625,739.989990234375,738.6019897460938,739.9450073242188
2026-09-29 10:55:00-04:00,739.8983764648438,740.0800170898438,738.9600219726562,739.0700073242188
2026-09-29 11:00:00-04:00,739.114990234375,739.1500244140625,738.27001953125,738.3400268554688
2026-09-29 11:05:00-04:00,738.3200073242188,738.5903930664062,737.7000122070312,737.989990234375
2026-09-29 11:10:00-04:00,737.969970703125,738.5050048828125,737.469970703125,738.5
2026-09-29 11:15:00-04:00,738.489990234375,738.7374877929688,737.22998046875,737.22998046875
2026-09-29 11:20:00-04:00,737.22998046875,737.3900146484375,736.4000244140625,736.6500244140625
2026-09-29 11:25:00-04:00,736.6646728515625,736.8099975585938,736.0,736.510009765625
2026-09-29 11:30:00-04:00,736.530029296875,737.72998046875,736.2899780273438,737.5700073242188
2026-09-29 11:35:00-04:00,737.6500244140625,737.9099731445312,737.27001953125,737.5802001953125
2026-09-29 11:40:00-04:00,737.5900268554688,737.5900268554688,736.8300170898438,737.030029296875
2026-09-29 11:45:00-04:00,737.0698852539062,737.8350219726562,736.5599975585938,737.5150146484375
2026-09-29 11:50:00-04:00,737.6099853515625,737.8800048828125,736.490478515625,736.8400268554688
2026-09-29 11:55:00-04:00,736.8099975585938,737.3099975585938,736.594970703125,737.3099975585938
2026-09-29 12:00:00-04:00,737.3049926757812,737.3049926757812,736.4810180664062,736.5399780273438
2026-09-29 12:05:00-04:00,736.5499877929688,737.4400024414062,736.4600219726562,737.330810546875
2026-09-29 12:10:00-04:00,737.3400268554688,737.4299926757812,736.5700073242188,736.6099853515625
2026-09-29 12:15:00-04:00,736.5999755859375,736.9500122070312,736.4299926757812,736.7698974609375
2026-09-29 12:20:00-04:00,736.8699951171875,737.1199951171875,736.5,736.8699951171875
2026-09-29 12:25:00-04:00,736.8699951171875,737.3800048828125,736.8499755859375,737.239990234375
2026-09-29 12:30:00-04:00,737.2319946289062,737.239990234375,736.77001953125,736.8699951171875
2026-09-29 12:35:00-04:00,736.8826904296875,737.2249755859375,736.8699951171875,736.9500122070312
2026-09-29 12:40:00-04:00,736.9749755859375,736.9749755859375,735.6699829101562,735.6699829101562
2026-09-29 12:45:00-04:00,735.6300048828125,736.5,735.3400268554688,736.3800048828125
2026-09-29 12:50:00-04:00,736.3800048828125,736.8193969726562,736.010009765625,736.1541748046875
2026-09-29 12:55:00-04:00,736.1649780273438,736.1950073242188,735.6099853515625,736.1309814453125
2026-09-29 13:00:00-04:00,736.0999755859375,736.1373291015625,735.5449829101562,735.9600219726562
2026-09-29 13:05:00-04:00,735.9022827148438,736.1635131835938,735.8400268554688,735.9849853515625
2026-09-29 13:10:00-04:00,735.97998046875,736.3499755859375,735.7999877929688,736.1900024414062
2026-09-29 13:15:00-04:00,736.2100219726562,736.3499755859375,735.719970703125,736.1099853515625
2026-09-29 13:20:00-04:00,736.1325073242188,736.7999877929688,736.010009765625,736.7999267578125
2026-09-29 13:25:00-04:00,736.7999877929688,737.1500244140625,736.719970703125,736.8300170898438
2026-09-29 13:30:00-04:00,736.8200073242188,736.97998046875,736.5,736.9656982421875
2026-09-29 13:35:00-04:00,736.961181640625,737.2109985351562,736.5900268554688,736.6900024414062
2026-09-29 13:40:00-04:00,736.6699829101562,736.7000122070312,736.1400146484375,736.625
2026-09-29 13:45:00-04:00,736.6300048828125,736.8599853515625,736.3400268554688,736.4299926757812
2026-09-29 13:50:00-04:00,736.4749755859375,736.5599975585938,735.7100219726562,735.989990234375
2026-09-29 13:55:00-04:00,735.989990234375,736.0,735.4299926757812,735.739990234375
2026-09-29 14:00:00-04:00,735.7449951171875,737.280029296875,735.7449951171875,737.0800170898438
2026-09-29 14:05:00-04:00,737.0800170898438,737.4998779296875,736.52001953125,736.5449829101562
2026-09-29 14:10:00-04:00,736.5599975585938,737.4199829101562,736.3900146484375,737.3300170898438
2026-09-29 14:15:00-04:00,737.3300170898438,737.5650024414062,737.25,737.4199829101562
2026-09-29 14:20:00-04:00,737.4400024414062,738.0,737.260009765625,737.3800048828125
2026-09-29 14:25:00-04:00,737.4099731445312,738.0599975585938,737.4000244140625,737.6300048828125
2026-09-29 14:30:00-04:00,737.6500244140625,738.1500244140625,737.1500244140625,737.4400024414062
2026-09-29 14:35:00-04:00,737.4500122070312,738.6300048828125,737.4000244140625,738.5750122070312
2026-09-29 14:40:00-04:00,738.5745239257812,739.010009765625,738.3099975585938,738.5549926757812
2026-09-29 14:45:00-04:00,738.5294189453125,738.6699829101562,738.1599731445312,738.47998046875
2026-09-29 14:50:00-04:00,738.510009765625,738.7999877929688,738.3900146484375,738.47998046875
2026-09-29 14:55:00-04:00,738.469970703125,738.8790893554688,738.3499755859375,738.7000122070312
2026-09-29 15:00:00-04:00,738.7150268554688,738.8599853515625,738.510009765625,738.8054809570312
2026-09-29 15:05:00-04:00,738.8150024414062,738.9000244140625,738.5,738.530029296875
2026-09-29 15:10:00-04:00,738.47998046875,738.5999755859375,737.9849853515625,738.0800170898438
2026-09-29 15:15:00-04:00,738.094970703125,738.3400268554688,737.969970703125,738.2799072265625
2026-09-29 15:20:00-04:00,738.219970703125,738.5900268554688,738.0499877929688,738.280029296875
2026-09-29 15:25:00-04:00,738.2949829101562,738.4000244140625,738.0800170898438,738.1599731445312
2026-09-29 15:30:00-04:00,738.155029296875,738.47998046875,737.9000244140625,738.239990234375
2026-09-29 15:35:00-04:00,738.219970703125,738.3920288085938,738.105224609375,738.14501953125
2026-09-29 15:40:00-04:00,738.1500244140625,738.1599731445312,737.5269775390625,737.54248046875
2026-09-29 15:45:00-04:00,737.5700073242188,737.97998046875,737.4500122070312,737.9249877929688
2026-09-29 15:50:00-04:00,737.9099731445312,738.6500244140625,737.77001953125,738.3800048828125
2026-09-29 15:55:00-04:00,738.4099731445312,738.4099731445312,737.3099975585938,737.9600219726562
2026-09-30 09:30:00-04:00,740.1900024414062,742.7493286132812,739.760009765625,741.7249755859375
2026-09-30 09:35:00-04:00,741.780029296875,741.8200073242188,740.5750122070312,741.7199096679688
2026-09-30 09:40:00-04:00,741.7100219726562,742.0700073242188,740.6300048828125,741.7550048828125
2026-09-30 09:45:00-04:00,741.8200073242188,742.1500244140625,740.5499877929688,741.8400268554688
2026-09-30 09:50:00-04:00,741.8300170898438,742.1400146484375,740.8800048828125,741.9893798828125
2026-09-30 09:55:00-04:00,742.010009765625,743.5299072265625,742.010009765625,743.5
2026-09-30 10:00:00-04:00,743.4600219726562,744.3049926757812,743.3729858398438,744.0399780273438
2026-09-30 10:05:00-04:00,744.02001953125,744.72998046875,743.6148071289062,743.8150024414062
2026-09-30 10:10:00-04:00,743.7200927734375,743.8499755859375,742.6519775390625,743.2700805664062
2026-09-30 10:15:00-04:00,743.260009765625,743.7999877929688,742.8300170898438,743.7399291992188
2026-09-30 10:20:00-04:00,743.7550048828125,744.1300048828125,743.280029296875,743.2999877929688
2026-09-30 10:25:00-04:00,743.3099975585938,743.5700073242188,742.6500244140625,743.2109985351562
2026-09-30 10:30:00-04:00,743.22998046875,743.6300048828125,742.1799926757812,742.375
2026-09-30 10:35:00-04:00,742.4199829101562,743.0399780273438,742.0999755859375,742.6500244140625
2026-09-30 10:40:00-04:00,742.6900024414062,743.3599853515625,742.1599731445312,742.510009765625
2026-09-30 10:45:00-04:00,742.4949951171875,743.8400268554688,742.4199829101562,743.75
2026-09-30 10:50:00-04:00,743.8099975585938,744.489990234375,743.4299926757812,744.144775390625
2026-09-30 10:55:00-04:00,744.1300048828125,744.5,743.5800170898438,743.5800170898438
2026-09-30 11:00:00-04:00,743.5999755859375,743.6500244140625,742.8900146484375,743.5
2026-09-30 11:05:00-04:00,743.469970703125,743.8099975585938,742.9000244140625,743.7100219726562
2026-09-30 11:10:00-04:00,743.7550048828125,743.80859375,742.9199829101562,743.2100219726562
2026-09-30 11:15:00-04:00,743.219970703125,743.9299926757812,743.1799926757812,743.4450073242188
2026-09-30 11:20:00-04:00,743.4400024414062,743.510009765625,742.72998046875,743.0499877929688
2026-09-30 11:25:00-04:00,743.1400146484375,743.8900146484375,742.9299926757812,743.8599853515625
2026-09-30 11:30:00-04:00,743.9199829101562,744.3900146484375,743.8300170898438,743.989990234375
2026-09-30 11:35:00-04:00,743.98779296875,744.2899780273438,743.5999755859375,744.155029296875
2026-09-30 11:40:00-04:00,744.1898803710938,744.3300170898438,743.1900024414062,743.3800048828125
2026-09-30 11:45:00-04:00,743.3400268554688,745.02001953125,743.2100219726562,744.969970703125
2026-09-30 11:50:00-04:00,744.97998046875,745.0800170898438,743.8699951171875,743.8900146484375
2026-09-30 11:55:00-04:00,743.89501953125,744.4600219726562,743.6900024414062,744.4600219726562
2026-09-30 12:00:00-04:00,744.4400024414062,744.6599731445312,744.1599731445312,744.530029296875
2026-09-30 12:05:00-04:00,744.5599975585938,744.6300048828125,744.3400268554688,744.5800170898438
2026-09-30 12:10:00-04:00,744.5999755859375,744.8599853515625,744.2680053710938,744.739013671875
2026-09-30 12:15:00-04:00,744.760009765625,744.7857055664062,743.7999877929688,744.1599731445312
2026-09-30 12:20:00-04:00,744.1799926757812,744.280029296875,743.9600219726562,744.0800170898438
2026-09-30 12:25:00-04:00,744.1300048828125,744.1699829101562,743.6799926757812,743.6823120117188
2026-09-30 12:30:00-04:00,743.7000122070312,743.8099975585938,743.2000122070312,743.409912109375
2026-09-30 12:35:00-04:00,743.3878173828125,743.625,743.0599975585938,743.489990234375
2026-09-30 12:40:00-04:00,743.47998046875,744.1599731445312,743.3900146484375,744.0527954101562
2026-09-30 12:45:00-04:00,744.02001953125,744.030029296875,743.3900146484375,743.530029296875
2026-09-30 12:50:00-04:00,743.5250244140625,743.8099975585938,743.510009765625,743.6400146484375
2026-09-30 12:55:00-04:00,743.6400146484375,744.0999755859375,743.510009765625,744.0599975585938
2026-09-30 13:00:00-04:00,744.0399780273438,744.27001953125,743.9650268554688,744.05419921875
2026-09-30 13:05:00-04:00,744.010009765625,744.260009765625,743.989990234375,744.0850219726562
2026-09-30 13:10:00-04:00,744.1400146484375,744.1400146484375,743.3400268554688,743.4478759765625
2026-09-30 13:15:00-04:00,743.3699951171875,743.3800048828125,742.3599853515625,742.385009765625
2026-09-30 13:20:00-04:00,742.37890625,742.8170776367188,742.2100219726562,742.60009765625
2026-09-30 13:25:00-04:00,742.5700073242188,742.5700073242188,741.6900024414062,742.3300170898438
2026-09-30 13:30:00-04:00,742.3699951171875,742.917724609375,742.3300170898438,742.655029296875
2026-09-30 13:35:00-04:00,742.7150268554688,743.1727294921875,742.5700073242188,743.1727294921875
2026-09-30 13:40:00-04:00,743.1799926757812,743.47998046875,743.0599975585938,743.22998046875
2026-09-30 13:45:00-04:00,743.2349853515625,743.9500122070312,743.0,743.9199829101562
2026-09-30 13:50:00-04:00,743.9400024414062,744.1300048828125,743.72998046875,743.8800048828125
2026-09-30 13:55:00-04:00,743.9149780273438,744.02001953125,743.719970703125,743.9400024414062
2026-09-30 14:00:00-04:00,743.9249877929688,743.9249877929688,743.2999877929688,743.5900268554688
2026-09-30 14:05:00-04:00,743.5775146484375,743.6699829101562,743.030029296875,743.5800170898438
2026-09-30 14:10:00-04:00,743.6162719726562,744.0599975585938,743.52001953125,743.9149780273438
2026-09-30 14:15:00-04:00,743.9299926757812,743.969970703125,743.3099975585938,743.3699951171875
2026-09-30 14:20:00-04:00,743.3900146484375,743.4598999023438,742.9990234375,743.02001953125
2026-09-30 14:25:00-04:00,743.02001953125,743.4199829101562,742.7650146484375,743.3599853515625
2026-09-30 14:30:00-04:00,743.3499755859375,743.4400024414062,742.4400024414062,742.52001953125
2026-09-30 14:35:00-04:00,742.5999755859375,743.3150024414062,742.510986328125,743.25
2026-09-30 14:40:00-04:00,743.218994140625,743.3599853515625,743.0604858398438,743.1799926757812
2026-09-30 14:45:00-04:00,743.2000122070312,743.2100219726562,742.4600219726562,742.5999755859375
2026-09-30 14:50:00-04:00,742.6099853515625,742.780029296875,742.3300170898438,742.5599975585938
2026-09-30 14:55:00-04:00,742.5900268554688,743.1298828125,742.4849853515625,742.85498046875
2026-09-30 15:00:00-04:00,742.885009765625,743.5900268554688,742.8150024414062,743.530029296875
2026-09-30 15:05:00-04:00,743.5689086914062,743.8599853515625,743.469970703125,743.7999877929688
2026-09-30 15:10:00-04:00,743.8300170898438,743.8300170898438,743.510009765625,743.7000122070312
2026-09-30 15:15:00-04:00,743.7050170898438,743.7050170898438,743.2899780273438,743.5360717773438
2026-09-30 15:20:00-04:00,743.530029296875,743.5800170898438,743.1400146484375,743.260009765625
2026-09-30 15:25:00-04:00,743.2501220703125,743.52001953125,743.239990234375,743.3400268554688
2026-09-30 15:30:00-04:00,743.3200073242188,743.719970703125,743.260009765625,743.5800170898438
2026-09-30 15:35:00-04:00,743.5499877929688,743.9199829101562,743.0399780273438,743.4600219726562
2026-09-30 15:40:00-04:00,743.4500122070312,743.510009765625,742.8599853515625,743.1599731445312
2026-09-30 15:45:00-04:00,743.1699829101562,743.52001953125,743.0,743.1649780273438
2026-09-30 15:50:00-04:00,743.1500244140625,743.1500244140625,740.6400146484375,740.719970703125
2026-09-30 15:55:00-04:00,740.719970703125,741.1900024414062,739.489990234375,739.7000122070312
2026-10-01 09:30:00-04:00,742.510009765625,743.9249877929688,741.0399780273438,742.8400268554688
2026-10-01 09:35:00-04:00,742.760009765625,743.5800170898438,741.1661987304688,742.669921875
2026-10-01 09:40:00-04:00,742.7000122070312,743.280029296875,741.260009765625,741.6649780273438
2026-10-01 09:45:00-04:00,741.6900024414062,742.594970703125,740.344970703125,740.3900146484375
2026-10-01 09:50:00-04:00,740.489990234375,742.3690795898438,740.360595703125,742.3200073242188
2026-10-01 09:55:00-04:00,742.3399047851562,742.6400146484375,740.97998046875,741.3599853515625
2026-10-01 10:00:00-04:00,741.330078125,741.489990234375,738.0499877929688,738.3800048828125
2026-10-01 10:05:00-04:00,738.4099731445312,740.3499755859375,737.6099853515625,740.3200073242188
2026-10-01 10:10:00-04:00,740.3350219726562,740.3900146484375,738.4100952148438,739.2022705078125
2026-10-01 10:15:00-04:00,739.0449829101562,739.489990234375,737.739990234375,738.4099731445312
2026-10-01 10:20:00-04:00,738.4400024414062,738.7999877929688,736.9099731445312,737.8599853515625
2026-10-01 10:25:00-04:00,737.969970703125,738.9199829101562,737.75,738.3699951171875
2026-10-01 10:30:00-04:00,738.22998046875,739.8400268554688,737.9299926757812,739.8265991210938
2026-10-01 10:35:00-04:00,739.8916015625,740.8200073242188,739.2849731445312,740.719970703125
2026-10-01 10:40:00-04:00,740.6900024414062,740.8599853515625,739.47998046875,739.7849731445312
2026-10-01 10:45:00-04:00,739.760009765625,740.5499877929688,739.1799926757812,739.780029296875
2026-10-01 10:50:00-04:00,739.77001953125,740.010009765625,738.1699829101562,738.8499755859375
2026-10-01 10:55:00-04:00,738.9199829101562,739.989990234375,738.10498046875,738.7205200195312
2026-10-01 11:00:00-04:00,738.7550048828125,738.7999877929688,737.530029296875,737.9199829101562
2026-10-01 11:05:00-04:00,738.030029296875,738.3699951171875,736.6699829101562,736.8699951171875
2026-10-01 11:10:00-04:00,736.8499755859375,738.3200073242188,736.27001953125,738.3099975585938
2026-10-01 11:15:00-04:00,738.3099975585938,739.4431762695312,737.9500122070312,739.2000122070312
2026-10-01 11:20:00-04:00,739.1300048828125,739.6392822265625,738.47998046875,739.030029296875
2026-10-01 11:25:00-04:00,738.9299926757812,739.780029296875,738.6699829101562,738.6699829101562
2026-10-01 11:30:00-04:00,738.719970703125,738.780029296875,737.2249755859375,737.2249755859375
2026-10-01 11:35:00-04:00,737.219970703125,738.530029296875,736.8099975585938,737.9500122070312
2026-10-01 11:40:00-04:00,737.9650268554688,738.2999877929688,736.6019897460938,737.1199951171875
2026-10-01 11:45:00-04:00,737.1400146484375,737.7000122070312,736.8400268554688,737.5822143554688
2026-10-01 11:50:00-04:00,737.5549926757812,737.594970703125,736.5850219726562,737.22998046875
2026-10-01 11:55:00-04:00,737.2349853515625,738.6900024414062,737.22998046875,738.1300048828125
2026-10-01 12:00:00-04:00,738.2100219726562,738.75,737.4400024414062,738.469970703125
2026-10-01 12:05:00-04:00,738.4000244140625,738.8599853515625,737.8499755859375,738.4600219726562
2026-10-01 12:10:00-04:00,738.4450073242188,738.8699951171875,737.7449951171875,737.844970703125
2026-10-01 12:15:00-04:00,737.8499755859375,738.939697265625,737.77001953125,738.3300170898438
2026-10-01 12:20:00-04:00,738.3200073242188,738.780029296875,737.980224609375,738.6699829101562
2026-10-01 12:25:00-04:00,738.6649780273438,738.7899780273438,738.125,738.1500244140625
2026-10-01 12:30:00-04:00,738.1599731445312,739.3599243164062,738.0499877929688,739.3099975585938
2026-10-01 12:35:00-04:00,739.25,739.6494750976562,738.5,738.5900268554688
2026-10-01 12:40:00-04:00,738.594970703125,739.0499877929688,738.2999877929688,738.8699951171875
2026-10-01 12:45:00-04:00,738.8499755859375,739.3400268554688,738.760009765625,738.9099731445312
2026-10-01 12:50:00-04:00,738.989990234375,739.1099243164062,737.630126953125,737.7683715820312
2026-10-01 12:55:00-04:00,737.7100219726562,737.9000244140625,736.9000244140625,737.8400268554688
2026-10-01 13:00:00-04:00,737.8300170898438,738.97998046875,737.7100219726562,738.9099731445312
2026-10-01 13:05:00-04:00,738.9199829101562,739.2899780273438,738.780029296875,738.9299926757812
2026-10-01 13:10:00-04:00,738.9400024414062,739.8800048828125,738.8699951171875,739.4299926757812
2026-10-01 13:15:00-04:00,739.4400024414062,740.5599975585938,739.3400268554688,740.3699951171875
2026-10-01 13:20:00-04:00,740.3800048828125,742.2650146484375,740.3699951171875,742.260009765625
2026-10-01 13:25:00-04:00,742.2698974609375,742.7999877929688,741.989990234375,742.6300048828125
2026-10-01 13:30:00-04:00,742.6300048828125,744.260009765625,742.6300048828125,743.7100219726562
2026-10-01 13:35:00-04:00,743.6199951171875,743.75,743.0399780273438,743.22998046875
2026-10-01 13:40:00-04:00,743.2050170898438,743.8599853515625,742.9400024414062,743.8400268554688
2026-10-01 13:45:00-04:00,743.8699951171875,744.6699829101562,743.719970703125,743.719970703125
2026-10-01 13:50:00-04:00,743.760009765625,743.969970703125,742.8200073242188,742.8800048828125
2026-10-01 13:55:00-04:00,743.02001953125,743.239990234375,742.119873046875,742.5700073242188
2026-10-01 14:00:00-04:00,742.5704956054688,742.7962036132812,741.5599975585938,741.6900024414062
2026-10-01 14:05:00-04:00,741.6699829101562,741.7449951171875,740.4400024414062,740.7171020507812
2026-10-01 14:10:00-04:00,740.7349853515625,741.7899780273438,740.4849853515625,741.260009765625
2026-10-01 14:15:00-04:00,741.280029296875,742.035888671875,741.0999755859375,741.4600219726562
2026-10-01 14:20:00-04:00,741.4550170898438,742.6300048828125,741.0999755859375,742.2899780273438
2026-10-01 14:25:00-04:00,742.3099975585938,742.9099731445312,742.0399780273438,742.6600952148438
2026-10-01 14:30:00-04:00,742.719970703125,743.6099853515625,742.2100219726562,743.5850219726562
2026-10-01 14:35:00-04:00,743.6199951171875,743.6400146484375,742.7529907226562,742.9600219726562
2026-10-01 14:40:00-04:00,742.97998046875,743.0800170898438,742.530029296875,742.8400268554688
2026-10-01 14:45:00-04:00,742.8699951171875,743.1900024414062,742.75,743.1199951171875
2026-10-01 14:50:00-04:00,743.125,743.4500122070312,742.875,743.2799072265625
2026-10-01 14:55:00-04:00,743.27001953125,743.6799926757812,743.1090087890625,743.6600952148438
2026-10-01 15:00:00-04:00,743.6500244140625,743.8948974609375,742.6699829101562,742.969970703125
2026-10-01 15:05:00-04:00,742.969970703125,743.0499877929688,742.5800170898438,743.0001220703125
2026-10-01 15:10:00-04:00,743.0499267578125,743.239990234375,742.6500244140625,742.7000122070312
2026-10-01 15:15:00-04:00,742.7000122070312,742.8900146484375,742.4099731445312,742.8399047851562
2026-10-01 15:20:00-04:00,742.8400268554688,742.9998168945312,742.530029296875,742.5665893554688
2026-10-01 15:25:00-04:00,742.5650024414062,742.9400024414062,742.5599975585938,742.8400268554688
2026-10-01 15:30:00-04:00,742.8099975585938,743.3400268554688,742.5,742.6599731445312
2026-10-01 15:35:00-04:00,742.6599731445312,743.1400146484375,742.489990234375,743.0349731445312
2026-10-01 15:40:00-04:00,743.0349731445312,743.3599853515625,742.9099731445312,742.9500122070312
2026-10-01 15:45:00-04:00,742.9099731445312,743.5700073242188,742.8900146484375,743.385009765625
2026-10-01 15:50:00-04:00,743.3599853515625,744.07958984375,742.77001953125,742.7901000976562
2026-10-01 15:55:00-04:00,742.6199951171875,742.760009765625,741.4713745117188,742.0399780273438
2026-10-02 09:30:00-04:00,751.3099975585938,751.489990234375,749.0999755859375,751.219970703125
2026-10-02 09:35:00-04:00,751.2100219726562,751.3599853515625,750.0,750.6950073242188
2026-10-02 09:40:00-04:00,750.7000122070312,752.0900268554688,750.010009765625,752.010009765625
2026-10-02 09:45:00-04:00,752.02001953125,752.469970703125,751.4600219726562,751.969970703125
2026-10-02 09:50:00-04:00,752.010009765625,752.5900268554688,751.5399780273438,751.625
2026-10-02 09:55:00-04:00,751.5399780273438,752.4400024414062,750.344970703125,752.1699829101562
2026-10-02 10:00:00-04:00,752.219970703125,753.7899780273438,751.5850219726562,753.760009765625
2026-10-02 10:05:00-04:00,753.7150268554688,753.9199829101562,752.75,752.751220703125
2026-10-02 10:10:00-04:00,752.7949829101562,753.3400268554688,752.3300170898438,753.1699829101562
2026-10-02 10:15:00-04:00,753.1500244140625,754.0294799804688,753.0,753.969970703125
2026-10-02 10:20:00-04:00,753.9400024414062,754.469970703125,753.6099853515625,754.4650268554688
2026-10-02 10:25:00-04:00,754.4749755859375,754.530029296875,754.030029296875,754.1599731445312
2026-10-02 10:30:00-04:00,754.1500244140625,754.1699829101562,753.1900024414062,753.6400146484375
2026-10-02 10:35:00-04:00,753.655029296875,753.9000244140625,753.1901245117188,753.8350219726562
2026-10-02 10:40:00-04:00,753.8499755859375,754.3399047851562,753.2000122070312,753.5499877929688
2026-10-02 10:45:00-04:00,753.5449829101562,753.8300170898438,753.1900024414062,753.4400024414062
2026-10-02 10:50:00-04:00,753.4349975585938,753.4600219726562,751.5609741210938,751.760009765625
2026-10-02 10:55:00-04:00,751.6900024414062,752.6400146484375,751.5499877929688,751.77001953125
2026-10-02 11:00:00-04:00,751.7949829101562,752.1411743164062,751.0001220703125,751.1690063476562
2026-10-02 11:05:00-04:00,751.1799926757812,751.25,749.8699951171875,750.0200805664062
2026-10-02 11:10:00-04:00,749.9949951171875,750.4099731445312,748.7000122070312,749.6199951171875
2026-10-02 11:15:00-04:00,749.6099853515625,750.1099853515625,748.760009765625,748.85498046875
2026-10-02 11:20:00-04:00,748.8400268554688,749.280029296875,747.760009765625,747.7899780273438
2026-10-02 11:25:00-04:00,747.780029296875,749.4199829101562,747.5349731445312,749.3328857421875
2026-10-02 11:30:00-04:00,749.3699951171875,749.9000244140625,748.52001953125,749.7899780273438
2026-10-02 11:35:00-04:00,749.7899780273438,749.9600219726562,749.1799926757812,749.8099975585938
2026-10-02 11:40:00-04:00,749.875,750.0900268554688,749.2100219726562,749.739990234375
2026-10-02 11:45:00-04:00,749.739990234375,750.27001953125,749.5900268554688,749.739990234375
2026-10-02 11:50:00-04:00,749.7150268554688,750.3699951171875,749.1500244140625,749.3400268554688
2026-10-02 11:55:00-04:00,749.3499755859375,750.3400268554688,749.1599731445312,750.260009765625
2026-10-02 12:00:00-04:00,750.2899780273438,750.9099731445312,749.97998046875,750.4384155273438
2026-10-02 12:05:00-04:00,750.47998046875,750.8499755859375,750.239990234375,750.710205078125
2026-10-02 12:10:00-04:00,750.7449951171875,750.9000244140625,750.3400268554688,750.5800170898438
2026-10-02 12:15:00-04:00,750.5800170898438,750.9199829101562,750.3900146484375,750.6799926757812
2026-10-02 12:20:00-04:00,750.7000122070312,750.7000122070312,749.6699829101562,749.719970703125
2026-10-02 12:25:00-04:00,749.760009765625,750.155029296875,749.469970703125,749.5499877929688
2026-10-02 12:30:00-04:00,749.5440063476562,750.0499877929688,749.4749755859375,749.7550048828125
2026-10-02 12:35:00-04:00,749.7150268554688,750.4299926757812,749.5999755859375,750.3300170898438
2026-10-02 12:40:00-04:00,750.3200073242188,750.3300170898438,748.9219970703125,749.260009765625
2026-10-02 12:45:00-04:00,749.1900024414062,749.6400146484375,749.0900268554688,749.1950073242188
2026-10-02 12:50:00-04:00,749.1599731445312,749.8200073242188,748.8916015625,749.6599731445312
2026-10-02 12:55:00-04:00,749.6599731445312,749.8499145507812,749.3699951171875,749.5584106445312
2026-10-02 13:00:00-04:00,749.5700073242188,750.469970703125,749.5150146484375,750.0040893554688
2026-10-02 13:05:00-04:00,750.030029296875,750.1799926757812,749.2000732421875,749.4199829101562
2026-10-02 13:10:00-04:00,749.4201049804688,749.6400146484375,748.9400024414062,749.2899780273438
2026-10-02 13:15:00-04:00,749.22998046875,749.7000122070312,749.1300048828125,749.489990234375
2026-10-02 13:20:00-04:00,749.469970703125,749.52001953125,748.3300170898438,748.469970703125
2026-10-02 13:25:00-04:00,748.469970703125,748.5999755859375,747.9500122070312,748.0900268554688
2026-10-02 13:30:00-04:00,747.989990234375,748.97998046875,747.780029296875,748.72998046875
2026-10-02 13:35:00-04:00,748.72998046875,748.7449951171875,748.219970703125,748.6174926757812
2026-10-02 13:40:00-04:00,748.5999755859375,748.739990234375,748.1300048828125,748.64501953125
2026-10-02 13:45:00-04:00,748.6300048828125,749.1198120117188,748.4299926757812,749.0599975585938
2026-10-02 13:50:00-04:00,749.0701293945312,749.3699951171875,748.4000244140625,749.2999877929688
2026-10-02 13:55:00-04:00,749.2899780273438,749.2899780273438,748.580078125,749.0750122070312
2026-10-02 14:00:00-04:00,749.0750122070312,749.1317749023438,748.593017578125,748.969970703125
2026-10-02 14:05:00-04:00,748.9340209960938,749.0599975585938,748.7349853515625,748.8800048828125
2026-10-02 14:10:00-04:00,748.89501953125,749.22998046875,748.77001953125,749.0900268554688
2026-10-02 14:15:00-04:00,749.0900268554688,749.0999755859375,748.469970703125,748.6649780273438
2026-10-02 14:20:00-04:00,748.6599731445312,748.72998046875,748.1599731445312,748.3800048828125
2026-10-02 14:25:00-04:00,748.3900146484375,748.8599243164062,748.2000122070312,748.75
2026-10-02 14:30:00-04:00,748.760009765625,748.9998779296875,748.4600219726562,748.6649780273438
2026-10-02 14:35:00-04:00,748.6649780273438,748.780029296875,748.3400268554688,748.39501953125
2026-10-02 14:40:00-04:00,748.4210205078125,748.969970703125,748.3043212890625,748.8400268554688
2026-10-02 14:45:00-04:00,748.8699951171875,749.030029296875,748.760009765625,748.9290161132812
2026-10-02 14:50:00-04:00,748.9199829101562,749.1900024414062,748.8104248046875,749.1510009765625
2026-10-02 14:55:00-04:00,749.1599731445312,749.169921875,748.875,748.9619750976562
2026-10-02 15:00:00-04:00,748.9299926757812,749.1661987304688,748.8499755859375,748.9249877929688
2026-10-02 15:05:00-04:00,748.9500122070312,748.989990234375,748.5800170898438,748.6400146484375
2026-10-02 15:10:00-04:00,748.6199951171875,748.9000244140625,748.5399780273438,748.8300170898438
2026-10-02 15:15:00-04:00,748.85009765625,749.0999755859375,748.6799926757812,748.97998046875
2026-10-02 15:20:00-04:00,748.97998046875,749.1500244140625,748.7103271484375,749.1199951171875
2026-10-02 15:25:00-04:00,749.1300048828125,749.3599853515625,748.9099731445312,749.1500244140625
2026-10-02 15:30:00-04:00,749.0999755859375,749.5349731445312,749.0900268554688,749.4650268554688
2026-10-02 15:35:00-04:00,749.4550170898438,750.0499877929688,749.3499755859375,749.7100830078125
2026-10-02 15:40:00-04:00,749.739990234375,749.8499755859375,749.260009765625,749.5499877929688
2026-10-02 15:45:00-04:00,749.5599975585938,750.0,749.4310302734375,749.5399780273438
2026-10-02 15:50:00-04:00,749.5499877929688,749.9500122070312,749.0549926757812,749.1500244140625
2026-10-02 15:55:00-04:00,749.1699829101562,749.530029296875,748.8499755859375,749.530029296875
