Datetime,open,high,low,close
2026-07-10 09:30:00-04:00,752.0499877929688,752.8599853515625,752.010009765625,752.5900268554688
2026-07-10 09:35:00-04:00,752.5999755859375,753.219970703125,752.47998046875,752.6099853515625
2026-07-10 09:40:00-04:00,752.5900268554688,752.6400146484375,751.7999877929688,752.219970703125
2026-07-10 09:45:00-04:00,752.219970703125,753.1599731445312,752.0850219726562,753.030029296875
2026-07-10 09:50:00-04:00,753.0150146484375,753.1900024414062,752.6599731445312,752.885009765625
2026-07-10 09:55:00-04:00,752.8699951171875,753.2349853515625,752.6099853515625,752.9149780273438
2026-07-10 10:00:00-04:00,752.9199829101562,753.3499755859375,752.780029296875,753.1199951171875
2026-07-10 10:05:00-04:00,753.1199951171875,753.25,752.4909057617188,753.0700073242188
2026-07-10 10:10:00-04:00,753.0900268554688,753.1400146484375,752.6201171875,752.6849975585938
2026-07-10 10:15:00-04:00,752.697021484375,752.969970703125,752.3400268554688,752.6799926757812
2026-07-10 10:20:00-04:00,752.6699829101562,752.8300170898438,752.1099853515625,752.5399780273438
2026-07-10 10:25:00-04:00,752.530029296875,753.135009765625,752.1500244140625,752.586181640625
2026-07-10 10:30:00-04:00,752.5858764648438,753.25,748.0999755859375,750.9000244140625
2026-07-10 10:35:00-04:00,750.97998046875,752.0599975585938,750.4299926757812,751.6900024414062
2026-07-10 10:40:00-04:00,751.7000122070312,752.2899780273438,751.3099975585938,752.1099853515625
2026-07-10 10:45:00-04:00,752.0999755859375,752.469970703125,751.614990234375,752.4099731445312
2026-07-10 10:50:00-04:00,752.4099731445312,752.6199951171875,751.9199829101562,751.9500122070312
2026-07-10 10:55:00-04:00,751.9299926757812,752.03857421875,751.0800170898438,751.2199096679688
2026-07-10 11:00:00-04:00,751.1799926757812,751.4400024414062,750.8900146484375,750.97998046875
2026-07-10 11:05:00-04:00,751.0,751.760009765625,750.6519775390625,751.760009765625
2026-07-10 11:10:00-04:00,751.75,752.0297241210938,751.6199951171875,751.9400024414062
2026-07-10 11:15:00-04:00,751.9299926757812,753.1599731445312,751.9299926757812,752.6900024414062
2026-07-10 11:20:00-04:00,752.7000122070312,753.0850219726562,752.4199829101562,753.030029296875
2026-07-10 11:25:00-04:00,753.0499877929688,753.4199829101562,753.030029296875,753.25
2026-07-10 11:30:00-04:00,753.25,753.3900146484375,752.8800048828125,753.0
2026-07-10 11:35:00-04:00,753.0499877929688,753.0499877929688,752.3300170898438,752.4299926757812
2026-07-10 11:40:00-04:00,752.4398803710938,752.510009765625,751.3800048828125,752.030029296875
2026-07-10 11:45:00-04:00,752.0399780273438,752.6799926757812,751.5936889648438,752.469970703125
2026-07-10 11:50:00-04:00,752.4500122070312,752.9349975585938,752.364013671875,752.8499755859375
2026-07-10 11:55:00-04:00,752.8499755859375,752.9099731445312,752.510009765625,752.8175048828125
2026-07-10 12:00:00-04:00,752.8099975585938,753.3499755859375,752.8099975585938,753.1599731445312
2026-07-10 12:05:00-04:00,753.1799926757812,753.2100219726562,752.8499755859375,752.9600219726562
2026-07-10 12:10:00-04:00,752.969970703125,753.280029296875,752.8400268554688,753.2100219726562
2026-07-10 12:15:00-04:00,753.239990234375,753.6900024414062,753.22998046875,753.5800170898438
2026-07-10 12:20:00-04:00,753.5800170898438,753.6375122070312,753.1599731445312,753.3800048828125
2026-07-10 12:25:00-04:00,753.3900146484375,753.4299926757812,753.1699829101562,753.2100219726562
2026-07-10 12:30:00-04:00,753.2100219726562,753.590087890625,753.2100219726562,753.47998046875
2026-07-10 12:35:00-04:00,753.489990234375,753.5900268554688,753.030029296875,753.2899780273438
2026-07-10 12:40:00-04:00,753.2899780273438,753.6500244140625,753.25,753.6199951171875
2026-07-10 12:45:00-04:00,753.6099853515625,753.9299926757812,753.5900268554688,753.8200073242188
2026-07-10 12:50:00-04:00,753.8150024414062,754.0499877929688,753.780029296875,753.97998046875
2026-07-10 12:55:00-04:00,753.9702758789062,754.1400146484375,753.8499755859375,754.010009765625
2026-07-10 13:00:00-04:00,754.010009765625,754.030029296875,753.6099853515625,753.7100219726562
2026-07-10 13:05:00-04:00,753.719970703125,753.8300170898438,753.6300048828125,753.6400146484375
2026-07-10 13:10:00-04:00,753.6456298828125,753.8400268554688,753.47998046875,753.8040161132812
2026-07-10 13:15:00-04:00,753.780029296875,754.0399780273438,753.760009765625,753.8599853515625
2026-07-10 13:20:00-04:00,753.8599853515625,754.0,753.8400268554688,753.969970703125
2026-07-10 13:25:00-04:00,753.969970703125,754.0599975585938,753.8966064453125,754.010009765625
2026-07-10 13:30:00-04:00,754.02001953125,754.1649780273438,753.875,754.0198974609375
2026-07-10 13:35:00-04:00,754.0150146484375,754.4099731445312,753.97998046875,754.2459716796875
2026-07-10 13:40:00-04:00,754.22998046875,754.3200073242188,754.0800170898438,754.114990234375
2026-07-10 13:45:00-04:00,754.1199951171875,754.3300170898438,754.1099853515625,754.2899780273438
2026-07-10 13:50:00-04:00,754.2999877929688,754.3800048828125,754.239990234375,754.27001953125
2026-07-10 13:55:00-04:00,754.260009765625,754.2999877929688,753.9299926757812,753.989990234375
2026-07-10 14:00:00-04:00,754.0,754.1799926757812,753.9299926757812,754.0599975585938
2026-07-10 14:05:00-04:00,754.0599975585938,754.3200073242188,754.0599975585938,754.239990234375
2026-07-10 14:10:00-04:00,754.25,754.5999755859375,754.2100219726562,754.2899780273438
2026-07-10 14:15:00-04:00,754.280029296875,754.3400268554688,754.1199951171875,754.219970703125
2026-07-10 14:20:00-04:00,754.2100219726562,754.3900146484375,754.0800170898438,754.3150024414062
2026-07-10 14:25:00-04:00,754.3150024414062,754.719970703125,754.3150024414062,754.4299926757812
2026-07-10 14:30:00-04:00,754.4199829101562,754.5800170898438,754.3599853515625,754.510009765625
2026-07-10 14:35:00-04:00,754.52001953125,754.530029296875,754.3099975585938,754.4099731445312
2026-07-10 14:40:00-04:00,754.4199829101562,754.6199951171875,754.3699951171875,754.5075073242188
2026-07-10 14:45:00-04:00,754.489990234375,754.5999755859375,754.469970703125,754.510009765625
2026-07-10 14:50:00-04:00,754.5158081054688,754.6199951171875,754.4500122070312,754.5700073242188
2026-07-10 14:55:00-04:00,754.5499877929688,754.6599731445312,754.469970703125,754.4949951171875
2026-07-10 15:00:00-04:00,754.4949951171875,755.0499877929688,754.4550170898438,754.969970703125
2026-07-10 15:05:00-04:00,754.97998046875,755.1699829101562,754.8599853515625,754.9199829101562
2026-07-10 15:10:00-04:00,754.9199829101562,755.1500244140625,754.9099731445312,755.1199951171875
2026-07-10 15:15:00-04:00,755.1199951171875,755.1799926757812,754.9219970703125,755.02001953125
2026-07-10 15:20:00-04:00,755.02001953125,755.0599975585938,754.8800048828125,754.9450073242188
2026-07-10 15:25:00-04:00,754.9299926757812,755.1099853515625,754.9299926757812,754.9600219726562
2026-07-10 15:30:00-04:00,754.9600219726562,755.1699829101562,754.786376953125,754.9400024414062
2026-07-10 15:35:00-04:00,754.9500122070312,755.1400146484375,754.8599853515625,755.030029296875
2026-07-10 15:40:00-04:00,755.0399780273438,755.219970703125,755.02001953125,755.030029296875
2026-07-10 15:45:00-04:00,755.02001953125,755.1699829101562,754.9400024414062,755.0999755859375
2026-07-10 15:50:00-04:00,755.1099853515625,755.4199829101562,755.02001953125,755.0999755859375
2026-07-10 15:55:00-04:00,755.0800170898438,755.1900024414062,754.5700073242188,754.9000244140625
2026-07-13 09:30:00-04:00,752.469970703125,753.9099731445312,752.4000244140625,753.4249877929688
2026-07-13 09:35:00-04:00,753.4299926757812,753.780029296875,753.0399780273438,753.219970703125
2026-07-13 09:40:00-04:00,753.219970703125,753.219970703125,752.5399780273438,752.989990234375
2026-07-13 09:45:00-04:00,753.010009765625,753.1300048828125,752.280029296875,752.8699951171875
2026-07-13 09:50:00-04:00,752.9000244140625,752.9600219726562,751.9199829101562,752.6099853515625
2026-07-13 09:55:00-04:00,752.5900268554688,753.739990234375,752.4199829101562,753.6199951171875
2026-07-13 10:00:00-04:00,753.6300048828125,753.9105224609375,752.6599731445312,752.7899780273438
2026-07-13 10:05:00-04:00,752.77001953125,752.969970703125,752.27001953125,752.8200073242188
2026-07-13 10:10:00-04:00,752.8099975585938,753.3300170898438,752.6699829101562,753.27001953125
2026-07-13 10:15:00-04:00,753.27001953125,753.3699951171875,750.2999877929688,751.9299926757812
2026-07-13 10:20:00-04:00,751.9199829101562,752.9099731445312,751.4600219726562,752.780029296875
2026-07-13 10:25:00-04:00,752.7449951171875,753.1900024414062,752.530029296875,753.0900268554688
2026-07-13 10:30:00-04:00,753.0900268554688,753.2999877929688,752.5700073242188,752.6400146484375
2026-07-13 10:35:00-04:00,752.6500244140625,752.6849975585938,751.969970703125,752.1900024414062
2026-07-13 10:40:00-04:00,752.2000122070312,752.2100219726562,751.25,751.5
2026-07-13 10:45:00-04:00,751.510009765625,752.4550170898438,751.0,752.3800048828125
2026-07-13 10:50:00-04:00,752.380126953125,752.469970703125,751.530029296875,751.72998046875
2026-07-13 10:55:00-04:00,751.72998046875,752.7899780273438,751.56201171875,752.7401123046875
2026-07-13 11:00:00-04:00,752.739990234375,753.0549926757812,752.3078002929688,752.3319702148438
2026-07-13 11:05:00-04:00,752.3400268554688,752.5900268554688,752.1599731445312,752.25
2026-07-13 11:10:00-04:00,752.2550048828125,752.5549926757812,751.9199829101562,752.0850219726562
2026-07-13 11:15:00-04:00,752.0800170898438,752.3250122070312,751.8812255859375,752.25
2026-07-13 11:20:00-04:00,752.25,752.5679931640625,752.1099853515625,752.447509765625
2026-07-13 11:25:00-04:00,752.4400024414062,752.489990234375,751.9650268554688,752.3800048828125
2026-07-13 11:30:00-04:00,752.3900146484375,752.5250244140625,752.0,752.1500244140625
2026-07-13 11:35:00-04:00,752.1599731445312,752.2899780273438,751.8499755859375,752.1300048828125
2026-07-13 11:40:00-04:00,752.1099853515625,752.1699829101562,751.6900024414062,751.72998046875
2026-07-13 11:45:00-04:00,751.719970703125,751.7880249023438,751.489990234375,751.7150268554688
2026-07-13 11:50:00-04:00,751.7150268554688,751.760009765625,751.155029296875,751.5499877929688
2026-07-13 11:55:00-04:00,751.5599975585938,751.5700073242188,751.094482421875,751.2349853515625
2026-07-13 12:00:00-04:00,751.22998046875,751.469970703125,750.9500122070312,751.169921875
2026-07-13 12:05:00-04:00,751.1300048828125,751.5499877929688,751.0599975585938,751.47998046875
2026-07-13 12:10:00-04:00,751.47998046875,751.8099975585938,751.2537231445312,751.4299926757812
2026-07-13 12:15:00-04:00,751.4199829101562,751.4400024414062,750.6699829101562,750.85498046875
2026-07-13 12:20:00-04:00,750.8599853515625,750.8800048828125,750.5900268554688,750.6400146484375
2026-07-13 12:25:00-04:00,750.6300048828125,750.6799926757812,749.9299926757812,750.2899780273438
2026-07-13 12:30:00-04:00,750.27001953125,750.280029296875,749.5900268554688,749.6199951171875
2026-07-13 12:35:00-04:00,749.6300048828125,750.260009765625,748.9299926757812,749.993408203125
2026-07-13 12:40:00-04:00,749.969970703125,750.52001953125,749.5750122070312,750.3599853515625
2026-07-13 12:45:00-04:00,750.3900146484375,750.6599731445312,749.9600219726562,749.97998046875
2026-07-13 12:50:00-04:00,749.9600219726562,750.0399780273438,749.1799926757812,749.4500122070312
2026-07-13 12:55:00-04:00,749.4400024414062,750.1199951171875,749.2838745117188,749.8699951171875
2026-07-13 13:00:00-04:00,749.9000244140625,750.2899780273438,749.75,749.8400268554688
2026-07-13 13:05:00-04:00,749.8400268554688,750.5,749.7849731445312,750.4199829101562
2026-07-13 13:10:00-04:00,750.4199829101562,750.6400146484375,749.9301147460938,750.0599975585938
2026-07-13 13:15:00-04:00,750.0499877929688,750.2899780273438,749.6400146484375,750.1599731445312
2026-07-13 13:20:00-04:00,750.1400146484375,750.3499755859375,749.7000122070312,749.7100219726562
2026-07-13 13:25:00-04:00,749.719970703125,749.969970703125,749.530029296875,749.8099975585938
2026-07-13 13:30:00-04:00,749.8099975585938,750.1199951171875,749.6599731445312,749.9500122070312
2026-07-13 13:35:00-04:00,749.9199829101562,749.9199829101562,749.4609985351562,749.7083740234375
2026-07-13 13:40:00-04:00,749.7000122070312,750.1300048828125,749.489990234375,749.9849853515625
2026-07-13 13:45:00-04:00,750.0,750.260009765625,749.5999755859375,749.6300048828125
2026-07-13 13:50:00-04:00,749.6400146484375,749.7100219726562,749.219970703125,749.4600219726562
2026-07-13 13:55:00-04:00,749.4650268554688,749.5499877929688,749.2100219726562,749.2349853515625
2026-07-13 14:00:00-04:00,749.260009765625,749.8699951171875,749.1900024414062,749.6699829101562
2026-07-13 14:05:00-04:00,749.6599731445312,750.2100219726562,749.5919799804688,749.6400146484375
2026-07-13 14:10:00-04:00,749.6500244140625,749.8099975585938,749.1300048828125,749.760009765625
2026-07-13 14:15:00-04:00,749.75,749.8200073242188,749.0399780273438,749.2100219726562
2026-07-13 14:20:00-04:00,749.219970703125,749.5399780273438,749.0499877929688,749.5
2026-07-13 14:25:00-04:00,749.5,749.5599975585938,749.1599731445312,749.239990234375
2026-07-13 14:30:00-04:00,749.239990234375,749.530029296875,748.97021484375,749.219970703125
2026-07-13 14:35:00-04:00,749.219970703125,749.75,749.1900024414062,749.6799926757812
2026-07-13 14:40:00-04:00,749.6699829101562,750.0399780273438,749.5599975585938,749.8499755859375
2026-07-13 14:45:00-04:00,749.8499755859375,749.9199829101562,749.510009765625,749.760009765625
2026-07-13 14:50:00-04:00,749.75,750.0700073242188,749.5250244140625,749.7899780273438
2026-07-13 14:55:00-04:00,749.780029296875,749.9099731445312,749.4600219726562,749.5599975585938
2026-07-13 15:00:00-04:00,749.5800170898438,749.9000244140625,749.1799926757812,749.8499755859375
2026-07-13 15:05:00-04:00,749.8599853515625,749.969970703125,749.5,749.510009765625
2026-07-13 15:10:00-04:00,749.5,749.530029296875,749.0999755859375,749.2899780273438
2026-07-13 15:15:00-04:00,749.2899780273438,749.4400024414062,749.1300048828125,749.2550048828125
2026-07-13 15:20:00-04:00,749.260009765625,749.2999877929688,748.7000122070312,748.9149780273438
2026-07-13 15:25:00-04:00,748.9099731445312,748.9600219726562,748.1699829101562,748.3800048828125
2026-07-13 15:30:00-04:00,748.3900146484375,748.9000244140625,748.3099975585938,748.655029296875
2026-07-13 15:35:00-04:00,748.6500244140625,748.6500244140625,748.0,748.260009765625
2026-07-13 15:40:00-04:00,748.27001953125,749.0,748.1749877929688,748.9400024414062
2026-07-13 15:45:00-04:00,748.9400024414062,749.0499877929688,748.5700073242188,748.8800048828125
2026-07-13 15:50:00-04:00,748.8900146484375,749.4500122070312,748.8699951171875,749.030029296875
2026-07-13 15:55:00-04:00,749.0599975585938,749.6099853515625,748.9299926757812,749.0999755859375
2026-07-14 09:30:00-04:00,750.9099731445312,751.0399780273438,749.5443115234375,749.6400146484375
2026-07-14 09:35:00-04:00,749.6799926757812,751.3599853515625,749.4400024414062,751.1699829101562
2026-07-14 09:40:00-04:00,751.1799926757812,751.52001953125,750.5700073242188,751.3099975585938
2026-07-14 09:45:00-04:00,751.3049926757812,751.7899780273438,750.5800170898438,750.989990234375
2026-07-14 09:50:00-04:00,750.969970703125,751.5999755859375,750.6300048828125,751.0900268554688
2026-07-14 09:55:00-04:00,751.1099853515625,751.5700073242188,750.719970703125,751.3099975585938
2026-07-14 10:00:00-04:00,751.3200073242188,751.47998046875,750.2100219726562,750.4400024414062
2026-07-14 10:05:00-04:00,750.4400024414062,750.6900024414062,749.8800048828125,750.239501953125
2026-07-14 10:10:00-04:00,750.219970703125,750.489990234375,749.7799072265625,750.4299926757812
2026-07-14 10:15:00-04:00,750.4199829101562,750.4199829101562,748.6599731445312,749.85498046875
2026-07-14 10:20:00-04:00,749.8483276367188,750.8800048828125,749.780029296875,750.1300048828125
2026-07-14 10:25:00-04:00,750.1099853515625,751.2999877929688,749.9600219726562,750.7100219726562
2026-07-14 10:30:00-04:00,750.7100219726562,753.3099975585938,750.47998046875,752.02001953125
2026-07-14 10:35:00-04:00,752.0399780273438,752.1500244140625,751.5399780273438,751.9299926757812
2026-07-14 10:40:00-04:00,751.9099731445312,752.2849731445312,750.9600219726562,751.094970703125
2026-07-14 10:45:00-04:00,751.1099243164062,751.4600219726562,750.77001953125,750.8900146484375
2026-07-14 10:50:00-04:00,750.8599853515625,751.594970703125,750.469970703125,751.5900268554688
2026-07-14 10:55:00-04:00,751.6099853515625,751.9600219726562,751.510009765625,751.7100219726562
2026-07-14 11:00:00-04:00,751.7100219726562,753.0700073242188,751.280029296875,752.3200073242188
2026-07-14 11:05:00-04:00,752.3300170898438,753.0499877929688,752.1400146484375,752.77001953125
2026-07-14 11:10:00-04:00,752.7999877929688,753.0,752.3599853515625,752.5499877929688
2026-07-14 11:15:00-04:00,752.5900268554688,752.64501953125,751.72998046875,751.9500122070312
2026-07-14 11:20:00-04:00,751.9400024414062,752.530029296875,751.6500244140625,752.52001953125
2026-07-14 11:25:00-04:00,752.52001953125,752.7100219726562,752.2999877929688,752.6599731445312
2026-07-14 11:30:00-04:00,752.6400146484375,752.9000244140625,751.8499755859375,751.97998046875
2026-07-14 11:35:00-04:00,751.969970703125,752.0449829101562,751.530029296875,751.8599853515625
2026-07-14 11:40:00-04:00,751.8499755859375,751.8499755859375,750.760009765625,751.5599975585938
2026-07-14 11:45:00-04:00,751.5599975585938,751.9500122070312,751.530029296875,751.6300048828125
2026-07-14 11:50:00-04:00,751.5900268554688,751.6699829101562,750.9099731445312,751.0
2026-07-14 11:55:00-04:00,751.010009765625,751.1699829101562,750.6199951171875,750.97998046875
2026-07-14 12:00:00-04:00,750.989990234375,751.0499877929688,750.0,750.3200073242188
2026-07-14 12:05:00-04:00,750.3400268554688,750.7000122070312,750.02001953125,750.4500122070312
2026-07-14 12:10:00-04:00,750.4600219726562,750.72998046875,750.02001953125,750.5399780273438
2026-07-14 12:15:00-04:00,750.530029296875,750.7100219726562,750.02001953125,750.4299926757812
2026-07-14 12:20:00-04:00,750.4299926757812,750.5612182617188,750.0,750.3300170898438
2026-07-14 12:25:00-04:00,750.3499755859375,750.9099731445312,750.239990234375,750.780029296875
2026-07-14 12:30:00-04:00,750.780029296875,751.1099853515625,750.6199951171875,751.0599975585938
2026-07-14 12:35:00-04:00,751.0499877929688,751.3300170898438,750.9506225585938,751.2349853515625
2026-07-14 12:40:00-04:00,751.2138061523438,751.739990234375,751.0700073242188,751.4650268554688
2026-07-14 12:45:00-04:00,751.4600219726562,751.739990234375,750.9600219726562,751.4000244140625
2026-07-14 12:50:00-04:00,751.3900146484375,751.6599731445312,751.280029296875,751.4758911132812
2026-07-14 12:55:00-04:00,751.47998046875,751.8499755859375,751.4400024414062,751.8499755859375
2026-07-14 13:00:00-04:00,751.8699951171875,752.0499877929688,751.6500244140625,751.7150268554688
2026-07-14 13:05:00-04:00,751.719970703125,752.2000122070312,751.5599975585938,752.119873046875
2026-07-14 13:10:00-04:00,752.0999755859375,752.2100219726562,751.8099975585938,751.8099975585938
2026-07-14 13:15:00-04:00,751.8099975585938,752.1300048828125,751.5,752.0700073242188
2026-07-14 13:20:00-04:00,752.0850219726562,752.6099853515625,752.0850219726562,752.4299926757812
2026-07-14 13:25:00-04:00,752.4400024414062,752.5599975585938,752.239990234375,752.2999877929688
2026-07-14 13:30:00-04:00,752.3200073242188,752.489990234375,752.0,752.010009765625
2026-07-14 13:35:00-04:00,752.0050048828125,752.1300048828125,751.7999877929688,752.1201171875
2026-07-14 13:40:00-04:00,752.135009765625,752.1900024414062,751.9000244140625,752.0399780273438
2026-07-14 13:45:00-04:00,752.0599975585938,752.25,751.760009765625,752.0800170898438
2026-07-14 13:50:00-04:00,752.0800170898438,752.3099975585938,752.0700073242188,752.2260131835938
2026-07-14 13:55:00-04:00,752.219970703125,752.3099975585938,752.1300048828125,752.2750244140625
2026-07-14 14:00:00-04:00,752.280029296875,752.47998046875,751.9299926757812,752.4400024414062
2026-07-14 14:05:00-04:00,752.4500122070312,752.5,752.260009765625,752.4000244140625
2026-07-14 14:10:00-04:00,752.4000244140625,752.6300048828125,752.3400268554688,752.5999755859375
2026-07-14 14:15:00-04:00,752.5994873046875,752.77001953125,752.4500122070312,752.6199951171875
2026-07-14 14:20:00-04:00,752.60498046875,752.760009765625,752.4099731445312,752.4400024414062
2026-07-14 14:25:00-04:00,752.4598999023438,752.6099853515625,752.2999877929688,752.5
2026-07-14 14:30:00-04:00,752.4849853515625,752.5595092773438,752.3300170898438,752.4600219726562
2026-07-14 14:35:00-04:00,752.469970703125,752.5999755859375,752.0,752.3499755859375
2026-07-14 14:40:00-04:00,752.3400268554688,752.3400268554688,751.6599731445312,752.010009765625
2026-07-14 14:45:00-04:00,752.010009765625,752.239990234375,751.9000244140625,751.9500122070312
2026-07-14 14:50:00-04:00,751.969970703125,752.3200073242188,751.8599853515625,752.239990234375
2026-07-14 14:55:00-04:00,752.2100219726562,752.27001953125,752.0800170898438,752.1704711914062
2026-07-14 15:00:00-04:00,752.1900024414062,752.27001953125,751.8699951171875,751.969970703125
2026-07-14 15:05:00-04:00,751.9500122070312,752.1099853515625,751.8400268554688,751.9025268554688
2026-07-14 15:10:00-04:00,751.8900146484375,752.1400146484375,751.77001953125,752.0599975585938
2026-07-14 15:15:00-04:00,752.0800170898438,752.25,751.7999877929688,752.0900268554688
2026-07-14 15:20:00-04:00,752.1099853515625,752.4400024414062,752.0588989257812,752.4149780273438
2026-07-14 15:25:00-04:00,752.4000244140625,752.4500122070312,752.1199951171875,752.1500244140625
2026-07-14 15:30:00-04:00,752.1599731445312,752.1699829101562,751.7100219726562,752.02001953125
2026-07-14 15:35:00-04:00,752.02001953125,752.3200073242188,751.8800048828125,751.9600219726562
2026-07-14 15:40:00-04:00,751.9600219726562,752.4000244140625,751.9099731445312,752.2899780273438
2026-07-14 15:45:00-04:00,752.280029296875,752.52001953125,752.25,752.4749755859375
2026-07-14 15:50:00-04:00,752.47998046875,752.52001953125,752.0900268554688,752.094970703125
2026-07-14 15:55:00-04:00,752.0999755859375,752.489990234375,751.7899780273438,751.8699951171875
2026-07-15 09:30:00-04:00,754.239990234375,755.260009765625,754.2000122070312,755.1900024414062
2026-07-15 09:35:00-04:00,755.2000122070312,755.5800170898438,754.510009765625,754.8400268554688
2026-07-15 09:40:00-04:00,754.8599853515625,754.8599853515625,754.280029296875,754.3599853515625
2026-07-15 09:45:00-04:00,754.3599853515625,754.47998046875,753.3499755859375,753.5599975585938
2026-07-15 09:50:00-04:00,753.5800170898438,754.0800170898438,753.1799926757812,754.0800170898438
2026-07-15 09:55:00-04:00,754.0599975585938,754.6099853515625,753.9199829101562,754.4500122070312
2026-07-15 10:00:00-04:00,754.52001953125,755.1799926757812,754.5,754.77001953125
2026-07-15 10:05:00-04:00,754.8099975585938,755.3200073242188,754.6400146484375,755.0499877929688
2026-07-15 10:10:00-04:00,755.0599975585938,755.2150268554688,754.6400146484375,754.739990234375
2026-07-15 10:15:00-04:00,754.760009765625,755.5599975585938,754.7100219726562,755.3200073242188
2026-07-15 10:20:00-04:00,755.3300170898438,755.3699951171875,753.3499755859375,753.8049926757812
2026-07-15 10:25:00-04:00,753.7999877929688,754.7225952148438,753.3800048828125,754.6199951171875
2026-07-15 10:30:00-04:00,754.6400146484375,754.8699951171875,753.9500122070312,754.5999755859375
2026-07-15 10:35:00-04:00,754.6300048828125,754.7899780273438,753.5150146484375,753.669921875
2026-07-15 10:40:00-04:00,753.6699829101562,753.97998046875,752.8200073242188,753.5299072265625
2026-07-15 10:45:00-04:00,753.5050048828125,753.8300170898438,752.9099731445312,753.7899780273438
2026-07-15 10:50:00-04:00,753.7999877929688,753.8250122070312,752.7410278320312,753.0499877929688
2026-07-15 10:55:00-04:00,753.0800170898438,753.530029296875,752.8400268554688,753.460693359375
2026-07-15 11:00:00-04:00,753.47998046875,753.6799926757812,753.0599975585938,753.2100219726562
2026-07-15 11:05:00-04:00,753.2100219726562,754.1500244140625,752.989990234375,754.0349731445312
2026-07-15 11:10:00-04:00,754.030029296875,754.1599731445312,753.0800170898438,753.1400146484375
2026-07-15 11:15:00-04:00,753.135009765625,753.364990234375,752.2000122070312,753.280029296875
2026-07-15 11:20:00-04:00,753.27001953125,753.27001953125,752.469970703125,752.9199829101562
2026-07-15 11:25:00-04:00,752.9199829101562,753.6199951171875,752.780029296875,753.60498046875
2026-07-15 11:30:00-04:00,753.5999755859375,753.8400268554688,753.1500244140625,753.5700073242188
2026-07-15 11:35:00-04:00,753.530029296875,753.780029296875,753.030029296875,753.6799926757812
2026-07-15 11:40:00-04:00,753.6900024414062,753.760009765625,753.0399780273438,753.1500244140625
2026-07-15 11:45:00-04:00,753.1500244140625,753.239990234375,752.780029296875,752.8200073242188
2026-07-15 11:50:00-04:00,752.8099975585938,752.8300170898438,752.3300170898438,752.7100219726562
2026-07-15 11:55:00-04:00,752.6900024414062,752.780029296875,752.280029296875,752.6694946289062
2026-07-15 12:00:00-04:00,752.6400146484375,752.8280029296875,751.760009765625,752.0800170898438
2026-07-15 12:05:00-04:00,752.0900268554688,752.1099853515625,751.3900146484375,751.9500122070312
2026-07-15 12:10:00-04:00,751.9500122070312,752.0700073242188,751.1400146484375,751.219970703125
2026-07-15 12:15:00-04:00,751.2000122070312,751.3800048828125,750.9099731445312,751.0399780273438
2026-07-15 12:20:00-04:00,751.030029296875,751.1699829101562,750.4400024414062,750.5399780273438
2026-07-15 12:25:00-04:00,750.530029296875,750.8997192382812,750.4400024414062,750.8300170898438
2026-07-15 12:30:00-04:00,750.8099975585938,751.1900024414062,750.4500122070312,750.5499877929688
2026-07-15 12:35:00-04:00,750.5700073242188,750.6199951171875,750.219970703125,750.4400024414062
2026-07-15 12:40:00-04:00,750.4400024414062,750.9400024414062,750.2000122070312,750.9099731445312
2026-07-15 12:45:00-04:00,750.9199829101562,752.3200073242188,750.72998046875,751.3300170898438
2026-07-15 12:50:00-04:00,751.3300170898438,751.8400268554688,751.2899780273438,751.4299926757812
2026-07-15 12:55:00-04:00,751.4199829101562,751.6799926757812,750.9603271484375,751.6699829101562
2026-07-15 13:00:00-04:00,751.6799926757812,752.0700073242188,751.5800170898438,751.9199829101562
2026-07-15 13:05:00-04:00,751.9249877929688,752.4025268554688,751.8400268554688,752.0999755859375
2026-07-15 13:10:00-04:00,752.10498046875,752.260009765625,751.780029296875,751.7999877929688
2026-07-15 13:15:00-04:00,751.8099975585938,752.530029296875,751.760009765625,752.4000244140625
2026-07-15 13:20:00-04:00,752.405029296875,752.5900268554688,752.22998046875,752.4500122070312
2026-07-15 13:25:00-04:00,752.4500122070312,752.8499755859375,752.3499755859375,752.8099975585938
2026-07-15 13:30:00-04:00,752.8099975585938,753.2100219726562,752.8099975585938,753.0900268554688
2026-07-15 13:35:00-04:00,753.1090087890625,753.4500122070312,753.010009765625,753.3900146484375
2026-07-15 13:40:00-04:00,753.4000244140625,753.4400024414062,753.2000122070312,753.3300170898438
2026-07-15 13:45:00-04:00,753.3300170898438,754.0750122070312,753.25,754.0399780273438
2026-07-15 13:50:00-04:00,754.0349731445312,754.5499877929688,753.8499755859375,754.469970703125
2026-07-15 13:55:00-04:00,754.4600219726562,754.4600219726562,754.010009765625,754.1901245117188
2026-07-15 14:00:00-04:00,754.2000122070312,754.5499877929688,754.1400146484375,754.3400268554688
2026-07-15 14:05:00-04:00,754.3400268554688,754.6500244140625,754.280029296875,754.5499877929688
2026-07-15 14:10:00-04:00,754.5650024414062,754.75,754.5349731445312,754.5499877929688
2026-07-15 14:15:00-04:00,754.5549926757812,754.5599975585938,754.219970703125,754.3250122070312
2026-07-15 14:20:00-04:00,754.3250122070312,754.8400268554688,754.3150024414062,754.7000122070312
2026-07-15 14:25:00-04:00,754.7000122070312,754.7999877929688,754.5800170898438,754.635009765625
2026-07-15 14:30:00-04:00,754.635009765625,754.9199829101562,754.530029296875,754.8200073242188
2026-07-15 14:35:00-04:00,754.8099975585938,754.8200073242188,754.4400024414062,754.489990234375
2026-07-15 14:40:00-04:00,754.489990234375,754.5800170898438,754.0,754.02001953125
2026-07-15 14:45:00-04:00,754.030029296875,754.0399780273438,753.3800048828125,753.6300048828125
2026-07-15 14:50:00-04:00,753.6500244140625,753.7349853515625,753.1599731445312,753.3699951171875
2026-07-15 14:55:00-04:00,753.3400268554688,753.530029296875,753.0999755859375,753.1900024414062
2026-07-15 15:00:00-04:00,753.1900024414062,753.72998046875,753.0499877929688,753.6599731445312
2026-07-15 15:05:00-04:00,753.6699829101562,753.8300170898438,753.489990234375,753.5700073242188
2026-07-15 15:10:00-04:00,753.5399780273438,753.9299926757812,753.469970703125,753.780029296875
2026-07-15 15:15:00-04:00,753.780029296875,753.8400268554688,753.52001953125,753.530029296875
2026-07-15 15:20:00-04:00,753.530029296875,753.5599975585938,753.1699829101562,753.3400268554688
2026-07-15 15:25:00-04:00,753.3300170898438,753.77001953125,753.1699829101562,753.6300048828125
2026-07-15 15:30:00-04:00,753.6300048828125,753.9299926757812,753.0900268554688,753.260009765625
2026-07-15 15:35:00-04:00,753.280029296875,753.9000244140625,753.1300048828125,753.8499755859375
2026-07-15 15:40:00-04:00,753.8400268554688,754.2100219726562,753.77001953125,754.094970703125
2026-07-15 15:45:00-04:00,754.0800170898438,754.1500244140625,753.5,753.6300048828125
2026-07-15 15:50:00-04:00,753.6300048828125,754.1799926757812,753.6300048828125,754.1599731445312
2026-07-15 15:55:00-04:00,754.1599731445312,754.7999877929688,754.1599731445312,754.72998046875
2026-07-16 09:30:00-04:00,752.760009765625,753.52001953125,752.0900268554688,752.2000122070312
2026-07-16 09:35:00-04:00,752.2000122070312,752.52001953125,751.6400146484375,751.7100219726562
2026-07-16 09:40:00-04:00,751.719970703125,752.2899780273438,751.0900268554688,751.260009765625
2026-07-16 09:45:00-04:00,751.2999877929688,751.7000122070312,750.6699829101562,751.0499877929688
2026-07-16 09:50:00-04:00,751.0449829101562,752.260009765625,750.989990234375,751.47998046875
2026-07-16 09:55:00-04:00,751.47998046875,752.1199951171875,751.0,751.905029296875
2026-07-16 10:00:00-04:00,751.9000244140625,752.8201904296875,751.6400146484375,752.719970703125
2026-07-16 10:05:00-04:00,752.739990234375,753.5499877929688,752.5900268554688,753.3905029296875
2026-07-16 10:10:00-04:00,753.3900146484375,753.6099853515625,753.2000122070312,753.3599853515625
2026-07-16 10:15:00-04:00,753.3599853515625,753.9299926757812,753.2050170898438,753.8599853515625
2026-07-16 10:20:00-04:00,753.8599853515625,753.9299926757812,753.0700073242188,753.6699829101562
2026-07-16 10:25:00-04:00,753.6400146484375,754.3880004882812,753.2899780273438,754.3499755859375
2026-07-16 10:30:00-04:00,754.3400268554688,754.4400024414062,753.9849853515625,754.189208984375
2026-07-16 10:35:00-04:00,754.1699829101562,754.52001953125,753.8200073242188,753.9400024414062
2026-07-16 10:40:00-04:00,753.9299926757812,754.4298706054688,753.75,754.3699951171875
2026-07-16 10:45:00-04:00,754.3699951171875,754.5700073242188,754.1500244140625,754.1900024414062
2026-07-16 10:50:00-04:00,754.1699829101562,754.260009765625,753.530029296875,753.6790771484375
2026-07-16 10:55:00-04:00,753.6500244140625,754.2000122070312,753.3400268554688,754.1699829101562
2026-07-16 11:00:00-04:00,754.2000122070312,754.3800048828125,753.6099853515625,753.6599731445312
2026-07-16 11:05:00-04:00,753.6300048828125,753.7999877929688,753.0800170898438,753.530029296875
2026-07-16 11:10:00-04:00,753.52001953125,753.780029296875,753.0800170898438,753.3250122070312
2026-07-16 11:15:00-04:00,753.3300170898438,753.6397705078125,752.97998046875,753.6300048828125
2026-07-16 11:20:00-04:00,753.6199951171875,753.6500244140625,753.030029296875,753.6199951171875
2026-07-16 11:25:00-04:00,753.6199951171875,754.4400024414062,753.5599975585938,753.8001098632812
2026-07-16 11:30:00-04:00,753.8200073242188,754.22998046875,753.27001953125,754.2000122070312
2026-07-16 11:35:00-04:00,754.1900024414062,754.4000244140625,753.8300170898438,754.3200073242188
2026-07-16 11:40:00-04:00,754.3098754882812,754.405029296875,753.52001953125,753.6599731445312
2026-07-16 11:45:00-04:00,753.6599731445312,753.6599731445312,753.030029296875,753.5399780273438
2026-07-16 11:50:00-04:00,753.510009765625,754.0999755859375,753.510009765625,753.7899780273438
2026-07-16 11:55:00-04:00,753.780029296875,753.7899780273438,753.3099975585938,753.5700073242188
2026-07-16 12:00:00-04:00,753.5999755859375,753.5999755859375,752.72998046875,752.75
2026-07-16 12:05:00-04:00,752.7449951171875,753.0499877929688,752.3599853515625,752.8900146484375
2026-07-16 12:10:00-04:00,752.8900146484375,752.9000244140625,751.9600219726562,752.0399780273438
2026-07-16 12:15:00-04:00,752.030029296875,752.544921875,751.8900146484375,752.219970703125
2026-07-16 12:20:00-04:00,752.219970703125,752.219970703125,751.5399780273438,751.6599731445312
2026-07-16 12:25:00-04:00,751.6300048828125,752.1198120117188,751.4500122070312,751.9299926757812
2026-07-16 12:30:00-04:00,751.9400024414062,752.5399780273438,751.9099731445312,752.1900024414062
2026-07-16 12:35:00-04:00,752.1900024414062,752.3599853515625,751.8599853515625,751.9000244140625
2026-07-16 12:40:00-04:00,751.9000244140625,752.219970703125,751.780029296875,751.969970703125
2026-07-16 12:45:00-04:00,751.969970703125,752.2064819335938,751.5900268554688,752.010009765625
2026-07-16 12:50:00-04:00,752.010009765625,752.6699829101562,751.8699951171875,752.6099853515625
2026-07-16 12:55:00-04:00,752.5999755859375,752.969970703125,752.5999755859375,752.8599853515625
2026-07-16 13:00:00-04:00,752.8800048828125,752.9099731445312,752.2000122070312,752.5999755859375
2026-07-16 13:05:00-04:00,752.5800170898438,752.8200073242188,752.2000122070312,752.7000122070312
2026-07-16 13:10:00-04:00,752.6699829101562,752.780029296875,752.1300048828125,752.1900024414062
2026-07-16 13:15:00-04:00,752.1900024414062,752.530029296875,752.1099853515625,752.4199829101562
2026-07-16 13:20:00-04:00,752.4000244140625,752.52001953125,752.0399780273438,752.0399780273438
2026-07-16 13:25:00-04:00,752.0499877929688,752.8499755859375,752.030029296875,752.7050170898438
2026-07-16 13:30:00-04:00,752.7100219726562,752.8099975585938,752.0399169921875,752.1099853515625
2026-07-16 13:35:00-04:00,752.1199951171875,752.2001953125,751.5399780273438,751.6500244140625
2026-07-16 13:40:00-04:00,751.6400146484375,751.6400146484375,751.0999755859375,751.4199829101562
2026-07-16 13:45:00-04:00,751.4299926757812,751.8900146484375,751.0800170898438,751.6799926757812
2026-07-16 13:50:00-04:00,751.6950073242188,751.8900146484375,751.3699951171875,751.5800170898438
2026-07-16 13:55:00-04:00,751.5700073242188,751.5800170898438,751.0850219726562,751.3099975585938
2026-07-16 14:00:00-04:00,751.3300170898438,751.47998046875,750.8900146484375,750.8900146484375
2026-07-16 14:05:00-04:00,750.9000244140625,750.9450073242188,750.4600219726562,750.739990234375
2026-07-16 14:10:00-04:00,750.739990234375,751.4500122070312,750.7100219726562,750.72998046875
2026-07-16 14:15:00-04:00,750.7000122070312,751.3400268554688,750.4600219726562,751.2000122070312
2026-07-16 14:20:00-04:00,751.1900024414062,751.7100219726562,751.1400146484375,751.3400268554688
2026-07-16 14:25:00-04:00,751.3599853515625,751.5,750.8699951171875,750.9099731445312
2026-07-16 14:30:00-04:00,750.9199829101562,750.9299926757812,750.5499877929688,750.719970703125
2026-07-16 14:35:00-04:00,750.6799926757812,750.6799926757812,750.3499755859375,750.3599853515625
2026-07-16 14:40:00-04:00,750.3599853515625,750.7000122070312,749.9199829101562,750.52001953125
2026-07-16 14:45:00-04:00,750.5,750.9000244140625,750.2999877929688,750.77001953125
2026-07-16 14:50:00-04:00,750.760009765625,750.9299926757812,750.219970703125,750.219970703125
2026-07-16 14:55:00-04:00,750.219970703125,750.47998046875,750.1099853515625,750.22998046875
2026-07-16 15:00:00-04:00,750.219970703125,750.7000122070312,750.0900268554688,750.530029296875
2026-07-16 15:05:00-04:00,750.510009765625,750.6799926757812,749.760009765625,749.77001953125
2026-07-16 15:10:00-04:00,749.75,749.8499755859375,749.5800170898438,749.760009765625
2026-07-16 15:15:00-04:00,749.739990234375,749.8800048828125,749.4000854492188,749.760009765625
2026-07-16 15:20:00-04:00,749.760009765625,750.010009765625,749.5,749.510009765625
2026-07-16 15:25:00-04:00,749.5150146484375,749.6300048828125,748.8599853515625,749.0999755859375
2026-07-16 15:30:00-04:00,749.0800170898438,749.1599731445312,748.4299926757812,748.6900024414062
2026-07-16 15:35:00-04:00,748.6799926757812,749.1500244140625,748.4000244140625,749.030029296875
2026-07-16 15:40:00-04:00,749.02001953125,749.1599731445312,748.47998046875,748.52001953125
2026-07-16 15:45:00-04:00,748.510009765625,748.6300048828125,747.8800048828125,748.2100219726562
2026-07-16 15:50:00-04:00,748.2100219726562,750.0499877929688,748.1900024414062,749.97998046875
2026-07-16 15:55:00-04:00,749.989990234375,751.0399780273438,749.989990234375,750.760009765625
2026-07-17 09:30:00-04:00,742.0800170898438,742.6199951171875,741.010009765625,741.032470703125
2026-07-17 09:35:00-04:00,741.0399780273438,741.6599731445312,740.7999877929688,741.52001953125
2026-07-17 09:40:00-04:00,741.5,742.6699829101562,740.840087890625,741.0349731445312
2026-07-17 09:45:00-04:00,741.0499877929688,743.1400146484375,740.9500122070312,743.030029296875
2026-07-17 09:50:00-04:00,743.010009765625,744.2000122070312,743.0,743.88671875
2026-07-17 09:55:00-04:00,743.8800048828125,744.8300170898438,743.5999755859375,744.8101196289062
2026-07-17 10:00:00-04:00,744.8099975585938,745.7725219726562,744.6701049804688,745.3400268554688
2026-07-17 10:05:00-04:00,745.3200073242188,746.4600219726562,745.2999877929688,746.3200073242188
2026-07-17 10:10:00-04:00,746.3200073242188,746.7999877929688,745.9099731445312,746.280029296875
2026-07-17 10:15:00-04:00,746.2661743164062,747.2899780273438,746.1699829101562,746.5700073242188
2026-07-17 10:20:00-04:00,746.564208984375,747.0599975585938,746.2100219726562,746.8699951171875
2026-07-17 10:25:00-04:00,746.8699951171875,747.2100219726562,746.1699829101562,746.3350219726562
2026-07-17 10:30:00-04:00,746.3400268554688,746.5999755859375,745.5999755859375,745.989990234375
2026-07-17 10:35:00-04:00,745.9949951171875,746.7899780273438,745.7337036132812,746.72998046875
2026-07-17 10:40:00-04:00,746.719970703125,746.7750244140625,745.75,745.8800048828125
2026-07-17 10:45:00-04:00,745.8599853515625,746.5900268554688,745.260009765625,745.6849975585938
2026-07-17 10:50:00-04:00,745.6900024414062,745.8300170898438,745.2000122070312,745.4199829101562
2026-07-17 10:55:00-04:00,745.3900146484375,746.1900024414062,744.8499755859375,745.0499877929688
2026-07-17 11:00:00-04:00,745.0499877929688,745.2235107421875,744.1400146484375,744.22998046875
2026-07-17 11:05:00-04:00,744.22998046875,745.010009765625,744.1484985351562,744.8699951171875
2026-07-17 11:10:00-04:00,744.8800048828125,745.2100219726562,744.1099853515625,744.3200073242188
2026-07-17 11:15:00-04:00,744.3599853515625,744.8499755859375,743.97998046875,744.5399780273438
2026-07-17 11:20:00-04:00,744.5499877929688,744.9000244140625,743.9600219726562,744.2908935546875
2026-07-17 11:25:00-04:00,744.3099975585938,745.5700073242188,744.280029296875,745.4450073242188
2026-07-17 11:30:00-04:00,745.4400024414062,745.9000244140625,744.8599853515625,745.0399780273438
2026-07-17 11:35:00-04:00,745.010009765625,745.77001953125,744.4401245117188,745.6599731445312
2026-07-17 11:40:00-04:00,745.6400146484375,745.9000244140625,744.97998046875,745.5
2026-07-17 11:45:00-04:00,745.489990234375,745.6099853515625,744.8099975585938,745.5709838867188
2026-07-17 11:50:00-04:00,745.5800170898438,746.0908813476562,745.1699829101562,746.0908813476562
2026-07-17 11:55:00-04:00,746.0900268554688,747.0599975585938,746.0018920898438,746.8699951171875
2026-07-17 12:00:00-04:00,746.8800048828125,747.0999755859375,745.1799926757812,745.5499877929688
2026-07-17 12:05:00-04:00,745.5499877929688,745.9600219726562,744.8300170898438,745.9500122070312
2026-07-17 12:10:00-04:00,745.9450073242188,746.3699951171875,745.7000122070312,746.27001953125
2026-07-17 12:15:00-04:00,746.2899780273438,746.5700073242188,746.010009765625,746.364990234375
2026-07-17 12:20:00-04:00,746.3599853515625,746.52001953125,745.2100219726562,745.239990234375
2026-07-17 12:25:00-04:00,745.27001953125,746.5,745.1420288085938,745.9400024414062
2026-07-17 12:30:00-04:00,745.9500122070312,746.1760864257812,745.5399780273438,745.5599975585938
2026-07-17 12:35:00-04:00,745.60498046875,746.0499877929688,745.5599975585938,745.9099731445312
2026-07-17 12:40:00-04:00,745.9000244140625,746.4500122070312,745.5999755859375,746.4099731445312
2026-07-17 12:45:00-04:00,746.4299926757812,747.010009765625,746.22998046875,746.8685302734375
2026-07-17 12:50:00-04:00,746.8599853515625,747.27001953125,746.5800170898438,746.8510131835938
2026-07-17 12:55:00-04:00,746.8599853515625,746.9500122070312,746.1300048828125,746.3200073242188
2026-07-17 13:00:00-04:00,746.3699951171875,747.1699829101562,746.219970703125,746.6900024414062
2026-07-17 13:05:00-04:00,746.6599731445312,747.0,746.4500122070312,746.9600219726562
2026-07-17 13:10:00-04:00,746.969970703125,747.1199951171875,746.3900146484375,746.4199829101562
2026-07-17 13:15:00-04:00,746.4000244140625,746.97998046875,746.2338256835938,746.280029296875
2026-07-17 13:20:00-04:00,746.27001953125,746.4400024414062,745.969970703125,746.2899780273438
2026-07-17 13:25:00-04:00,746.2999877929688,747.02001953125,746.27001953125,746.8699951171875
2026-07-17 13:30:00-04:00,746.8800048828125,746.989990234375,746.5399780273438,746.6099853515625
2026-07-17 13:35:00-04:00,746.6199951171875,746.6799926757812,745.9099731445312,746.02001953125
2026-07-17 13:40:00-04:00,746.010009765625,746.0599975585938,745.510009765625,745.5999755859375
2026-07-17 13:45:00-04:00,745.5999755859375,745.8909301757812,745.4000244140625,745.5700073242188
2026-07-17 13:50:00-04:00,745.5700073242188,745.6400146484375,744.760009765625,744.9000244140625
2026-07-17 13:55:00-04:00,744.8905029296875,744.9995727539062,744.3800048828125,744.5800170898438
2026-07-17 14:00:00-04:00,744.5800170898438,745.1400146484375,744.3800048828125,744.6475219726562
2026-07-17 14:05:00-04:00,744.6400146484375,744.6400146484375,744.1599731445312,744.3300170898438
2026-07-17 14:10:00-04:00,744.3099975585938,744.489990234375,744.0900268554688,744.1099853515625
2026-07-17 14:15:00-04:00,744.1199951171875,744.2030029296875,743.5859985351562,743.8300170898438
2026-07-17 14:20:00-04:00,743.8499755859375,744.1699829101562,743.5499877929688,743.739990234375
2026-07-17 14:25:00-04:00,743.72998046875,743.75,743.239990234375,743.7100219726562
2026-07-17 14:30:00-04:00,743.6900024414062,744.3400268554688,743.4199829101562,743.6611938476562
2026-07-17 14:35:00-04:00,743.6699829101562,743.9500122070312,743.510009765625,743.72998046875
2026-07-17 14:40:00-04:00,743.75,743.7999877929688,743.0999755859375,743.260009765625
2026-07-17 14:45:00-04:00,743.239990234375,744.25,743.094970703125,743.8905029296875
2026-07-17 14:50:00-04:00,743.8995971679688,744.5798950195312,743.6799926757812,744.5599975585938
2026-07-17 14:55:00-04:00,744.5650024414062,744.6599731445312,744.1599731445312,744.3699951171875
2026-07-17 15:00:00-04:00,744.3900146484375,744.469970703125,743.739990234375,743.8599853515625
2026-07-17 15:05:00-04:00,743.8699951171875,743.989990234375,743.3800048828125,743.4099731445312
2026-07-17 15:10:00-04:00,743.4099731445312,743.47998046875,742.719970703125,742.760009765625
2026-07-17 15:15:00-04:00,742.739990234375,742.97998046875,742.5700073242188,742.9199829101562
2026-07-17 15:20:00-04:00,742.9000244140625,742.9000244140625,742.3400268554688,742.3599853515625
2026-07-17 15:25:00-04:00,742.330078125,743.280029296875,742.1300048828125,743.1599731445312
2026-07-17 15:30:00-04:00,743.1699829101562,743.6199951171875,742.77001953125,743.030029296875
2026-07-17 15:35:00-04:00,743.030029296875,743.530029296875,742.72998046875,742.8300170898438
2026-07-17 15:40:00-04:00,742.8300170898438,743.6199951171875,742.5999755859375,743.47998046875
2026-07-17 15:45:00-04:00,743.47998046875,744.0399780273438,743.3699951171875,744.0399780273438
2026-07-17 15:50:00-04:00,744.030029296875,744.2899780273438,743.47998046875,743.969970703125
2026-07-17 15:55:00-04:00,744.0,744.4000244140625,742.9199829101562,743.155029296875
2026-07-20 09:30:00-04:00,747.0599975585938,748.0499877929688,746.7999877929688,748.0499877929688
2026-07-20 09:35:00-04:00,748.030029296875,748.7100219726562,747.72998046875,748.1699829101562
2026-07-20 09:40:00-04:00,748.1699829101562,748.5900268554688,748.0599975585938,748.5599975585938
2026-07-20 09:45:00-04:00,748.5700073242188,748.72998046875,747.530029296875,747.5800170898438
2026-07-20 09:50:00-04:00,747.5800170898438,747.8400268554688,746.25,746.4550170898438
2026-07-20 09:55:00-04:00,746.4500122070312,746.489990234375,745.52001953125,745.6900024414062
2026-07-20 10:00:00-04:00,745.6799926757812,746.3599853515625,745.3900146484375,745.885009765625
2026-07-20 10:05:00-04:00,745.9000244140625,746.1199951171875,745.27001953125,745.4000244140625
2026-07-20 10:10:00-04:00,745.3400268554688,745.3800048828125,744.7650146484375,744.989990234375
2026-07-20 10:15:00-04:00,745.02001953125,745.47998046875,744.6300048828125,744.9000244140625
2026-07-20 10:20:00-04:00,744.8499755859375,745.2100219726562,744.260009765625,744.969970703125
2026-07-20 10:25:00-04:00,744.969970703125,745.739990234375,744.9099731445312,745.6799926757812
2026-07-20 10:30:00-04:00,745.6900024414062,745.9600219726562,745.0399780273438,745.260009765625
2026-07-20 10:35:00-04:00,745.260009765625,745.530029296875,744.9598999023438,745.3300170898438
2026-07-20 10:40:00-04:00,745.3499755859375,745.7899780273438,744.7520141601562,744.8900146484375
2026-07-20 10:45:00-04:00,744.8800048828125,745.739990234375,744.4901123046875,744.6400146484375
2026-07-20 10:50:00-04:00,744.6199951171875,744.9400024414062,744.1500244140625,744.3250122070312
2026-07-20 10:55:00-04:00,744.3200073242188,744.489990234375,743.6900024414062,744.1099853515625
2026-07-20 11:00:00-04:00,744.1400146484375,744.8800048828125,743.8049926757812,744.5800170898438
2026-07-20 11:05:00-04:00,744.5599975585938,745.4849853515625,743.8499755859375,745.4099731445312
2026-07-20 11:10:00-04:00,745.4000244140625,745.4600219726562,744.6699829101562,744.7999877929688
2026-07-20 11:15:00-04:00,744.7999877929688,745.530029296875,744.6099853515625,745.27001953125
2026-07-20 11:20:00-04:00,745.260009765625,745.969970703125,745.0700073242188,745.75
2026-07-20 11:25:00-04:00,745.719970703125,745.969970703125,745.219970703125,745.8699951171875
2026-07-20 11:30:00-04:00,745.8900146484375,746.02001953125,745.77001953125,745.8800048828125
2026-07-20 11:35:00-04:00,745.9000244140625,745.9299926757812,745.3900146484375,745.4600219726562
2026-07-20 11:40:00-04:00,745.469970703125,745.969970703125,745.280029296875,745.969970703125
2026-07-20 11:45:00-04:00,745.97998046875,745.989990234375,745.0999755859375,745.2999877929688
2026-07-20 11:50:00-04:00,745.2899780273438,746.3599853515625,745.1300048828125,746.219970703125
2026-07-20 11:55:00-04:00,746.22998046875,746.4400024414062,745.9400024414062,745.989990234375
2026-07-20 12:00:00-04:00,746.0,746.25,745.5800170898438,746.1599731445312
2026-07-20 12:05:00-04:00,746.1599731445312,746.8350219726562,746.1599731445312,746.7999877929688
2026-07-20 12:10:00-04:00,746.780029296875,747.0050048828125,746.6400146484375,746.7899780273438
2026-07-20 12:15:00-04:00,746.8300170898438,746.844970703125,746.3099975585938,746.6799926757812
2026-07-20 12:20:00-04:00,746.7000122070312,746.8800048828125,746.6199951171875,746.780029296875
2026-07-20 12:25:00-04:00,746.780029296875,746.8300170898438,746.1699829101562,746.5
2026-07-20 12:30:00-04:00,746.489990234375,746.780029296875,745.7999877929688,745.8300170898438
2026-07-20 12:35:00-04:00,745.8200073242188,746.3699951171875,745.8099975585938,746.3499755859375
2026-07-20 12:40:00-04:00,746.3300170898438,746.52001953125,744.5,745.4299926757812
2026-07-20 12:45:00-04:00,745.4099731445312,746.1799926757812,745.2100219726562,746.1300048828125
2026-07-20 12:50:00-04:00,746.1199951171875,746.155029296875,744.9099731445312,744.969970703125
2026-07-20 12:55:00-04:00,744.969970703125,745.1900024414062,744.72998046875,745.0
2026-07-20 13:00:00-04:00,745.010009765625,745.2100219726562,744.5499877929688,744.552490234375
2026-07-20 13:05:00-04:00,744.5399780273438,744.6500244140625,744.1300048828125,744.5900268554688
2026-07-20 13:10:00-04:00,744.5900268554688,744.6400146484375,743.8400268554688,743.9000244140625
2026-07-20 13:15:00-04:00,743.8900146484375,744.260009765625,743.5599975585938,744.1199951171875
2026-07-20 13:20:00-04:00,744.114990234375,744.489990234375,743.969970703125,744.1099853515625
2026-07-20 13:25:00-04:00,744.0999755859375,744.3699951171875,743.8900146484375,744.1199951171875
2026-07-20 13:30:00-04:00,744.1300048828125,744.4201049804688,743.9500122070312,744.3250122070312
2026-07-20 13:35:00-04:00,744.2999877929688,744.5399780273438,743.989990234375,744.010009765625
2026-07-20 13:40:00-04:00,744.030029296875,744.0499877929688,743.5900268554688,743.760009765625
2026-07-20 13:45:00-04:00,743.77001953125,744.3499755859375,743.6300048828125,744.25
2026-07-20 13:50:00-04:00,744.219970703125,744.9199829101562,744.2100219726562,744.6500244140625
2026-07-20 13:55:00-04:00,744.6500244140625,744.6900024414062,744.2100830078125,744.5499877929688
2026-07-20 14:00:00-04:00,744.5499877929688,745.1699829101562,744.5499877929688,744.8499755859375
2026-07-20 14:05:00-04:00,744.8400268554688,744.9400024414062,744.530029296875,744.875
2026-07-20 14:10:00-04:00,744.9000244140625,745.219970703125,744.7100219726562,745.030029296875
2026-07-20 14:15:00-04:00,745.02001953125,745.3800048828125,744.8800048828125,745.239990234375
2026-07-20 14:20:00-04:00,745.219970703125,745.2899780273438,744.25,744.280029296875
2026-07-20 14:25:00-04:00,744.2899780273438,744.7999877929688,744.1300048828125,744.469970703125
2026-07-20 14:30:00-04:00,744.469970703125,744.489990234375,743.47998046875,743.6649780273438
2026-07-20 14:35:00-04:00,743.6599731445312,744.2949829101562,743.4400024414062,743.5750122070312
2026-07-20 14:40:00-04:00,743.5750122070312,743.6199951171875,742.530029296875,742.5449829101562
2026-07-20 14:45:00-04:00,742.5499877929688,743.0499877929688,742.4299926757812,742.7000122070312
2026-07-20 14:50:00-04:00,742.7100219726562,743.22998046875,742.5599975585938,743.0999755859375
2026-07-20 14:55:00-04:00,743.094970703125,743.1400146484375,742.47998046875,742.719970703125
2026-07-20 15:00:00-04:00,742.760009765625,743.1900024414062,742.4199829101562,742.5900268554688
2026-07-20 15:05:00-04:00,742.5900268554688,742.8209838867188,742.25,742.6950073242188
2026-07-20 15:10:00-04:00,742.6994018554688,743.0999755859375,741.7000122070312,741.7000122070312
2026-07-20 15:15:00-04:00,741.7100219726562,742.2100219726562,741.5103149414062,741.9199829101562
2026-07-20 15:20:00-04:00,741.9299926757812,742.4299926757812,741.7899780273438,742.2999877929688
2026-07-20 15:25:00-04:00,742.3200073242188,742.9199829101562,741.8599853515625,742.72998046875
2026-07-20 15:30:00-04:00,742.739990234375,743.2000122070312,742.3400268554688,742.97998046875
2026-07-20 15:35:00-04:00,742.9600219726562,743.1300048828125,742.510009765625,742.97998046875
2026-07-20 15:40:00-04:00,742.969970703125,743.3400268554688,742.7999877929688,742.989990234375
2026-07-20 15:45:00-04:00,743.0,743.25,742.7000122070312,743.0800170898438
2026-07-20 15:50:00-04:00,743.0700073242188,743.0700073242188,741.760009765625,742.2000122070312
2026-07-20 15:55:00-04:00,742.1799926757812,742.239990234375,741.6099853515625,742.1400146484375
2026-07-21 09:30:00-04:00,746.2899780273438,746.6799926757812,745.1199951171875,745.5999755859375
2026-07-21 09:35:00-04:00,745.6099853515625,746.231689453125,745.27001953125,745.280029296875
2026-07-21 09:40:00-04:00,745.260009765625,745.3099975585938,744.2708740234375,744.510009765625
2026-07-21 09:45:00-04:00,744.52001953125,745.0,744.1799926757812,744.9500122070312
2026-07-21 09:50:00-04:00,744.969970703125,745.3499755859375,744.260009765625,745.0700073242188
2026-07-21 09:55:00-04:00,745.0499877929688,745.364990234375,744.6099853515625,745.3599853515625
2026-07-21 10:00:00-04:00,745.3699951171875,745.869873046875,744.9600219726562,745.4199829101562
2026-07-21 10:05:00-04:00,745.4199829101562,745.77001953125,745.02001953125,745.1950073242188
2026-07-21 10:10:00-04:00,745.1900024414062,745.8599853515625,744.9500122070312,745.7449951171875
2026-07-21 10:15:00-04:00,745.719970703125,746.1699829101562,744.7899780273438,746.02001953125
2026-07-21 10:20:00-04:00,746.0150146484375,746.1900024414062,745.4550170898438,745.97998046875
2026-07-21 10:25:00-04:00,745.9600219726562,746.989990234375,745.9299926757812,746.8699951171875
2026-07-21 10:30:00-04:00,746.8499755859375,747.25,746.5800170898438,746.7999877929688
2026-07-21 10:35:00-04:00,746.7949829101562,747.02001953125,746.0900268554688,746.2999877929688
2026-07-21 10:40:00-04:00,746.2999877929688,746.635009765625,745.77001953125,746.5999755859375
2026-07-21 10:45:00-04:00,746.6099853515625,747.260009765625,746.4500122070312,746.9099731445312
2026-07-21 10:50:00-04:00,746.9099731445312,746.9600219726562,746.5,746.6900024414062
2026-07-21 10:55:00-04:00,746.6799926757812,746.7899780273438,746.260009765625,746.739990234375
2026-07-21 11:00:00-04:00,746.77001953125,746.8900146484375,745.8300170898438,746.0009765625
2026-07-21 11:05:00-04:00,746.0,747.0700073242188,745.8499755859375,746.97998046875
2026-07-21 11:10:00-04:00,746.97998046875,747.52001953125,746.9400024414062,747.2097778320312
2026-07-21 11:15:00-04:00,747.2100219726562,747.5499877929688,747.1588134765625,747.4099731445312
2026-07-21 11:20:00-04:00,747.4099731445312,747.97998046875,747.3200073242188,747.656005859375
2026-07-21 11:25:00-04:00,747.6544189453125,748.010009765625,747.6099853515625,748.0
2026-07-21 11:30:00-04:00,747.97998046875,748.0,747.4099731445312,747.7750244140625
2026-07-21 11:35:00-04:00,747.7899780273438,747.9299926757812,747.4299926757812,747.5800170898438
2026-07-21 11:40:00-04:00,747.5599975585938,747.8588256835938,747.5198974609375,747.594970703125
2026-07-21 11:45:00-04:00,747.580322265625,747.9199829101562,747.530029296875,747.8115234375
2026-07-21 11:50:00-04:00,747.8200073242188,747.97998046875,747.7000122070312,747.719970703125
2026-07-21 11:55:00-04:00,747.77001953125,747.9000244140625,747.469970703125,747.52001953125
2026-07-21 12:00:00-04:00,747.52001953125,748.22998046875,747.489990234375,748.219970703125
2026-07-21 12:05:00-04:00,748.2255249023438,748.3099975585938,748.0700073242188,748.1500244140625
2026-07-21 12:10:00-04:00,748.1497802734375,748.27001953125,748.0399780273438,748.22998046875
2026-07-21 12:15:00-04:00,748.239990234375,748.530029296875,748.219970703125,748.469970703125
2026-07-21 12:20:00-04:00,748.47998046875,748.75,748.4099731445312,748.5800170898438
2026-07-21 12:25:00-04:00,748.5800170898438,748.7000122070312,748.4400024414062,748.6599731445312
2026-07-21 12:30:00-04:00,748.6400146484375,748.780029296875,748.4801025390625,748.6849975585938
2026-07-21 12:35:00-04:00,748.680908203125,748.719970703125,748.489990234375,748.6699829101562
2026-07-21 12:40:00-04:00,748.6699829101562,748.739990234375,748.5,748.6099853515625
2026-07-21 12:45:00-04:00,748.6300048828125,748.6500244140625,748.4000244140625,748.489990234375
2026-07-21 12:50:00-04:00,748.489990234375,748.9949951171875,748.4500122070312,748.9598999023438
2026-07-21 12:55:00-04:00,748.9600219726562,749.0399780273438,748.6799926757812,748.6900024414062
2026-07-21 13:00:00-04:00,748.6884155273438,748.8300170898438,748.5805053710938,748.6199951171875
2026-07-21 13:05:00-04:00,748.6199951171875,748.85498046875,748.5800170898438,748.7100219726562
2026-07-21 13:10:00-04:00,748.719970703125,748.739990234375,748.530029296875,748.5999755859375
2026-07-21 13:15:00-04:00,748.6099853515625,748.6599731445312,748.3300170898438,748.35498046875
2026-07-21 13:20:00-04:00,748.3499755859375,748.47998046875,748.25,748.4000244140625
2026-07-21 13:25:00-04:00,748.4199829101562,748.47998046875,748.239990234375,748.3599853515625
2026-07-21 13:30:00-04:00,748.3599853515625,748.5700073242188,748.2150268554688,748.3599853515625
2026-07-21 13:35:00-04:00,748.3499755859375,748.7999877929688,748.3400268554688,748.7000122070312
2026-07-21 13:40:00-04:00,748.7000122070312,748.72998046875,748.510009765625,748.669921875
2026-07-21 13:45:00-04:00,748.6599731445312,748.8599853515625,748.5499877929688,748.8200073242188
2026-07-21 13:50:00-04:00,748.8400268554688,748.9299926757812,748.6599731445312,748.6799926757812
2026-07-21 13:55:00-04:00,748.6749877929688,748.719970703125,748.4400024414062,748.5900268554688
2026-07-21 14:00:00-04:00,748.5900268554688,748.77001953125,748.260009765625,748.3200073242188
2026-07-21 14:05:00-04:00,748.2999877929688,748.5499877929688,748.27001953125,748.4550170898438
2026-07-21 14:10:00-04:00,748.4400024414062,748.5490112304688,748.1199951171875,748.1599731445312
2026-07-21 14:15:00-04:00,748.1699829101562,748.27001953125,748.0900268554688,748.2100219726562
2026-07-21 14:20:00-04:00,748.1900024414062,748.4000244140625,748.1099853515625,748.2999877929688
2026-07-21 14:25:00-04:00,748.2899780273438,748.2999877929688,748.0650024414062,748.2100219726562
2026-07-21 14:30:00-04:00,748.219970703125,748.260009765625,747.9400024414062,747.969970703125
2026-07-21 14:35:00-04:00,747.969970703125,748.27001953125,747.9600219726562,748.1500244140625
2026-07-21 14:40:00-04:00,748.1500244140625,748.6099853515625,748.02001953125,748.5399780273438
2026-07-21 14:45:00-04:00,748.530029296875,748.6400146484375,748.3800048828125,748.4500122070312
2026-07-21 14:50:00-04:00,748.469970703125,748.510009765625,748.25,748.25927734375
2026-07-21 14:55:00-04:00,748.25,748.5700073242188,748.22998046875,748.3699951171875
2026-07-21 15:00:00-04:00,748.3800048828125,748.469970703125,748.1500244140625,748.27001953125
2026-07-21 15:05:00-04:00,748.25,748.4199829101562,748.1199951171875,748.135009765625
2026-07-21 15:10:00-04:00,748.1400146484375,748.4299926757812,748.0900268554688,748.239990234375
2026-07-21 15:15:00-04:00,748.25,748.4600219726562,748.1900024414062,748.3099975585938
2026-07-21 15:20:00-04:00,748.3099975585938,748.3900146484375,748.1900024414062,748.3099975585938
2026-07-21 15:25:00-04:00,748.2899780273438,748.4600219726562,748.219970703125,748.260009765625
2026-07-21 15:30:00-04:00,748.25,748.3900146484375,748.1500244140625,748.1799926757812
2026-07-21 15:35:00-04:00,748.1699829101562,748.5700073242188,748.1199951171875,748.4099731445312
2026-07-21 15:40:00-04:00,748.4005126953125,748.5880126953125,748.239990234375,748.530029296875
2026-07-21 15:45:00-04:00,748.530029296875,748.6400146484375,748.2449951171875,748.60498046875
2026-07-21 15:50:00-04:00,748.5900268554688,748.7000122070312,748.2899780273438,748.3800048828125
2026-07-21 15:55:00-04:00,748.3800048828125,748.5800170898438,748.0900268554688,748.3300170898438
2026-07-22 09:30:00-04:00,746.6199951171875,747.5700073242188,746.3699951171875,747.3150024414062
2026-07-22 09:35:00-04:00,747.3099975585938,747.489990234375,747.02001953125,747.4000244140625
2026-07-22 09:40:00-04:00,747.4099731445312,747.7000122070312,747.0900268554688,747.5700073242188
2026-07-22 09:45:00-04:00,747.5999755859375,748.0599975585938,747.5700073242188,747.760009765625
2026-07-22 09:50:00-04:00,747.739990234375,748.1799926757812,747.39501953125,748.1500244140625
2026-07-22 09:55:00-04:00,748.1300048828125,748.7849731445312,748.02001953125,748.780029296875
2026-07-22 10:00:00-04:00,748.77001953125,748.969970703125,748.52001953125,748.969970703125
2026-07-22 10:05:00-04:00,748.969970703125,749.3800048828125,748.510009765625,748.5401000976562
2026-07-22 10:10:00-04:00,748.5399780273438,748.7750244140625,748.110107421875,748.239990234375
2026-07-22 10:15:00-04:00,748.260009765625,748.3200073242188,747.77001953125,748.1300048828125
2026-07-22 10:20:00-04:00,748.1400146484375,748.4299926757812,747.3800048828125,747.5999755859375
2026-07-22 10:25:00-04:00,747.6300048828125,747.8099975585938,747.0900268554688,747.2999877929688
2026-07-22 10:30:00-04:00,747.2899780273438,747.7899780273438,747.1699829101562,747.239990234375
2026-07-22 10:35:00-04:00,747.260009765625,747.4500122070312,747.05078125,747.3099975585938
2026-07-22 10:40:00-04:00,747.2999877929688,747.4500122070312,746.760009765625,746.780029296875
2026-07-22 10:45:00-04:00,746.7899780273438,747.469970703125,746.6799926757812,747.3699951171875
2026-07-22 10:50:00-04:00,747.3800048828125,747.6500244140625,747.0900268554688,747.4199829101562
2026-07-22 10:55:00-04:00,747.3900146484375,747.9769897460938,747.1500244140625,747.9349975585938
2026-07-22 11:00:00-04:00,747.9299926757812,748.4400024414062,747.8900146484375,748.3049926757812
2026-07-22 11:05:00-04:00,748.2999877929688,748.75,748.2000122070312,748.6099853515625
2026-07-22 11:10:00-04:00,748.6099853515625,749.039306640625,748.5900268554688,748.875
2026-07-22 11:15:00-04:00,748.8800048828125,748.9849853515625,748.52001953125,748.8599853515625
2026-07-22 11:20:00-04:00,748.8699951171875,749.4000244140625,748.8300170898438,749.3099975585938
2026-07-22 11:25:00-04:00,749.3200073242188,749.6799926757812,749.2606811523438,749.4099731445312
2026-07-22 11:30:00-04:00,749.4199829101562,749.510009765625,748.9199829101562,748.9600219726562
2026-07-22 11:35:00-04:00,748.9849853515625,749.1400146484375,748.7506713867188,748.9149780273438
2026-07-22 11:40:00-04:00,748.9149780273438,749.2100219726562,748.8499755859375,749.0
2026-07-22 11:45:00-04:00,749.02001953125,749.3800048828125,749.02001953125,749.3800048828125
2026-07-22 11:50:00-04:00,749.3800048828125,749.5900268554688,749.22998046875,749.280029296875
2026-07-22 11:55:00-04:00,749.260009765625,749.7899780273438,749.1799926757812,749.760009765625
2026-07-22 12:00:00-04:00,749.760009765625,749.8200073242188,749.489990234375,749.6849975585938
2026-07-22 12:05:00-04:00,749.6900024414062,749.9099731445312,749.5399780273438,749.7449951171875
2026-07-22 12:10:00-04:00,749.739990234375,749.7899780273438,749.5999755859375,749.7100219726562
2026-07-22 12:15:00-04:00,749.7100219726562,750.02001953125,749.6799926757812,749.9749755859375
2026-07-22 12:20:00-04:00,749.969970703125,749.969970703125,749.780029296875,749.8699951171875
2026-07-22 12:25:00-04:00,749.8699951171875,749.9400024414062,749.6799926757812,749.8499755859375
2026-07-22 12:30:00-04:00,749.8599853515625,750.0048217773438,749.75,749.9299926757812
2026-07-22 12:35:00-04:00,749.9199829101562,749.9600219726562,749.7899780273438,749.8699951171875
2026-07-22 12:40:00-04:00,749.8900146484375,749.8900146484375,749.6400146484375,749.7550048828125
2026-07-22 12:45:00-04:00,749.760009765625,749.9000244140625,749.52001953125,749.60498046875
2026-07-22 12:50:00-04:00,749.6099853515625,749.6799926757812,749.47998046875,749.52001953125
2026-07-22 12:55:00-04:00,749.510009765625,749.9500122070312,749.5,749.8300170898438
2026-07-22 13:00:00-04:00,749.8350219726562,749.9600219726562,749.3699951171875,749.5
2026-07-22 13:05:00-04:00,749.5,749.75,749.47998046875,749.6099853515625
2026-07-22 13:10:00-04:00,749.5999755859375,749.6199951171875,749.25,749.3200073242188
2026-07-22 13:15:00-04:00,749.3099975585938,749.4299926757812,749.1900024414062,749.25
2026-07-22 13:20:00-04:00,749.239990234375,749.260009765625,748.9500122070312,749.1749877929688
2026-07-22 13:25:00-04:00,749.1699829101562,749.3900146484375,749.0,749.0444946289062
2026-07-22 13:30:00-04:00,749.0499877929688,749.2899780273438,748.8599853515625,748.8800048828125
2026-07-22 13:35:00-04:00,748.8800048828125,749.4099731445312,748.8499755859375,749.3599853515625
2026-07-22 13:40:00-04:00,749.3599853515625,749.3699951171875,749.0499877929688,749.1199951171875
2026-07-22 13:45:00-04:00,749.1300048828125,749.22998046875,749.0150146484375,749.0499877929688
2026-07-22 13:50:00-04:00,749.0399780273438,749.1500244140625,748.6920166015625,748.7100219726562
2026-07-22 13:55:00-04:00,748.7000122070312,748.7000122070312,748.3900146484375,748.52001953125
2026-07-22 14:00:00-04:00,748.5150146484375,748.7100219726562,748.2000122070312,748.3800048828125
2026-07-22 14:05:00-04:00,748.3800048828125,748.6900024414062,748.27001953125,748.3289794921875
2026-07-22 14:10:00-04:00,748.2999877929688,748.4000244140625,748.010009765625,748.0399780273438
2026-07-22 14:15:00-04:00,748.030029296875,748.3900146484375,748.0250244140625,748.22998046875
2026-07-22 14:20:00-04:00,748.25,748.5900268554688,748.1599731445312,748.2225952148438
2026-07-22 14:25:00-04:00,748.22998046875,748.5499877929688,748.2100219726562,748.489990234375
2026-07-22 14:30:00-04:00,748.489990234375,748.489990234375,748.0499877929688,748.2000122070312
2026-07-22 14:35:00-04:00,748.1900024414062,748.469970703125,748.1599731445312,748.4099731445312
2026-07-22 14:40:00-04:00,748.4299926757812,748.469970703125,748.22998046875,748.2901000976562
2026-07-22 14:45:00-04:00,748.2899780273438,748.5999755859375,748.2048950195312,748.2224731445312
2026-07-22 14:50:00-04:00,748.219970703125,748.5798950195312,748.1099853515625,748.52001953125
2026-07-22 14:55:00-04:00,748.5,748.5900268554688,748.37890625,748.4099731445312
2026-07-22 15:00:00-04:00,748.4400024414062,748.4600219726562,748.1500244140625,748.239990234375
2026-07-22 15:05:00-04:00,748.2449951171875,748.3499755859375,748.1500244140625,748.1900024414062
2026-07-22 15:10:00-04:00,748.2000122070312,748.239990234375,747.8300170898438,747.8900146484375
2026-07-22 15:15:00-04:00,747.9000244140625,748.1900024414062,747.8300170898438,748.1099853515625
2026-07-22 15:20:00-04:00,748.1099853515625,748.1199951171875,747.7999877929688,747.8499755859375
2026-07-22 15:25:00-04:00,747.8499755859375,748.0999755859375,747.6500244140625,748.0
2026-07-22 15:30:00-04:00,748.0,748.0,747.6699829101562,747.7100219726562
2026-07-22 15:35:00-04:00,747.7100219726562,747.7999877929688,747.3599853515625,747.4099731445312
2026-07-22 15:40:00-04:00,747.4215087890625,747.9199829101562,747.4199829101562,747.7899780273438
2026-07-22 15:45:00-04:00,747.7949829101562,748.0700073242188,747.7550048828125,747.97998046875
2026-07-22 15:50:00-04:00,747.989990234375,748.2999877929688,747.6900024414062,747.8099975585938
2026-07-22 15:55:00-04:00,747.8200073242188,748.239990234375,747.2949829101562,747.3300170898438
2026-07-23 09:30:00-04:00,739.3699951171875,741.3699951171875,738.469970703125,741.3200073242188
2026-07-23 09:35:00-04:00,741.2999877929688,741.8699951171875,740.8499755859375,741.4450073242188
2026-07-23 09:40:00-04:00,741.4199829101562,742.5599975585938,741.4199829101562,741.8200073242188
2026-07-23 09:45:00-04:00,741.8499755859375,741.9949951171875,740.1699829101562,740.4000244140625
2026-07-23 09:50:00-04:00,740.3699951171875,740.9450073242188,739.719970703125,740.9299926757812
2026-07-23 09:55:00-04:00,740.9500122070312,741.280029296875,739.2999877929688,739.5750122070312
2026-07-23 10:00:00-04:00,739.5800170898438,740.6300048828125,739.5800170898438,740.344970703125
2026-07-23 10:05:00-04:00,740.3599853515625,740.9299926757812,738.8699951171875,739.3599853515625
2026-07-23 10:10:00-04:00,739.344970703125,740.5399780273438,739.2100219726562,739.6900024414062
2026-07-23 10:15:00-04:00,739.6599731445312,740.3599853515625,739.4099731445312,739.510009765625
2026-07-23 10:20:00-04:00,739.52001953125,740.4349975585938,739.1699829101562,739.4400024414062
2026-07-23 10:25:00-04:00,739.4000244140625,739.9099731445312,738.989990234375,739.7999877929688
2026-07-23 10:30:00-04:00,739.739990234375,740.0399780273438,738.6599731445312,738.969970703125
2026-07-23 10:35:00-04:00,738.97998046875,740.510009765625,738.5900268554688,740.3800048828125
2026-07-23 10:40:00-04:00,740.3800048828125,740.6400146484375,738.6699829101562,738.8699951171875
2026-07-23 10:45:00-04:00,738.8599853515625,739.469970703125,738.6699829101562,738.8300170898438
2026-07-23 10:50:00-04:00,738.8400268554688,739.0700073242188,738.010009765625,738.1400146484375
2026-07-23 10:55:00-04:00,738.155029296875,738.5800170898438,738.0700073242188,738.3099975585938
2026-07-23 11:00:00-04:00,738.3200073242188,738.47998046875,737.5,737.6599731445312
2026-07-23 11:05:00-04:00,737.6699829101562,737.7000122070312,736.9400024414062,737.155029296875
2026-07-23 11:10:00-04:00,737.1599731445312,737.4099731445312,736.4500122070312,736.6500244140625
2026-07-23 11:15:00-04:00,736.6199951171875,737.2750244140625,736.5800170898438,737.1799926757812
2026-07-23 11:20:00-04:00,737.2000122070312,737.6900024414062,735.97998046875,736.669921875
2026-07-23 11:25:00-04:00,736.6699829101562,736.7203979492188,735.8099975585938,735.9298706054688
2026-07-23 11:30:00-04:00,735.9099731445312,736.4199829101562,735.2100219726562,736.4099731445312
2026-07-23 11:35:00-04:00,736.4099731445312,737.4400024414062,736.3800048828125,737.3480224609375
2026-07-23 11:40:00-04:00,737.3400268554688,737.6599731445312,736.6400146484375,736.6400146484375
2026-07-23 11:45:00-04:00,736.6400146484375,736.969970703125,736.3599853515625,736.8961791992188
2026-07-23 11:50:00-04:00,736.8900146484375,737.3300170898438,736.5900268554688,737.3200073242188
2026-07-23 11:55:00-04:00,737.3300170898438,737.9000244140625,737.1199951171875,737.844970703125
2026-07-23 12:00:00-04:00,737.844970703125,738.3099975585938,737.530029296875,738.0349731445312
2026-07-23 12:05:00-04:00,738.0399780273438,738.469970703125,737.5499877929688,738.469970703125
2026-07-23 12:10:00-04:00,738.469970703125,738.8350219726562,738.4199829101562,738.6199951171875
2026-07-23 12:15:00-04:00,738.6199951171875,738.8300170898438,738.219970703125,738.5700073242188
2026-07-23 12:20:00-04:00,738.5828247070312,739.6599731445312,738.5700073242188,739.4600219726562
2026-07-23 12:25:00-04:00,739.4500122070312,739.6199951171875,739.1500244140625,739.4500122070312
2026-07-23 12:30:00-04:00,739.4500122070312,739.489990234375,739.0599975585938,739.1199951171875
2026-07-23 12:35:00-04:00,739.0999755859375,739.719970703125,738.9400024414062,739.6998901367188
2026-07-23 12:40:00-04:00,739.7000122070312,739.7100219726562,738.969970703125,738.969970703125
2026-07-23 12:45:00-04:00,738.9600219726562,738.9600219726562,738.010009765625,738.0250244140625
2026-07-23 12:50:00-04:00,738.02001953125,738.3400268554688,737.75,737.97998046875
2026-07-23 12:55:00-04:00,737.97998046875,738.7100219726562,737.97998046875,738.6599731445312
2026-07-23 13:00:00-04:00,738.6699829101562,738.9400024414062,738.2000122070312,738.2100219726562
2026-07-23 13:05:00-04:00,738.219970703125,738.489990234375,737.7899780273438,738.489990234375
2026-07-23 13:10:00-04:00,738.4600219726562,738.8400268554688,738.4299926757812,738.6099853515625
2026-07-23 13:15:00-04:00,738.5599975585938,738.9000244140625,738.1599731445312,738.5250244140625
2026-07-23 13:20:00-04:00,738.5650024414062,739.030029296875,738.4000244140625,738.989990234375
2026-07-23 13:25:00-04:00,738.97998046875,739.2000122070312,738.739990234375,738.75
2026-07-23 13:30:00-04:00,738.739990234375,738.7999877929688,738.0499877929688,738.0900268554688
2026-07-23 13:35:00-04:00,738.0549926757812,738.1199951171875,737.4650268554688,737.6199951171875
2026-07-23 13:40:00-04:00,737.6199951171875,737.8599853515625,737.27001953125,737.7100219726562
2026-07-23 13:45:00-04:00,737.7000122070312,738.2899780273438,737.5,738.1599731445312
2026-07-23 13:50:00-04:00,738.1699829101562,738.2399291992188,737.7000122070312,737.7100219726562
2026-07-23 13:55:00-04:00,737.6500244140625,737.7098999023438,737.1300048828125,737.1900024414062
2026-07-23 14:00:00-04:00,737.1599731445312,737.3099975585938,736.9000244140625,736.97998046875
2026-07-23 14:05:00-04:00,736.969970703125,737.1599731445312,736.8001098632812,736.8619995117188
2026-07-23 14:10:00-04:00,736.8900146484375,737.3699951171875,736.8699951171875,737.02978515625
2026-07-23 14:15:00-04:00,736.9719848632812,737.3599853515625,736.8200073242188,737.0
2026-07-23 14:20:00-04:00,737.02001953125,737.4400024414062,736.9400024414062,737.4099731445312
2026-07-23 14:25:00-04:00,737.4199829101562,737.489990234375,737.0349731445312,737.4199829101562
2026-07-23 14:30:00-04:00,737.4149780273438,737.6599731445312,737.3200073242188,737.5999755859375
2026-07-23 14:35:00-04:00,737.5800170898438,737.6900024414062,736.8300170898438,736.9299926757812
2026-07-23 14:40:00-04:00,736.9299926757812,737.02001953125,736.6099853515625,736.8400268554688
2026-07-23 14:45:00-04:00,736.8300170898438,737.4500122070312,736.8300170898438,737.2999877929688
2026-07-23 14:50:00-04:00,737.2999877929688,737.3699951171875,736.6868286132812,736.719970703125
2026-07-23 14:55:00-04:00,736.7100219726562,737.0599975585938,736.6300048828125,737.0499877929688
2026-07-23 15:00:00-04:00,737.0800170898438,737.3900146484375,736.780029296875,736.7999877929688
2026-07-23 15:05:00-04:00,736.7999877929688,736.9600219726562,736.7000122070312,736.72998046875
2026-07-23 15:10:00-04:00,736.719970703125,736.875,736.469970703125,736.5999755859375
2026-07-23 15:15:00-04:00,736.5999755859375,737.1599731445312,736.5900268554688,736.9500122070312
2026-07-23 15:20:00-04:00,736.969970703125,737.6300048828125,736.9500122070312,737.6199951171875
2026-07-23 15:25:00-04:00,737.6199951171875,737.9000244140625,737.3200073242188,737.47998046875
2026-07-23 15:30:00-04:00,737.489990234375,737.739990234375,736.6799926757812,737.1500244140625
2026-07-23 15:35:00-04:00,737.14501953125,737.219970703125,736.8300170898438,736.8900146484375
2026-07-23 15:40:00-04:00,736.8699951171875,736.97998046875,736.25,736.25
2026-07-23 15:45:00-04:00,736.260009765625,736.4000244140625,735.719970703125,735.9249877929688
2026-07-23 15:50:00-04:00,735.9299926757812,736.97998046875,735.9299926757812,736.7100219726562
2026-07-23 15:55:00-04:00,736.72998046875,738.6400146484375,736.72998046875,738.1699829101562
2026-07-24 09:30:00-04:00,738.510009765625,739.5,738.4199829101562,739.277099609375
2026-07-24 09:35:00-04:00,739.2899780273438,739.6599731445312,738.8800048828125,739.1099853515625
2026-07-24 09:40:00-04:00,739.0999755859375,739.1400756835938,738.6599731445312,738.8101196289062
2026-07-24 09:45:00-04:00,738.8099975585938,739.8800048828125,738.5700073242188,739.8200073242188
2026-07-24 09:50:00-04:00,739.8099975585938,739.8099975585938,737.6900024414062,737.8400268554688
2026-07-24 09:55:00-04:00,737.8300170898438,738.2000122070312,737.4299926757812,737.530029296875
2026-07-24 10:00:00-04:00,738.1099853515625,738.6701049804688,737.6799926757812,737.7440185546875
2026-07-24 10:05:00-04:00,737.7899780273438,739.489990234375,737.5700073242188,739.2999877929688
2026-07-24 10:10:00-04:00,739.2650146484375,739.905029296875,738.8250122070312,739.5394897460938
2026-07-24 10:15:00-04:00,739.5399780273438,739.7100219726562,738.0,738.5349731445312
2026-07-24 10:20:00-04:00,738.530029296875,739.9500122070312,738.1599731445312,739.5399780273438
2026-07-24 10:25:00-04:00,739.5599975585938,739.719970703125,738.969970703125,739.1799926757812
2026-07-24 10:30:00-04:00,739.1900024414062,739.22998046875,738.3300170898438,738.3400268554688
2026-07-24 10:35:00-04:00,738.3350219726562,738.8200073242188,737.9099731445312,738.0599975585938
2026-07-24 10:40:00-04:00,738.030029296875,738.3499755859375,737.8400268554688,737.905029296875
2026-07-24 10:45:00-04:00,737.8900146484375,738.5499877929688,737.4299926757812,738.530029296875
2026-07-24 10:50:00-04:00,738.5349731445312,739.3200073242188,738.530029296875,739.010009765625
2026-07-24 10:55:00-04:00,739.010009765625,740.7000122070312,739.010009765625,740.5900268554688
2026-07-24 11:00:00-04:00,740.5900268554688,740.9600219726562,740.2100219726562,740.239990234375
2026-07-24 11:05:00-04:00,740.22998046875,740.6400146484375,739.6599731445312,739.6998901367188
2026-07-24 11:10:00-04:00,739.6900024414062,742.1699829101562,739.5800170898438,741.8800048828125
2026-07-24 11:15:00-04:00,741.8599853515625,743.0,741.3400268554688,741.4774780273438
2026-07-24 11:20:00-04:00,741.4949951171875,742.6500244140625,741.4099731445312,742.3699951171875
2026-07-24 11:25:00-04:00,742.39501953125,743.1300048828125,742.3300170898438,742.6099853515625
2026-07-24 11:30:00-04:00,742.5999755859375,742.9000244140625,742.0499877929688,742.0800170898438
2026-07-24 11:35:00-04:00,742.0449829101562,743.1580200195312,742.030029296875,743.0700073242188
2026-07-24 11:40:00-04:00,743.0599975585938,743.25,742.0289916992188,742.2899780273438
2026-07-24 11:45:00-04:00,742.2899780273438,742.6500244140625,742.0,742.1300048828125
2026-07-24 11:50:00-04:00,742.135009765625,742.7899780273438,742.1300048828125,742.5599975585938
2026-07-24 11:55:00-04:00,742.5599975585938,743.1099853515625,742.52001953125,743.0150146484375
2026-07-24 12:00:00-04:00,743.0399780273438,743.239990234375,742.6400146484375,743.2100219726562
2026-07-24 12:05:00-04:00,743.2000122070312,743.5499877929688,742.9400024414062,743.280029296875
2026-07-24 12:10:00-04:00,743.2999877929688,743.719970703125,742.8499755859375,742.969970703125
2026-07-24 12:15:00-04:00,743.0,743.3200073242188,742.8099975585938,743.1347045898438
2026-07-24 12:20:00-04:00,743.1448974609375,743.5,743.0999755859375,743.3599243164062
2026-07-24 12:25:00-04:00,743.3599853515625,743.5700073242188,743.1799926757812,743.1900024414062
2026-07-24 12:30:00-04:00,743.1699829101562,743.1900024414062,742.3599853515625,742.5
2026-07-24 12:35:00-04:00,742.5150146484375,742.739990234375,742.22998046875,742.27001953125
2026-07-24 12:40:00-04:00,742.260009765625,742.260009765625,741.6400146484375,741.6500244140625
2026-07-24 12:45:00-04:00,741.6400146484375,741.8099975585938,740.9500122070312,741.1898803710938
2026-07-24 12:50:00-04:00,741.1900024414062,741.27001953125,740.739990234375,741.0700073242188
2026-07-24 12:55:00-04:00,741.0490112304688,741.760009765625,740.8699951171875,741.4500122070312
2026-07-24 13:00:00-04:00,741.469970703125,741.5999755859375,741.010009765625,741.1749877929688
2026-07-24 13:05:00-04:00,741.1699829101562,741.3300170898438,740.3800048828125,740.4182739257812
2026-07-24 13:10:00-04:00,740.4000244140625,741.0599975585938,740.2301025390625,740.9299926757812
2026-07-24 13:15:00-04:00,740.9500122070312,741.469970703125,740.6599731445312,741.4099731445312
2026-07-24 13:20:00-04:00,741.41650390625,741.489990234375,740.9072265625,741.2999877929688
2026-07-24 13:25:00-04:00,741.2899780273438,741.8400268554688,740.989990234375,741.7100219726562
2026-07-24 13:30:00-04:00,741.75,742.169189453125,741.530029296875,742.11181640625
2026-07-24 13:35:00-04:00,742.1099853515625,742.1199951171875,741.4299926757812,741.510009765625
2026-07-24 13:40:00-04:00,741.52001953125,741.5399780273438,741.0700073242188,741.0800170898438
2026-07-24 13:45:00-04:00,741.0700073242188,741.3900146484375,740.9199829101562,741.3099975585938
2026-07-24 13:50:00-04:00,741.3099975585938,741.5349731445312,740.969970703125,741.27001953125
2026-07-24 13:55:00-04:00,741.2899780273438,741.3900146484375,740.969970703125,740.97998046875
2026-07-24 14:00:00-04:00,740.989990234375,741.2899780273438,740.77001953125,740.8900146484375
2026-07-24 14:05:00-04:00,740.8800048828125,741.27001953125,740.75,740.969970703125
2026-07-24 14:10:00-04:00,741.02001953125,741.0750122070312,740.47998046875,740.5900268554688
2026-07-24 14:15:00-04:00,740.594970703125,740.6500244140625,740.1400146484375,740.22998046875
2026-07-24 14:20:00-04:00,740.1900024414062,740.2000122070312,739.719970703125,739.8099975585938
2026-07-24 14:25:00-04:00,739.7999877929688,739.8800048828125,739.0,739.0349731445312
2026-07-24 14:30:00-04:00,739.0499877929688,739.1599731445312,738.0700073242188,738.173828125
2026-07-24 14:35:00-04:00,738.1900024414062,738.6300048828125,737.8300170898438,738.27001953125
2026-07-24 14:40:00-04:00,738.27001953125,738.27001953125,737.6400146484375,737.8499755859375
2026-07-24 14:45:00-04:00,737.8699951171875,738.7000122070312,737.7899780273438,738.3099975585938
2026-07-24 14:50:00-04:00,738.2899780273438,738.5,738.030029296875,738.2050170898438
2026-07-24 14:55:00-04:00,738.1900024414062,738.7100219726562,738.1400146484375,738.3800048828125
2026-07-24 15:00:00-04:00,738.3900146484375,738.89501953125,738.2100219726562,738.280029296875
2026-07-24 15:05:00-04:00,738.25,738.6500244140625,737.5599975585938,737.60498046875
2026-07-24 15:10:00-04:00,737.6099853515625,738.22998046875,737.469970703125,737.5999755859375
2026-07-24 15:15:00-04:00,737.5999755859375,737.8300170898438,737.4099731445312,737.7999877929688
2026-07-24 15:20:00-04:00,737.8200073242188,738.02001953125,737.2899780273438,737.4299926757812
2026-07-24 15:25:00-04:00,737.4400024414062,737.8699951171875,737.2999877929688,737.6500244140625
2026-07-24 15:30:00-04:00,737.719970703125,738.3800048828125,737.6599731445312,738.0900268554688
2026-07-24 15:35:00-04:00,738.0800170898438,738.6599731445312,737.989990234375,738.1099853515625
2026-07-24 15:40:00-04:00,738.1099853515625,738.3400268554688,737.7899780273438,738.280029296875
2026-07-24 15:45:00-04:00,738.2999877929688,738.4400024414062,737.75,738.3399047851562
2026-07-24 15:50:00-04:00,738.3400268554688,738.5800170898438,737.6400146484375,738.469970703125
2026-07-24 15:55:00-04:00,738.489990234375,739.0999755859375,738.0499877929688,738.8599853515625
2026-07-27 09:30:00-04:00,744.9099731445312,745.1699829101562,743.9425048828125,744.655029296875
2026-07-27 09:35:00-04:00,744.6599731445312,745.530029296875,744.5700073242188,744.969970703125
2026-07-27 09:40:00-04:00,744.969970703125,745.0650024414062,743.4400024414062,743.4500122070312
2026-07-27 09:45:00-04:00,743.47998046875,744.1500244140625,743.2000122070312,743.7999877929688
2026-07-27 09:50:00-04:00,743.8499755859375,744.1699829101562,743.3699951171875,743.4500122070312
2026-07-27 09:55:00-04:00,743.4299926757812,743.4600219726562,741.5999755859375,741.5999755859375
2026-07-27 10:00:00-04:00,741.5999755859375,742.1300048828125,741.219970703125,741.6599731445312
2026-07-27 10:05:00-04:00,741.6500244140625,742.0399780273438,741.22998046875,741.75
2026-07-27 10:10:00-04:00,741.75,741.77001953125,740.4600219726562,740.9650268554688
2026-07-27 10:15:00-04:00,740.969970703125,741.5650024414062,740.52001953125,740.989990234375
2026-07-27 10:20:00-04:00,740.9450073242188,740.9450073242188,739.6300048828125,739.8250122070312
2026-07-27 10:25:00-04:00,739.8250122070312,740.0,738.2000122070312,738.3150024414062
2026-07-27 10:30:00-04:00,738.3300170898438,738.5549926757812,737.72998046875,737.969970703125
2026-07-27 10:35:00-04:00,737.9450073242188,738.2999877929688,737.1400146484375,738.0800170898438
2026-07-27 10:40:00-04:00,738.0750122070312,738.27001953125,736.5399780273438,736.7899780273438
2026-07-27 10:45:00-04:00,736.7899780273438,738.1599731445312,736.7899780273438,738.0
2026-07-27 10:50:00-04:00,737.989990234375,738.8250122070312,737.9299926757812,738.5900268554688
2026-07-27 10:55:00-04:00,738.5900268554688,739.8800048828125,738.3699951171875,739.6901245117188
2026-07-27 11:00:00-04:00,739.719970703125,739.969970703125,739.3400268554688,739.760009765625
2026-07-27 11:05:00-04:00,739.739990234375,740.3099975585938,739.1901245117188,739.219970703125
2026-07-27 11:10:00-04:00,739.27001953125,739.9349975585938,739.0999755859375,739.3900146484375
2026-07-27 11:15:00-04:00,739.3599853515625,739.52001953125,737.9400024414062,738.8049926757812
2026-07-27 11:20:00-04:00,738.8099975585938,739.2999877929688,738.02001953125,738.1799926757812
2026-07-27 11:25:00-04:00,738.1649780273438,738.5399780273438,737.8800048828125,738.2899780273438
2026-07-27 11:30:00-04:00,738.27001953125,738.27001953125,737.2999877929688,737.4099731445312
2026-07-27 11:35:00-04:00,737.4199829101562,737.5,736.3350219726562,736.9400024414062
2026-07-27 11:40:00-04:00,736.9299926757812,737.469970703125,736.5911865234375,737.4400024414062
2026-07-27 11:45:00-04:00,737.4299926757812,737.5499877929688,736.6900024414062,736.8900146484375
2026-07-27 11:50:00-04:00,736.9199829101562,737.3599853515625,736.7100219726562,737.0599975585938
2026-07-27 11:55:00-04:00,737.0599975585938,737.6500244140625,736.9600219726562,737.4849853515625
2026-07-27 12:00:00-04:00,737.4924926757812,738.1599731445312,737.3900146484375,738.1500244140625
2026-07-27 12:05:00-04:00,738.1500244140625,738.3699951171875,737.718017578125,738.2999877929688
2026-07-27 12:10:00-04:00,738.3099975585938,738.6900024414062,737.3856811523438,737.4500122070312
2026-07-27 12:15:00-04:00,737.4400024414062,737.47998046875,736.8599853515625,737.2999877929688
2026-07-27 12:20:00-04:00,737.3099975585938,737.8300170898438,737.0700073242188,737.77001953125
2026-07-27 12:25:00-04:00,737.77001953125,739.6799926757812,737.7100219726562,738.719970703125
2026-07-27 12:30:00-04:00,738.719970703125,739.3099975585938,738.4000244140625,738.909912109375
2026-07-27 12:35:00-04:00,738.8900146484375,739.3499755859375,738.4500122070312,738.969970703125
2026-07-27 12:40:00-04:00,738.97998046875,739.102294921875,738.0800170898438,738.3400268554688
2026-07-27 12:45:00-04:00,738.3499755859375,738.7999877929688,738.0999755859375,738.0999755859375
2026-07-27 12:50:00-04:00,738.0800170898438,738.0800170898438,737.0,737.1500244140625
2026-07-27 12:55:00-04:00,737.1500244140625,737.1599731445312,736.6400146484375,737.0570068359375
2026-07-27 13:00:00-04:00,737.0700073242188,737.0999755859375,736.0999755859375,736.1810302734375
2026-07-27 13:05:00-04:00,736.1799926757812,736.5800170898438,736.0700073242188,736.3800048828125
2026-07-27 13:10:00-04:00,736.3699951171875,736.77001953125,736.1799926757812,736.6500244140625
2026-07-27 13:15:00-04:00,736.6400146484375,736.760009765625,735.8699951171875,736.2150268554688
2026-07-27 13:20:00-04:00,736.219970703125,736.760009765625,736.0999755859375,736.385009765625
2026-07-27 13:25:00-04:00,736.39501953125,736.6500244140625,736.1900024414062,736.2000122070312
2026-07-27 13:30:00-04:00,736.219970703125,737.2000122070312,736.1799926757812,737.1599731445312
2026-07-27 13:35:00-04:00,737.14501953125,737.280029296875,736.5599975585938,736.7100219726562
2026-07-27 13:40:00-04:00,736.6900024414062,736.9099731445312,736.5,736.7999877929688
2026-07-27 13:45:00-04:00,736.8200073242188,737.135009765625,736.5700073242188,736.760009765625
2026-07-27 13:50:00-04:00,736.72998046875,737.5499877929688,736.6799926757812,737.4982299804688
2026-07-27 13:55:00-04:00,737.5399780273438,737.8499755859375,737.280029296875,737.7999877929688
2026-07-27 14:00:00-04:00,737.8400268554688,737.9600219726562,737.5399780273438,737.6099853515625
2026-07-27 14:05:00-04:00,737.5999755859375,737.969970703125,737.47998046875,737.6799926757812
2026-07-27 14:10:00-04:00,737.6699829101562,737.9299926757812,737.6199951171875,737.75
2026-07-27 14:15:00-04:00,737.75,737.8300170898438,737.030029296875,737.25
2026-07-27 14:20:00-04:00,737.219970703125,737.6900024414062,737.0800170898438,737.5501098632812
2026-07-27 14:25:00-04:00,737.5499877929688,737.7999877929688,737.4199829101562,737.6199951171875
2026-07-27 14:30:00-04:00,737.6400146484375,737.6500244140625,736.8599853515625,736.905029296875
2026-07-27 14:35:00-04:00,736.8599853515625,737.0800170898438,736.7000122070312,736.7899780273438
2026-07-27 14:40:00-04:00,736.7899780273438,737.5900268554688,736.6199951171875,737.469970703125
2026-07-27 14:45:00-04:00,737.4849853515625,737.75,737.3599853515625,737.3699951171875
2026-07-27 14:50:00-04:00,737.3800048828125,738.6500244140625,737.3699951171875,738.5499877929688
2026-07-27 14:55:00-04:00,738.5599975585938,739.25,738.510009765625,739.0599975585938
2026-07-27 15:00:00-04:00,739.0599975585938,739.1699829101562,738.552001953125,738.5750122070312
2026-07-27 15:05:00-04:00,738.5700073242188,739.4000244140625,738.489990234375,739.3200073242188
2026-07-27 15:10:00-04:00,739.2999877929688,739.5800170898438,738.9500122070312,739.0900268554688
2026-07-27 15:15:00-04:00,739.0999755859375,739.5,739.0900268554688,739.4949951171875
2026-07-27 15:20:00-04:00,739.52001953125,739.77001953125,739.3499755859375,739.614990234375
2026-07-27 15:25:00-04:00,739.6199951171875,739.719970703125,739.3400268554688,739.6500244140625
2026-07-27 15:30:00-04:00,739.6500244140625,739.8499755859375,739.469970703125,739.5700073242188
2026-07-27 15:35:00-04:00,739.5499877929688,739.6900024414062,738.9199829101562,738.989990234375
2026-07-27 15:40:00-04:00,738.989990234375,739.2199096679688,738.8200073242188,738.969970703125
2026-07-27 15:45:00-04:00,738.9600219726562,739.0700073242188,738.6199951171875,739.0399780273438
2026-07-27 15:50:00-04:00,739.0499877929688,739.22998046875,738.5823974609375,738.77001953125
2026-07-27 15:55:00-04:00,738.77001953125,739.1099853515625,738.5,739.02001953125
2026-07-28 09:30:00-04:00,739.1900024414062,739.47998046875,738.030029296875,738.155029296875
2026-07-28 09:35:00-04:00,738.1599731445312,739.0650024414062,737.760009765625,737.7899780273438
2026-07-28 09:40:00-04:00,737.7899780273438,738.3400268554688,736.5599975585938,737.0499877929688
2026-07-28 09:45:00-04:00,737.0499877929688,737.6099853515625,735.97998046875,737.530029296875
2026-07-28 09:50:00-04:00,737.530029296875,738.1749877929688,736.72998046875,737.0598754882812
2026-07-28 09:55:00-04:00,737.0399780273438,737.25,736.1599731445312,736.5
2026-07-28 10:00:00-04:00,736.489990234375,737.7100219726562,736.4500122070312,737.260009765625
2026-07-28 10:05:00-04:00,737.239990234375,738.2150268554688,736.8800048828125,737.0900268554688
2026-07-28 10:10:00-04:00,737.0399780273438,737.8099975585938,736.27001953125,736.5900268554688
2026-07-28 10:15:00-04:00,736.6099853515625,737.1599731445312,736.4400024414062,736.6099853515625
2026-07-28 10:20:00-04:00,736.6300048828125,737.8779907226562,736.3699951171875,737.3049926757812
2026-07-28 10:25:00-04:00,737.3099975585938,737.75,737.1500244140625,737.7000122070312
2026-07-28 10:30:00-04:00,737.719970703125,738.0,737.2100219726562,737.2449951171875
2026-07-28 10:35:00-04:00,737.239990234375,738.6199951171875,737.1500244140625,737.530029296875
2026-07-28 10:40:00-04:00,737.5399780273438,738.6099853515625,737.4000244140625,738.27001953125
2026-07-28 10:45:00-04:00,738.25,739.4099731445312,737.8599853515625,739.3099975585938
2026-07-28 10:50:00-04:00,739.2999877929688,739.7849731445312,739.1500244140625,739.4199829101562
2026-07-28 10:55:00-04:00,739.4299926757812,739.8200073242188,738.5800170898438,738.6400146484375
2026-07-28 11:00:00-04:00,738.7000122070312,739.1799926757812,738.1400146484375,738.1500244140625
2026-07-28 11:05:00-04:00,738.1599731445312,738.8400268554688,738.010009765625,738.7999877929688
2026-07-28 11:10:00-04:00,738.77001953125,739.7100219726562,738.4600219726562,739.3400268554688
2026-07-28 11:15:00-04:00,739.3800048828125,740.5700073242188,739.1901245117188,740.5700073242188
2026-07-28 11:20:00-04:00,740.5700073242188,741.3800048828125,740.5449829101562,741.3800048828125
2026-07-28 11:25:00-04:00,741.3599853515625,741.9000244140625,741.0399780273438,741.2000122070312
2026-07-28 11:30:00-04:00,741.1699829101562,741.47998046875,740.9910278320312,741.25
2026-07-28 11:35:00-04:00,741.3099975585938,741.9000244140625,741.239990234375,741.6199951171875
2026-07-28 11:40:00-04:00,741.5999755859375,742.0900268554688,741.4199829101562,742.0700073242188
2026-07-28 11:45:00-04:00,742.0700073242188,742.4500122070312,741.9600219726562,742.3200073242188
2026-07-28 11:50:00-04:00,742.3200073242188,742.4099731445312,741.7899780273438,742.0599975585938
2026-07-28 11:55:00-04:00,742.0700073242188,742.3900146484375,741.7999877929688,742.2150268554688
2026-07-28 12:00:00-04:00,742.2050170898438,742.3499755859375,741.9400024414062,742.02001953125
2026-07-28 12:05:00-04:00,742.02001953125,742.2000122070312,741.5599975585938,741.5700073242188
2026-07-28 12:10:00-04:00,741.5700073242188,741.8400268554688,741.47998046875,741.6199951171875
2026-07-28 12:15:00-04:00,741.6099853515625,741.9199829101562,741.3200073242188,741.9000244140625
2026-07-28 12:20:00-04:00,741.9080200195312,742.0900268554688,741.3099975585938,741.489990234375
2026-07-28 12:25:00-04:00,741.47998046875,741.5999755859375,741.2100219726562,741.2100219726562
2026-07-28 12:30:00-04:00,741.22998046875,741.3900146484375,740.9199829101562,741.1099853515625
2026-07-28 12:35:00-04:00,741.1199951171875,741.7999877929688,741.0800170898438,741.7799072265625
2026-07-28 12:40:00-04:00,741.780029296875,742.1500244140625,741.7100219726562,741.9400024414062
2026-07-28 12:45:00-04:00,741.9400024414062,742.0800170898438,741.3900146484375,741.7899780273438
2026-07-28 12:50:00-04:00,741.7899780273438,742.6599731445312,741.760009765625,742.6099853515625
2026-07-28 12:55:00-04:00,742.6199951171875,742.7901000976562,742.47998046875,742.6099853515625
2026-07-28 13:00:00-04:00,742.6099853515625,742.780029296875,742.0850219726562,742.1400146484375
2026-07-28 13:05:00-04:00,742.1500244140625,742.3200073242188,741.4500122070312,741.5299072265625
2026-07-28 13:10:00-04:00,741.5,741.8200073242188,741.1799926757812,741.3400268554688
2026-07-28 13:15:00-04:00,741.3350219726562,741.530029296875,741.0800170898438,741.3099975585938
2026-07-28 13:20:00-04:00,741.3200073242188,742.1900024414062,741.2100219726562,741.3499755859375
2026-07-28 13:25:00-04:00,741.3350219726562,741.719970703125,741.1300048828125,741.3099975585938
2026-07-28 13:30:00-04:00,741.2999877929688,741.8300170898438,741.1099853515625,741.7000122070312
2026-07-28 13:35:00-04:00,741.719970703125,741.9199829101562,741.3400268554688,741.4000244140625
2026-07-28 13:40:00-04:00,741.3800048828125,741.6599731445312,740.6500244140625,740.7999877929688
2026-07-28 13:45:00-04:00,740.7949829101562,741.3900146484375,740.6400146484375,741.2999877929688
2026-07-28 13:50:00-04:00,741.2849731445312,741.2849731445312,740.6799926757812,740.7609252929688
2026-07-28 13:55:00-04:00,740.739990234375,741.219970703125,740.510009765625,741.1900024414062
2026-07-28 14:00:00-04:00,741.2000122070312,741.52001953125,741.010009765625,741.22998046875
2026-07-28 14:05:00-04:00,741.2000122070312,741.2899780273438,740.739990234375,740.8499755859375
2026-07-28 14:10:00-04:00,740.8499755859375,740.9318237304688,740.4199829101562,740.4550170898438
2026-07-28 14:15:00-04:00,740.4600219726562,740.844970703125,740.4299926757812,740.760009765625
2026-07-28 14:20:00-04:00,740.75,740.9600219726562,740.510009765625,740.5401000976562
2026-07-28 14:25:00-04:00,740.5499877929688,740.6900024414062,740.4299926757812,740.5900268554688
2026-07-28 14:30:00-04:00,740.5900268554688,741.0499877929688,740.5,740.9349975585938
2026-07-28 14:35:00-04:00,740.9049072265625,741.1199951171875,740.739990234375,740.8200073242188
2026-07-28 14:40:00-04:00,740.8400268554688,740.8800048828125,740.5499877929688,740.77001953125
2026-07-28 14:45:00-04:00,740.7899780273438,741.4099731445312,740.6900024414062,741.25
2026-07-28 14:50:00-04:00,741.25,741.52001953125,741.1500244140625,741.25
2026-07-28 14:55:00-04:00,741.25,741.614990234375,741.0700073242188,741.4500122070312
2026-07-28 15:00:00-04:00,741.4500122070312,741.9600219726562,741.4299926757812,741.9099731445312
2026-07-28 15:05:00-04:00,741.8800048828125,741.9550170898438,741.3900146484375,741.4199829101562
2026-07-28 15:10:00-04:00,741.4299926757812,741.6500244140625,741.3300170898438,741.469970703125
2026-07-28 15:15:00-04:00,741.4600219726562,741.719970703125,741.3099975585938,741.64990234375
2026-07-28 15:20:00-04:00,741.6199951171875,741.8400268554688,741.530029296875,741.8099975585938
2026-07-28 15:25:00-04:00,741.8200073242188,741.8499755859375,741.3499755859375,741.7000122070312
2026-07-28 15:30:00-04:00,741.7100219726562,741.72998046875,741.4600219726562,741.532470703125
2026-07-28 15:35:00-04:00,741.530029296875,741.5549926757812,740.9299926757812,741.010009765625
2026-07-28 15:40:00-04:00,741.010009765625,741.3099975585938,740.989990234375,741.2999877929688
2026-07-28 15:45:00-04:00,741.2999877929688,741.3400268554688,740.8900146484375,741.1099853515625
2026-07-28 15:50:00-04:00,741.0999755859375,741.6699829101562,740.8499755859375,741.6400146484375
2026-07-28 15:55:00-04:00,741.6300048828125,741.6300048828125,740.4299926757812,740.760009765625
2026-07-29 09:30:00-04:00,739.969970703125,740.3900146484375,738.719970703125,740.030029296875
2026-07-29 09:35:00-04:00,740.02001953125,740.239990234375,739.1749877929688,739.9000244140625
2026-07-29 09:40:00-04:00,739.8900146484375,740.0399780273438,739.3200073242188,739.6799926757812
2026-07-29 09:45:00-04:00,739.6599731445312,740.219970703125,738.8800048828125,739.155029296875
2026-07-29 09:50:00-04:00,739.1599731445312,739.2100219726562,737.4299926757812,737.8099975585938
2026-07-29 09:55:00-04:00,737.780029296875,737.780029296875,736.6099853515625,737.3599853515625
2026-07-29 10:00:00-04:00,737.4299926757812,738.0900268554688,737.3499755859375,737.7999877929688
2026-07-29 10:05:00-04:00,737.7849731445312,738.3300170898438,736.7100219726562,736.8099975585938
2026-07-29 10:10:00-04:00,736.780029296875,737.0399780273438,735.0401000976562,735.4099731445312
2026-07-29 10:15:00-04:00,735.4099731445312,736.27001953125,735.3599853515625,735.8900146484375
2026-07-29 10:20:00-04:00,735.8900146484375,736.469970703125,735.3099975585938,735.489990234375
2026-07-29 10:25:00-04:00,735.469970703125,735.52001953125,734.260009765625,734.9199829101562
2026-07-29 10:30:00-04:00,734.9099731445312,735.8400268554688,734.8099975585938,735.3200073242188
2026-07-29 10:35:00-04:00,735.3200073242188,735.4600219726562,734.6599731445312,734.8099975585938
2026-07-29 10:40:00-04:00,734.780029296875,734.7999877929688,733.7899780273438,734.219970703125
2026-07-29 10:45:00-04:00,734.2100219726562,734.7899780273438,733.8900146484375,734.4299926757812
2026-07-29 10:50:00-04:00,734.4249877929688,735.3400268554688,734.260009765625,735.030029296875
2026-07-29 10:55:00-04:00,735.02001953125,735.0900268554688,734.27001953125,734.8200073242188
2026-07-29 11:00:00-04:00,734.8200073242188,735.54931640625,734.4299926757812,735.3200073242188
2026-07-29 11:05:00-04:00,735.3200073242188,735.6190795898438,734.6699829101562,735.5900268554688
2026-07-29 11:10:00-04:00,735.6300048828125,735.6599731445312,734.530029296875,734.6400146484375
2026-07-29 11:15:00-04:00,734.6500244140625,735.489990234375,734.530029296875,734.5599975585938
2026-07-29 11:20:00-04:00,734.5700073242188,735.0499877929688,734.3699951171875,735.02001953125
2026-07-29 11:25:00-04:00,735.010009765625,735.2150268554688,734.3499755859375,734.4403076171875
2026-07-29 11:30:00-04:00,734.4199829101562,734.989990234375,734.280029296875,734.5700073242188
2026-07-29 11:35:00-04:00,734.5800170898438,734.9699096679688,734.030029296875,734.030029296875
2026-07-29 11:40:00-04:00,734.02001953125,734.4199829101562,733.719970703125,733.989990234375
2026-07-29 11:45:00-04:00,733.97998046875,734.469970703125,733.7899780273438,734.4400024414062
2026-07-29 11:50:00-04:00,734.4299926757812,734.5399780273438,733.469970703125,733.47998046875
2026-07-29 11:55:00-04:00,733.510009765625,733.8800048828125,733.02001953125,733.72998046875
2026-07-29 12:00:00-04:00,733.760009765625,734.030029296875,732.739990234375,732.8099975585938
2026-07-29 12:05:00-04:00,732.8400268554688,732.8400268554688,732.219970703125,732.7100219726562
2026-07-29 12:10:00-04:00,732.7000122070312,732.760009765625,732.02001953125,732.02001953125
2026-07-29 12:15:00-04:00,732.02001953125,732.3599853515625,731.72998046875,732.22998046875
2026-07-29 12:20:00-04:00,732.239990234375,733.5999755859375,732.1099853515625,733.3499755859375
2026-07-29 12:25:00-04:00,733.3499755859375,733.9199829101562,733.280029296875,733.8499755859375
2026-07-29 12:30:00-04:00,733.8400268554688,734.3200073242188,733.394775390625,733.394775390625
2026-07-29 12:35:00-04:00,733.4000244140625,733.6799926757812,732.97998046875,733.5700073242188
2026-07-29 12:40:00-04:00,733.5499877929688,733.7100219726562,732.8800048828125,733.2299194335938
2026-07-29 12:45:00-04:00,733.219970703125,733.9600219726562,733.030029296875,733.9299926757812
2026-07-29 12:50:00-04:00,733.9500122070312,734.5,733.7100219726562,734.2899780273438
2026-07-29 12:55:00-04:00,734.260009765625,734.8699951171875,734.1400756835938,734.8699951171875
2026-07-29 13:00:00-04:00,734.8800048828125,735.989990234375,734.739990234375,735.8599853515625
2026-07-29 13:05:00-04:00,735.89501953125,735.9299926757812,735.3400268554688,735.39501953125
2026-07-29 13:10:00-04:00,735.4000244140625,736.6199951171875,735.3300170898438,736.5999755859375
2026-07-29 13:15:00-04:00,736.6099853515625,736.864990234375,736.2949829101562,736.72998046875
2026-07-29 13:20:00-04:00,736.72998046875,737.239990234375,736.2899780273438,736.3400268554688
2026-07-29 13:25:00-04:00,736.3300170898438,736.4600219726562,735.72998046875,735.739990234375
2026-07-29 13:30:00-04:00,735.75,736.3499755859375,735.27001953125,735.8400268554688
2026-07-29 13:35:00-04:00,735.8099975585938,735.969970703125,735.3499755859375,735.6400146484375
2026-07-29 13:40:00-04:00,735.6400146484375,735.9199829101562,735.3900146484375,735.75
2026-07-29 13:45:00-04:00,735.760009765625,736.030029296875,735.3900146484375,735.97802734375
2026-07-29 13:50:00-04:00,735.97998046875,736.4000244140625,735.9500122070312,736.1900024414062
2026-07-29 13:55:00-04:00,736.1900024414062,736.4199829101562,735.6099853515625,736.407470703125
2026-07-29 14:00:00-04:00,736.3699951171875,739.5499877929688,736.3699951171875,738.1400146484375
2026-07-29 14:05:00-04:00,738.1099853515625,739.0399780273438,737.6799926757812,738.0900268554688
2026-07-29 14:10:00-04:00,738.0599975585938,738.3800048828125,736.9600219726562,737.3900146484375
2026-07-29 14:15:00-04:00,737.4199829101562,738.260009765625,736.8200073242188,737.02001953125
2026-07-29 14:20:00-04:00,737.010009765625,737.1099853515625,736.3182983398438,736.6599731445312
2026-07-29 14:25:00-04:00,736.6900024414062,737.3599853515625,736.4600219726562,737.3099975585938
2026-07-29 14:30:00-04:00,737.3599853515625,738.0800170898438,735.9500122070312,736.9099731445312
2026-07-29 14:35:00-04:00,736.9299926757812,739.2899780273438,736.3400268554688,738.9400024414062
2026-07-29 14:40:00-04:00,738.9345703125,741.02001953125,738.8499755859375,740.719970703125
2026-07-29 14:45:00-04:00,740.719970703125,742.1199951171875,740.469970703125,741.9299926757812
2026-07-29 14:50:00-04:00,741.9199829101562,742.64501953125,741.27001953125,742.5900268554688
2026-07-29 14:55:00-04:00,742.6099853515625,742.6799926757812,741.5499877929688,741.9500122070312
2026-07-29 15:00:00-04:00,741.9450073242188,742.5900268554688,740.0999755859375,740.5399780273438
2026-07-29 15:05:00-04:00,740.52001953125,740.5599975585938,738.4199829101562,738.4299926757812
2026-07-29 15:10:00-04:00,738.4099731445312,739.25,737.9500122070312,738.91259765625
2026-07-29 15:15:00-04:00,738.89501953125,739.77001953125,737.3800048828125,737.5899047851562
2026-07-29 15:20:00-04:00,737.5900268554688,737.6699829101562,735.3300170898438,735.3699951171875
2026-07-29 15:25:00-04:00,735.3699951171875,735.7100219726562,734.2805786132812,735.1500244140625
2026-07-29 15:30:00-04:00,735.2100219726562,735.739990234375,732.6950073242188,733.5899047851562
2026-07-29 15:35:00-04:00,733.5800170898438,734.02001953125,731.52001953125,731.60498046875
2026-07-29 15:40:00-04:00,731.594970703125,732.27001953125,730.9000244140625,731.2999877929688
2026-07-29 15:45:00-04:00,731.2999877929688,732.0900268554688,730.4099731445312,731.909912109375
2026-07-29 15:50:00-04:00,731.8900146484375,731.8900146484375,730.1699829101562,730.8300170898438
2026-07-29 15:55:00-04:00,730.8200073242188,730.8200073242188,729.0999755859375,729.5399780273438
2026-07-30 09:30:00-04:00,736.0499877929688,736.27001953125,734.969970703125,735.4451293945312
2026-07-30 09:35:00-04:00,735.4400024414062,736.0499877929688,734.97998046875,735.3400268554688
2026-07-30 09:40:00-04:00,735.3099975585938,736.7899780273438,734.6300048828125,736.39501953125
2026-07-30 09:45:00-04:00,736.3900146484375,737.4299926757812,736.3499755859375,737.4000244140625
2026-07-30 09:50:00-04:00,737.3900146484375,738.3640747070312,737.0700073242188,737.8699951171875
2026-07-30 09:55:00-04:00,737.864990234375,738.6599731445312,737.5900268554688,738.625
2026-07-30 10:00:00-04:00,738.625,738.989990234375,738.0800170898438,738.5800170898438
2026-07-30 10:05:00-04:00,738.5800170898438,738.905029296875,737.5499877929688,737.7672119140625
2026-07-30 10:10:00-04:00,737.760009765625,738.155029296875,737.4400024414062,737.97998046875
2026-07-30 10:15:00-04:00,737.97998046875,738.47998046875,737.3800048828125,737.7899780273438
2026-07-30 10:20:00-04:00,737.7899780273438,738.5700073242188,737.6199951171875,737.969970703125
2026-07-30 10:25:00-04:00,737.969970703125,739.2999877929688,737.72998046875,738.5797729492188
2026-07-30 10:30:00-04:00,738.6400146484375,738.8800048828125,738.0549926757812,738.3599853515625
2026-07-30 10:35:00-04:00,738.3209838867188,738.9398803710938,738.0371704101562,738.6849975585938
2026-07-30 10:40:00-04:00,738.6900024414062,739.1099853515625,737.6799926757812,737.8400268554688
2026-07-30 10:45:00-04:00,737.8499145507812,738.1500244140625,736.8300170898438,737.219970703125
2026-07-30 10:50:00-04:00,737.219970703125,737.35498046875,736.0850219726562,736.2100219726562
2026-07-30 10:55:00-04:00,736.2000122070312,736.5700073242188,735.6099243164062,736.22998046875
2026-07-30 11:00:00-04:00,736.22998046875,736.5900268554688,735.260009765625,736.2650146484375
2026-07-30 11:05:00-04:00,736.219970703125,736.8200073242188,735.3900146484375,736.75
2026-07-30 11:10:00-04:00,736.7401123046875,736.77001953125,734.8300170898438,734.8900146484375
2026-07-30 11:15:00-04:00,734.8699951171875,735.72998046875,734.5900268554688,735.469970703125
2026-07-30 11:20:00-04:00,735.47998046875,736.1649780273438,735.2100219726562,735.4299926757812
2026-07-30 11:25:00-04:00,735.4249877929688,735.8200073242188,734.6300048828125,734.7999877929688
2026-07-30 11:30:00-04:00,734.8400268554688,736.0800170898438,734.6799926757812,736.0800170898438
2026-07-30 11:35:00-04:00,736.0900268554688,736.4600219726562,735.4500122070312,735.9299926757812
2026-07-30 11:40:00-04:00,735.9199829101562,736.969970703125,735.780029296875,736.6229858398438
2026-07-30 11:45:00-04:00,736.6500244140625,737.3200073242188,736.6500244140625,737.0750122070312
2026-07-30 11:50:00-04:00,737.0800170898438,737.25,736.3800048828125,737.22998046875
2026-07-30 11:55:00-04:00,737.22998046875,737.6699829101562,737.0601196289062,737.1300048828125
2026-07-30 12:00:00-04:00,737.1500244140625,738.345703125,736.8699951171875,738.280029296875
2026-07-30 12:05:00-04:00,738.27001953125,738.4299926757812,737.8800048828125,738.1900024414062
2026-07-30 12:10:00-04:00,738.1799926757812,738.97998046875,738.1300048828125,738.864990234375
2026-07-30 12:15:00-04:00,738.8699951171875,739.219970703125,738.8200073242188,738.9500122070312
2026-07-30 12:20:00-04:00,738.9500122070312,739.1300048828125,738.5800170898438,738.6649780273438
2026-07-30 12:25:00-04:00,738.6500244140625,738.969970703125,738.5402221679688,738.760009765625
2026-07-30 12:30:00-04:00,738.77001953125,738.8900146484375,738.3599853515625,738.739990234375
2026-07-30 12:35:00-04:00,738.7650146484375,739.0499877929688,738.4807739257812,738.510009765625
2026-07-30 12:40:00-04:00,738.510009765625,738.5449829101562,737.7550048828125,738.030029296875
2026-07-30 12:45:00-04:00,738.0399780273438,738.75,738.0,738.5599975585938
2026-07-30 12:50:00-04:00,738.5900268554688,739.1699829101562,738.27001953125,738.969970703125
2026-07-30 12:55:00-04:00,738.969970703125,739.1699829101562,738.7800903320312,738.9849853515625
2026-07-30 13:00:00-04:00,738.97998046875,740.0499877929688,738.9799194335938,739.9500122070312
2026-07-30 13:05:00-04:00,739.9600219726562,740.1300048828125,739.6195068359375,739.780029296875
2026-07-30 13:10:00-04:00,739.7899780273438,739.989990234375,739.530029296875,739.7000122070312
2026-07-30 13:15:00-04:00,739.7000122070312,740.239990234375,739.6400146484375,740.1799926757812
2026-07-30 13:20:00-04:00,740.1699829101562,740.1799926757812,739.76123046875,739.97998046875
2026-07-30 13:25:00-04:00,739.9600219726562,739.989990234375,739.6500244140625,739.760009765625
2026-07-30 13:30:00-04:00,739.7650146484375,740.010009765625,739.3800048828125,739.530029296875
2026-07-30 13:35:00-04:00,739.5399780273438,739.9299926757812,739.1900024414062,739.2999877929688
2026-07-30 13:40:00-04:00,739.3499755859375,740.1599731445312,739.3499755859375,739.9099731445312
2026-07-30 13:45:00-04:00,739.9099731445312,740.1599731445312,739.8599853515625,739.8703002929688
2026-07-30 13:50:00-04:00,739.8699951171875,740.3800048828125,739.8200073242188,739.8699951171875
2026-07-30 13:55:00-04:00,739.8599853515625,739.989990234375,739.6511840820312,739.780029296875
2026-07-30 14:00:00-04:00,739.7849731445312,740.2999877929688,739.719970703125,739.760009765625
2026-07-30 14:05:00-04:00,739.739990234375,740.219970703125,739.7050170898438,740.0850219726562
2026-07-30 14:10:00-04:00,740.1199951171875,740.2999877929688,739.97998046875,740.2000122070312
2026-07-30 14:15:00-04:00,740.219970703125,740.3599853515625,740.0599975585938,740.1699829101562
2026-07-30 14:20:00-04:00,740.1500244140625,740.4400024414062,740.0599975585938,740.3099975585938
2026-07-30 14:25:00-04:00,740.2999877929688,740.4099731445312,740.1199951171875,740.3800048828125
2026-07-30 14:30:00-04:00,740.4000244140625,740.5900268554688,740.2000122070312,740.3200073242188
2026-07-30 14:35:00-04:00,740.3099975585938,740.3800048828125,740.030029296875,740.1199951171875
2026-07-30 14:40:00-04:00,740.1099853515625,740.3900146484375,740.072509765625,740.3300170898438
2026-07-30 14:45:00-04:00,740.3400268554688,740.5800170898438,740.3099975585938,740.510009765625
2026-07-30 14:50:00-04:00,740.5,740.6900024414062,740.3900146484375,740.5
2026-07-30 14:55:00-04:00,740.489990234375,740.8300170898438,740.3900146484375,740.77001953125
2026-07-30 15:00:00-04:00,740.75,741.35498046875,740.739990234375,741.2150268554688
2026-07-30 15:05:00-04:00,741.22998046875,741.8099975585938,741.1400146484375,741.7750244140625
2026-07-30 15:10:00-04:00,741.780029296875,742.2999877929688,741.760009765625,742.0700073242188
2026-07-30 15:15:00-04:00,742.0599975585938,742.4500122070312,741.8099975585938,742.2899780273438
2026-07-30 15:20:00-04:00,742.3095703125,742.3099975585938,741.9600219726562,742.0399780273438
2026-07-30 15:25:00-04:00,742.030029296875,742.2100219726562,741.739990234375,741.780029296875
2026-07-30 15:30:00-04:00,741.77001953125,741.989990234375,741.6500244140625,741.7650146484375
2026-07-30 15:35:00-04:00,741.77001953125,741.9000244140625,741.4299926757812,741.72998046875
2026-07-30 15:40:00-04:00,741.72998046875,741.9099731445312,741.52001953125,741.7899780273438
2026-07-30 15:45:00-04:00,741.7999877929688,741.8800048828125,741.3099975585938,741.6099853515625
2026-07-30 15:50:00-04:00,741.5900268554688,741.6500244140625,741.1400146484375,741.3900146484375
2026-07-30 15:55:00-04:00,741.4099731445312,742.0999755859375,741.0,741.72998046875
2026-07-31 09:30:00-04:00,744.6799926757812,746.301025390625,744.5800170898438,746.0
2026-07-31 09:35:00-04:00,745.97998046875,746.260009765625,744.1099853515625,744.1220092773438
2026-07-31 09:40:00-04:00,744.1300048828125,744.2100219726562,742.8400268554688,743.0999755859375
2026-07-31 09:45:00-04:00,743.0999755859375,743.5999755859375,741.989990234375,742.2750244140625
2026-07-31 09:50:00-04:00,742.2849731445312,742.6799926757812,741.5499877929688,742.0
2026-07-31 09:55:00-04:00,742.010009765625,742.8300170898438,741.6900024414062,741.9400024414062
2026-07-31 10:00:00-04:00,741.9400024414062,742.364990234375,740.2899780273438,740.322509765625
2026-07-31 10:05:00-04:00,740.2949829101562,740.75,738.4299926757812,739.1400146484375
2026-07-31 10:10:00-04:00,739.1500244140625,739.3900146484375,737.969970703125,738.47802734375
2026-07-31 10:15:00-04:00,738.469970703125,739.5,737.6799926757812,738.6300048828125
2026-07-31 10:20:00-04:00,738.6099853515625,740.1199951171875,738.3800048828125,739.510009765625
2026-07-31 10:25:00-04:00,739.510009765625,740.5700073242188,739.280029296875,740.489990234375
2026-07-31 10:30:00-04:00,740.47998046875,741.1799926757812,740.1300048828125,740.489990234375
2026-07-31 10:35:00-04:00,740.47998046875,741.4099731445312,740.4500122070312,741.2249755859375
2026-07-31 10:40:00-04:00,741.2100219726562,741.6599731445312,740.5800170898438,741.625
2026-07-31 10:45:00-04:00,741.5999755859375,742.4970092773438,741.4400024414062,742.4229125976562
2026-07-31 10:50:00-04:00,742.4199829101562,742.9500122070312,742.0488891601562,742.1900024414062
2026-07-31 10:55:00-04:00,742.1900024414062,742.6900024414062,741.510009765625,742.5
2026-07-31 11:00:00-04:00,742.530029296875,742.7050170898438,741.760009765625,742.5050048828125
2026-07-31 11:05:00-04:00,742.5200805664062,742.8200073242188,741.4600219726562,741.8300170898438
2026-07-31 11:10:00-04:00,741.8400268554688,742.489990234375,741.1237182617188,742.1500244140625
2026-07-31 11:15:00-04:00,742.1400146484375,743.0999755859375,741.510009765625,741.9500122070312
2026-07-31 11:20:00-04:00,741.9199829101562,742.1699829101562,741.0,741.0800170898438
2026-07-31 11:25:00-04:00,741.02001953125,741.211181640625,740.0900268554688,740.2999877929688
2026-07-31 11:30:00-04:00,740.2899780273438,741.0,739.8099975585938,740.739990234375
2026-07-31 11:35:00-04:00,740.75,742.3350219726562,740.6799926757812,742.0650024414062
2026-07-31 11:40:00-04:00,742.0599975585938,742.3400268554688,740.9700927734375,741.8200073242188
2026-07-31 11:45:00-04:00,741.8300170898438,741.97998046875,741.10498046875,741.4299926757812
2026-07-31 11:50:00-04:00,741.4199829101562,742.9400024414062,741.2899780273438,742.8049926757812
2026-07-31 11:55:00-04:00,742.780029296875,743.3300170898438,742.5499877929688,743.0908203125
2026-07-31 12:00:00-04:00,743.0900268554688,743.5599975585938,742.9199829101562,743.25
2026-07-31 12:05:00-04:00,743.239990234375,743.3900146484375,742.4600219726562,743.0399780273438
2026-07-31 12:10:00-04:00,743.0449829101562,743.6599731445312,743.0,743.5499877929688
2026-07-31 12:15:00-04:00,743.52001953125,743.5999755859375,742.780029296875,743.3049926757812
2026-07-31 12:20:00-04:00,743.2899780273438,744.4299926757812,743.25,744.285888671875
2026-07-31 12:25:00-04:00,744.2899780273438,744.4199829101562,743.7999877929688,744.4199829101562
2026-07-31 12:30:00-04:00,744.4299926757812,744.8298950195312,744.280029296875,744.780029296875
2026-07-31 12:35:00-04:00,744.780029296875,745.030029296875,744.3499755859375,744.5499877929688
2026-07-31 12:40:00-04:00,744.530029296875,744.77001953125,744.0900268554688,744.1699829101562
2026-07-31 12:45:00-04:00,744.1599731445312,744.5999755859375,743.989990234375,744.530029296875
2026-07-31 12:50:00-04:00,744.5700073242188,745.02001953125,744.4299926757812,744.592529296875
2026-07-31 12:55:00-04:00,744.5800170898438,744.8599853515625,744.5250244140625,744.6199951171875
2026-07-31 13:00:00-04:00,744.6199951171875,745.3060302734375,744.5,745.0599975585938
2026-07-31 13:05:00-04:00,745.030029296875,745.260009765625,744.5499877929688,744.8099975585938
2026-07-31 13:10:00-04:00,744.7899780273438,745.2899780273438,744.6300048828125,745.2249755859375
2026-07-31 13:15:00-04:00,745.219970703125,745.510009765625,745.0999755859375,745.4500122070312
2026-07-31 13:20:00-04:00,745.4400024414062,746.0999755859375,745.2000122070312,746.0399780273438
2026-07-31 13:25:00-04:00,746.0399780273438,746.4000244140625,745.9099731445312,746.2899780273438
2026-07-31 13:30:00-04:00,746.2999877929688,746.4400024414062,746.0599975585938,746.364990234375
2026-07-31 13:35:00-04:00,746.3499755859375,746.5,745.75,745.7899169921875
2026-07-31 13:40:00-04:00,745.77001953125,746.030029296875,745.6099853515625,745.842529296875
2026-07-31 13:45:00-04:00,745.8599853515625,746.1099853515625,745.22998046875,745.2899780273438
2026-07-31 13:50:00-04:00,745.27001953125,745.8599853515625,745.1900024414062,745.5900268554688
2026-07-31 13:55:00-04:00,745.5850219726562,745.77001953125,745.4099731445312,745.4400024414062
2026-07-31 14:00:00-04:00,745.4400024414062,746.0198974609375,745.2949829101562,745.6400146484375
2026-07-31 14:05:00-04:00,745.6400146484375,746.0399780273438,745.469970703125,745.8900146484375
2026-07-31 14:10:00-04:00,745.8900146484375,746.030029296875,745.52001953125,745.719970703125
2026-07-31 14:15:00-04:00,745.6900024414062,746.260009765625,745.6300048828125,746.0850219726562
2026-07-31 14:20:00-04:00,746.0800170898438,746.4299926757812,746.010009765625,746.3300170898438
2026-07-31 14:25:00-04:00,746.3400268554688,746.3599853515625,745.9099731445312,746.010009765625
2026-07-31 14:30:00-04:00,746.0399780273438,746.2750244140625,746.030029296875,746.0900268554688
2026-07-31 14:35:00-04:00,746.0700073242188,746.0999755859375,745.75,745.8200073242188
2026-07-31 14:40:00-04:00,745.8099975585938,746.1799926757812,745.6699829101562,746.0650024414062
2026-07-31 14:45:00-04:00,746.0800170898438,746.3699951171875,745.9199829101562,746.3400268554688
2026-07-31 14:50:00-04:00,746.3300170898438,746.5399780273438,746.1900024414062,746.239990234375
2026-07-31 14:55:00-04:00,746.239990234375,746.3699951171875,745.9000244140625,746.155029296875
2026-07-31 15:00:00-04:00,746.1400146484375,746.5700073242188,745.8800048828125,745.8800048828125
2026-07-31 15:05:00-04:00,745.9199829101562,746.239990234375,745.7899780273438,746.1599731445312
2026-07-31 15:10:00-04:00,746.1599731445312,746.530029296875,746.1199951171875,746.3300170898438
2026-07-31 15:15:00-04:00,746.3250122070312,747.5549926757812,746.260009765625,747.52001953125
2026-07-31 15:20:00-04:00,747.52001953125,747.9199829101562,747.4099731445312,747.4949951171875
2026-07-31 15:25:00-04:00,747.489990234375,747.6699829101562,747.3300170898438,747.489990234375
2026-07-31 15:30:00-04:00,747.489990234375,747.510009765625,746.8699951171875,747.1699829101562
2026-07-31 15:35:00-04:00,747.1799926757812,747.64501953125,747.1500244140625,747.5599975585938
2026-07-31 15:40:00-04:00,747.5399780273438,748.1099853515625,747.2999877929688,748.094970703125
2026-07-31 15:45:00-04:00,748.0999755859375,748.510009765625,748.0700073242188,748.5
2026-07-31 15:50:00-04:00,748.489990234375,748.89501953125,747.8400268554688,748.594970703125
2026-07-31 15:55:00-04:00,748.5800170898438,748.6900024414062,746.3400268554688,746.8099975585938
2026-08-03 09:30:00-04:00,749.4400024414062,751.3200073242188,749.0999755859375,750.780029296875
2026-08-03 09:35:00-04:00,750.760009765625,751.9400024414062,750.739990234375,751.719970703125
2026-08-03 09:40:00-04:00,751.7000122070312,751.8300170898438,750.969970703125,751.5800170898438
2026-08-03 09:45:00-04:00,751.5900268554688,752.3300170898438,751.3699951171875,751.9099731445312
2026-08-03 09:50:00-04:00,751.9199829101562,752.9500122070312,751.5999755859375,752.760009765625
2026-08-03 09:55:00-04:00,752.7650146484375,753.638671875,752.6500854492188,753.5999755859375
2026-08-03 10:00:00-04:00,753.6199951171875,753.9500122070312,753.0,753.4099731445312
2026-08-03 10:05:00-04:00,753.4099731445312,753.6400146484375,753.1699829101562,753.5800170898438
2026-08-03 10:10:00-04:00,753.5701293945312,754.0499877929688,753.5499877929688,753.9000244140625
2026-08-03 10:15:00-04:00,753.8900146484375,754.5399780273438,753.8300170898438,754.1826782226562
2026-08-03 10:20:00-04:00,754.1900024414062,754.780029296875,754.1599731445312,754.619873046875
2026-08-03 10:25:00-04:00,754.6199951171875,754.77001953125,754.3619995117188,754.5
2026-08-03 10:30:00-04:00,754.5,754.6400146484375,754.3099975585938,754.510009765625
2026-08-03 10:35:00-04:00,754.52001953125,754.9349975585938,754.4301147460938,754.7949829101562
2026-08-03 10:40:00-04:00,754.7899780273438,755.1649780273438,754.75,754.9000244140625
2026-08-03 10:45:00-04:00,754.9099731445312,754.9600219726562,754.7050170898438,754.8699951171875
2026-08-03 10:50:00-04:00,754.8699951171875,755.1400146484375,754.8150024414062,754.9199829101562
2026-08-03 10:55:00-04:00,754.9149780273438,755.405517578125,754.9149780273438,755.3701171875
2026-08-03 11:00:00-04:00,755.3800048828125,755.4299926757812,755.094970703125,755.239990234375
2026-08-03 11:05:00-04:00,755.239990234375,755.25,754.7899780273438,754.9500122070312
2026-08-03 11:10:00-04:00,754.9400024414062,755.1300048828125,754.7999877929688,755.0549926757812
2026-08-03 11:15:00-04:00,755.0549926757812,755.4000244140625,755.0499877929688,755.3900146484375
2026-08-03 11:20:00-04:00,755.4000244140625,755.6900024414062,755.3800048828125,755.5800170898438
2026-08-03 11:25:00-04:00,755.5750122070312,755.7000122070312,755.02001953125,755.1099853515625
2026-08-03 11:30:00-04:00,755.1199951171875,755.469970703125,755.0750122070312,755.2999877929688
2026-08-03 11:35:00-04:00,755.2899780273438,755.6199951171875,755.2000122070312,755.5599975585938
2026-08-03 11:40:00-04:00,755.5449829101562,755.8300170898438,755.530029296875,755.6400756835938
2026-08-03 11:45:00-04:00,755.6500244140625,756.0700073242188,755.6500244140625,756.02001953125
2026-08-03 11:50:00-04:00,756.030029296875,756.2100219726562,755.969970703125,756.1799926757812
2026-08-03 11:55:00-04:00,756.1699829101562,756.1900024414062,755.8214111328125,755.9550170898438
2026-08-03 12:00:00-04:00,755.9600219726562,756.1699829101562,755.9301147460938,756.0
2026-08-03 12:05:00-04:00,756.0025024414062,756.0900268554688,755.864990234375,756.0291137695312
2026-08-03 12:10:00-04:00,756.0499267578125,756.0499877929688,755.760009765625,755.989990234375
2026-08-03 12:15:00-04:00,755.989990234375,756.27001953125,755.9600219726562,756.2349853515625
2026-08-03 12:20:00-04:00,756.2349853515625,756.2899780273438,756.0750122070312,756.260009765625
2026-08-03 12:25:00-04:00,756.260009765625,756.5999755859375,756.1799926757812,756.5700073242188
2026-08-03 12:30:00-04:00,756.5700073242188,756.6199951171875,756.3217163085938,756.4349975585938
2026-08-03 12:35:00-04:00,756.4299926757812,756.4299926757812,756.2100219726562,756.2899780273438
2026-08-03 12:40:00-04:00,756.2899780273438,756.5050048828125,756.22998046875,756.469970703125
2026-08-03 12:45:00-04:00,756.47998046875,756.5,756.2999877929688,756.3099975585938
2026-08-03 12:50:00-04:00,756.3200073242188,756.3800048828125,756.030029296875,756.0499877929688
2026-08-03 12:55:00-04:00,756.0499877929688,756.3499755859375,756.0150146484375,756.219970703125
2026-08-03 13:00:00-04:00,756.219970703125,756.2999877929688,756.030029296875,756.2100219726562
2026-08-03 13:05:00-04:00,756.2100219726562,756.2999877929688,755.97998046875,756.2150268554688
2026-08-03 13:10:00-04:00,756.2100219726562,756.6099853515625,756.2100219726562,756.510009765625
2026-08-03 13:15:00-04:00,756.51171875,756.7899780273438,756.4949951171875,756.77001953125
2026-08-03 13:20:00-04:00,756.77001953125,757.0150146484375,756.6699829101562,756.9650268554688
2026-08-03 13:25:00-04:00,756.9650268554688,757.155029296875,756.8400268554688,757.0850219726562
2026-08-03 13:30:00-04:00,757.083984375,757.3599853515625,757.010009765625,757.35498046875
2026-08-03 13:35:00-04:00,757.3499755859375,757.469970703125,757.1199951171875,757.2100219726562
2026-08-03 13:40:00-04:00,757.22998046875,757.3400268554688,757.1599731445312,757.3300170898438
2026-08-03 13:45:00-04:00,757.3200073242188,757.52001953125,757.3200073242188,757.4400024414062
2026-08-03 13:50:00-04:00,757.4500122070312,757.6199951171875,757.4099731445312,757.5999755859375
2026-08-03 13:55:00-04:00,757.5999755859375,757.780029296875,757.5599975585938,757.6450805664062
2026-08-03 14:00:00-04:00,757.64501953125,758.1400146484375,757.6400146484375,758.1400146484375
2026-08-03 14:05:00-04:00,758.135009765625,758.3200073242188,758.0800170898438,758.3049926757812
2026-08-03 14:10:00-04:00,758.3099975585938,758.3300170898438,757.8635864257812,758.010009765625
2026-08-03 14:15:00-04:00,758.0150146484375,758.3099975585938,757.9000244140625,757.9600219726562
2026-08-03 14:20:00-04:00,757.969970703125,758.1699829101562,757.7999877929688,757.9500122070312
2026-08-03 14:25:00-04:00,757.9400024414062,758.0499877929688,757.47998046875,757.5700073242188
2026-08-03 14:30:00-04:00,757.5800170898438,757.8200073242188,757.3400268554688,757.510009765625
2026-08-03 14:35:00-04:00,757.52001953125,757.8099975585938,757.47998046875,757.6699829101562
2026-08-03 14:40:00-04:00,757.6799926757812,758.1099853515625,757.5800170898438,758.0850219726562
2026-08-03 14:45:00-04:00,758.0900268554688,758.1900024414062,757.760009765625,758.10498046875
2026-08-03 14:50:00-04:00,758.10498046875,758.2899780273438,757.9199829101562,758.0800170898438
2026-08-03 14:55:00-04:00,758.0800170898438,758.22998046875,757.9199829101562,757.9349975585938
2026-08-03 15:00:00-04:00,757.9400024414062,758.5800170898438,757.9400024414062,758.5
2026-08-03 15:05:00-04:00,758.5004272460938,758.5399780273438,758.0700073242188,758.1900024414062
2026-08-03 15:10:00-04:00,758.1950073242188,758.4099731445312,758.0850219726562,758.1799926757812
2026-08-03 15:15:00-04:00,758.1810302734375,758.4400024414062,758.1799926757812,758.3400268554688
2026-08-03 15:20:00-04:00,758.3499755859375,758.4500122070312,758.219970703125,758.4149780273438
2026-08-03 15:25:00-04:00,758.4149780273438,758.5499877929688,758.260009765625,758.3400268554688
2026-08-03 15:30:00-04:00,758.3499755859375,758.510009765625,758.2000122070312,758.3406982421875
2026-08-03 15:35:00-04:00,758.3599853515625,758.4600219726562,757.9600219726562,758.0
2026-08-03 15:40:00-04:00,758.010009765625,758.1649780273438,757.8599853515625,758.0700073242188
2026-08-03 15:45:00-04:00,758.0700073242188,758.25,757.9299926757812,758.1400146484375
2026-08-03 15:50:00-04:00,758.1500244140625,758.4099731445312,757.6400146484375,757.780029296875
2026-08-03 15:55:00-04:00,757.77001953125,757.9849853515625,757.4400024414062,757.6699829101562
2026-08-04 09:30:00-04:00,760.6300048828125,761.8800048828125,760.52001953125,761.8499755859375
2026-08-04 09:35:00-04:00,761.8300170898438,762.1900024414062,761.5399780273438,761.9500122070312
2026-08-04 09:40:00-04:00,761.9600219726562,762.2100219726562,761.6199951171875,761.8524780273438
2026-08-04 09:45:00-04:00,761.8599853515625,762.5349731445312,761.8599853515625,762.530029296875
2026-08-04 09:50:00-04:00,762.5399780273438,763.47998046875,762.4000244140625,763.4199829101562
2026-08-04 09:55:00-04:00,763.4400024414062,763.4400024414062,762.6651000976562,763.3900146484375
2026-08-04 10:00:00-04:00,763.3699951171875,764.1300048828125,763.0900268554688,763.8699951171875
2026-08-04 10:05:00-04:00,763.8800048828125,764.5499877929688,763.7999877929688,764.3400268554688
2026-08-04 10:10:00-04:00,764.3400268554688,764.8599853515625,764.3099975585938,764.85498046875
2026-08-04 10:15:00-04:00,764.8499755859375,765.3828125,764.77001953125,765.2449951171875
2026-08-04 10:20:00-04:00,765.25,765.280029296875,764.1699829101562,764.3300170898438
2026-08-04 10:25:00-04:00,764.3300170898438,764.8499755859375,764.3198852539062,764.489990234375
2026-08-04 10:30:00-04:00,764.489990234375,765.02001953125,764.0999755859375,764.9349975585938
2026-08-04 10:35:00-04:00,764.9299926757812,765.719970703125,764.760009765625,765.1599731445312
2026-08-04 10:40:00-04:00,765.1672973632812,765.8599853515625,765.094970703125,765.7899780273438
2026-08-04 10:45:00-04:00,765.780029296875,765.9600219726562,765.5900268554688,765.9199829101562
2026-08-04 10:50:00-04:00,765.9199829101562,766.030029296875,765.6400146484375,765.9000244140625
2026-08-04 10:55:00-04:00,765.9000244140625,766.4199829101562,765.8099975585938,766.2999877929688
2026-08-04 11:00:00-04:00,766.3300170898438,766.8900146484375,766.1699829101562,766.8499755859375
2026-08-04 11:05:00-04:00,766.8599853515625,766.8699951171875,766.3900146484375,766.8499755859375
2026-08-04 11:10:00-04:00,766.85498046875,767.1599731445312,766.719970703125,766.9099731445312
2026-08-04 11:15:00-04:00,766.9199829101562,767.3499755859375,766.8900146484375,767.3250122070312
2026-08-04 11:20:00-04:00,767.3300170898438,767.7514038085938,767.2050170898438,767.739990234375
2026-08-04 11:25:00-04:00,767.75,767.8699951171875,767.280029296875,767.3499755859375
2026-08-04 11:30:00-04:00,767.3400268554688,767.5700073242188,767.1599731445312,767.260009765625
2026-08-04 11:35:00-04:00,767.27001953125,768.0899047851562,767.2249755859375,767.7999877929688
2026-08-04 11:40:00-04:00,767.780029296875,768.3400268554688,767.7349853515625,768.280029296875
2026-08-04 11:45:00-04:00,768.280029296875,768.7000122070312,768.260009765625,768.64990234375
2026-08-04 11:50:00-04:00,768.6400146484375,768.9000244140625,768.1799926757812,768.27001953125
2026-08-04 11:55:00-04:00,768.260009765625,768.6400146484375,768.1900024414062,768.4400024414062
2026-08-04 12:00:00-04:00,768.4450073242188,768.8599853515625,768.4149780273438,768.7249755859375
2026-08-04 12:05:00-04:00,768.7249755859375,768.9400024414062,768.3400268554688,768.3800048828125
2026-08-04 12:10:00-04:00,768.3995971679688,768.52001953125,768.1400146484375,768.2550048828125
2026-08-04 12:15:00-04:00,768.2650146484375,768.7899780273438,768.239990234375,768.75
2026-08-04 12:20:00-04:00,768.760009765625,769.280029296875,768.719970703125,769.219970703125
2026-08-04 12:25:00-04:00,769.2150268554688,769.3400268554688,769.02001953125,769.239990234375
2026-08-04 12:30:00-04:00,769.219970703125,769.5999755859375,769.0,769.4749755859375
2026-08-04 12:35:00-04:00,769.47998046875,769.6799926757812,769.239990234375,769.4849853515625
2026-08-04 12:40:00-04:00,769.4849853515625,770.010009765625,769.3900146484375,769.97998046875
2026-08-04 12:45:00-04:00,769.989990234375,770.2249755859375,769.97998046875,770.1950073242188
2026-08-04 12:50:00-04:00,770.1898803710938,770.3200073242188,770.0549926757812,770.1900024414062
2026-08-04 12:55:00-04:00,770.1900024414062,770.27001953125,770.0499877929688,770.2650146484375
2026-08-04 13:00:00-04:00,770.27001953125,771.030029296875,770.1649780273438,771.0089721679688
2026-08-04 13:05:00-04:00,771.010009765625,771.2849731445312,770.72998046875,771.0499877929688
2026-08-04 13:10:00-04:00,771.0399780273438,771.22998046875,770.9199829101562,771.219970703125
2026-08-04 13:15:00-04:00,771.22998046875,771.60498046875,771.219970703125,771.3699951171875
2026-08-04 13:20:00-04:00,771.375,771.4099731445312,770.9500122070312,771.2050170898438
2026-08-04 13:25:00-04:00,771.2050170898438,771.47998046875,771.1300048828125,771.280029296875
2026-08-04 13:30:00-04:00,771.2899780273438,771.4000244140625,770.9650268554688,771.3800048828125
2026-08-04 13:35:00-04:00,771.3599853515625,771.905029296875,771.3400268554688,771.8599853515625
2026-08-04 13:40:00-04:00,771.8599853515625,772.344970703125,771.8599853515625,772.3300170898438
2026-08-04 13:45:00-04:00,772.3250122070312,773.0850219726562,772.3250122070312,772.72998046875
2026-08-04 13:50:00-04:00,772.7150268554688,772.7150268554688,771.64501953125,771.8699951171875
2026-08-04 13:55:00-04:00,771.8800048828125,772.1500244140625,771.5700073242188,771.5700073242188
2026-08-04 14:00:00-04:00,771.5700073242188,771.989990234375,771.0800170898438,771.330078125
2026-08-04 14:05:00-04:00,771.3400268554688,771.989990234375,771.27001953125,771.8499755859375
2026-08-04 14:10:00-04:00,771.844970703125,772.239990234375,771.7100219726562,772.1799926757812
2026-08-04 14:15:00-04:00,772.1981201171875,772.3699951171875,771.97998046875,772.1099853515625
2026-08-04 14:20:00-04:00,772.1099853515625,772.4500122070312,772.0499877929688,772.1300048828125
2026-08-04 14:25:00-04:00,772.1199951171875,772.3800048828125,772.010009765625,772.3699951171875
2026-08-04 14:30:00-04:00,772.3798828125,772.4797973632812,772.125,772.1699829101562
2026-08-04 14:35:00-04:00,772.1649780273438,772.3200073242188,771.7899780273438,771.8900146484375
2026-08-04 14:40:00-04:00,771.8800048828125,771.9000244140625,771.4099731445312,771.719970703125
2026-08-04 14:45:00-04:00,771.72998046875,772.280029296875,771.719970703125,772.0700073242188
2026-08-04 14:50:00-04:00,772.0499877929688,772.2899780273438,771.9210205078125,771.989990234375
2026-08-04 14:55:00-04:00,771.9949951171875,772.1300048828125,771.9299926757812,772.0700073242188
2026-08-04 15:00:00-04:00,772.0850219726562,772.9600219726562,772.0499877929688,772.780029296875
2026-08-04 15:05:00-04:00,772.77001953125,773.02001953125,772.5499877929688,773.0198974609375
2026-08-04 15:10:00-04:00,773.0,773.0391235351562,772.719970703125,772.8800048828125
2026-08-04 15:15:00-04:00,772.8800048828125,773.0800170898438,772.7520141601562,773.0
2026-08-04 15:20:00-04:00,773.0,773.1199951171875,772.7000122070312,772.8250122070312
2026-08-04 15:25:00-04:00,772.8300170898438,772.9199829101562,772.1199951171875,772.3200073242188
2026-08-04 15:30:00-04:00,772.3099975585938,772.6300048828125,772.1199951171875,772.5900268554688
2026-08-04 15:35:00-04:00,772.5900268554688,772.9099731445312,772.3200073242188,772.780029296875
2026-08-04 15:40:00-04:00,772.780029296875,773.3300170898438,772.760009765625,773.25
2026-08-04 15:45:00-04:00,773.2550048828125,773.4099731445312,772.739990234375,772.9099731445312
2026-08-04 15:50:00-04:00,772.9099731445312,773.030029296875,771.7418212890625,771.7418212890625
2026-08-04 15:55:00-04:00,771.75,772.3099975585938,770.9600219726562,771.280029296875
2026-08-05 09:30:00-04:00,775.8499755859375,776.7899780273438,775.260009765625,776.1998901367188
2026-08-05 09:35:00-04:00,776.1900024414062,776.8499755859375,775.3040161132812,776.510009765625
2026-08-05 09:40:00-04:00,776.530029296875,776.8099975585938,775.8599853515625,776.47998046875
2026-08-05 09:45:00-04:00,776.5399780273438,776.6599731445312,775.3400268554688,775.3900146484375
2026-08-05 09:50:00-04:00,775.39501953125,775.889892578125,774.3900146484375,775.889892578125
2026-08-05 09:55:00-04:00,775.8800048828125,776.70361328125,775.364990234375,776.70361328125
2026-08-05 10:00:00-04:00,776.6699829101562,776.7000122070312,774.9500122070312,775.7899780273438
2026-08-05 10:05:00-04:00,775.8099975585938,776.5499267578125,775.6199951171875,776.0599975585938
2026-08-05 10:10:00-04:00,776.0700073242188,776.510009765625,775.7999877929688,776.1599731445312
2026-08-05 10:15:00-04:00,776.1799926757812,776.4600219726562,775.6599731445312,775.6699829101562
2026-08-05 10:20:00-04:00,775.6799926757812,775.8200073242188,774.77001953125,775.7550048828125
2026-08-05 10:25:00-04:00,775.760009765625,776.1799926757812,774.75,774.7808837890625
2026-08-05 10:30:00-04:00,774.780029296875,775.0200805664062,774.22998046875,774.5999755859375
2026-08-05 10:35:00-04:00,774.5700073242188,774.8300170898438,773.8400268554688,773.9199829101562
2026-08-05 10:40:00-04:00,773.9199829101562,774.4299926757812,773.6199951171875,774.0349731445312
2026-08-05 10:45:00-04:00,774.030029296875,774.719970703125,773.844970703125,774.5750122070312
2026-08-05 10:50:00-04:00,774.6046752929688,774.8400268554688,772.5700073242188,773.1300048828125
2026-08-05 10:55:00-04:00,773.1599731445312,773.7598876953125,772.72998046875,773.469970703125
2026-08-05 11:00:00-04:00,773.4600219726562,773.9500122070312,773.3499755859375,773.6300048828125
2026-08-05 11:05:00-04:00,773.6300048828125,773.864990234375,773.1649780273438,773.6300048828125
2026-08-05 11:10:00-04:00,773.6300048828125,773.9149780273438,773.010009765625,773.0599975585938
2026-08-05 11:15:00-04:00,773.0700073242188,773.1599731445312,771.0,772.4199829101562
2026-08-05 11:20:00-04:00,772.409912109375,772.6699829101562,772.0800170898438,772.2691040039062
2026-08-05 11:25:00-04:00,772.1500854492188,772.25,771.52001953125,771.7100219726562
2026-08-05 11:30:00-04:00,771.7000122070312,772.52001953125,771.6799926757812,771.875
2026-08-05 11:35:00-04:00,771.8800048828125,772.2999877929688,771.8099975585938,772.14501953125
2026-08-05 11:40:00-04:00,772.1500244140625,772.260009765625,771.6749877929688,772.010009765625
2026-08-05 11:45:00-04:00,772.02001953125,772.030029296875,771.25,771.340576171875
2026-08-05 11:50:00-04:00,771.3375244140625,771.5750122070312,771.1300048828125,771.25
2026-08-05 11:55:00-04:00,771.25,771.25,770.3300170898438,770.64501953125
2026-08-05 12:00:00-04:00,770.6300048828125,771.02001953125,770.0800170898438,770.8400268554688
2026-08-05 12:05:00-04:00,770.8400268554688,770.8699951171875,769.9099731445312,770.239990234375
2026-08-05 12:10:00-04:00,770.239990234375,770.469970703125,769.9298095703125,770.4400024414062
2026-08-05 12:15:00-04:00,770.4500122070312,771.1199951171875,770.22998046875,770.6099853515625
2026-08-05 12:20:00-04:00,770.614990234375,771.760009765625,770.5599975585938,771.0800170898438
2026-08-05 12:25:00-04:00,771.0750122070312,772.1199951171875,771.0599975585938,772.0999755859375
2026-08-05 12:30:00-04:00,772.0900268554688,772.219970703125,771.2000122070312,771.6900024414062
2026-08-05 12:35:00-04:00,771.6900024414062,771.8394775390625,771.3400268554688,771.5599975585938
2026-08-05 12:40:00-04:00,771.5499877929688,772.0,771.3770751953125,771.5900268554688
2026-08-05 12:45:00-04:00,771.5800170898438,771.75,771.2899780273438,771.4249877929688
2026-08-05 12:50:00-04:00,771.4000244140625,772.0800170898438,771.385009765625,772.010009765625
2026-08-05 12:55:00-04:00,772.010009765625,772.1699829101562,771.7050170898438,771.8524780273438
2026-08-05 13:00:00-04:00,771.8900146484375,772.1599731445312,771.2999877929688,771.405029296875
2026-08-05 13:05:00-04:00,771.405029296875,771.5999755859375,771.0700073242188,771.3200073242188
2026-08-05 13:10:00-04:00,771.3300170898438,771.75,771.0399780273438,771.5
2026-08-05 13:15:00-04:00,771.4801025390625,771.8049926757812,771.22998046875,771.3800048828125
2026-08-05 13:20:00-04:00,771.4099731445312,771.4600219726562,771.010009765625,771.4249877929688
2026-08-05 13:25:00-04:00,771.4298706054688,771.802490234375,771.260009765625,771.3400268554688
2026-08-05 13:30:00-04:00,771.3300170898438,771.7296752929688,771.0700073242188,771.5900268554688
2026-08-05 13:35:00-04:00,771.5900268554688,771.780029296875,771.4605102539062,771.6599731445312
2026-08-05 13:40:00-04:00,771.6599731445312,772.010009765625,771.6599731445312,771.7017822265625
2026-08-05 13:45:00-04:00,771.7000122070312,771.9249877929688,771.3300170898438,771.8300170898438
2026-08-05 13:50:00-04:00,771.8300170898438,771.9600219726562,771.5900268554688,771.6400146484375
2026-08-05 13:55:00-04:00,771.6300048828125,771.8400268554688,771.4600219726562,771.5549926757812
2026-08-05 14:00:00-04:00,771.5599975585938,772.1699829101562,771.5399780273438,772.1201171875
2026-08-05 14:05:00-04:00,772.1199951171875,772.25,771.6799926757812,771.9099731445312
2026-08-05 14:10:00-04:00,771.9600219726562,772.10498046875,771.760986328125,771.7899780273438
2026-08-05 14:15:00-04:00,771.7999877929688,772.0999755859375,771.6699829101562,772.0399780273438
2026-08-05 14:20:00-04:00,772.0399780273438,772.0549926757812,771.7401123046875,771.8599853515625
2026-08-05 14:25:00-04:00,771.8499755859375,772.1199951171875,771.8099975585938,771.9400024414062
2026-08-05 14:30:00-04:00,771.9299926757812,771.9400024414062,771.2000122070312,771.3599853515625
2026-08-05 14:35:00-04:00,771.3599853515625,771.7098999023438,771.3400268554688,771.4600219726562
2026-08-05 14:40:00-04:00,771.469970703125,771.6699829101562,771.3972778320312,771.5800170898438
2026-08-05 14:45:00-04:00,771.5700073242188,771.9500122070312,771.5150146484375,771.8099975585938
2026-08-05 14:50:00-04:00,771.8099975585938,771.9600219726562,771.6300048828125,771.72998046875
2026-08-05 14:55:00-04:00,771.72998046875,771.7750244140625,771.3400268554688,771.3909912109375
2026-08-05 15:00:00-04:00,771.4000244140625,771.6300048828125,771.239990234375,771.6298828125
2026-08-05 15:05:00-04:00,771.6099853515625,771.8499755859375,771.52001953125,771.6904907226562
2026-08-05 15:10:00-04:00,771.7000122070312,771.780029296875,771.5399780273438,771.72998046875
2026-08-05 15:15:00-04:00,771.739990234375,771.9190063476562,771.6599731445312,771.8200073242188
2026-08-05 15:20:00-04:00,771.8300170898438,771.989013671875,771.6500244140625,771.869873046875
2026-08-05 15:25:00-04:00,771.8599853515625,771.969970703125,771.760009765625,771.7999267578125
2026-08-05 15:30:00-04:00,771.780029296875,771.8900146484375,771.364990234375,771.5399780273438
2026-08-05 15:35:00-04:00,771.5399780273438,771.5399780273438,771.2537841796875,771.3051147460938
2026-08-05 15:40:00-04:00,771.2999877929688,771.6298828125,771.27001953125,771.4949951171875
2026-08-05 15:45:00-04:00,771.47998046875,771.6500244140625,771.2000122070312,771.489990234375
2026-08-05 15:50:00-04:00,771.489990234375,771.7000122070312,771.3599853515625,771.5
2026-08-05 15:55:00-04:00,771.510009765625,771.5900268554688,769.510009765625,769.739990234375
2026-08-06 09:30:00-04:00,770.2100219726562,770.7899780273438,769.0576171875,769.9199829101562
2026-08-06 09:35:00-04:00,769.9000244140625,770.8699951171875,769.5999755859375,769.719970703125
2026-08-06 09:40:00-04:00,769.7050170898438,770.9000244140625,769.5050048828125,770.5
2026-08-06 09:45:00-04:00,770.47998046875,771.52001953125,770.47998046875,771.3099975585938
2026-08-06 09:50:00-04:00,771.3099975585938,771.5250244140625,770.780029296875,770.9199829101562
2026-08-06 09:55:00-04:00,770.9249877929688,771.260009765625,770.5399780273438,770.9199829101562
2026-08-06 10:00:00-04:00,770.9500122070312,771.3499755859375,770.614990234375,771.1300048828125
2026-08-06 10:05:00-04:00,771.1500244140625,771.510009765625,770.8900146484375,771.4299926757812
2026-08-06 10:10:00-04:00,771.4349975585938,771.77001953125,771.380126953125,771.5499877929688
2026-08-06 10:15:00-04:00,771.530029296875,771.8099975585938,771.1199951171875,771.7050170898438
2026-08-06 10:20:00-04:00,771.7239990234375,771.8200073242188,771.1699829101562,771.22998046875
2026-08-06 10:25:00-04:00,771.22998046875,771.27001953125,770.0700073242188,770.4500122070312
2026-08-06 10:30:00-04:00,770.4500122070312,770.8800048828125,770.1649780273438,770.7949829101562
2026-08-06 10:35:00-04:00,770.7949829101562,770.9600219726562,769.760009765625,769.760009765625
2026-08-06 10:40:00-04:00,769.75,770.72998046875,769.6400146484375,770.14501953125
2026-08-06 10:45:00-04:00,770.135009765625,770.2150268554688,769.6500244140625,769.6699829101562
2026-08-06 10:50:00-04:00,769.6599731445312,770.47998046875,769.530029296875,770.4500122070312
2026-08-06 10:55:00-04:00,770.47998046875,771.0599975585938,770.2899780273438,770.9849853515625
2026-08-06 11:00:00-04:00,771.0,771.2100219726562,770.1099853515625,770.2899780273438
2026-08-06 11:05:00-04:00,770.280029296875,770.8099975585938,770.27001953125,770.5700073242188
2026-08-06 11:10:00-04:00,770.5700073242188,770.739990234375,769.9099731445312,769.9600219726562
2026-08-06 11:15:00-04:00,769.9600219726562,770.1199951171875,768.9600219726562,768.9600219726562
2026-08-06 11:20:00-04:00,768.9749755859375,769.239990234375,768.6199951171875,768.9299926757812
2026-08-06 11:25:00-04:00,768.9299926757812,769.2999877929688,768.6500244140625,769.239990234375
2026-08-06 11:30:00-04:00,769.239990234375,769.4400024414062,768.530029296875,768.530029296875
2026-08-06 11:35:00-04:00,768.530029296875,768.9000244140625,768.3300170898438,768.7000122070312
2026-08-06 11:40:00-04:00,768.6900024414062,768.969970703125,768.3300170898438,768.3300170898438
2026-08-06 11:45:00-04:00,768.3300170898438,769.5800170898438,768.3200073242188,769.2000732421875
2026-08-06 11:50:00-04:00,769.2100219726562,769.780029296875,768.0800170898438,768.1300048828125
2026-08-06 11:55:00-04:00,768.125,768.5599975585938,767.9500122070312,768.125
2026-08-06 12:00:00-04:00,768.1599731445312,768.3200073242188,767.75,768.0549926757812
2026-08-06 12:05:00-04:00,768.0482177734375,768.510009765625,767.9099731445312,768.3400268554688
2026-08-06 12:10:00-04:00,768.3200073242188,768.5399780273438,767.8200073242188,767.97998046875
2026-08-06 12:15:00-04:00,767.97998046875,768.5,767.4600219726562,768.2150268554688
2026-08-06 12:20:00-04:00,768.219970703125,768.35498046875,767.8800048828125,768.27001953125
2026-08-06 12:25:00-04:00,768.280029296875,768.489990234375,768.0,768.260009765625
2026-08-06 12:30:00-04:00,768.27001953125,768.8200073242188,768.1300048828125,768.3099975585938
2026-08-06 12:35:00-04:00,768.3300170898438,768.8699951171875,768.2100219726562,768.8699951171875
2026-08-06 12:40:00-04:00,768.8800048828125,768.9000244140625,768.0700073242188,768.0800170898438
2026-08-06 12:45:00-04:00,768.0700073242188,768.4163208007812,767.9080810546875,768.4149780273438
2026-08-06 12:50:00-04:00,768.4199829101562,768.6599731445312,768.22998046875,768.3499755859375
2026-08-06 12:55:00-04:00,768.3499755859375,769.0399780273438,768.3400268554688,768.9600219726562
2026-08-06 13:00:00-04:00,768.989990234375,769.1799926757812,768.6900024414062,768.77001953125
2026-08-06 13:05:00-04:00,768.760009765625,769.1400146484375,768.1900024414062,768.3400268554688
2026-08-06 13:10:00-04:00,768.3300170898438,768.5800170898438,768.0900268554688,768.1699829101562
2026-08-06 13:15:00-04:00,768.1400146484375,768.4600219726562,768.030029296875,768.3400268554688
2026-08-06 13:20:00-04:00,768.3400268554688,768.4099731445312,767.9005126953125,767.969970703125
2026-08-06 13:25:00-04:00,767.969970703125,768.27001953125,767.8099975585938,767.8300170898438
2026-08-06 13:30:00-04:00,767.8300170898438,768.2100219726562,767.719970703125,768.0999755859375
2026-08-06 13:35:00-04:00,768.1099853515625,768.280029296875,767.969970703125,768.02001953125
2026-08-06 13:40:00-04:00,768.0399780273438,768.1400146484375,767.8250122070312,768.1400146484375
2026-08-06 13:45:00-04:00,768.1500244140625,768.375,767.9835815429688,767.9835815429688
2026-08-06 13:50:00-04:00,767.989990234375,768.510009765625,767.9600219726562,768.432861328125
2026-08-06 13:55:00-04:00,768.4600219726562,768.6400146484375,768.2750854492188,768.6303100585938
2026-08-06 14:00:00-04:00,768.6500244140625,768.9000244140625,768.5,768.8947143554688
2026-08-06 14:05:00-04:00,768.8900146484375,768.97998046875,768.6599731445312,768.8599853515625
2026-08-06 14:10:00-04:00,768.8699951171875,769.239990234375,768.7000122070312,769.1799926757812
2026-08-06 14:15:00-04:00,769.19140625,769.72998046875,768.4500122070312,769.3300170898438
2026-08-06 14:20:00-04:00,769.3250122070312,769.6199951171875,769.2999877929688,769.5599975585938
2026-08-06 14:25:00-04:00,769.5549926757812,769.614990234375,769.1900024414062,769.4299926757812
2026-08-06 14:30:00-04:00,769.4299926757812,769.469970703125,769.0700073242188,769.114990234375
2026-08-06 14:35:00-04:00,769.1099853515625,769.2899780273438,768.7999877929688,768.8300170898438
2026-08-06 14:40:00-04:00,768.844970703125,768.9349975585938,768.5150146484375,768.780029296875
2026-08-06 14:45:00-04:00,768.7849731445312,769.1699829101562,768.719970703125,768.8800048828125
2026-08-06 14:50:00-04:00,768.875,769.010009765625,768.739990234375,768.885009765625
2026-08-06 14:55:00-04:00,768.8699951171875,769.0800170898438,768.8099975585938,768.9600219726562
2026-08-06 15:00:00-04:00,768.969970703125,769.5789794921875,768.9500122070312,769.5789794921875
2026-08-06 15:05:00-04:00,769.5599975585938,769.7100219726562,769.2636108398438,769.7000122070312
2026-08-06 15:10:00-04:00,769.7100219726562,769.7899780273438,769.2800903320312,769.3300170898438
2026-08-06 15:15:00-04:00,769.3250122070312,769.3499145507812,769.051025390625,769.1599731445312
2026-08-06 15:20:00-04:00,769.1699829101562,769.489990234375,768.8200073242188,768.8200073242188
2026-08-06 15:25:00-04:00,768.8300170898438,768.989990234375,768.5700073242188,768.6599731445312
2026-08-06 15:30:00-04:00,768.655029296875,769.0,768.4099731445312,768.9600219726562
2026-08-06 15:35:00-04:00,768.9600219726562,768.989990234375,768.530029296875,768.530029296875
2026-08-06 15:40:00-04:00,768.5369262695312,768.6099853515625,768.0999755859375,768.3099975585938
2026-08-06 15:45:00-04:00,768.3099975585938,768.52001953125,767.9600219726562,768.4400024414062
2026-08-06 15:50:00-04:00,768.4299926757812,768.7730102539062,767.7000122070312,768.6400146484375
2026-08-06 15:55:00-04:00,768.6199951171875,768.8900146484375,768.1300048828125,768.530029296875
2026-08-07 09:30:00-04:00,771.02001953125,771.6199951171875,770.6199951171875,771.47998046875
2026-08-07 09:35:00-04:00,771.5,771.5474853515625,770.6799926757812,771.13037109375
2026-08-07 09:40:00-04:00,771.125,772.0900268554688,770.8804931640625,771.989990234375
2026-08-07 09:45:00-04:00,771.989990234375,772.3699951171875,771.1348876953125,771.7301025390625
2026-08-07 09:50:00-04:00,771.72998046875,772.2349853515625,771.5999755859375,771.97998046875
2026-08-07 09:55:00-04:00,771.97998046875,772.1300048828125,770.4600219726562,771.040283203125
2026-08-07 10:00:00-04:00,771.0700073242188,771.6099853515625,770.4000244140625,770.4349975585938
2026-08-07 10:05:00-04:00,770.400390625,771.0700073242188,770.3699951171875,770.4949951171875
2026-08-07 10:10:00-04:00,770.47998046875,770.7899780273438,769.6199951171875,769.844970703125
2026-08-07 10:15:00-04:00,769.8699951171875,771.8289184570312,769.6799926757812,771.8200073242188
2026-08-07 10:20:00-04:00,771.8300170898438,772.280029296875,771.530029296875,772.0399780273438
2026-08-07 10:25:00-04:00,772.0449829101562,773.2899780273438,772.0449829101562,773.1900024414062
2026-08-07 10:30:00-04:00,773.1599731445312,773.3499755859375,772.3930053710938,772.6099853515625
2026-08-07 10:35:00-04:00,772.6099853515625,772.7999877929688,771.719970703125,771.9000244140625
2026-08-07 10:40:00-04:00,771.8900146484375,772.4400024414062,771.7100219726562,771.97998046875
2026-08-07 10:45:00-04:00,771.9500122070312,772.7050170898438,771.9500122070312,772.3900146484375
2026-08-07 10:50:00-04:00,772.3900146484375,772.510009765625,771.8699951171875,772.2100219726562
2026-08-07 10:55:00-04:00,772.2100219726562,773.0,772.1599731445312,772.8800048828125
2026-08-07 11:00:00-04:00,772.8800048828125,772.89990234375,772.3699951171875,772.760009765625
2026-08-07 11:05:00-04:00,772.780029296875,773.030029296875,772.7100219726562,772.9600219726562
2026-08-07 11:10:00-04:00,772.96630859375,773.3975219726562,772.6500244140625,773.0900268554688
2026-08-07 11:15:00-04:00,773.0900268554688,773.1599731445312,772.7849731445312,772.8800048828125
2026-08-07 11:20:00-04:00,772.8699951171875,773.6099853515625,772.8400268554688,773.5349731445312
2026-08-07 11:25:00-04:00,773.530029296875,773.8900146484375,773.47998046875,773.6500244140625
2026-08-07 11:30:00-04:00,773.6599731445312,773.9149780273438,773.4000244140625,773.4199829101562
2026-08-07 11:35:00-04:00,773.4550170898438,773.5499877929688,773.2100219726562,773.3900146484375
2026-08-07 11:40:00-04:00,773.4000244140625,773.6300048828125,772.892822265625,773.1649780273438
2026-08-07 11:45:00-04:00,773.1799926757812,773.5900268554688,773.0399780273438,773.5750122070312
2026-08-07 11:50:00-04:00,773.5499877929688,773.6400146484375,773.0499877929688,773.2999877929688
2026-08-07 11:55:00-04:00,773.3099975585938,773.3300170898438,772.8300170898438,773.030029296875
2026-08-07 12:00:00-04:00,773.0399780273438,773.1599731445312,772.7449951171875,773.155029296875
2026-08-07 12:05:00-04:00,773.1599731445312,773.3800048828125,773.030029296875,773.1649780273438
2026-08-07 12:10:00-04:00,773.1699829101562,773.35498046875,772.9949951171875,773.010009765625
2026-08-07 12:15:00-04:00,772.989990234375,773.219970703125,772.8699951171875,772.969970703125
2026-08-07 12:20:00-04:00,772.97998046875,773.3300170898438,772.239990234375,772.25
2026-08-07 12:25:00-04:00,772.260009765625,772.3300170898438,771.333984375,771.7249755859375
2026-08-07 12:30:00-04:00,771.7349853515625,771.969970703125,771.0615234375,771.9301147460938
2026-08-07 12:35:00-04:00,771.9400024414062,772.3300170898438,771.7100219726562,772.2949829101562
2026-08-07 12:40:00-04:00,772.281494140625,772.6300048828125,772.239990234375,772.5900268554688
2026-08-07 12:45:00-04:00,772.5999755859375,772.75,772.4199829101562,772.6400146484375
2026-08-07 12:50:00-04:00,772.6300048828125,772.8599853515625,772.0850219726562,772.1950073242188
2026-08-07 12:55:00-04:00,772.2100219726562,772.3900146484375,771.9500122070312,771.9650268554688
2026-08-07 13:00:00-04:00,771.9600830078125,772.2999267578125,771.77001953125,772.0399780273438
2026-08-07 13:05:00-04:00,772.0349731445312,772.2999877929688,772.030029296875,772.260009765625
2026-08-07 13:10:00-04:00,772.260009765625,772.3699951171875,771.989990234375,772.0549926757812
2026-08-07 13:15:00-04:00,772.0549926757812,772.3800048828125,771.989990234375,772.3049926757812
2026-08-07 13:20:00-04:00,772.2899780273438,772.4099731445312,771.9000244140625,771.9000244140625
2026-08-07 13:25:00-04:00,771.8900146484375,772.22998046875,771.739990234375,772.0900268554688
2026-08-07 13:30:00-04:00,772.1099853515625,772.22998046875,771.72998046875,771.9299926757812
2026-08-07 13:35:00-04:00,771.9299926757812,772.3900146484375,771.8800048828125,772.3699951171875
2026-08-07 13:40:00-04:00,772.3900146484375,772.4199829101562,772.1300048828125,772.1699829101562
2026-08-07 13:45:00-04:00,772.1799926757812,772.4400024414062,772.0900268554688,772.2899780273438
2026-08-07 13:50:00-04:00,772.2775268554688,772.4600219726562,771.989990234375,772.2999877929688
2026-08-07 13:55:00-04:00,772.3099975585938,772.4000244140625,772.1699829101562,772.1699829101562
2026-08-07 14:00:00-04:00,772.1649780273438,772.2849731445312,772.0800170898438,772.1400146484375
2026-08-07 14:05:00-04:00,772.1500244140625,772.1799926757812,771.8300170898438,772.0399169921875
2026-08-07 14:10:00-04:00,772.0499877929688,772.1199951171875,771.4500122070312,771.5750122070312
2026-08-07 14:15:00-04:00,771.5805053710938,771.8099975585938,771.469970703125,771.72998046875
2026-08-07 14:20:00-04:00,771.719970703125,771.7999877929688,771.5399780273438,771.6599731445312
2026-08-07 14:25:00-04:00,771.6599731445312,771.760009765625,771.4500122070312,771.47998046875
2026-08-07 14:30:00-04:00,771.4749755859375,771.6400146484375,771.3350219726562,771.3900146484375
2026-08-07 14:35:00-04:00,771.3900146484375,771.510009765625,771.1900024414062,771.2999877929688
2026-08-07 14:40:00-04:00,771.2999877929688,771.3800048828125,770.8900146484375,770.9600219726562
2026-08-07 14:45:00-04:00,770.969970703125,771.280029296875,770.9099731445312,771.25
2026-08-07 14:50:00-04:00,771.25,771.489990234375,771.219970703125,771.3200073242188
2026-08-07 14:55:00-04:00,771.3300170898438,771.8099975585938,771.2100219726562,771.7100219726562
2026-08-07 15:00:00-04:00,771.6799926757812,772.469970703125,771.6599731445312,772.0499877929688
2026-08-07 15:05:00-04:00,772.0499877929688,772.6799926757812,772.0349731445312,772.6500244140625
2026-08-07 15:10:00-04:00,772.6649780273438,773.0599975585938,772.6649780273438,772.9000244140625
2026-08-07 15:15:00-04:00,772.9099731445312,773.4500122070312,772.7999877929688,772.8400268554688
2026-08-07 15:20:00-04:00,772.8599853515625,773.219970703125,772.8400268554688,772.9000244140625
2026-08-07 15:25:00-04:00,772.9099731445312,773.1199951171875,772.8599853515625,773.0750122070312
2026-08-07 15:30:00-04:00,773.0800170898438,773.0900268554688,772.6599731445312,772.719970703125
2026-08-07 15:35:00-04:00,772.739990234375,773.0999755859375,772.60498046875,772.9099731445312
2026-08-07 15:40:00-04:00,772.9199829101562,772.9598999023438,772.52001953125,772.5700073242188
2026-08-07 15:45:00-04:00,772.5700073242188,772.97998046875,772.5499877929688,772.8699951171875
2026-08-07 15:50:00-04:00,772.8499755859375,773.0549926757812,772.6500244140625,772.8499755859375
2026-08-07 15:55:00-04:00,772.8599853515625,773.8300170898438,772.8200073242188,773.1199951171875
2026-08-10 09:30:00-04:00,772.5999755859375,773.6300048828125,772.5499877929688,772.6400146484375
2026-08-10 09:35:00-04:00,772.6300048828125,773.1199951171875,772.5,772.7999877929688
2026-08-10 09:40:00-04:00,772.7899780273438,773.1099853515625,772.52001953125,772.6599731445312
2026-08-10 09:45:00-04:00,772.6500244140625,773.260009765625,772.6199951171875,773.1300048828125
2026-08-10 09:50:00-04:00,773.1300048828125,773.4099731445312,772.5,773.1300048828125
2026-08-10 09:55:00-04:00,773.125,773.52001953125,773.010009765625,773.468994140625
2026-08-10 10:00:00-04:00,773.4199829101562,773.8499755859375,773.3900146484375,773.719970703125
2026-08-10 10:05:00-04:00,773.6799926757812,774.030029296875,773.5700073242188,774.0250244140625
2026-08-10 10:10:00-04:00,774.0250244140625,774.260009765625,773.8900146484375,774.2150268554688
2026-08-10 10:15:00-04:00,774.219970703125,774.3499755859375,773.969970703125,774.2899780273438
2026-08-10 10:20:00-04:00,774.2899780273438,774.375,773.8300170898438,773.969970703125
2026-08-10 10:25:00-04:00,773.9650268554688,774.4600219726562,773.7650146484375,774.35498046875
2026-08-10 10:30:00-04:00,774.35498046875,774.6900024414062,774.27001953125,774.3599853515625
2026-08-10 10:35:00-04:00,774.35498046875,774.6199951171875,774.1746826171875,774.3400268554688
2026-08-10 10:40:00-04:00,774.3400268554688,774.6400146484375,774.3049926757812,774.5999755859375
2026-08-10 10:45:00-04:00,774.60498046875,775.0499877929688,774.5999755859375,774.9199829101562
2026-08-10 10:50:00-04:00,774.9299926757812,774.9500122070312,773.7999877929688,773.8800048828125
2026-08-10 10:55:00-04:00,773.8499755859375,774.1099853515625,773.5,773.5150146484375
2026-08-10 11:00:00-04:00,773.510009765625,773.9500122070312,773.3099975585938,773.7100219726562
2026-08-10 11:05:00-04:00,773.7100219726562,774.030029296875,773.5800170898438,773.5800170898438
2026-08-10 11:10:00-04:00,773.5499877929688,773.9199829101562,773.4500122070312,773.8200073242188
2026-08-10 11:15:00-04:00,773.8200073242188,774.1900024414062,773.760009765625,773.9199829101562
2026-08-10 11:20:00-04:00,773.9199829101562,774.0999755859375,773.7999877929688,773.9199829101562
2026-08-10 11:25:00-04:00,773.9199829101562,773.989990234375,773.4199829101562,773.739990234375
2026-08-10 11:30:00-04:00,773.760009765625,773.8699951171875,773.3599853515625,773.3900146484375
2026-08-10 11:35:00-04:00,773.405029296875,773.5999755859375,773.22998046875,773.280029296875
2026-08-10 11:40:00-04:00,773.27001953125,773.8049926757812,773.1599731445312,773.7899780273438
2026-08-10 11:45:00-04:00,773.8099975585938,773.8800048828125,773.5100708007812,773.5499877929688
2026-08-10 11:50:00-04:00,773.5650024414062,774.3400268554688,773.4949951171875,774.2100219726562
2026-08-10 11:55:00-04:00,774.1900024414062,774.4099731445312,774.030029296875,774.3099975585938
2026-08-10 12:00:00-04:00,774.3400268554688,774.4349975585938,774.0399780273438,774.1649780273438
2026-08-10 12:05:00-04:00,774.1699829101562,774.2000122070312,773.875,773.989990234375
2026-08-10 12:10:00-04:00,774.0,774.1400146484375,773.780029296875,773.780029296875
2026-08-10 12:15:00-04:00,773.780029296875,773.7899780273438,773.4500122070312,773.6900024414062
2026-08-10 12:20:00-04:00,773.6699829101562,773.8599853515625,773.47998046875,773.7650146484375
2026-08-10 12:25:00-04:00,773.7550048828125,773.9199829101562,773.3499755859375,773.3699951171875
2026-08-10 12:30:00-04:00,773.3699951171875,773.4879760742188,771.6199951171875,772.6799926757812
2026-08-10 12:35:00-04:00,772.739990234375,773.0700073242188,772.52001953125,772.5700073242188
2026-08-10 12:40:00-04:00,772.5700073242188,772.6400146484375,771.9749755859375,772.159912109375
2026-08-10 12:45:00-04:00,772.1599731445312,772.6300048828125,771.9299926757812,772.6099853515625
2026-08-10 12:50:00-04:00,772.6300048828125,772.6400146484375,772.260009765625,772.530029296875
2026-08-10 12:55:00-04:00,772.530029296875,772.9600219726562,772.52001953125,772.9500122070312
2026-08-10 13:00:00-04:00,772.9400024414062,773.0499877929688,772.5,772.6799926757812
2026-08-10 13:05:00-04:00,772.6799926757812,773.0900268554688,772.5800170898438,773.0900268554688
2026-08-10 13:10:00-04:00,773.0700073242188,773.25,772.9000244140625,773.1099853515625
2026-08-10 13:15:00-04:00,773.114990234375,773.280029296875,772.9852294921875,773.1400146484375
2026-08-10 13:20:00-04:00,773.147705078125,773.2100219726562,772.989990234375,773.1500244140625
2026-08-10 13:25:00-04:00,773.1400146484375,773.1799926757812,772.8599853515625,773.1094970703125
2026-08-10 13:30:00-04:00,773.1099853515625,773.260009765625,773.0599975585938,773.1300048828125
2026-08-10 13:35:00-04:00,773.1199951171875,773.1599731445312,772.7000122070312,772.844970703125
2026-08-10 13:40:00-04:00,772.8400268554688,772.969970703125,772.6099853515625,772.6500244140625
2026-08-10 13:45:00-04:00,772.6599731445312,772.760009765625,772.5499877929688,772.6799926757812
2026-08-10 13:50:00-04:00,772.6799926757812,772.75,772.489990234375,772.6199951171875
2026-08-10 13:55:00-04:00,772.6099853515625,772.8200073242188,772.510009765625,772.739013671875
2026-08-10 14:00:00-04:00,772.72998046875,772.8800048828125,772.6599731445312,772.739990234375
2026-08-10 14:05:00-04:00,772.739990234375,773.02001953125,772.6500244140625,772.9400024414062
2026-08-10 14:10:00-04:00,772.9349975585938,773.0599975585938,772.6400146484375,772.6799926757812
2026-08-10 14:15:00-04:00,772.6699829101562,772.75,772.530029296875,772.5599975585938
2026-08-10 14:20:00-04:00,772.5800170898438,772.75,772.5,772.5499877929688
2026-08-10 14:25:00-04:00,772.5499877929688,772.7100219726562,772.510009765625,772.530029296875
2026-08-10 14:30:00-04:00,772.52001953125,772.6699829101562,772.3599853515625,772.5449829101562
2026-08-10 14:35:00-04:00,772.5399780273438,772.7100219726562,772.3200073242188,772.5599975585938
2026-08-10 14:40:00-04:00,772.5599975585938,772.9299926757812,772.5499877929688,772.885009765625
2026-08-10 14:45:00-04:00,772.8800048828125,772.9299926757812,772.739990234375,772.8499755859375
2026-08-10 14:50:00-04:00,772.8400268554688,773.1500244140625,772.8400268554688,773.1099853515625
2026-08-10 14:55:00-04:00,773.114990234375,773.3300170898438,773.0,773.1900024414062
2026-08-10 15:00:00-04:00,773.2000122070312,773.3200073242188,773.0499877929688,773.1900024414062
2026-08-10 15:05:00-04:00,773.1849975585938,773.4000244140625,773.1099853515625,773.3900146484375
2026-08-10 15:10:00-04:00,773.3900146484375,773.3900146484375,773.219970703125,773.2999877929688
2026-08-10 15:15:00-04:00,773.2999877929688,773.4400024414062,773.2100219726562,773.2999877929688
2026-08-10 15:20:00-04:00,773.3099975585938,773.4000244140625,773.1817016601562,773.3701171875
2026-08-10 15:25:00-04:00,773.3900146484375,773.3900146484375,772.8800048828125,772.9299926757812
2026-08-10 15:30:00-04:00,772.9450073242188,773.0007934570312,772.72998046875,772.8900146484375
2026-08-10 15:35:00-04:00,772.8800048828125,773.2899780273438,772.780029296875,773.1701049804688
2026-08-10 15:40:00-04:00,773.1900024414062,773.2000122070312,772.9400024414062,773.0850219726562
2026-08-10 15:45:00-04:00,773.0800170898438,773.219970703125,772.89501953125,773.1699829101562
2026-08-10 15:50:00-04:00,773.1599731445312,773.1599731445312,772.35498046875,772.3800048828125
2026-08-10 15:55:00-04:00,772.4000244140625,773.1599731445312,772.3150024414062,773.0700073242188
2026-08-11 09:30:00-04:00,774.530029296875,774.5399780273438,773.22998046875,773.469970703125
2026-08-11 09:35:00-04:00,773.4600219726562,773.5399780273438,772.864990234375,773.1099853515625
2026-08-11 09:40:00-04:00,773.1198120117188,773.7100219726562,773.0999755859375,773.2999877929688
2026-08-11 09:45:00-04:00,773.2999877929688,773.4849853515625,772.5800170898438,772.8400268554688
2026-08-11 09:50:00-04:00,772.8350219726562,773.1400146484375,772.5900268554688,772.9199829101562
2026-08-11 09:55:00-04:00,772.8800048828125,773.6400146484375,772.7999877929688,773.614990234375
2026-08-11 10:00:00-04:00,773.614990234375,774.0800170898438,773.489990234375,773.8699951171875
2026-08-11 10:05:00-04:00,773.85498046875,773.969970703125,773.5499877929688,773.7899780273438
2026-08-11 10:10:00-04:00,773.8018188476562,773.9761962890625,773.5900268554688,773.780029296875
2026-08-11 10:15:00-04:00,773.7999877929688,773.9500122070312,773.3800048828125,773.6300048828125
2026-08-11 10:20:00-04:00,773.6400146484375,773.8699951171875,773.3800048828125,773.405029296875
2026-08-11 10:25:00-04:00,773.3900146484375,773.9498901367188,773.3300170898438,773.8699951171875
2026-08-11 10:30:00-04:00,773.8800048828125,773.9299926757812,773.4600219726562,773.6699829101562
2026-08-11 10:35:00-04:00,773.6699829101562,773.7750244140625,773.2100219726562,773.344970703125
2026-08-11 10:40:00-04:00,773.3699951171875,773.6199951171875,773.280029296875,773.369873046875
2026-08-11 10:45:00-04:00,773.3599853515625,773.9299926757812,773.3499755859375,773.9000244140625
2026-08-11 10:50:00-04:00,773.8800048828125,774.0349731445312,773.4600219726562,773.8900146484375
2026-08-11 10:55:00-04:00,773.8900146484375,774.030029296875,773.5449829101562,773.6199951171875
2026-08-11 11:00:00-04:00,773.6300048828125,773.8099975585938,773.375,773.5
2026-08-11 11:05:00-04:00,773.5050048828125,773.5098876953125,772.719970703125,772.8049926757812
2026-08-11 11:10:00-04:00,772.7899780273438,772.9450073242188,772.5499877929688,772.6599731445312
2026-08-11 11:15:00-04:00,772.6599731445312,772.6799926757812,772.2000122070312,772.4500122070312
2026-08-11 11:20:00-04:00,772.4500122070312,772.8400268554688,772.4000244140625,772.510009765625
2026-08-11 11:25:00-04:00,772.52001953125,772.7000122070312,772.4000244140625,772.4010009765625
2026-08-11 11:30:00-04:00,772.4099731445312,772.5599975585938,771.8049926757812,771.9450073242188
2026-08-11 11:35:00-04:00,771.9500122070312,772.1300048828125,771.75,771.8599853515625
2026-08-11 11:40:00-04:00,771.85498046875,772.2100219726562,771.780029296875,772.1799926757812
2026-08-11 11:45:00-04:00,772.1699829101562,772.1763916015625,771.8905029296875,771.9949951171875
2026-08-11 11:50:00-04:00,772.0,772.2479858398438,771.77001953125,771.8399047851562
2026-08-11 11:55:00-04:00,771.8400268554688,772.1400146484375,771.7899780273438,772.0
2026-08-11 12:00:00-04:00,772.030029296875,772.3099975585938,772.010009765625,772.0399780273438
2026-08-11 12:05:00-04:00,772.030029296875,772.3900146484375,771.969970703125,772.3099975585938
2026-08-11 12:10:00-04:00,772.318115234375,772.3300170898438,771.9299926757812,771.9550170898438
2026-08-11 12:15:00-04:00,771.969970703125,772.4500122070312,771.9661865234375,772.0800170898438
2026-08-11 12:20:00-04:00,772.0800170898438,772.2000122070312,771.6300048828125,771.7050170898438
2026-08-11 12:25:00-04:00,771.7000122070312,771.8900146484375,771.3800048828125,771.8189697265625
2026-08-11 12:30:00-04:00,771.8175048828125,771.9199829101562,771.4600219726562,771.5599975585938
2026-08-11 12:35:00-04:00,771.5549926757812,772.010009765625,771.52001953125,771.8699951171875
2026-08-11 12:40:00-04:00,771.8599853515625,771.8599853515625,771.5499877929688,771.5800170898438
2026-08-11 12:45:00-04:00,771.5800170898438,771.5999755859375,771.280029296875,771.4299926757812
2026-08-11 12:50:00-04:00,771.4400024414062,771.5599975585938,771.3001098632812,771.3800048828125
2026-08-11 12:55:00-04:00,771.3800048828125,771.4099731445312,771.0399780273438,771.1400146484375
2026-08-11 13:00:00-04:00,771.1500244140625,771.260009765625,770.780029296875,770.7849731445312
2026-08-11 13:05:00-04:00,770.780029296875,771.0999755859375,770.760009765625,770.8800048828125
2026-08-11 13:10:00-04:00,770.8800048828125,770.8800048828125,770.2999877929688,770.3265991210938
2026-08-11 13:15:00-04:00,770.3099975585938,770.8399047851562,770.260009765625,770.7550048828125
2026-08-11 13:20:00-04:00,770.760009765625,771.0,770.5999755859375,770.9000244140625
2026-08-11 13:25:00-04:00,770.8900146484375,771.010009765625,770.6599731445312,770.8499755859375
2026-08-11 13:30:00-04:00,770.8499755859375,770.9500122070312,770.72998046875,770.9400024414062
2026-08-11 13:35:00-04:00,770.9450073242188,771.1300048828125,770.77001953125,770.875
2026-08-11 13:40:00-04:00,770.8900146484375,771.3099975585938,770.7899780273438,771.27001953125
2026-08-11 13:45:00-04:00,771.260009765625,771.35498046875,771.1199951171875,771.1702880859375
2026-08-11 13:50:00-04:00,771.1950073242188,771.3300170898438,771.1500244140625,771.2949829101562
2026-08-11 13:55:00-04:00,771.3099975585938,771.3099975585938,771.1099853515625,771.2399291992188
2026-08-11 14:00:00-04:00,771.219970703125,771.239501953125,770.9000244140625,771.0650024414062
2026-08-11 14:05:00-04:00,771.0700073242188,771.1599731445312,770.6699829101562,770.6900024414062
2026-08-11 14:10:00-04:00,770.7000122070312,770.9099731445312,770.6500244140625,770.8350219726562
2026-08-11 14:15:00-04:00,770.8400268554688,770.9400024414062,770.6400146484375,770.75
2026-08-11 14:20:00-04:00,770.739990234375,770.75,770.280029296875,770.489990234375
2026-08-11 14:25:00-04:00,770.5,770.5599975585938,769.2000122070312,769.5
2026-08-11 14:30:00-04:00,769.52001953125,770.0499877929688,769.5150146484375,770.0
2026-08-11 14:35:00-04:00,770.0050048828125,770.219970703125,769.9299926757812,770.010009765625
2026-08-11 14:40:00-04:00,770.0,770.0,769.6599731445312,769.7899780273438
2026-08-11 14:45:00-04:00,769.780029296875,770.3499755859375,769.780029296875,770.3400268554688
2026-08-11 14:50:00-04:00,770.3250122070312,770.4650268554688,770.1400146484375,770.3699951171875
2026-08-11 14:55:00-04:00,770.35498046875,770.3800048828125,770.0599975585938,770.0750122070312
2026-08-11 15:00:00-04:00,770.0900268554688,770.2100219726562,769.8900146484375,770.094970703125
2026-08-11 15:05:00-04:00,770.094970703125,770.1699829101562,769.8499755859375,770.0800170898438
2026-08-11 15:10:00-04:00,770.0900268554688,770.3800048828125,770.02001953125,770.239990234375
2026-08-11 15:15:00-04:00,770.27001953125,770.4901123046875,770.1699829101562,770.4400024414062
2026-08-11 15:20:00-04:00,770.4400024414062,770.6699829101562,770.3699951171875,770.6400146484375
2026-08-11 15:25:00-04:00,770.6389770507812,770.6900024414062,770.4500122070312,770.6300048828125
2026-08-11 15:30:00-04:00,770.6300048828125,770.8400268554688,770.5499877929688,770.7999877929688
2026-08-11 15:35:00-04:00,770.7899780273438,771.094970703125,770.7000122070312,771.0499877929688
2026-08-11 15:40:00-04:00,771.0700073242188,771.0700073242188,770.6799926757812,770.7150268554688
2026-08-11 15:45:00-04:00,770.719970703125,770.719970703125,770.2899780273438,770.3800048828125
2026-08-11 15:50:00-04:00,770.3900146484375,770.469970703125,769.7899780273438,770.4000244140625
2026-08-11 15:55:00-04:00,770.4099731445312,770.5499877929688,769.8400268554688,770.47998046875
2026-08-12 09:30:00-04:00,774.7100219726562,774.9000244140625,772.719970703125,773.0650024414062
2026-08-12 09:35:00-04:00,773.0499877929688,773.5150146484375,772.8049926757812,772.8800048828125
2026-08-12 09:40:00-04:00,772.8900146484375,773.1199951171875,772.4550170898438,772.8095092773438
2026-08-12 09:45:00-04:00,772.8200073242188,773.6500244140625,772.3619995117188,773.5399780273438
2026-08-12 09:50:00-04:00,773.5399780273438,773.5399780273438,772.5650024414062,772.614990234375
2026-08-12 09:55:00-04:00,772.614990234375,772.780029296875,772.0900268554688,772.5900268554688
2026-08-12 10:00:00-04:00,772.594970703125,772.8200073242188,771.9299926757812,771.9400024414062
2026-08-12 10:05:00-04:00,771.9400024414062,772.510009765625,771.8800048828125,772.4000244140625
2026-08-12 10:10:00-04:00,772.4199829101562,772.719970703125,772.1599731445312,772.3800048828125
2026-08-12 10:15:00-04:00,772.3599853515625,773.02001953125,772.22998046875,772.5
2026-08-12 10:20:00-04:00,772.5,773.030029296875,772.1799926757812,772.9650268554688
2026-08-12 10:25:00-04:00,772.9400024414062,773.3049926757812,772.5900268554688,772.7949829101562
2026-08-12 10:30:00-04:00,772.7899780273438,772.9807739257812,771.2899780273438,772.0700073242188
2026-08-12 10:35:00-04:00,772.0599975585938,772.7899780273438,771.9199829101562,772.7899780273438
2026-08-12 10:40:00-04:00,772.7799072265625,773.0900268554688,772.6799926757812,773.0599975585938
2026-08-12 10:45:00-04:00,773.0599975585938,773.2000122070312,772.4199829101562,772.6799926757812
2026-08-12 10:50:00-04:00,772.6799926757812,772.7100219726562,771.989990234375,772.0599975585938
2026-08-12 10:55:00-04:00,772.0399780273438,772.3400268554688,771.8200073242188,772.219970703125
2026-08-12 11:00:00-04:00,772.2208862304688,772.2899780273438,771.760009765625,771.8699951171875
2026-08-12 11:05:00-04:00,771.864990234375,772.2100219726562,771.7100219726562,772.0900268554688
2026-08-12 11:10:00-04:00,772.1199951171875,772.4099731445312,771.77001953125,772.1699829101562
2026-08-12 11:15:00-04:00,772.1300048828125,772.3198852539062,771.9400024414062,772.0999755859375
2026-08-12 11:20:00-04:00,772.1220092773438,772.1900024414062,771.719970703125,771.9089965820312
2026-08-12 11:25:00-04:00,771.8900146484375,772.3699951171875,771.844970703125,772.3699951171875
2026-08-12 11:30:00-04:00,772.4000244140625,772.469970703125,771.6649780273438,771.9000244140625
2026-08-12 11:35:00-04:00,771.8900146484375,772.1900024414062,771.6649780273438,771.6849975585938
2026-08-12 11:40:00-04:00,771.6699829101562,771.969970703125,771.5599975585938,771.7999877929688
2026-08-12 11:45:00-04:00,771.7999877929688,772.1699829101562,771.7698974609375,772.1699829101562
2026-08-12 11:50:00-04:00,772.1900024414062,772.1900024414062,771.8400268554688,771.97998046875
2026-08-12 11:55:00-04:00,771.9400024414062,772.0800170898438,771.8699951171875,772.030029296875
2026-08-12 12:00:00-04:00,772.0150146484375,772.4299926757812,771.969970703125,772.219970703125
2026-08-12 12:05:00-04:00,772.219970703125,772.3599853515625,771.97998046875,772.3499755859375
2026-08-12 12:10:00-04:00,772.3699951171875,772.6199951171875,772.2000122070312,772.5198974609375
2026-08-12 12:15:00-04:00,772.530029296875,772.6199951171875,772.3599853515625,772.434326171875
2026-08-12 12:20:00-04:00,772.435302734375,772.6400146484375,772.3200073242188,772.5700073242188
2026-08-12 12:25:00-04:00,772.5800170898438,772.6699829101562,772.4099731445312,772.4500122070312
2026-08-12 12:30:00-04:00,772.4500122070312,772.530029296875,772.1799926757812,772.2000122070312
2026-08-12 12:35:00-04:00,772.2000122070312,772.77001953125,772.1799926757812,772.760009765625
2026-08-12 12:40:00-04:00,772.760009765625,772.9099731445312,772.6599731445312,772.739990234375
2026-08-12 12:45:00-04:00,772.760009765625,772.8870239257812,772.5599975585938,772.8499755859375
2026-08-12 12:50:00-04:00,772.8499755859375,773.2000122070312,772.8400268554688,773.0650024414062
2026-08-12 12:55:00-04:00,773.0599975585938,773.0800170898438,772.8099975585938,772.905029296875
2026-08-12 13:00:00-04:00,772.9099731445312,773.0999755859375,772.8400268554688,773.0499877929688
2026-08-12 13:05:00-04:00,773.0549926757812,773.2899780273438,773.0,773.010009765625
2026-08-12 13:10:00-04:00,773.0198974609375,773.0700073242188,772.77001953125,773.030029296875
2026-08-12 13:15:00-04:00,773.030029296875,773.030029296875,772.6099853515625,772.77001953125
2026-08-12 13:20:00-04:00,772.77001953125,772.905029296875,772.6599731445312,772.7899780273438
2026-08-12 13:25:00-04:00,772.780029296875,773.0250244140625,772.72998046875,772.780029296875
2026-08-12 13:30:00-04:00,772.8300170898438,773.0,772.7000122070312,772.9000244140625
2026-08-12 13:35:00-04:00,772.9000244140625,772.9500122070312,772.760009765625,772.864990234375
2026-08-12 13:40:00-04:00,772.8599853515625,772.969970703125,772.719970703125,772.8800048828125
2026-08-12 13:45:00-04:00,772.8599853515625,772.9600219726562,772.760009765625,772.7999877929688
2026-08-12 13:50:00-04:00,772.7899780273438,772.97998046875,772.72998046875,772.75
2026-08-12 13:55:00-04:00,772.75,772.89501953125,772.6414184570312,772.8101196289062
2026-08-12 14:00:00-04:00,772.8099975585938,772.9600219726562,772.780029296875,772.9099731445312
2026-08-12 14:05:00-04:00,772.8900146484375,772.97998046875,772.8099975585938,772.8900146484375
2026-08-12 14:10:00-04:00,772.8887329101562,773.2100219726562,772.8887329101562,773.1099853515625
2026-08-12 14:15:00-04:00,773.1099853515625,773.1300048828125,772.97998046875,773.1300048828125
2026-08-12 14:20:00-04:00,773.1199951171875,773.22998046875,772.9600219726562,773.2249755859375
2026-08-12 14:25:00-04:00,773.22998046875,773.3099975585938,773.0700073242188,773.0900268554688
2026-08-12 14:30:00-04:00,773.0900268554688,773.468994140625,773.0900268554688,773.344970703125
2026-08-12 14:35:00-04:00,773.3300170898438,773.489990234375,773.3300170898438,773.4249877929688
2026-08-12 14:40:00-04:00,773.4199829101562,773.6300048828125,773.4199829101562,773.510009765625
2026-08-12 14:45:00-04:00,773.5150146484375,773.5499877929688,773.3800048828125,773.5250244140625
2026-08-12 14:50:00-04:00,773.530029296875,773.6300048828125,773.4400024414062,773.4400024414062
2026-08-12 14:55:00-04:00,773.4500122070312,773.4500122070312,773.0399780273438,773.0599975585938
2026-08-12 15:00:00-04:00,773.0349731445312,773.3250122070312,773.02001953125,773.2503051757812
2026-08-12 15:05:00-04:00,773.2559814453125,773.3800048828125,773.2100219726562,773.22998046875
2026-08-12 15:10:00-04:00,773.22998046875,773.280029296875,773.0,773.0700073242188
2026-08-12 15:15:00-04:00,773.0700073242188,773.219970703125,773.0549926757812,773.14501953125
2026-08-12 15:20:00-04:00,773.1400146484375,773.1599731445312,772.7999877929688,772.8699951171875
2026-08-12 15:25:00-04:00,772.8699951171875,772.989990234375,772.8099975585938,772.97998046875
2026-08-12 15:30:00-04:00,772.97998046875,773.02001953125,772.7999877929688,772.8800048828125
2026-08-12 15:35:00-04:00,772.8699951171875,773.0,772.8400268554688,772.8900146484375
2026-08-12 15:40:00-04:00,772.8800048828125,772.9099731445312,772.5599975585938,772.864990234375
2026-08-12 15:45:00-04:00,772.8599853515625,773.0,772.7000122070312,772.8800048828125
2026-08-12 15:50:00-04:00,772.8800048828125,772.9000244140625,772.1699829101562,772.239990234375
2026-08-12 15:55:00-04:00,772.260009765625,772.719970703125,772.0,772.52001953125
2026-08-13 09:30:00-04:00,774.8699951171875,775.489990234375,774.1199951171875,775.3807983398438
2026-08-13 09:35:00-04:00,775.3900146484375,776.469970703125,775.3599853515625,776.4400024414062
2026-08-13 09:40:00-04:00,776.4400024414062,776.4400024414062,775.5499877929688,775.7100219726562
2026-08-13 09:45:00-04:00,775.719970703125,776.9603271484375,775.6199951171875,776.8400268554688
2026-08-13 09:50:00-04:00,776.8400268554688,777.1699829101562,776.6699829101562,777.1500244140625
2026-08-13 09:55:00-04:00,777.135009765625,777.6900024414062,776.9299926757812,777.6099853515625
2026-08-13 10:00:00-04:00,777.5999755859375,778.25,777.52001953125,778.2249755859375
2026-08-13 10:05:00-04:00,778.2249755859375,778.3900146484375,777.9299926757812,778.1400146484375
2026-08-13 10:10:00-04:00,778.1500244140625,778.5499877929688,778.1300048828125,778.510009765625
2026-08-13 10:15:00-04:00,778.5250244140625,778.6599731445312,778.023193359375,778.530029296875
2026-08-13 10:20:00-04:00,778.5399780273438,779.2100219726562,778.3900146484375,779.0294799804688
2026-08-13 10:25:00-04:00,779.030029296875,779.25,778.9099731445312,779.1900024414062
2026-08-13 10:30:00-04:00,779.1900024414062,779.3699951171875,778.97998046875,779.219970703125
2026-08-13 10:35:00-04:00,779.219970703125,779.3699951171875,778.75,779.0650024414062
2026-08-13 10:40:00-04:00,779.0650024414062,779.1099853515625,778.5695190429688,778.5695190429688
2026-08-13 10:45:00-04:00,778.5399780273438,778.5499877929688,777.530029296875,777.6799926757812
2026-08-13 10:50:00-04:00,777.6900024414062,777.9349975585938,777.5700073242188,777.8400268554688
2026-08-13 10:55:00-04:00,777.8400268554688,777.969970703125,777.3800048828125,777.760009765625
2026-08-13 11:00:00-04:00,777.77001953125,778.22998046875,777.3200073242188,777.3800048828125
2026-08-13 11:05:00-04:00,777.3699951171875,777.60498046875,776.9650268554688,777.2349853515625
2026-08-13 11:10:00-04:00,777.239990234375,777.3699951171875,777.02001953125,777.1199951171875
2026-08-13 11:15:00-04:00,777.125,777.25,776.7213134765625,777.1749877929688
2026-08-13 11:20:00-04:00,777.1500244140625,777.260009765625,776.8250122070312,776.9149780273438
2026-08-13 11:25:00-04:00,776.9199829101562,776.9299926757812,775.9199829101562,776.1699829101562
2026-08-13 11:30:00-04:00,776.1799926757812,776.3099975585938,775.7100219726562,775.72998046875
2026-08-13 11:35:00-04:00,775.739990234375,776.1500244140625,775.5800170898438,775.9600219726562
2026-08-13 11:40:00-04:00,775.9500122070312,776.3699951171875,775.7000122070312,775.9650268554688
2026-08-13 11:45:00-04:00,775.9600219726562,776.1300048828125,775.7000122070312,775.909912109375
2026-08-13 11:50:00-04:00,775.89501953125,775.9299926757812,775.52001953125,775.6599731445312
2026-08-13 11:55:00-04:00,775.6599731445312,775.9299926757812,775.3800048828125,775.489990234375
2026-08-13 12:00:00-04:00,775.47998046875,776.0499877929688,775.4600219726562,775.89990234375
2026-08-13 12:05:00-04:00,775.9099731445312,776.2899780273438,775.8900146484375,775.9650268554688
2026-08-13 12:10:00-04:00,775.9650268554688,776.1199951171875,775.6749877929688,775.6900024414062
2026-08-13 12:15:00-04:00,775.6923217773438,775.8800048828125,775.5999755859375,775.8499755859375
2026-08-13 12:20:00-04:00,775.8499755859375,776.0900268554688,775.760009765625,776.0599975585938
2026-08-13 12:25:00-04:00,776.0650024414062,776.52001953125,776.0449829101562,776.52001953125
2026-08-13 12:30:00-04:00,776.5250244140625,776.7100219726562,776.405029296875,776.6400146484375
2026-08-13 12:35:00-04:00,776.6400146484375,776.7000122070312,776.2199096679688,776.2899780273438
2026-08-13 12:40:00-04:00,776.2857055664062,776.510009765625,776.2050170898438,776.4400024414062
2026-08-13 12:45:00-04:00,776.4146728515625,776.6699829101562,776.4146728515625,776.6099853515625
2026-08-13 12:50:00-04:00,776.6099853515625,776.7999877929688,776.594970703125,776.6900024414062
2026-08-13 12:55:00-04:00,776.6799926757812,776.760009765625,776.5850219726562,776.7000122070312
2026-08-13 13:00:00-04:00,776.7100219726562,777.0499877929688,776.7100219726562,776.989990234375
2026-08-13 13:05:00-04:00,777.0,777.3800048828125,776.9299926757812,777.25
2026-08-13 13:10:00-04:00,777.25,777.2999877929688,777.0900268554688,777.1900024414062
2026-08-13 13:15:00-04:00,777.1699829101562,777.4000244140625,777.1699829101562,777.4000244140625
2026-08-13 13:20:00-04:00,777.405029296875,777.47998046875,777.1699829101562,777.280029296875
2026-08-13 13:25:00-04:00,777.2899780273438,777.3099975585938,777.0900268554688,777.1099853515625
2026-08-13 13:30:00-04:00,777.0999755859375,777.239990234375,776.8300170898438,776.9299926757812
2026-08-13 13:35:00-04:00,776.9299926757812,776.9349975585938,776.6649780273438,776.7899780273438
2026-08-13 13:40:00-04:00,776.7864990234375,776.9000244140625,776.6199951171875,776.6199951171875
2026-08-13 13:45:00-04:00,776.6199951171875,776.9199829101562,776.6199951171875,776.8300170898438
2026-08-13 13:50:00-04:00,776.8400268554688,776.9299926757812,776.739990234375,776.77001953125
2026-08-13 13:55:00-04:00,776.780029296875,776.9400024414062,776.6699829101562,776.7449951171875
2026-08-13 14:00:00-04:00,776.75,776.9400024414062,776.739990234375,776.9099731445312
2026-08-13 14:05:00-04:00,776.9299926757812,777.0399780273438,776.7999877929688,776.8300170898438
2026-08-13 14:10:00-04:00,776.8200073242188,777.1400146484375,776.6599731445312,777.0800170898438
2026-08-13 14:15:00-04:00,777.0750122070312,777.1699829101562,776.8900146484375,776.9500122070312
2026-08-13 14:20:00-04:00,776.9299926757812,776.989990234375,776.6799926757812,776.719970703125
2026-08-13 14:25:00-04:00,776.72998046875,777.0449829101562,776.7100219726562,776.97998046875
2026-08-13 14:30:00-04:00,776.989990234375,777.260009765625,776.989990234375,777.2368774414062
2026-08-13 14:35:00-04:00,777.25,777.4199829101562,777.2000122070312,777.4000244140625
2026-08-13 14:40:00-04:00,777.4099731445312,777.739990234375,777.3599853515625,777.6174926757812
2026-08-13 14:45:00-04:00,777.614990234375,777.760009765625,777.6055297851562,777.75
2026-08-13 14:50:00-04:00,777.75,777.9299926757812,777.6300048828125,777.8699951171875
2026-08-13 14:55:00-04:00,777.8699951171875,777.9199829101562,777.6699829101562,777.739990234375
2026-08-13 15:00:00-04:00,777.75,777.9301147460938,777.719970703125,777.8800048828125
2026-08-13 15:05:00-04:00,777.8800048828125,778.4299926757812,777.7999877929688,778.35498046875
2026-08-13 15:10:00-04:00,778.3599853515625,778.3599853515625,777.8400268554688,777.9600219726562
2026-08-13 15:15:00-04:00,777.9500122070312,778.1500244140625,777.7899780273438,778.1500244140625
2026-08-13 15:20:00-04:00,778.14501953125,778.3300170898438,778.1300048828125,778.2949829101562
2026-08-13 15:25:00-04:00,778.2899780273438,778.3699951171875,777.97998046875,778.0300903320312
2026-08-13 15:30:00-04:00,778.030029296875,778.239990234375,777.9500122070312,778.0399780273438
2026-08-13 15:35:00-04:00,778.0399780273438,778.0599975585938,777.72998046875,777.9550170898438
2026-08-13 15:40:00-04:00,777.9600219726562,778.030029296875,777.6900024414062,777.719970703125
2026-08-13 15:45:00-04:00,777.7100219726562,777.8200073242188,777.6400146484375,777.77001953125
2026-08-13 15:50:00-04:00,777.75,777.75,777.3499755859375,777.5150146484375
2026-08-13 15:55:00-04:00,777.530029296875,777.9349975585938,777.364990234375,777.780029296875
2026-08-14 09:30:00-04:00,778.5399780273438,778.5800170898438,777.9199829101562,778.1900024414062
2026-08-14 09:35:00-04:00,778.1649780273438,778.280029296875,777.6599731445312,778.02001953125
2026-08-14 09:40:00-04:00,778.0399780273438,778.4849853515625,777.8200073242188,778.3800048828125
2026-08-14 09:45:00-04:00,778.3900146484375,778.5999755859375,777.88037109375,777.9500122070312
2026-08-14 09:50:00-04:00,777.9600219726562,778.5999755859375,777.8099975585938,778.469970703125
2026-08-14 09:55:00-04:00,778.469970703125,778.510009765625,778.0999755859375,778.4299926757812
2026-08-14 10:00:00-04:00,778.4199829101562,778.5900268554688,778.1599731445312,778.5499877929688
2026-08-14 10:05:00-04:00,778.5499877929688,778.7999877929688,778.469970703125,778.52001953125
2026-08-14 10:10:00-04:00,778.530029296875,778.6799926757812,778.280029296875,778.280029296875
2026-08-14 10:15:00-04:00,778.2750244140625,778.3400268554688,777.7650146484375,777.8101196289062
2026-08-14 10:20:00-04:00,777.8099975585938,777.9099731445312,777.3800048828125,777.530029296875
2026-08-14 10:25:00-04:00,777.527099609375,777.619873046875,777.1300048828125,777.4099731445312
2026-08-14 10:30:00-04:00,777.4000244140625,777.47998046875,776.8200073242188,776.8699951171875
2026-08-14 10:35:00-04:00,776.8599853515625,777.4400024414062,776.8400268554688,777.4000244140625
2026-08-14 10:40:00-04:00,777.375,777.375,777.010009765625,777.1300048828125
2026-08-14 10:45:00-04:00,777.1199951171875,777.4299926757812,777.030029296875,777.260009765625
2026-08-14 10:50:00-04:00,777.2449951171875,777.4392700195312,776.9880981445312,777.0150146484375
2026-08-14 10:55:00-04:00,777.02001953125,777.1500244140625,776.739990234375,776.739990234375
2026-08-14 11:00:00-04:00,776.7449951171875,777.1099853515625,776.7100219726562,776.9400024414062
2026-08-14 11:05:00-04:00,776.9299926757812,777.0599975585938,776.5700073242188,776.6599731445312
2026-08-14 11:10:00-04:00,776.6699829101562,776.780029296875,776.4199829101562,776.4550170898438
2026-08-14 11:15:00-04:00,776.4500122070312,776.6900024414062,776.4299926757812,776.5900268554688
2026-08-14 11:20:00-04:00,776.5900268554688,776.6500244140625,775.989990234375,776.0017700195312
2026-08-14 11:25:00-04:00,776.0,776.2999877929688,775.8599853515625,776.2999877929688
2026-08-14 11:30:00-04:00,776.2899780273438,776.4149780273438,776.010009765625,776.1699829101562
2026-08-14 11:35:00-04:00,776.1799926757812,776.4600219726562,776.0599975585938,776.0618286132812
2026-08-14 11:40:00-04:00,776.0900268554688,776.1300048828125,775.8499755859375,776.0499877929688
2026-08-14 11:45:00-04:00,776.0549926757812,776.3699951171875,775.8599853515625,775.8900146484375
2026-08-14 11:50:00-04:00,775.8800048828125,776.2100219726562,775.8099975585938,776.114990234375
2026-08-14 11:55:00-04:00,776.1199951171875,776.3499755859375,776.02001953125,776.219970703125
2026-08-14 12:00:00-04:00,776.22998046875,776.5900268554688,776.22998046875,776.4398803710938
2026-08-14 12:05:00-04:00,776.4099731445312,776.510009765625,776.0999755859375,776.239990234375
2026-08-14 12:10:00-04:00,776.236328125,776.5599975585938,776.1699829101562,776.5499877929688
2026-08-14 12:15:00-04:00,776.5499877929688,776.75,776.530029296875,776.5900268554688
2026-08-14 12:20:00-04:00,776.5900268554688,776.7000122070312,776.4400024414062,776.6699829101562
2026-08-14 12:25:00-04:00,776.6749877929688,776.8200073242188,776.6199951171875,776.7100219726562
2026-08-14 12:30:00-04:00,776.7000122070312,776.7349853515625,776.2999877929688,776.375
2026-08-14 12:35:00-04:00,776.3800048828125,776.6300048828125,776.3400268554688,776.469970703125
2026-08-14 12:40:00-04:00,776.489990234375,776.489990234375,776.135009765625,776.135009765625
2026-08-14 12:45:00-04:00,776.1300048828125,776.2100219726562,775.9805297851562,776.1375122070312
2026-08-14 12:50:00-04:00,776.1199951171875,776.1199951171875,775.8250122070312,775.9237060546875
2026-08-14 12:55:00-04:00,775.9299926757812,776.010009765625,775.6599731445312,775.7000122070312
2026-08-14 13:00:00-04:00,775.7000122070312,775.8800048828125,775.6300048828125,775.7899780273438
2026-08-14 13:05:00-04:00,775.7899780273438,775.969970703125,775.780029296875,775.9000244140625
2026-08-14 13:10:00-04:00,775.9099731445312,776.114990234375,775.8300170898438,776.0599975585938
2026-08-14 13:15:00-04:00,776.0499877929688,776.1099853515625,775.7899780273438,775.9650268554688
2026-08-14 13:20:00-04:00,775.9600219726562,776.1300048828125,775.780029296875,775.8300170898438
2026-08-14 13:25:00-04:00,775.8200073242188,775.8300170898438,775.653076171875,775.77001953125
2026-08-14 13:30:00-04:00,775.780029296875,775.97998046875,775.739990234375,775.8300170898438
2026-08-14 13:35:00-04:00,775.8200073242188,775.8200073242188,775.4301147460938,775.5750122070312
2026-08-14 13:40:00-04:00,775.5499877929688,775.6599731445312,775.469970703125,775.5999755859375
2026-08-14 13:45:00-04:00,775.5999755859375,775.719970703125,775.5399780273438,775.6099853515625
2026-08-14 13:50:00-04:00,775.5999755859375,775.8099975585938,775.4650268554688,775.7550048828125
2026-08-14 13:55:00-04:00,775.7550048828125,775.9299926757812,775.6400146484375,775.8300170898438
2026-08-14 14:00:00-04:00,775.8350219726562,776.1099853515625,775.72998046875,776.02001953125
2026-08-14 14:05:00-04:00,776.02001953125,776.1599731445312,775.9500122070312,776.155029296875
2026-08-14 14:10:00-04:00,776.1500244140625,776.2999877929688,776.0700073242188,776.1599731445312
2026-08-14 14:15:00-04:00,776.1500244140625,776.3300170898438,776.1199951171875,776.2050170898438
2026-08-14 14:20:00-04:00,776.2100219726562,776.3200073242188,776.0800170898438,776.1749877929688
2026-08-14 14:25:00-04:00,776.1799926757812,776.27001953125,775.8900146484375,775.9249877929688
2026-08-14 14:30:00-04:00,775.9299926757812,776.1099853515625,775.8200073242188,775.9000244140625
2026-08-14 14:35:00-04:00,775.9000244140625,776.0399780273438,775.8200073242188,776.0050048828125
2026-08-14 14:40:00-04:00,776.0050048828125,776.27001953125,775.9500122070312,776.2100219726562
2026-08-14 14:45:00-04:00,776.2100219726562,776.260009765625,776.0399780273438,776.2550048828125
2026-08-14 14:50:00-04:00,776.260009765625,776.4918823242188,776.260009765625,776.3599853515625
2026-08-14 14:55:00-04:00,776.3599853515625,776.3599853515625,776.1500244140625,776.1900024414062
2026-08-14 15:00:00-04:00,776.1900024414062,776.219970703125,775.8900146484375,775.989990234375
2026-08-14 15:05:00-04:00,775.9849853515625,776.1900024414062,775.9500122070312,776.1599731445312
2026-08-14 15:10:00-04:00,776.1699829101562,776.1849975585938,776.0399780273438,776.0499877929688
2026-08-14 15:15:00-04:00,776.0499877929688,776.1300048828125,775.8300170898438,775.9949951171875
2026-08-14 15:20:00-04:00,775.9949951171875,776.1199951171875,775.8699951171875,776.1099853515625
2026-08-14 15:25:00-04:00,776.1099853515625,776.3300170898438,776.1099853515625,776.155029296875
2026-08-14 15:30:00-04:00,776.155029296875,776.3088989257812,776.0999755859375,776.2349853515625
2026-08-14 15:35:00-04:00,776.239990234375,776.3200073242188,776.030029296875,776.1699829101562
2026-08-14 15:40:00-04:00,776.1699829101562,776.3049926757812,776.114990234375,776.1649780273438
2026-08-14 15:45:00-04:00,776.1599731445312,776.219970703125,775.969970703125,776.2000122070312
2026-08-14 15:50:00-04:00,776.1900024414062,776.4099731445312,776.0999755859375,776.2000122070312
2026-08-14 15:55:00-04:00,776.2100219726562,776.4199829101562,775.9199829101562,776.2999877929688
2026-08-17 09:30:00-04:00,776.1799926757812,776.7750244140625,775.4620971679688,775.510009765625
2026-08-17 09:35:00-04:00,775.5098876953125,775.8900146484375,775.3200073242188,775.4398803710938
2026-08-17 09:40:00-04:00,775.4500122070312,775.8400268554688,775.3200073242188,775.5650024414062
2026-08-17 09:45:00-04:00,775.5599975585938,776.0100708007812,775.1900024414062,775.969970703125
2026-08-17 09:50:00-04:00,775.9749755859375,776.0,775.5599975585938,775.8099975585938
2026-08-17 09:55:00-04:00,775.8300170898438,775.8300170898438,775.1799926757812,775.29052734375
2026-08-17 10:00:00-04:00,775.2650146484375,775.5999755859375,775.02001953125,775.4099731445312
2026-08-17 10:05:00-04:00,775.4099731445312,775.5,775.0900268554688,775.4349975585938
2026-08-17 10:10:00-04:00,775.4400024414062,775.77001953125,775.3599853515625,775.6599731445312
2026-08-17 10:15:00-04:00,775.6599731445312,775.6599731445312,775.2349853515625,775.3300170898438
2026-08-17 10:20:00-04:00,775.3499755859375,775.3599853515625,775.02001953125,775.25
2026-08-17 10:25:00-04:00,775.260009765625,775.469970703125,775.0,775.4600219726562
2026-08-17 10:30:00-04:00,775.4500122070312,775.5899047851562,775.3400268554688,775.5601196289062
2026-08-17 10:35:00-04:00,775.5700073242188,775.5700073242188,774.9299926757812,775.0599975585938
2026-08-17 10:40:00-04:00,775.0700073242188,775.3400268554688,775.030029296875,775.1212158203125
2026-08-17 10:45:00-04:00,775.1400146484375,775.3699951171875,775.1300048828125,775.2849731445312
2026-08-17 10:50:00-04:00,775.2899780273438,775.47998046875,774.9000244140625,774.9600219726562
2026-08-17 10:55:00-04:00,774.9600219726562,775.2899780273438,774.8900146484375,775.27001953125
2026-08-17 11:00:00-04:00,775.27001953125,775.5999755859375,775.1500244140625,775.5
2026-08-17 11:05:00-04:00,775.5,775.5999755859375,775.2999877929688,775.3800048828125
2026-08-17 11:10:00-04:00,775.3699951171875,775.5700073242188,775.3200073242188,775.3300170898438
2026-08-17 11:15:00-04:00,775.3300170898438,775.760009765625,775.2999877929688,775.7000122070312
2026-08-17 11:20:00-04:00,775.7000122070312,775.8599853515625,775.6199951171875,775.6699829101562
2026-08-17 11:25:00-04:00,775.7000122070312,775.7899780273438,775.530029296875,775.7150268554688
2026-08-17 11:30:00-04:00,775.7150268554688,775.8200073242188,775.219970703125,775.2210083007812
2026-08-17 11:35:00-04:00,775.239990234375,775.3250122070312,774.969970703125,775.02001953125
2026-08-17 11:40:00-04:00,775.010009765625,775.1099853515625,774.7100219726562,775.0999755859375
2026-08-17 11:45:00-04:00,775.0999755859375,775.239990234375,775.0150146484375,775.0999755859375
2026-08-17 11:50:00-04:00,775.0700073242188,775.4099731445312,775.02001953125,775.3300170898438
2026-08-17 11:55:00-04:00,775.3300170898438,775.4400024414062,775.280029296875,775.2999877929688
2026-08-17 12:00:00-04:00,775.2949829101562,775.375,775.135009765625,775.219970703125
2026-08-17 12:05:00-04:00,775.219970703125,775.3200073242188,775.0599975585938,775.1300048828125
2026-08-17 12:10:00-04:00,775.1500244140625,775.4600219726562,775.1300048828125,775.3800048828125
2026-08-17 12:15:00-04:00,775.3800048828125,775.5900268554688,775.3599853515625,775.5
2026-08-17 12:20:00-04:00,775.510009765625,775.6099853515625,775.3699951171875,775.4199829101562
2026-08-17 12:25:00-04:00,775.4000244140625,775.4299926757812,775.2050170898438,775.2899780273438
2026-08-17 12:30:00-04:00,775.2999877929688,775.4099731445312,775.0900268554688,775.1099853515625
2026-08-17 12:35:00-04:00,775.1099853515625,775.2899780273438,775.0900268554688,775.2899780273438
2026-08-17 12:40:00-04:00,775.2899780273438,775.2899780273438,774.9299926757812,774.9400024414062
2026-08-17 12:45:00-04:00,774.9450073242188,775.0700073242188,774.8499755859375,775.0050048828125
2026-08-17 12:50:00-04:00,775.010009765625,775.0499877929688,774.6500244140625,774.8699951171875
2026-08-17 12:55:00-04:00,774.8699951171875,774.9099731445312,774.6099853515625,774.6799926757812
2026-08-17 13:00:00-04:00,774.6699829101562,774.780029296875,774.5599975585938,774.6799926757812
2026-08-17 13:05:00-04:00,774.6799926757812,774.6799926757812,774.489990234375,774.5599975585938
2026-08-17 13:10:00-04:00,774.5599975585938,774.6500244140625,774.2999877929688,774.3099975585938
2026-08-17 13:15:00-04:00,774.2899780273438,774.4450073242188,774.0700073242188,774.239990234375
2026-08-17 13:20:00-04:00,774.239990234375,774.3200073242188,773.6599731445312,773.75
2026-08-17 13:25:00-04:00,773.75,773.7899780273438,773.469970703125,773.5800170898438
2026-08-17 13:30:00-04:00,773.5700073242188,773.8599853515625,773.4199829101562,773.4400024414062
2026-08-17 13:35:00-04:00,773.4299926757812,773.530029296875,773.14501953125,773.14501953125
2026-08-17 13:40:00-04:00,773.1300048828125,773.8400268554688,773.0999755859375,773.780029296875
2026-08-17 13:45:00-04:00,773.760986328125,773.844970703125,773.4749755859375,773.5050048828125
2026-08-17 13:50:00-04:00,773.510009765625,773.6699829101562,773.4000244140625,773.5549926757812
2026-08-17 13:55:00-04:00,773.5598754882812,773.5700073242188,773.3200073242188,773.4099731445312
2026-08-17 14:00:00-04:00,773.4199829101562,773.5900268554688,773.280029296875,773.4500122070312
2026-08-17 14:05:00-04:00,773.4500122070312,773.6300048828125,773.2999877929688,773.3900146484375
2026-08-17 14:10:00-04:00,773.3599853515625,773.75,773.3300170898438,773.6900024414062
2026-08-17 14:15:00-04:00,773.6950073242188,773.7999877929688,773.510009765625,773.5789794921875
2026-08-17 14:20:00-04:00,773.5599975585938,773.739990234375,773.3900146484375,773.7100219726562
2026-08-17 14:25:00-04:00,773.7000122070312,773.7999877929688,773.4199829101562,773.5900268554688
2026-08-17 14:30:00-04:00,773.5800170898438,773.6300048828125,773.22998046875,773.260009765625
2026-08-17 14:35:00-04:00,773.260009765625,773.489990234375,773.260009765625,773.4799194335938
2026-08-17 14:40:00-04:00,773.4500122070312,773.7000122070312,773.4000244140625,773.5999755859375
2026-08-17 14:45:00-04:00,773.60498046875,773.780029296875,773.5549926757812,773.719970703125
2026-08-17 14:50:00-04:00,773.7150268554688,773.8200073242188,773.5449829101562,773.5999755859375
2026-08-17 14:55:00-04:00,773.594970703125,773.635009765625,773.5,773.5349731445312
2026-08-17 15:00:00-04:00,773.5349731445312,773.5900268554688,773.2999877929688,773.3200073242188
2026-08-17 15:05:00-04:00,773.3300170898438,773.4299926757812,773.260009765625,773.2949829101562
2026-08-17 15:10:00-04:00,773.2949829101562,773.4149780273438,773.155029296875,773.2100219726562
2026-08-17 15:15:00-04:00,773.2100219726562,773.510009765625,773.1599731445312,773.3800048828125
2026-08-17 15:20:00-04:00,773.3900146484375,773.469970703125,773.25,773.280029296875
2026-08-17 15:25:00-04:00,773.27001953125,773.4099731445312,773.1199951171875,773.1199951171875
2026-08-17 15:30:00-04:00,773.1300048828125,773.1599731445312,772.72998046875,772.9749755859375
2026-08-17 15:35:00-04:00,772.97998046875,773.1199951171875,772.8626708984375,773.0150146484375
2026-08-17 15:40:00-04:00,773.010009765625,773.0700073242188,772.8099975585938,772.97998046875
2026-08-17 15:45:00-04:00,772.97998046875,773.3400268554688,772.969970703125,773.3150024414062
2026-08-17 15:50:00-04:00,773.3150024414062,773.3599853515625,772.6199951171875,772.7550048828125
2026-08-17 15:55:00-04:00,772.75,772.9500122070312,772.510009765625,772.6799926757812
2026-08-18 09:30:00-04:00,768.7000122070312,769.4600219726562,767.9099731445312,768.5499877929688
2026-08-18 09:35:00-04:00,768.5499877929688,769.19970703125,768.3099975585938,769.1300048828125
2026-08-18 09:40:00-04:00,769.10498046875,769.5,768.719970703125,768.75
2026-08-18 09:45:00-04:00,768.72998046875,769.0800170898438,768.3599853515625,768.4500122070312
2026-08-18 09:50:00-04:00,768.4600219726562,768.8099975585938,768.2150268554688,768.5599975585938
2026-08-18 09:55:00-04:00,768.5800170898438,768.8499755859375,768.1199951171875,768.469970703125
2026-08-18 10:00:00-04:00,768.489990234375,769.27001953125,768.1799926757812,768.969970703125
2026-08-18 10:05:00-04:00,768.9600219726562,769.2100219726562,768.4450073242188,768.5399780273438
2026-08-18 10:10:00-04:00,768.5399780273438,768.5700073242188,767.6300048828125,768.0900268554688
2026-08-18 10:15:00-04:00,768.1099853515625,768.8200073242188,767.989990234375,768.5499877929688
2026-08-18 10:20:00-04:00,768.5499877929688,768.97998046875,768.0900268554688,768.8099975585938
2026-08-18 10:25:00-04:00,768.8200073242188,769.0800170898438,768.5358276367188,768.6599731445312
2026-08-18 10:30:00-04:00,768.6400146484375,769.25,768.5700073242188,768.77001953125
2026-08-18 10:35:00-04:00,768.77001953125,769.1699829101562,768.72998046875,769.0900268554688
2026-08-18 10:40:00-04:00,769.0900268554688,769.2100219726562,768.3800048828125,768.4000244140625
2026-08-18 10:45:00-04:00,768.3900146484375,768.5850219726562,768.1799926757812,768.469970703125
2026-08-18 10:50:00-04:00,768.4749755859375,768.8049926757812,767.9099731445312,767.9400024414062
2026-08-18 10:55:00-04:00,767.9400024414062,768.1300048828125,767.7100219726562,767.9199829101562
2026-08-18 11:00:00-04:00,767.9299926757812,768.2949829101562,767.4199829101562,768.219970703125
2026-08-18 11:05:00-04:00,768.219970703125,768.3800048828125,767.719970703125,767.77001953125
2026-08-18 11:10:00-04:00,767.780029296875,767.9249877929688,767.6400146484375,767.719970703125
2026-08-18 11:15:00-04:00,767.72998046875,767.8900146484375,767.469970703125,767.47998046875
2026-08-18 11:20:00-04:00,767.4500122070312,767.718017578125,767.3300170898438,767.5499877929688
2026-08-18 11:25:00-04:00,767.5399780273438,768.0313720703125,767.4199829101562,767.8400268554688
2026-08-18 11:30:00-04:00,767.85498046875,768.1900024414062,767.7349853515625,767.8900146484375
2026-08-18 11:35:00-04:00,767.8900146484375,767.9000244140625,767.5999755859375,767.8250122070312
2026-08-18 11:40:00-04:00,767.8350219726562,768.2650146484375,767.6900024414062,768.0599975585938
2026-08-18 11:45:00-04:00,768.0700073242188,768.5700073242188,768.0700073242188,768.39501953125
2026-08-18 11:50:00-04:00,768.3699951171875,768.6300048828125,768.0999755859375,768.489990234375
2026-08-18 11:55:00-04:00,768.47998046875,768.5,768.0700073242188,768.3499755859375
2026-08-18 12:00:00-04:00,768.3499755859375,768.6500244140625,768.2750244140625,768.5700073242188
2026-08-18 12:05:00-04:00,768.5549926757812,768.7100219726562,768.219970703125,768.3699951171875
2026-08-18 12:10:00-04:00,768.3699951171875,768.72998046875,768.3699951171875,768.5499877929688
2026-08-18 12:15:00-04:00,768.5700073242188,768.6400146484375,768.2210083007812,768.3099975585938
2026-08-18 12:20:00-04:00,768.3099975585938,768.8699951171875,768.3099975585938,768.6799926757812
2026-08-18 12:25:00-04:00,768.6699829101562,768.7299194335938,768.1400146484375,768.2100219726562
2026-08-18 12:30:00-04:00,768.1900024414062,768.4299926757812,768.0700073242188,768.3099975585938
2026-08-18 12:35:00-04:00,768.3200073242188,768.5800170898438,768.1649780273438,768.4550170898438
2026-08-18 12:40:00-04:00,768.4600219726562,768.5999755859375,768.1900024414062,768.3699951171875
2026-08-18 12:45:00-04:00,768.3800048828125,768.8400268554688,768.2000122070312,768.77001953125
2026-08-18 12:50:00-04:00,768.77001953125,768.8699951171875,768.64501953125,768.8298950195312
2026-08-18 12:55:00-04:00,768.8200073242188,768.8300170898438,768.6199951171875,768.6300048828125
2026-08-18 13:00:00-04:00,768.6199951171875,768.6900024414062,768.3699951171875,768.5499877929688
2026-08-18 13:05:00-04:00,768.5599975585938,768.760009765625,768.4500122070312,768.760009765625
2026-08-18 13:10:00-04:00,768.760009765625,768.8200073242188,768.489990234375,768.6199951171875
2026-08-18 13:15:00-04:00,768.6199951171875,768.6400146484375,768.27001953125,768.2999877929688
2026-08-18 13:20:00-04:00,768.2999877929688,768.5449829101562,768.239990234375,768.260009765625
2026-08-18 13:25:00-04:00,768.260009765625,768.3300170898438,768.0800170898438,768.2999877929688
2026-08-18 13:30:00-04:00,768.2899780273438,768.3900146484375,768.0938720703125,768.1900024414062
2026-08-18 13:35:00-04:00,768.198974609375,768.3925170898438,768.010009765625,768.219970703125
2026-08-18 13:40:00-04:00,768.219970703125,768.2899780273438,768.0599975585938,768.0900268554688
2026-08-18 13:45:00-04:00,768.0700073242188,768.2100219726562,767.989990234375,768.010009765625
2026-08-18 13:50:00-04:00,768.02001953125,768.1799926757812,767.9500122070312,768.0700073242188
2026-08-18 13:55:00-04:00,768.0650024414062,768.0700073242188,767.6099853515625,767.6199951171875
2026-08-18 14:00:00-04:00,767.6199951171875,767.72998046875,767.530029296875,767.635009765625
2026-08-18 14:05:00-04:00,767.6400146484375,767.760009765625,767.4500122070312,767.489990234375
2026-08-18 14:10:00-04:00,767.5,768.0999755859375,767.4600219726562,768.0599975585938
2026-08-18 14:15:00-04:00,768.0700073242188,768.4400024414062,768.0399169921875,768.4099731445312
2026-08-18 14:20:00-04:00,768.405029296875,768.5650024414062,768.2100219726562,768.27001953125
2026-08-18 14:25:00-04:00,768.2650146484375,768.405029296875,768.10498046875,768.3599853515625
2026-08-18 14:30:00-04:00,768.35498046875,768.4099731445312,768.1400146484375,768.2949829101562
2026-08-18 14:35:00-04:00,768.3200073242188,768.4299926757812,768.2899780273438,768.3200073242188
2026-08-18 14:40:00-04:00,768.3200073242188,768.3599853515625,768.0800170898438,768.0900268554688
2026-08-18 14:45:00-04:00,768.0999755859375,768.2000122070312,768.02001953125,768.0599975585938
2026-08-18 14:50:00-04:00,768.0499877929688,768.0900268554688,767.7999877929688,767.8099975585938
2026-08-18 14:55:00-04:00,767.7999877929688,767.9149780273438,767.6799926757812,767.7000122070312
2026-08-18 15:00:00-04:00,767.6900024414062,767.8699951171875,767.6199951171875,767.7449951171875
2026-08-18 15:05:00-04:00,767.75,767.9500122070312,767.6500244140625,767.8300170898438
2026-08-18 15:10:00-04:00,767.8300170898438,767.9199829101562,767.5599975585938,767.6199951171875
2026-08-18 15:15:00-04:00,767.6199951171875,767.8599853515625,767.6099853515625,767.8499755859375
2026-08-18 15:20:00-04:00,767.85498046875,768.1500244140625,767.760009765625,768.1500244140625
2026-08-18 15:25:00-04:00,768.1300048828125,768.1799926757812,768.0050048828125,768.02001953125
2026-08-18 15:30:00-04:00,768.0150146484375,768.219970703125,767.8499755859375,767.8900146484375
2026-08-18 15:35:00-04:00,767.8956298828125,768.0599975585938,767.8499755859375,767.9500122070312
2026-08-18 15:40:00-04:00,767.9500122070312,767.969970703125,767.719970703125,767.89501953125
2026-08-18 15:45:00-04:00,767.8900146484375,767.9600219726562,767.6500244140625,767.8900146484375
2026-08-18 15:50:00-04:00,767.8900146484375,767.9400024414062,767.27001953125,767.4149780273438
2026-08-18 15:55:00-04:00,767.4199829101562,767.6699829101562,766.9249877929688,767.3900146484375
2026-08-19 09:30:00-04:00,770.3599853515625,770.6300048828125,769.8599853515625,770.02099609375
2026-08-19 09:35:00-04:00,770.030029296875,770.22998046875,769.4099731445312,769.510009765625
2026-08-19 09:40:00-04:00,769.530029296875,770.2999877929688,769.2501220703125,770.0999755859375
2026-08-19 09:45:00-04:00,770.1099853515625,770.5999755859375,768.3599853515625,768.543701171875
2026-08-19 09:50:00-04:00,768.5598754882812,769.72998046875,768.0999755859375,769.6749877929688
2026-08-19 09:55:00-04:00,769.6699829101562,770.375,769.3800048828125,769.989990234375
2026-08-19 10:00:00-04:00,770.02001953125,770.260009765625,769.5599975585938,769.64501953125
2026-08-19 10:05:00-04:00,769.6300048828125,770.02001953125,769.47998046875,769.7866821289062
2026-08-19 10:10:00-04:00,769.7999877929688,769.9697265625,768.72998046875,768.739990234375
2026-08-19 10:15:00-04:00,768.739990234375,770.1300048828125,768.72998046875,769.7650146484375
2026-08-19 10:20:00-04:00,769.77001953125,770.1699829101562,769.3800048828125,769.5800170898438
2026-08-19 10:25:00-04:00,769.5700073242188,770.0650024414062,769.2100219726562,770.030029296875
2026-08-19 10:30:00-04:00,769.97998046875,770.4580078125,769.8101806640625,770.1898803710938
2026-08-19 10:35:00-04:00,770.1799926757812,771.2999877929688,770.1500244140625,771.1400146484375
2026-08-19 10:40:00-04:00,771.155029296875,771.3300170898438,770.8300170898438,771.0595092773438
2026-08-19 10:45:00-04:00,771.0700073242188,771.2899780273438,770.6699829101562,770.760009765625
2026-08-19 10:50:00-04:00,770.7487182617188,771.6099853515625,770.72998046875,771.3499755859375
2026-08-19 10:55:00-04:00,771.364990234375,772.2399291992188,771.3099975585938,772.2000122070312
2026-08-19 11:00:00-04:00,772.1950073242188,772.469970703125,772.0147094726562,772.1749877929688
2026-08-19 11:05:00-04:00,772.1799926757812,772.260009765625,771.489990234375,771.52001953125
2026-08-19 11:10:00-04:00,771.5,771.9500122070312,771.489990234375,771.8200073242188
2026-08-19 11:15:00-04:00,771.8150024414062,771.8499755859375,771.4000244140625,771.5050048828125
2026-08-19 11:20:00-04:00,771.5,771.594970703125,771.1799926757812,771.182373046875
2026-08-19 11:25:00-04:00,771.1900024414062,771.25,770.8800048828125,771.1087036132812
2026-08-19 11:30:00-04:00,771.1300048828125,771.1799926757812,770.75,770.7899780273438
2026-08-19 11:35:00-04:00,770.8099975585938,770.919921875,770.3900146484375,770.5349731445312
2026-08-19 11:40:00-04:00,770.5300903320312,770.5300903320312,770.0700073242188,770.4998779296875
2026-08-19 11:45:00-04:00,770.5,770.8800048828125,770.3800048828125,770.3875122070312
2026-08-19 11:50:00-04:00,770.4000244140625,770.5399780273438,770.0800170898438,770.1400146484375
2026-08-19 11:55:00-04:00,770.1099853515625,770.6400146484375,770.0700073242188,770.6209106445312
2026-08-19 12:00:00-04:00,770.6400146484375,771.3200073242188,770.4000244140625,771.2999877929688
2026-08-19 12:05:00-04:00,771.3101196289062,771.60498046875,771.2100219726562,771.52001953125
2026-08-19 12:10:00-04:00,771.52001953125,771.6599731445312,771.4650268554688,771.5499877929688
2026-08-19 12:15:00-04:00,771.5499877929688,771.989990234375,771.4400024414062,771.8300170898438
2026-08-19 12:20:00-04:00,771.8300170898438,771.8499755859375,771.3599853515625,771.4199829101562
2026-08-19 12:25:00-04:00,771.4199829101562,771.4299926757812,770.6699829101562,770.6699829101562
2026-08-19 12:30:00-04:00,770.6799926757812,770.7550048828125,770.4199829101562,770.739990234375
2026-08-19 12:35:00-04:00,770.72998046875,770.7349853515625,770.2781982421875,770.52001953125
2026-08-19 12:40:00-04:00,770.52001953125,770.5399780273438,770.25,770.39501953125
2026-08-19 12:45:00-04:00,770.3900146484375,770.4500122070312,770.1199951171875,770.1799926757812
2026-08-19 12:50:00-04:00,770.1799926757812,770.1799926757812,769.739990234375,769.885009765625
2026-08-19 12:55:00-04:00,769.8800048828125,769.8800048828125,769.5,769.6799926757812
2026-08-19 13:00:00-04:00,769.6900024414062,770.1099853515625,769.5999755859375,769.9099731445312
2026-08-19 13:05:00-04:00,769.9099731445312,770.22900390625,769.4600219726562,769.489990234375
2026-08-19 13:10:00-04:00,769.530029296875,770.0700073242188,769.5250854492188,769.8250122070312
2026-08-19 13:15:00-04:00,769.8250122070312,769.969970703125,769.4600219726562,769.4600219726562
2026-08-19 13:20:00-04:00,769.469970703125,769.530029296875,769.02001953125,769.2899780273438
2026-08-19 13:25:00-04:00,769.25,769.6699829101562,769.2150268554688,769.5700073242188
2026-08-19 13:30:00-04:00,769.5800170898438,769.6599731445312,769.2000122070312,769.2050170898438
2026-08-19 13:35:00-04:00,769.2000122070312,769.469970703125,769.1599731445312,769.2449951171875
2026-08-19 13:40:00-04:00,769.25,769.7598876953125,769.22998046875,769.5889892578125
2026-08-19 13:45:00-04:00,769.5999755859375,769.7999877929688,769.510009765625,769.5300903320312
2026-08-19 13:50:00-04:00,769.5599975585938,769.8900146484375,769.469970703125,769.6099853515625
2026-08-19 13:55:00-04:00,769.6199951171875,769.6300048828125,769.3800048828125,769.5076293945312
2026-08-19 14:00:00-04:00,769.530029296875,770.5499877929688,769.4000244140625,770.1300048828125
2026-08-19 14:05:00-04:00,770.1099853515625,770.25,768.9600219726562,769.0009765625
2026-08-19 14:10:00-04:00,768.97998046875,769.7100219726562,768.97998046875,769.4299926757812
2026-08-19 14:15:00-04:00,769.4450073242188,769.489990234375,769.0499877929688,769.3099975585938
2026-08-19 14:20:00-04:00,769.2899780273438,769.47998046875,769.1737060546875,769.3099975585938
2026-08-19 14:25:00-04:00,769.2899780273438,769.6099853515625,769.239990234375,769.5800170898438
2026-08-19 14:30:00-04:00,769.5800170898438,770.02001953125,769.5800170898438,769.9199829101562
2026-08-19 14:35:00-04:00,769.9298706054688,769.9400024414062,769.6799926757812,769.7899780273438
2026-08-19 14:40:00-04:00,769.7650146484375,770.0900268554688,769.7100219726562,769.8099975585938
2026-08-19 14:45:00-04:00,769.8099975585938,769.8400268554688,769.5848999023438,769.8250122070312
2026-08-19 14:50:00-04:00,769.8250122070312,769.8699951171875,769.47998046875,769.6506958007812
2026-08-19 14:55:00-04:00,769.6699829101562,769.739990234375,769.4849853515625,769.5150146484375
2026-08-19 15:00:00-04:00,769.530029296875,769.7999877929688,769.4299926757812,769.6099853515625
2026-08-19 15:05:00-04:00,769.614990234375,769.989990234375,769.5,769.9000244140625
2026-08-19 15:10:00-04:00,769.9000244140625,769.9500122070312,769.6849975585938,769.7100219726562
2026-08-19 15:15:00-04:00,769.7100219726562,770.0194702148438,769.5999755859375,770.010009765625
2026-08-19 15:20:00-04:00,770.010009765625,770.02001953125,769.6799926757812,769.9400024414062
2026-08-19 15:25:00-04:00,769.9299926757812,770.02001953125,769.5800170898438,769.6300048828125
2026-08-19 15:30:00-04:00,769.6500244140625,770.3800048828125,769.6099853515625,770.1799926757812
2026-08-19 15:35:00-04:00,770.1799926757812,770.1900024414062,769.1699829101562,769.1749877929688
2026-08-19 15:40:00-04:00,769.1699829101562,769.389404296875,768.9849853515625,769.0
2026-08-19 15:45:00-04:00,769.0,769.1199951171875,768.530029296875,768.760009765625
2026-08-19 15:50:00-04:00,768.760009765625,768.8599853515625,768.2899780273438,768.719970703125
2026-08-19 15:55:00-04:00,768.7100219726562,769.0999755859375,768.2000122070312,769.0900268554688
2026-08-20 09:30:00-04:00,765.9600219726562,767.0999755859375,765.8599853515625,767.0499877929688
2026-08-20 09:35:00-04:00,767.0599975585938,767.719970703125,766.6599731445312,767.2999877929688
2026-08-20 09:40:00-04:00,767.3200073242188,767.75,766.6400146484375,767.364990234375
2026-08-20 09:45:00-04:00,767.3699951171875,767.5,766.6099853515625,767.1500244140625
2026-08-20 09:50:00-04:00,767.1500244140625,767.260009765625,766.4400024414062,766.9600219726562
2026-08-20 09:55:00-04:00,766.97998046875,767.3200073242188,766.1599731445312,766.5499877929688
2026-08-20 10:00:00-04:00,766.5,766.9199829101562,765.97998046875,765.9801025390625
2026-08-20 10:05:00-04:00,765.989990234375,766.6599731445312,765.8699951171875,766.64501953125
2026-08-20 10:10:00-04:00,766.6799926757812,766.760009765625,765.9299926757812,765.9956665039062
2026-08-20 10:15:00-04:00,765.969970703125,766.135009765625,765.3900146484375,765.4400024414062
2026-08-20 10:20:00-04:00,765.4398803710938,766.9500122070312,765.3599853515625,766.75
2026-08-20 10:25:00-04:00,766.7691040039062,766.8300170898438,765.969970703125,766.219970703125
2026-08-20 10:30:00-04:00,766.2050170898438,766.8200073242188,766.010009765625,766.10498046875
2026-08-20 10:35:00-04:00,766.1099853515625,767.1649780273438,765.9299926757812,766.969970703125
2026-08-20 10:40:00-04:00,766.9600219726562,767.260009765625,766.5700073242188,767.1699829101562
2026-08-20 10:45:00-04:00,767.1599731445312,767.47998046875,766.6199951171875,766.72998046875
2026-08-20 10:50:00-04:00,766.739990234375,767.25,766.5999755859375,766.7000122070312
2026-08-20 10:55:00-04:00,766.719970703125,767.2349853515625,766.47998046875,767.1500244140625
2026-08-20 11:00:00-04:00,767.1699829101562,768.1500244140625,767.1220703125,767.9199829101562
2026-08-20 11:05:00-04:00,767.8800048828125,767.9000244140625,766.3599853515625,766.5599975585938
2026-08-20 11:10:00-04:00,766.52001953125,767.0,766.0599975585938,766.7899780273438
2026-08-20 11:15:00-04:00,766.7750244140625,767.0800170898438,766.4000244140625,766.77001953125
2026-08-20 11:20:00-04:00,766.72998046875,766.780029296875,765.969970703125,766.2899780273438
2026-08-20 11:25:00-04:00,766.2750244140625,766.7999877929688,766.0,766.75
2026-08-20 11:30:00-04:00,766.739990234375,766.8699951171875,765.8300170898438,765.97998046875
2026-08-20 11:35:00-04:00,765.989990234375,766.1300048828125,765.5499877929688,765.5549926757812
2026-08-20 11:40:00-04:00,765.5499877929688,765.8499755859375,765.3099975585938,765.3599853515625
2026-08-20 11:45:00-04:00,765.3499755859375,765.719970703125,765.22998046875,765.530029296875
2026-08-20 11:50:00-04:00,765.5399780273438,766.030029296875,765.4299926757812,765.8499755859375
2026-08-20 11:55:00-04:00,765.8699951171875,766.0050048828125,765.6199951171875,765.8400268554688
2026-08-20 12:00:00-04:00,765.8400268554688,766.0900268554688,765.47998046875,765.5899047851562
2026-08-20 12:05:00-04:00,765.5800170898438,766.02001953125,765.530029296875,766.02001953125
2026-08-20 12:10:00-04:00,766.0098876953125,766.0800170898438,765.4650268554688,765.5150146484375
2026-08-20 12:15:00-04:00,765.489990234375,765.665283203125,765.4500122070312,765.6099853515625
2026-08-20 12:20:00-04:00,765.6099853515625,766.0800170898438,765.4600219726562,765.9299926757812
2026-08-20 12:25:00-04:00,765.9099731445312,766.0349731445312,765.6300048828125,765.7449951171875
2026-08-20 12:30:00-04:00,765.739990234375,766.1199951171875,765.3599853515625,766.0800170898438
2026-08-20 12:35:00-04:00,766.0900268554688,766.3800048828125,766.0,766.2999877929688
2026-08-20 12:40:00-04:00,766.2899780273438,766.6400146484375,766.280029296875,766.6400146484375
2026-08-20 12:45:00-04:00,766.6300048828125,766.6300048828125,766.3099975585938,766.3699951171875
2026-08-20 12:50:00-04:00,766.375,766.6199951171875,766.1199951171875,766.1799926757812
2026-08-20 12:55:00-04:00,766.1699829101562,766.5,766.02001953125,766.4199829101562
2026-08-20 13:00:00-04:00,766.3900146484375,766.4299926757812,765.9600219726562,766.0700073242188
2026-08-20 13:05:00-04:00,766.0399780273438,766.0499877929688,765.5999755859375,765.6799926757812
2026-08-20 13:10:00-04:00,765.6799926757812,765.8300170898438,765.489990234375,765.52001953125
2026-08-20 13:15:00-04:00,765.530029296875,765.5399780273438,764.8400268554688,764.8599853515625
2026-08-20 13:20:00-04:00,764.8499755859375,765.260009765625,764.7899780273438,765.02001953125
2026-08-20 13:25:00-04:00,765.0,765.0900268554688,764.7100219726562,764.780029296875
2026-08-20 13:30:00-04:00,764.780029296875,764.8900146484375,764.5599975585938,764.606689453125
2026-08-20 13:35:00-04:00,764.6099853515625,764.780029296875,764.2999877929688,764.4749755859375
2026-08-20 13:40:00-04:00,764.4600219726562,764.52001953125,764.22998046875,764.4500122070312
2026-08-20 13:45:00-04:00,764.4500122070312,764.8400268554688,764.4000244140625,764.719970703125
2026-08-20 13:50:00-04:00,764.7100830078125,765.010009765625,764.6900024414062,764.7689819335938
2026-08-20 13:55:00-04:00,764.77001953125,764.8400268554688,764.52001953125,764.5399780273438
2026-08-20 14:00:00-04:00,764.5499877929688,764.5499877929688,764.02001953125,764.0999755859375
2026-08-20 14:05:00-04:00,764.0999755859375,764.1500244140625,763.5850219726562,763.7249755859375
2026-08-20 14:10:00-04:00,763.719970703125,763.7750244140625,763.3499755859375,763.5800170898438
2026-08-20 14:15:00-04:00,763.5800170898438,763.7100219726562,763.1500244140625,763.6799926757812
2026-08-20 14:20:00-04:00,763.6900024414062,763.9450073242188,763.590087890625,763.6199951171875
2026-08-20 14:25:00-04:00,763.6199951171875,763.719970703125,763.4400024414062,763.5599975585938
2026-08-20 14:30:00-04:00,763.5650024414062,763.6300048828125,763.25,763.3200073242188
2026-08-20 14:35:00-04:00,763.3099975585938,763.6199951171875,763.2899780273438,763.4199829101562
2026-08-20 14:40:00-04:00,763.4099731445312,763.6199951171875,763.2100219726562,763.5527954101562
2026-08-20 14:45:00-04:00,763.5599975585938,763.8499755859375,763.4099731445312,763.7100219726562
2026-08-20 14:50:00-04:00,763.7100219726562,763.7750244140625,763.510009765625,763.6060180664062
2026-08-20 14:55:00-04:00,763.5900268554688,763.760009765625,763.239990234375,763.239990234375
2026-08-20 15:00:00-04:00,763.25,763.4600219726562,763.1699829101562,763.4199829101562
2026-08-20 15:05:00-04:00,763.4000244140625,763.7150268554688,763.2899780273438,763.6199951171875
2026-08-20 15:10:00-04:00,763.6400146484375,763.6699829101562,763.3900146484375,763.5399780273438
2026-08-20 15:15:00-04:00,763.530029296875,763.7999877929688,763.260009765625,763.3400268554688
2026-08-20 15:20:00-04:00,763.3499755859375,763.760009765625,763.22998046875,763.6500244140625
2026-08-20 15:25:00-04:00,763.6199951171875,763.72998046875,763.4400024414062,763.489990234375
2026-08-20 15:30:00-04:00,763.47998046875,763.510009765625,763.0399780273438,763.1900024414062
2026-08-20 15:35:00-04:00,763.1900024414062,763.6500244140625,763.0999755859375,763.5
2026-08-20 15:40:00-04:00,763.5,763.5698852539062,762.969970703125,763.0999755859375
2026-08-20 15:45:00-04:00,763.0999755859375,763.4000244140625,762.8099975585938,763.3699951171875
2026-08-20 15:50:00-04:00,763.3699951171875,763.4199829101562,762.760009765625,762.9099731445312
2026-08-20 15:55:00-04:00,762.9199829101562,763.0,762.0399780273438,762.6400146484375
2026-08-21 09:30:00-04:00,766.0499877929688,766.1400146484375,764.8300170898438,764.8599243164062
2026-08-21 09:35:00-04:00,764.8699951171875,765.1900024414062,764.6199951171875,765.0900268554688
2026-08-21 09:40:00-04:00,765.1199951171875,765.27001953125,764.780029296875,765.1599731445312
2026-08-21 09:45:00-04:00,765.1599731445312,765.4199829101562,764.6799926757812,764.9600219726562
2026-08-21 09:50:00-04:00,764.969970703125,765.2449951171875,764.1699829101562,764.4199829101562
2026-08-21 09:55:00-04:00,764.4199829101562,764.8300170898438,764.2899780273438,764.5123901367188
2026-08-21 10:00:00-04:00,764.530029296875,764.9600219726562,764.530029296875,764.9299926757812
2026-08-21 10:05:00-04:00,764.9398803710938,765.530029296875,764.9099731445312,765.239990234375
2026-08-21 10:10:00-04:00,765.260009765625,765.4550170898438,764.5999755859375,764.7100219726562
2026-08-21 10:15:00-04:00,764.7000122070312,765.0599975585938,764.5700073242188,764.6300048828125
2026-08-21 10:20:00-04:00,764.6300048828125,765.2050170898438,764.4500122070312,764.7501220703125
2026-08-21 10:25:00-04:00,764.7550048828125,765.0999755859375,764.5999755859375,764.6500244140625
2026-08-21 10:30:00-04:00,764.6500244140625,764.8800048828125,764.47998046875,764.5
2026-08-21 10:35:00-04:00,764.489990234375,764.64501953125,764.219970703125,764.3800048828125
2026-08-21 10:40:00-04:00,764.364990234375,764.8699951171875,764.2150268554688,764.6199951171875
2026-08-21 10:45:00-04:00,764.5900268554688,765.0900268554688,764.5300903320312,765.030029296875
2026-08-21 10:50:00-04:00,765.0399780273438,765.2999877929688,764.8699951171875,765.0637817382812
2026-08-21 10:55:00-04:00,765.0499877929688,765.8350219726562,764.9500122070312,765.8151245117188
2026-08-21 11:00:00-04:00,765.8099975585938,766.4000244140625,765.739990234375,766.239990234375
2026-08-21 11:05:00-04:00,766.25,766.4099731445312,765.7999877929688,765.8400268554688
2026-08-21 11:10:00-04:00,765.85498046875,766.0401000976562,765.6799926757812,765.7000122070312
2026-08-21 11:15:00-04:00,765.7050170898438,765.969970703125,765.5399780273438,765.60498046875
2026-08-21 11:20:00-04:00,765.5999755859375,765.8699951171875,765.4550170898438,765.510009765625
2026-08-21 11:25:00-04:00,765.510009765625,766.02001953125,765.4550170898438,765.9550170898438
2026-08-21 11:30:00-04:00,765.9600219726562,766.489990234375,765.8200073242188,766.489990234375
2026-08-21 11:35:00-04:00,766.47998046875,767.0584106445312,766.4400024414062,767.0584106445312
2026-08-21 11:40:00-04:00,767.0499877929688,767.4400024414062,766.9199829101562,767.2999877929688
2026-08-21 11:45:00-04:00,767.3099975585938,767.4500122070312,766.9400024414062,767.010009765625
2026-08-21 11:50:00-04:00,767.0206298828125,767.8499755859375,767.00048828125,767.6734008789062
2026-08-21 11:55:00-04:00,767.6699829101562,767.6900024414062,767.0798950195312,767.2000122070312
2026-08-21 12:00:00-04:00,767.2000122070312,767.3298950195312,766.6400146484375,766.739990234375
2026-08-21 12:05:00-04:00,766.75,766.75,766.2899780273438,766.3499755859375
2026-08-21 12:10:00-04:00,766.3400268554688,766.5900268554688,766.239990234375,766.239990234375
2026-08-21 12:15:00-04:00,766.239990234375,766.6599731445312,765.9099731445312,766.02001953125
2026-08-21 12:20:00-04:00,766.010009765625,767.0050048828125,765.8699951171875,766.1950073242188
2026-08-21 12:25:00-04:00,766.2000122070312,766.5800170898438,766.1300048828125,766.5150146484375
2026-08-21 12:30:00-04:00,766.510009765625,766.530029296875,766.030029296875,766.030029296875
2026-08-21 12:35:00-04:00,766.030029296875,766.5700073242188,766.0250244140625,766.5499877929688
2026-08-21 12:40:00-04:00,766.5499877929688,766.5599975585938,766.2849731445312,766.375
2026-08-21 12:45:00-04:00,766.3699951171875,766.3699951171875,766.0999755859375,766.1699829101562
2026-08-21 12:50:00-04:00,766.1599731445312,766.1799926757812,765.8099975585938,766.02001953125
2026-08-21 12:55:00-04:00,766.010009765625,766.4299926757812,765.9550170898438,766.3900146484375
2026-08-21 13:00:00-04:00,766.3900146484375,766.4650268554688,766.22998046875,766.27001953125
2026-08-21 13:05:00-04:00,766.280029296875,766.530029296875,766.1599731445312,766.3699951171875
2026-08-21 13:10:00-04:00,766.3699951171875,766.3699951171875,766.0999755859375,766.2188720703125
2026-08-21 13:15:00-04:00,766.219970703125,766.2999877929688,766.0900268554688,766.1599731445312
2026-08-21 13:20:00-04:00,766.1500244140625,766.2000122070312,765.72998046875,765.8400268554688
2026-08-21 13:25:00-04:00,765.843994140625,766.010009765625,765.7050170898438,765.7999877929688
2026-08-21 13:30:00-04:00,765.8200073242188,765.9000244140625,765.5394897460938,765.5394897460938
2026-08-21 13:35:00-04:00,765.52001953125,765.8150024414062,765.5,765.5750122070312
2026-08-21 13:40:00-04:00,765.5750122070312,765.7100219726562,765.469970703125,765.655029296875
2026-08-21 13:45:00-04:00,765.7000122070312,765.8800048828125,765.5850219726562,765.7100219726562
2026-08-21 13:50:00-04:00,765.697998046875,765.760009765625,765.510009765625,765.5800170898438
2026-08-21 13:55:00-04:00,765.5800170898438,765.5800170898438,765.4299926757812,765.4299926757812
2026-08-21 14:00:00-04:00,765.4400024414062,765.7349853515625,765.3499755859375,765.6699829101562
2026-08-21 14:05:00-04:00,765.6699829101562,765.6799926757812,765.2999877929688,765.3150024414062
2026-08-21 14:10:00-04:00,765.3099975585938,765.5499877929688,765.2849731445312,765.3400268554688
2026-08-21 14:15:00-04:00,765.3499755859375,765.530029296875,765.3099975585938,765.469970703125
2026-08-21 14:20:00-04:00,765.4600219726562,765.614990234375,765.4099731445312,765.4949951171875
2026-08-21 14:25:00-04:00,765.5,765.530029296875,765.260009765625,765.2849731445312
2026-08-21 14:30:00-04:00,765.27001953125,765.3699951171875,765.0599975585938,765.1749877929688
2026-08-21 14:35:00-04:00,765.1799926757812,765.3400268554688,765.1799926757812,765.2301025390625
2026-08-21 14:40:00-04:00,765.2349853515625,765.52001953125,765.2100219726562,765.3900146484375
2026-08-21 14:45:00-04:00,765.39501953125,765.7000122070312,765.3150024414062,765.6561279296875
2026-08-21 14:50:00-04:00,765.6599731445312,765.97998046875,765.6599731445312,765.8900146484375
2026-08-21 14:55:00-04:00,765.8900146484375,766.22998046875,765.7899780273438,766.197509765625
2026-08-21 15:00:00-04:00,766.2000122070312,766.364990234375,766.010009765625,766.0302734375
2026-08-21 15:05:00-04:00,766.0349731445312,766.3300170898438,766.0,766.0999755859375
2026-08-21 15:10:00-04:00,766.0900268554688,766.0999755859375,765.8699951171875,766.0449829101562
2026-08-21 15:15:00-04:00,766.0449829101562,766.1199951171875,765.8499755859375,765.969970703125
2026-08-21 15:20:00-04:00,765.9650268554688,766.22998046875,765.8699951171875,766.2000732421875
2026-08-21 15:25:00-04:00,766.2050170898438,766.2100219726562,765.9500122070312,766.0499877929688
2026-08-21 15:30:00-04:00,766.0499877929688,766.3150024414062,766.02001953125,766.0845947265625
2026-08-21 15:35:00-04:00,766.0900268554688,766.3699951171875,765.9749755859375,766.2750244140625
2026-08-21 15:40:00-04:00,766.27001953125,766.4849853515625,766.0900268554688,766.469970703125
2026-08-21 15:45:00-04:00,766.4600219726562,766.7999877929688,766.3800048828125,766.6699829101562
2026-08-21 15:50:00-04:00,766.6500244140625,766.6599731445312,765.8499755859375,765.9000244140625
2026-08-21 15:55:00-04:00,765.8900146484375,766.2349853515625,765.3400268554688,765.6500244140625
2026-08-24 09:30:00-04:00,764.780029296875,764.8099975585938,763.2000122070312,763.4500122070312
2026-08-24 09:35:00-04:00,763.510009765625,763.8200073242188,762.969970703125,763.3599853515625
2026-08-24 09:40:00-04:00,763.3699951171875,763.72998046875,762.1900024414062,762.1900024414062
2026-08-24 09:45:00-04:00,762.1900024414062,763.5900268554688,762.0800170898438,763.10498046875
2026-08-24 09:50:00-04:00,763.1099853515625,763.530029296875,762.739990234375,763.47998046875
2026-08-24 09:55:00-04:00,763.469970703125,763.6599731445312,763.2399291992188,763.3900146484375
2026-08-24 10:00:00-04:00,763.4099731445312,763.9450073242188,762.7999877929688,762.969970703125
2026-08-24 10:05:00-04:00,762.97998046875,763.2000122070312,762.6199951171875,762.8900146484375
2026-08-24 10:10:00-04:00,762.9099731445312,763.02001953125,762.5,762.97998046875
2026-08-24 10:15:00-04:00,762.97998046875,763.0599975585938,762.6500244140625,762.8699951171875
2026-08-24 10:20:00-04:00,762.8599853515625,763.5089721679688,762.7999877929688,762.8499755859375
2026-08-24 10:25:00-04:00,762.8699951171875,763.14501953125,762.6699829101562,762.9199829101562
2026-08-24 10:30:00-04:00,762.9199829101562,763.75,762.780029296875,763.6199951171875
2026-08-24 10:35:00-04:00,763.6199951171875,763.885009765625,763.5599975585938,763.7000122070312
2026-08-24 10:40:00-04:00,763.7000122070312,764.1099853515625,763.50341796875,763.7000122070312
2026-08-24 10:45:00-04:00,763.6849975585938,763.8800048828125,763.469970703125,763.8800048828125
2026-08-24 10:50:00-04:00,763.8699951171875,763.9299926757812,763.4249877929688,763.6199951171875
2026-08-24 10:55:00-04:00,763.625,763.9600219726562,763.52001953125,763.6400146484375
2026-08-24 11:00:00-04:00,763.6400146484375,763.8200073242188,763.02001953125,763.0599975585938
2026-08-24 11:05:00-04:00,763.0599975585938,763.0800170898438,762.780029296875,762.989990234375
2026-08-24 11:10:00-04:00,762.97998046875,763.1751098632812,762.7000122070312,762.75
2026-08-24 11:15:00-04:00,762.739990234375,762.8198852539062,762.6307983398438,762.6799926757812
2026-08-24 11:20:00-04:00,762.6749877929688,763.1900024414062,762.3699951171875,763.1500244140625
2026-08-24 11:25:00-04:00,763.1500854492188,764.0062255859375,763.0700073242188,763.7401123046875
2026-08-24 11:30:00-04:00,763.739990234375,764.0,763.4000244140625,763.8400268554688
2026-08-24 11:35:00-04:00,763.85498046875,764.1599731445312,763.7000122070312,764.0250244140625
2026-08-24 11:40:00-04:00,764.030029296875,764.4199829101562,764.0200805664062,764.253173828125
2026-08-24 11:45:00-04:00,764.27001953125,764.72998046875,764.2650146484375,764.280029296875
2026-08-24 11:50:00-04:00,764.2899780273438,764.6099853515625,764.2849731445312,764.3099975585938
2026-08-24 11:55:00-04:00,764.2999877929688,764.530029296875,764.1799926757812,764.5200805664062
2026-08-24 12:00:00-04:00,764.52001953125,765.1300048828125,764.4299926757812,764.9500122070312
2026-08-24 12:05:00-04:00,764.9500122070312,764.989990234375,764.4600219726562,764.469970703125
2026-08-24 12:10:00-04:00,764.4849853515625,764.6599731445312,764.4299926757812,764.6488037109375
2026-08-24 12:15:00-04:00,764.6400146484375,765.1588134765625,764.6099853515625,765.0499877929688
2026-08-24 12:20:00-04:00,765.0499267578125,765.219970703125,764.7999877929688,764.8699951171875
2026-08-24 12:25:00-04:00,764.8699951171875,765.0018920898438,764.7999877929688,764.8900146484375
2026-08-24 12:30:00-04:00,764.9099731445312,765.0,764.5003051757812,764.5701293945312
2026-08-24 12:35:00-04:00,764.5800170898438,764.7100219726562,764.3350219726562,764.3499755859375
2026-08-24 12:40:00-04:00,764.3499755859375,764.4099731445312,764.1900024414062,764.3099975585938
2026-08-24 12:45:00-04:00,764.3300170898438,764.4000244140625,764.1400146484375,764.3499755859375
2026-08-24 12:50:00-04:00,764.3599853515625,764.469482421875,764.1300048828125,764.2100219726562
2026-08-24 12:55:00-04:00,764.2299194335938,764.3200073242188,764.1199951171875,764.1900024414062
2026-08-24 13:00:00-04:00,764.2000122070312,764.2100219726562,763.8699951171875,764.010009765625
2026-08-24 13:05:00-04:00,763.989990234375,764.655029296875,763.9500122070312,764.4500122070312
2026-08-24 13:10:00-04:00,764.4500122070312,764.780029296875,764.3099975585938,764.52001953125
2026-08-24 13:15:00-04:00,764.5,764.5999755859375,764.0499877929688,764.1199951171875
2026-08-24 13:20:00-04:00,764.1300048828125,764.1599731445312,763.5,763.5650024414062
2026-08-24 13:25:00-04:00,763.5700073242188,763.719970703125,763.3350219726562,763.4000244140625
2026-08-24 13:30:00-04:00,763.3800048828125,763.5700073242188,763.27001953125,763.3001098632812
2026-08-24 13:35:00-04:00,763.2999877929688,763.3900146484375,763.1400146484375,763.3900146484375
2026-08-24 13:40:00-04:00,763.4000244140625,763.4500122070312,763.10498046875,763.10498046875
2026-08-24 13:45:00-04:00,763.1099853515625,763.2899780273438,763.0499877929688,763.239990234375
2026-08-24 13:50:00-04:00,763.239990234375,763.510009765625,763.1300048828125,763.2000122070312
2026-08-24 13:55:00-04:00,763.2050170898438,763.3800048828125,763.1201171875,763.2899780273438
2026-08-24 14:00:00-04:00,763.3099975585938,763.6599731445312,763.280029296875,763.5599975585938
2026-08-24 14:05:00-04:00,763.530029296875,763.989990234375,763.489990234375,763.9199829101562
2026-08-24 14:10:00-04:00,763.9000244140625,764.260009765625,763.8200073242188,764.260009765625
2026-08-24 14:15:00-04:00,764.2550048828125,764.469970703125,764.1300048828125,764.2349853515625
2026-08-24 14:20:00-04:00,764.22998046875,764.6900024414062,764.2000122070312,764.614990234375
2026-08-24 14:25:00-04:00,764.614990234375,764.8400268554688,764.5599975585938,764.7999877929688
2026-08-24 14:30:00-04:00,764.7999877929688,765.1099853515625,764.6599731445312,764.6699829101562
2026-08-24 14:35:00-04:00,764.6849975585938,764.75,764.1199951171875,764.239501953125
2026-08-24 14:40:00-04:00,764.22998046875,764.405029296875,764.1500244140625,764.3300170898438
2026-08-24 14:45:00-04:00,764.3339233398438,764.4199829101562,764.1099853515625,764.3200073242188
2026-08-24 14:50:00-04:00,764.3200073242188,764.4299926757812,764.0700073242188,764.1400146484375
2026-08-24 14:55:00-04:00,764.1400146484375,764.25,763.969970703125,764.0
2026-08-24 15:00:00-04:00,763.969970703125,764.0499877929688,763.8099975585938,763.9199829101562
2026-08-24 15:05:00-04:00,763.9199829101562,764.0900268554688,763.8499755859375,763.9000244140625
2026-08-24 15:10:00-04:00,763.9000244140625,764.2000122070312,763.8599853515625,764.1099853515625
2026-08-24 15:15:00-04:00,764.1099853515625,764.22998046875,763.9199829101562,764.0999755859375
2026-08-24 15:20:00-04:00,764.0700073242188,764.1900024414062,763.9600219726562,764.02001953125
2026-08-24 15:25:00-04:00,764.0150146484375,764.1699829101562,763.9199829101562,763.9600219726562
2026-08-24 15:30:00-04:00,763.9600219726562,764.239990234375,763.739990234375,763.739990234375
2026-08-24 15:35:00-04:00,763.739990234375,763.8499755859375,763.6400146484375,763.655029296875
2026-08-24 15:40:00-04:00,763.6500244140625,763.75,763.5399780273438,763.6599731445312
2026-08-24 15:45:00-04:00,763.6599731445312,763.780029296875,763.47998046875,763.77001953125
2026-08-24 15:50:00-04:00,763.780029296875,763.9500122070312,763.3499755859375,763.739990234375
2026-08-24 15:55:00-04:00,763.760009765625,763.9500122070312,763.3800048828125,763.47998046875
2026-08-25 09:30:00-04:00,766.1599731445312,766.780029296875,765.9299926757812,766.72998046875
2026-08-25 09:35:00-04:00,766.6900024414062,766.7000122070312,766.1300048828125,766.135009765625
2026-08-25 09:40:00-04:00,766.1500244140625,766.6500244140625,765.8699951171875,766.1649780273438
2026-08-25 09:45:00-04:00,766.1500244140625,766.719970703125,766.1199951171875,766.4600219726562
2026-08-25 09:50:00-04:00,766.4600219726562,766.530029296875,766.0,766.0
2026-08-25 09:55:00-04:00,766.030029296875,766.0751953125,765.5001220703125,765.6900024414062
2026-08-25 10:00:00-04:00,765.6900024414062,765.8099975585938,765.22998046875,765.4550170898438
2026-08-25 10:05:00-04:00,765.4600219726562,765.5599975585938,765.1199951171875,765.3400268554688
2026-08-25 10:10:00-04:00,765.3400268554688,765.53369140625,765.0999755859375,765.1849975585938
2026-08-25 10:15:00-04:00,765.1699829101562,765.6300048828125,765.0499877929688,765.4199829101562
2026-08-25 10:20:00-04:00,765.4400024414062,765.489990234375,764.8400268554688,765.0999755859375
2026-08-25 10:25:00-04:00,765.1099853515625,765.1699829101562,764.6799926757812,764.7000122070312
2026-08-25 10:30:00-04:00,764.7000122070312,764.8800048828125,763.0501098632812,764.3300170898438
2026-08-25 10:35:00-04:00,764.3400268554688,765.0599975585938,764.3300170898438,765.02001953125
2026-08-25 10:40:00-04:00,765.0103759765625,765.030029296875,764.1599731445312,764.3499755859375
2026-08-25 10:45:00-04:00,764.3499755859375,764.489990234375,764.1699829101562,764.2249755859375
2026-08-25 10:50:00-04:00,764.1900024414062,764.8099975585938,764.031005859375,764.6599731445312
2026-08-25 10:55:00-04:00,764.6599731445312,764.8499755859375,764.47998046875,764.719970703125
2026-08-25 11:00:00-04:00,764.72998046875,764.77001953125,764.2999877929688,764.4500122070312
2026-08-25 11:05:00-04:00,764.4500122070312,764.780029296875,764.39501953125,764.60498046875
2026-08-25 11:10:00-04:00,764.6199951171875,764.7999877929688,764.3800048828125,764.5899047851562
2026-08-25 11:15:00-04:00,764.5900268554688,764.9349975585938,764.489990234375,764.9000244140625
2026-08-25 11:20:00-04:00,764.9199829101562,765.1599731445312,764.6799926757812,764.77001953125
2026-08-25 11:25:00-04:00,764.77001953125,765.3900146484375,764.6500244140625,765.3099975585938
2026-08-25 11:30:00-04:00,765.3200073242188,765.7899780273438,765.030029296875,765.0850219726562
2026-08-25 11:35:00-04:00,765.0800170898438,765.8499755859375,765.0604858398438,765.0999755859375
2026-08-25 11:40:00-04:00,765.1099853515625,765.22998046875,764.9099731445312,765.1699829101562
2026-08-25 11:45:00-04:00,765.1799926757812,765.1799926757812,764.5999755859375,764.7100219726562
2026-08-25 11:50:00-04:00,764.7050170898438,765.3101196289062,764.614990234375,765.2255859375
2026-08-25 11:55:00-04:00,765.2100219726562,765.5999755859375,765.2100219726562,765.4400024414062
2026-08-25 12:00:00-04:00,765.4600219726562,765.8499755859375,765.4199829101562,765.5599975585938
2026-08-25 12:05:00-04:00,765.5700073242188,765.6500244140625,765.3212890625,765.3499755859375
2026-08-25 12:10:00-04:00,765.3599853515625,765.5800170898438,765.3300170898438,765.52001953125
2026-08-25 12:15:00-04:00,765.52001953125,765.5999755859375,765.4099731445312,765.5
2026-08-25 12:20:00-04:00,765.510009765625,765.6500244140625,765.3699951171875,765.6199951171875
2026-08-25 12:25:00-04:00,765.6217041015625,765.7999877929688,765.5599975585938,765.760009765625
2026-08-25 12:30:00-04:00,765.75,765.8599853515625,765.67431640625,765.72998046875
2026-08-25 12:35:00-04:00,765.739990234375,765.9500122070312,765.5900268554688,765.9000244140625
2026-08-25 12:40:00-04:00,765.905029296875,765.9099731445312,765.510009765625,765.5800170898438
2026-08-25 12:45:00-04:00,765.5900268554688,765.7949829101562,765.4099731445312,765.625
2026-08-25 12:50:00-04:00,765.6300048828125,765.6400146484375,765.3300170898438,765.4290161132812
2026-08-25 12:55:00-04:00,765.4299926757812,765.89990234375,765.4000244140625,765.760009765625
2026-08-25 13:00:00-04:00,765.760009765625,765.8400268554688,765.3499755859375,765.3599853515625
2026-08-25 13:05:00-04:00,765.3499755859375,765.4000244140625,764.9400024414062,765.1099853515625
2026-08-25 13:10:00-04:00,765.1199951171875,765.3300170898438,764.9600219726562,765.27001953125
2026-08-25 13:15:00-04:00,765.280029296875,765.4199829101562,765.161376953125,765.4000244140625
2026-08-25 13:20:00-04:00,765.4099731445312,765.4099731445312,765.030029296875,765.030029296875
2026-08-25 13:25:00-04:00,765.02001953125,765.02001953125,764.6300048828125,764.8200073242188
2026-08-25 13:30:00-04:00,764.8200073242188,764.9500122070312,764.739990234375,764.8300170898438
2026-08-25 13:35:00-04:00,764.8200073242188,765.0050048828125,764.760009765625,764.9199829101562
2026-08-25 13:40:00-04:00,764.919921875,765.0349731445312,764.8400268554688,764.8699951171875
2026-08-25 13:45:00-04:00,764.8699951171875,765.0599975585938,764.8400268554688,764.9199829101562
2026-08-25 13:50:00-04:00,764.9199829101562,765.1500244140625,764.8400268554688,765.1099853515625
2026-08-25 13:55:00-04:00,765.1071166992188,765.1599731445312,764.9199829101562,765.0399780273438
2026-08-25 14:00:00-04:00,765.030029296875,765.030029296875,764.8099975585938,764.8300170898438
2026-08-25 14:05:00-04:00,764.7999877929688,765.030029296875,764.7999877929688,764.9199829101562
2026-08-25 14:10:00-04:00,764.9099731445312,765.0900268554688,764.7869873046875,764.7999877929688
2026-08-25 14:15:00-04:00,764.7899780273438,764.8599853515625,764.719970703125,764.8300170898438
2026-08-25 14:20:00-04:00,764.8350219726562,764.989990234375,764.8200073242188,764.905029296875
2026-08-25 14:25:00-04:00,764.9000244140625,765.010009765625,764.7999877929688,764.969970703125
2026-08-25 14:30:00-04:00,764.969970703125,765.4000244140625,764.969970703125,765.3599853515625
2026-08-25 14:35:00-04:00,765.3499755859375,765.4000244140625,765.2349853515625,765.2999877929688
2026-08-25 14:40:00-04:00,765.3099975585938,765.5900268554688,765.2899780273438,765.5399780273438
2026-08-25 14:45:00-04:00,765.5499877929688,765.8699951171875,765.5449829101562,765.8099975585938
2026-08-25 14:50:00-04:00,765.8200073242188,765.8400268554688,765.6309814453125,765.6900024414062
2026-08-25 14:55:00-04:00,765.6900024414062,765.7899780273438,765.5399780273438,765.6400146484375
2026-08-25 15:00:00-04:00,765.6500244140625,765.8499755859375,765.4500122070312,765.469970703125
2026-08-25 15:05:00-04:00,765.4754028320312,765.5499877929688,765.2899780273438,765.3699951171875
2026-08-25 15:10:00-04:00,765.3800048828125,765.3900146484375,765.0900268554688,765.1174926757812
2026-08-25 15:15:00-04:00,765.1199951171875,765.1799926757812,764.9400024414062,764.9981079101562
2026-08-25 15:20:00-04:00,765.0,765.0800170898438,764.8699951171875,765.0599975585938
2026-08-25 15:25:00-04:00,765.0700073242188,765.1900024414062,765.010009765625,765.1500244140625
2026-08-25 15:30:00-04:00,765.1699829101562,765.2449951171875,765.010009765625,765.1300048828125
2026-08-25 15:35:00-04:00,765.0999755859375,765.3599853515625,765.0900268554688,765.260009765625
2026-08-25 15:40:00-04:00,765.25,765.6300048828125,765.239990234375,765.3699951171875
2026-08-25 15:45:00-04:00,765.3900146484375,765.5399780273438,765.2634887695312,765.4749755859375
2026-08-25 15:50:00-04:00,765.4749755859375,766.1699829101562,765.239990234375,766.1400146484375
2026-08-25 15:55:00-04:00,766.1400146484375,766.219970703125,765.6900024414062,765.8350219726562
2026-08-26 09:30:00-04:00,764.72998046875,765.7999877929688,764.6799926757812,765.6749877929688
2026-08-26 09:35:00-04:00,765.6749877929688,765.8200073242188,764.8099975585938,765.5750122070312
2026-08-26 09:40:00-04:00,765.530029296875,766.6099853515625,765.4299926757812,766.2999877929688
2026-08-26 09:45:00-04:00,766.3200073242188,766.6799926757812,765.9199829101562,765.9199829101562
2026-08-26 09:50:00-04:00,765.9249877929688,766.6099853515625,765.6400146484375,766.5800170898438
2026-08-26 09:55:00-04:00,766.6199951171875,766.89990234375,766.4550170898438,766.8900146484375
2026-08-26 10:00:00-04:00,766.8800048828125,766.9600219726562,766.614990234375,766.8499755859375
2026-08-26 10:05:00-04:00,766.8800048828125,766.9199829101562,766.469970703125,766.6099853515625
2026-08-26 10:10:00-04:00,766.6099853515625,766.6300048828125,766.0700073242188,766.1699829101562
2026-08-26 10:15:00-04:00,766.1699829101562,766.3499755859375,765.9299926757812,765.9650268554688
2026-08-26 10:20:00-04:00,765.958984375,766.0599975585938,765.3800048828125,765.4249877929688
2026-08-26 10:25:00-04:00,765.4099731445312,765.5,764.8300170898438,765.0800170898438
2026-08-26 10:30:00-04:00,765.0700073242188,765.2949829101562,764.9199829101562,765.1300048828125
2026-08-26 10:35:00-04:00,765.1300048828125,765.5999755859375,765.0001220703125,765.219970703125
2026-08-26 10:40:00-04:00,765.239990234375,765.5349731445312,765.1749877929688,765.3900146484375
2026-08-26 10:45:00-04:00,765.4000244140625,765.5700073242188,765.0999755859375,765.5599975585938
2026-08-26 10:50:00-04:00,765.5650024414062,765.9400024414062,765.530029296875,765.6400146484375
2026-08-26 10:55:00-04:00,765.6400146484375,765.9000244140625,765.5399780273438,765.8499755859375
2026-08-26 11:00:00-04:00,765.8699951171875,766.4400024414062,765.8400268554688,766.1900024414062
2026-08-26 11:05:00-04:00,766.2100219726562,766.469970703125,766.1699829101562,766.3499755859375
2026-08-26 11:10:00-04:00,766.3499755859375,766.4450073242188,766.1099853515625,766.280029296875
2026-08-26 11:15:00-04:00,766.27001953125,766.2899780273438,765.5599975585938,765.7833862304688
2026-08-26 11:20:00-04:00,765.77001953125,766.030029296875,765.719970703125,765.77001953125
2026-08-26 11:25:00-04:00,765.760009765625,766.0599975585938,765.7000122070312,765.8499755859375
2026-08-26 11:30:00-04:00,765.8400268554688,765.9000244140625,765.1400146484375,765.25
2026-08-26 11:35:00-04:00,765.2598876953125,765.5499877929688,765.2598876953125,765.4600219726562
2026-08-26 11:40:00-04:00,765.469970703125,766.1400146484375,765.4000244140625,766.0700073242188
2026-08-26 11:45:00-04:00,766.0650024414062,766.27001953125,765.9600219726562,766.22998046875
2026-08-26 11:50:00-04:00,766.25,766.3099975585938,765.3099975585938,765.3900146484375
2026-08-26 11:55:00-04:00,765.3900146484375,765.7698974609375,765.3099975585938,765.3200073242188
2026-08-26 12:00:00-04:00,765.3300170898438,765.3499755859375,764.8800048828125,765.1799926757812
2026-08-26 12:05:00-04:00,765.1599731445312,765.4400024414062,765.030029296875,765.1500244140625
2026-08-26 12:10:00-04:00,765.1599731445312,765.3099975585938,764.969970703125,765.030029296875
2026-08-26 12:15:00-04:00,765.0399780273438,765.1400146484375,764.8300170898438,764.989990234375
2026-08-26 12:20:00-04:00,764.989990234375,765.1099853515625,764.8699951171875,764.9299926757812
2026-08-26 12:25:00-04:00,764.9498901367188,765.0050048828125,764.72998046875,764.7999877929688
2026-08-26 12:30:00-04:00,764.7949829101562,764.97998046875,764.760009765625,764.8800048828125
2026-08-26 12:35:00-04:00,764.8400268554688,764.8900146484375,764.1599731445312,764.1599731445312
2026-08-26 12:40:00-04:00,764.1500244140625,764.4000244140625,763.9299926757812,764.0120239257812
2026-08-26 12:45:00-04:00,764.010009765625,764.35498046875,763.9500122070312,764.0700073242188
2026-08-26 12:50:00-04:00,764.0800170898438,764.3200073242188,764.0499877929688,764.2000122070312
2026-08-26 12:55:00-04:00,764.1799926757812,764.7999877929688,764.1799926757812,764.719970703125
2026-08-26 13:00:00-04:00,764.7000122070312,764.96240234375,764.5701293945312,764.8889770507812
2026-08-26 13:05:00-04:00,764.8699951171875,765.1099853515625,764.7100219726562,765.0499877929688
2026-08-26 13:10:00-04:00,765.0499877929688,765.1400146484375,764.989990234375,765.1400146484375
2026-08-26 13:15:00-04:00,765.1492919921875,765.5,765.1492919921875,765.3350219726562
2026-08-26 13:20:00-04:00,765.3350219726562,765.6599731445312,765.3300170898438,765.6500244140625
2026-08-26 13:25:00-04:00,765.6500244140625,765.719970703125,765.4299926757812,765.6500244140625
2026-08-26 13:30:00-04:00,765.6500244140625,765.7999877929688,765.530029296875,765.760009765625
2026-08-26 13:35:00-04:00,765.77001953125,765.8400268554688,765.5999755859375,765.6099853515625
2026-08-26 13:40:00-04:00,765.60498046875,765.760009765625,765.469970703125,765.6799926757812
2026-08-26 13:45:00-04:00,765.6900024414062,765.7100219726562,765.4400024414062,765.4600219726562
2026-08-26 13:50:00-04:00,765.469970703125,765.780029296875,765.4409790039062,765.7620239257812
2026-08-26 13:55:00-04:00,765.7650146484375,765.8699951171875,765.6400146484375,765.6799926757812
2026-08-26 14:00:00-04:00,765.6699829101562,765.6900024414062,765.469970703125,765.510009765625
2026-08-26 14:05:00-04:00,765.52001953125,765.8599853515625,765.510009765625,765.77001953125
2026-08-26 14:10:00-04:00,765.780029296875,765.7899780273438,765.3800048828125,765.4099731445312
2026-08-26 14:15:00-04:00,765.4099731445312,765.77001953125,765.3499755859375,765.7349853515625
2026-08-26 14:20:00-04:00,765.739990234375,765.97998046875,765.5650024414062,765.5650024414062
2026-08-26 14:25:00-04:00,765.5700073242188,765.72802734375,765.47998046875,765.6099853515625
2026-08-26 14:30:00-04:00,765.6099853515625,765.9000244140625,765.52001953125,765.75
2026-08-26 14:35:00-04:00,765.7550048828125,765.8300170898438,765.6099853515625,765.739990234375
2026-08-26 14:40:00-04:00,765.7257690429688,765.89501953125,765.6699829101562,765.8599853515625
2026-08-26 14:45:00-04:00,765.8699951171875,766.4500122070312,765.8499755859375,766.3200073242188
2026-08-26 14:50:00-04:00,766.3099975585938,766.5800170898438,766.219970703125,766.469970703125
2026-08-26 14:55:00-04:00,766.47998046875,766.6400146484375,766.3300170898438,766.510009765625
2026-08-26 15:00:00-04:00,766.530029296875,767.3499755859375,766.469970703125,767.27001953125
2026-08-26 15:05:00-04:00,767.260009765625,767.2894287109375,766.8800048828125,766.9500122070312
2026-08-26 15:10:00-04:00,766.9550170898438,767.0999755859375,766.8699951171875,766.969970703125
2026-08-26 15:15:00-04:00,766.9600219726562,767.27001953125,766.9400024414062,767.1900024414062
2026-08-26 15:20:00-04:00,767.1900024414062,767.2000122070312,766.8200073242188,767.030029296875
2026-08-26 15:25:00-04:00,767.02001953125,767.1300048828125,766.8300170898438,766.8900146484375
2026-08-26 15:30:00-04:00,766.9000244140625,766.9149780273438,766.75,766.8599853515625
2026-08-26 15:35:00-04:00,766.8599853515625,766.8800048828125,766.5900268554688,766.6649780273438
2026-08-26 15:40:00-04:00,766.6649780273438,766.8699951171875,766.5999755859375,766.6900024414062
2026-08-26 15:45:00-04:00,766.7000122070312,767.1300048828125,766.6300048828125,767.1199951171875
2026-08-26 15:50:00-04:00,767.1199951171875,767.2100219726562,766.010009765625,766.1799926757812
2026-08-26 15:55:00-04:00,766.1799926757812,766.4400024414062,765.489990234375,766.010009765625
2026-08-27 09:30:00-04:00,768.5,768.8099975585938,767.1599731445312,767.47998046875
2026-08-27 09:35:00-04:00,767.47998046875,768.27001953125,767.1599731445312,768.219970703125
2026-08-27 09:40:00-04:00,768.22998046875,769.2000122070312,767.9600219726562,769.1900024414062
2026-08-27 09:45:00-04:00,769.219970703125,769.6900024414062,767.7150268554688,768.0599975585938
2026-08-27 09:50:00-04:00,768.0700073242188,769.3699951171875,768.0700073242188,769.1849975585938
2026-08-27 09:55:00-04:00,769.1699829101562,769.2487182617188,767.6199951171875,768.4055786132812
2026-08-27 10:00:00-04:00,768.4000244140625,769.010009765625,768.2120971679688,768.7899780273438
2026-08-27 10:05:00-04:00,768.7899780273438,769.0900268554688,768.0499877929688,768.4299926757812
2026-08-27 10:10:00-04:00,768.4503173828125,768.989990234375,768.4500122070312,768.655029296875
2026-08-27 10:15:00-04:00,768.6599731445312,769.3400268554688,768.6599731445312,769.1599731445312
2026-08-27 10:20:00-04:00,769.1599731445312,769.5900268554688,769.0499877929688,769.4600219726562
2026-08-27 10:25:00-04:00,769.469970703125,769.8800048828125,769.260009765625,769.6749877929688
2026-08-27 10:30:00-04:00,769.6998901367188,769.739990234375,769.0599975585938,769.3699951171875
2026-08-27 10:35:00-04:00,769.4000244140625,770.0399780273438,769.3200073242188,769.3400268554688
2026-08-27 10:40:00-04:00,769.3499755859375,769.6699829101562,769.3250122070312,769.6199951171875
2026-08-27 10:45:00-04:00,769.6099853515625,770.2899780273438,769.35498046875,770.239990234375
2026-08-27 10:50:00-04:00,770.219970703125,770.4400024414062,769.8900146484375,770.1300048828125
2026-08-27 10:55:00-04:00,770.125,770.4000244140625,769.7349853515625,770.39501953125
2026-08-27 11:00:00-04:00,770.4099731445312,770.6599731445312,770.2280883789062,770.6300048828125
2026-08-27 11:05:00-04:00,770.6199951171875,770.7100219726562,770.3250122070312,770.5401000976562
2026-08-27 11:10:00-04:00,770.5399780273438,770.8400268554688,770.5,770.8200073242188
2026-08-27 11:15:00-04:00,770.8298950195312,771.0999755859375,770.7999877929688,770.9600219726562
2026-08-27 11:20:00-04:00,770.97998046875,771.0800170898438,770.7449951171875,770.780029296875
2026-08-27 11:25:00-04:00,770.7899780273438,770.7999877929688,770.22998046875,770.3150024414062
2026-08-27 11:30:00-04:00,770.3099975585938,770.6199951171875,770.0900268554688,770.2150268554688
2026-08-27 11:35:00-04:00,770.22998046875,770.3300170898438,769.8150024414062,769.9099731445312
2026-08-27 11:40:00-04:00,769.9299926757812,770.3599853515625,769.614990234375,769.6500244140625
2026-08-27 11:45:00-04:00,769.6599731445312,769.72998046875,769.3900146484375,769.6799926757812
2026-08-27 11:50:00-04:00,769.6699829101562,770.8800048828125,769.6649780273438,770.8599853515625
2026-08-27 11:55:00-04:00,770.8599853515625,770.8599853515625,770.530029296875,770.6400146484375
2026-08-27 12:00:00-04:00,770.6400146484375,770.969970703125,770.5499877929688,770.8400268554688
2026-08-27 12:05:00-04:00,770.8300170898438,770.8499755859375,770.4400024414062,770.5399780273438
2026-08-27 12:10:00-04:00,770.510009765625,770.7550048828125,770.4199829101562,770.6298828125
2026-08-27 12:15:00-04:00,770.5999755859375,770.8107299804688,770.510009765625,770.6099853515625
2026-08-27 12:20:00-04:00,770.5999755859375,770.6300048828125,770.3400268554688,770.5374755859375
2026-08-27 12:25:00-04:00,770.530029296875,770.9099731445312,770.4299926757812,770.9099731445312
2026-08-27 12:30:00-04:00,770.9099731445312,771.1699829101562,770.8200073242188,771.1599731445312
2026-08-27 12:35:00-04:00,771.1599731445312,771.5250244140625,771.1199951171875,771.510009765625
2026-08-27 12:40:00-04:00,771.5499877929688,771.7899780273438,771.510009765625,771.6900024414062
2026-08-27 12:45:00-04:00,771.6900024414062,771.9400024414062,771.6599731445312,771.7050170898438
2026-08-27 12:50:00-04:00,771.72998046875,772.010009765625,771.6099853515625,771.9299926757812
2026-08-27 12:55:00-04:00,771.9299926757812,772.030029296875,771.719970703125,771.989990234375
2026-08-27 13:00:00-04:00,772.02001953125,772.1500244140625,771.9600219726562,772.030029296875
2026-08-27 13:05:00-04:00,772.0399780273438,772.25,771.75,772.219970703125
2026-08-27 13:10:00-04:00,772.22998046875,772.35498046875,772.0999755859375,772.1900024414062
2026-08-27 13:15:00-04:00,772.2100219726562,772.280029296875,772.0380249023438,772.1300048828125
2026-08-27 13:20:00-04:00,772.125,772.2700805664062,772.0499877929688,772.1799926757812
2026-08-27 13:25:00-04:00,772.1799926757812,772.1799926757812,771.5999755859375,771.75
2026-08-27 13:30:00-04:00,771.75,772.0599975585938,771.6849975585938,771.77001953125
2026-08-27 13:35:00-04:00,771.77001953125,771.8800048828125,771.6851196289062,771.72998046875
2026-08-27 13:40:00-04:00,771.739990234375,771.959716796875,771.5900268554688,771.6400146484375
2026-08-27 13:45:00-04:00,771.6300048828125,771.669921875,771.2999877929688,771.3900146484375
2026-08-27 13:50:00-04:00,771.405029296875,771.4500122070312,771.2100219726562,771.3499755859375
2026-08-27 13:55:00-04:00,771.3699951171875,771.4500122070312,771.0999755859375,771.2249755859375
2026-08-27 14:00:00-04:00,771.2249755859375,771.3900146484375,770.5,770.5250244140625
2026-08-27 14:05:00-04:00,770.5250244140625,771.0,770.3499755859375,770.489990234375
2026-08-27 14:10:00-04:00,770.52001953125,770.5499877929688,769.9849853515625,770.260009765625
2026-08-27 14:15:00-04:00,770.27001953125,770.5194702148438,770.0700073242188,770.2750244140625
2026-08-27 14:20:00-04:00,770.27001953125,770.4500122070312,770.010009765625,770.0900268554688
2026-08-27 14:25:00-04:00,770.0900268554688,770.1099853515625,769.260009765625,769.4600219726562
2026-08-27 14:30:00-04:00,769.469970703125,769.9349975585938,769.4299926757812,769.5399780273438
2026-08-27 14:35:00-04:00,769.5499877929688,770.0599975585938,769.47998046875,770.0499877929688
2026-08-27 14:40:00-04:00,770.0449829101562,770.1199951171875,769.7899780273438,769.8800048828125
2026-08-27 14:45:00-04:00,769.8900146484375,770.0800170898438,769.5,769.5040283203125
2026-08-27 14:50:00-04:00,769.52001953125,769.6199951171875,769.3099975585938,769.3300170898438
2026-08-27 14:55:00-04:00,769.3350219726562,769.77001953125,769.1599731445312,769.6500244140625
2026-08-27 15:00:00-04:00,769.6500244140625,770.0399780273438,769.52001953125,769.9400024414062
2026-08-27 15:05:00-04:00,769.9500122070312,770.2000122070312,769.7100219726562,770.1400146484375
2026-08-27 15:10:00-04:00,770.1300048828125,770.22998046875,769.8900146484375,769.8900146484375
2026-08-27 15:15:00-04:00,769.9000244140625,770.22998046875,769.9000244140625,770.1900024414062
2026-08-27 15:20:00-04:00,770.1749877929688,770.280029296875,769.97998046875,770.0150146484375
2026-08-27 15:25:00-04:00,770.0100708007812,770.0800170898438,769.760009765625,769.9400024414062
2026-08-27 15:30:00-04:00,769.9450073242188,770.47998046875,769.8699951171875,770.4400024414062
2026-08-27 15:35:00-04:00,770.4600219726562,770.6099853515625,770.4000244140625,770.5499877929688
2026-08-27 15:40:00-04:00,770.5399780273438,770.6790161132812,770.3900146484375,770.6500244140625
2026-08-27 15:45:00-04:00,770.6400146484375,770.8800048828125,770.5599975585938,770.7899780273438
2026-08-27 15:50:00-04:00,770.7899780273438,771.3300170898438,770.4000244140625,771.2150268554688
2026-08-27 15:55:00-04:00,771.219970703125,771.3599853515625,770.9199829101562,771.0399780273438
2026-08-28 09:30:00-04:00,771.760009765625,772.0900268554688,771.469970703125,772.0
2026-08-28 09:35:00-04:00,772.0250244140625,772.4400024414062,771.72998046875,772.239990234375
2026-08-28 09:40:00-04:00,772.260009765625,772.8400268554688,772.1599731445312,772.5800170898438
2026-08-28 09:45:00-04:00,772.5800170898438,772.8699951171875,771.989990234375,772.1400146484375
2026-08-28 09:50:00-04:00,772.1900024414062,772.1900024414062,771.6699829101562,771.719970703125
2026-08-28 09:55:00-04:00,771.72998046875,772.3699951171875,771.6300048828125,771.780029296875
2026-08-28 10:00:00-04:00,771.7899780273438,773.1300048828125,771.25,771.7482299804688
2026-08-28 10:05:00-04:00,771.7380981445312,771.7949829101562,770.6199951171875,771.0
2026-08-28 10:10:00-04:00,770.989990234375,771.0999755859375,769.77001953125,770.280029296875
2026-08-28 10:15:00-04:00,770.239990234375,771.739990234375,770.1199951171875,771.4299926757812
2026-08-28 10:20:00-04:00,771.4099731445312,772.22998046875,770.97998046875,771.5800170898438
2026-08-28 10:25:00-04:00,771.5900268554688,771.6900024414062,770.5900268554688,771.2999877929688
2026-08-28 10:30:00-04:00,771.2999877929688,772.1599731445312,770.9000244140625,772.1400146484375
2026-08-28 10:35:00-04:00,772.14501953125,772.719970703125,772.0,772.3300170898438
2026-08-28 10:40:00-04:00,772.3300170898438,773.5599975585938,772.2999877929688,773.3900146484375
2026-08-28 10:45:00-04:00,773.4299926757812,773.8599853515625,773.2000122070312,773.85498046875
2026-08-28 10:50:00-04:00,773.8599853515625,774.7000122070312,773.780029296875,774.5399780273438
2026-08-28 10:55:00-04:00,774.5349731445312,775.0399780273438,774.4600219726562,774.9600830078125
2026-08-28 11:00:00-04:00,774.97998046875,775.2999877929688,774.760009765625,774.9099731445312
2026-08-28 11:05:00-04:00,774.9000244140625,775.0399780273438,774.1024780273438,774.239990234375
2026-08-28 11:10:00-04:00,774.239990234375,774.4400024414062,773.8200073242188,774.1950073242188
2026-08-28 11:15:00-04:00,774.1900024414062,774.6699829101562,774.1900024414062,774.2999877929688
2026-08-28 11:20:00-04:00,774.3099975585938,774.9000244140625,774.3049926757812,774.8250122070312
2026-08-28 11:25:00-04:00,774.8200073242188,775.219970703125,774.7318725585938,774.9500122070312
2026-08-28 11:30:00-04:00,774.969970703125,775.0,774.4500122070312,774.4600219726562
2026-08-28 11:35:00-04:00,774.4600219726562,774.6099853515625,773.5700073242188,773.6500244140625
2026-08-28 11:40:00-04:00,773.6599731445312,773.6599731445312,772.6699829101562,772.8200073242188
2026-08-28 11:45:00-04:00,772.8200073242188,773.030029296875,772.1699829101562,772.2899780273438
2026-08-28 11:50:00-04:00,772.2899780273438,772.489990234375,771.469970703125,772.0999145507812
2026-08-28 11:55:00-04:00,772.0999755859375,772.1300048828125,770.8300170898438,771.0700073242188
2026-08-28 12:00:00-04:00,771.0850219726562,771.22998046875,770.4600219726562,770.8099975585938
2026-08-28 12:05:00-04:00,770.8049926757812,771.6500244140625,770.75,771.5587768554688
2026-08-28 12:10:00-04:00,771.5413818359375,771.5900268554688,770.9500122070312,770.97998046875
2026-08-28 12:15:00-04:00,770.989990234375,771.22998046875,769.7550048828125,770.1799926757812
2026-08-28 12:20:00-04:00,770.1799926757812,770.3599853515625,769.1400146484375,769.5
2026-08-28 12:25:00-04:00,769.469970703125,769.8800048828125,769.3101196289062,769.5999755859375
2026-08-28 12:30:00-04:00,769.5999755859375,770.52001953125,769.5750122070312,769.6400146484375
2026-08-28 12:35:00-04:00,769.6450805664062,770.6199951171875,769.6400146484375,770.3400268554688
2026-08-28 12:40:00-04:00,770.3300170898438,770.3599853515625,769.5399780273438,769.6699829101562
2026-08-28 12:45:00-04:00,769.6799926757812,770.60498046875,769.6500244140625,770.4199829101562
2026-08-28 12:50:00-04:00,770.4099731445312,770.7000122070312,769.8300170898438,769.9400024414062
2026-08-28 12:55:00-04:00,769.9299926757812,770.0999755859375,769.6799926757812,769.6900024414062
2026-08-28 13:00:00-04:00,769.6799926757812,769.7100219726562,768.6599731445312,768.9949951171875
2026-08-28 13:05:00-04:00,769.0,769.010009765625,768.469970703125,768.489990234375
2026-08-28 13:10:00-04:00,768.47998046875,769.3499755859375,768.3076171875,769.3499755859375
2026-08-28 13:15:00-04:00,769.3499755859375,769.4099731445312,768.9400024414062,769.1300048828125
2026-08-28 13:20:00-04:00,769.1300048828125,769.219970703125,768.5800170898438,768.9749755859375
2026-08-28 13:25:00-04:00,768.97998046875,769.3250122070312,768.77001953125,768.8200073242188
2026-08-28 13:30:00-04:00,768.8400268554688,769.4600219726562,768.719970703125,769.3200073242188
2026-08-28 13:35:00-04:00,769.3400268554688,769.5,768.5999755859375,768.6599731445312
2026-08-28 13:40:00-04:00,768.6589965820312,769.1599731445312,768.6400146484375,769.0700073242188
2026-08-28 13:45:00-04:00,769.0499877929688,769.72998046875,768.8900146484375,769.6599731445312
2026-08-28 13:50:00-04:00,769.6599731445312,769.739990234375,769.4249877929688,769.5
2026-08-28 13:55:00-04:00,769.5,769.5800170898438,769.0800170898438,769.5399169921875
2026-08-28 14:00:00-04:00,769.5599975585938,769.7999877929688,769.3400268554688,769.52001953125
2026-08-28 14:05:00-04:00,769.5,769.75,769.3400268554688,769.5700073242188
2026-08-28 14:10:00-04:00,769.5800170898438,769.780029296875,769.2000122070312,769.219970703125
2026-08-28 14:15:00-04:00,769.22998046875,769.5299072265625,769.1400146484375,769.4149780273438
2026-08-28 14:20:00-04:00,769.4099731445312,769.5700073242188,768.9299926757812,769.0700073242188
2026-08-28 14:25:00-04:00,769.0599975585938,769.3300170898438,768.8900146484375,769.0599975585938
2026-08-28 14:30:00-04:00,769.0499877929688,769.47998046875,769.0,769.3699951171875
2026-08-28 14:35:00-04:00,769.3800048828125,769.5800170898438,769.0599975585938,769.1099853515625
2026-08-28 14:40:00-04:00,769.1099853515625,769.3900146484375,769.030029296875,769.3150024414062
2026-08-28 14:45:00-04:00,769.27001953125,769.3049926757812,768.719970703125,768.77001953125
2026-08-28 14:50:00-04:00,768.760009765625,768.760009765625,768.3099975585938,768.5599975585938
2026-08-28 14:55:00-04:00,768.52001953125,768.7899780273438,768.3699951171875,768.6799926757812
2026-08-28 15:00:00-04:00,768.6799926757812,768.9500122070312,768.469970703125,768.7999877929688
2026-08-28 15:05:00-04:00,768.7899780273438,769.3699951171875,768.7100830078125,769.3499755859375
2026-08-28 15:10:00-04:00,769.3400268554688,769.3800048828125,768.989990234375,769.236328125
2026-08-28 15:15:00-04:00,769.219970703125,769.280029296875,768.9967041015625,769.2100219726562
2026-08-28 15:20:00-04:00,769.219970703125,769.52001953125,769.1500244140625,769.3200073242188
2026-08-28 15:25:00-04:00,769.3099975585938,769.5900268554688,769.2899780273438,769.5150146484375
2026-08-28 15:30:00-04:00,769.510009765625,769.5100708007812,769.1799926757812,769.4000244140625
2026-08-28 15:35:00-04:00,769.4000244140625,769.5750122070312,769.1300048828125,769.5449829101562
2026-08-28 15:40:00-04:00,769.5499877929688,769.7899780273438,769.530029296875,769.6199951171875
2026-08-28 15:45:00-04:00,769.5999755859375,769.6900024414062,769.02001953125,769.239990234375
2026-08-28 15:50:00-04:00,769.25,769.780029296875,769.1099853515625,769.3599853515625
2026-08-28 15:55:00-04:00,769.3499755859375,769.8800048828125,769.0700073242188,769.3800048828125
2026-08-31 09:30:00-04:00,767.3300170898438,767.6199951171875,766.3049926757812,766.3800048828125
2026-08-31 09:35:00-04:00,766.3699951171875,766.52001953125,765.75,766.2750244140625
2026-08-31 09:40:00-04:00,766.25,766.6400146484375,765.780029296875,765.8049926757812
2026-08-31 09:45:00-04:00,765.8300170898438,766.6300048828125,765.5,766.114990234375
2026-08-31 09:50:00-04:00,766.1199951171875,766.530029296875,765.780029296875,766.52001953125
2026-08-31 09:55:00-04:00,766.47998046875,766.7100219726562,766.0800170898438,766.1799926757812
2026-08-31 10:00:00-04:00,766.1900024414062,766.2999877929688,765.7000122070312,765.7999877929688
2026-08-31 10:05:00-04:00,765.7899780273438,766.0800170898438,765.4600219726562,765.5
2026-08-31 10:10:00-04:00,765.4749755859375,765.864990234375,765.3400268554688,765.8101196289062
2026-08-31 10:15:00-04:00,765.7999877929688,766.0399780273438,765.5599975585938,765.9500122070312
2026-08-31 10:20:00-04:00,765.9550170898438,765.9749755859375,765.0,765.0098876953125
2026-08-31 10:25:00-04:00,765.010009765625,765.0900268554688,764.7150268554688,764.9299926757812
2026-08-31 10:30:00-04:00,764.885009765625,765.1500244140625,764.7999877929688,764.9000244140625
2026-08-31 10:35:00-04:00,764.8900146484375,765.7899780273438,764.8250122070312,765.6400146484375
2026-08-31 10:40:00-04:00,765.6199951171875,766.0700073242188,765.5800170898438,765.8200073242188
2026-08-31 10:45:00-04:00,765.8300170898438,765.8300170898438,765.3699951171875,765.4199829101562
2026-08-31 10:50:00-04:00,765.4395141601562,765.8599853515625,765.3499755859375,765.8400268554688
2026-08-31 10:55:00-04:00,765.8433837890625,766.3989868164062,765.72998046875,765.9500122070312
2026-08-31 11:00:00-04:00,765.9500122070312,766.4600219726562,765.6704711914062,765.760009765625
2026-08-31 11:05:00-04:00,765.760009765625,766.2000122070312,765.6104736328125,765.6799926757812
2026-08-31 11:10:00-04:00,765.6900024414062,765.969970703125,765.5499877929688,765.739990234375
2026-08-31 11:15:00-04:00,765.7349853515625,765.9199829101562,765.3800048828125,765.77001953125
2026-08-31 11:20:00-04:00,765.780029296875,766.0650024414062,765.5800170898438,766.0349731445312
2026-08-31 11:25:00-04:00,766.030029296875,766.1799926757812,765.8200073242188,765.9400024414062
2026-08-31 11:30:00-04:00,765.9500122070312,766.0,765.4400024414062,765.7598876953125
2026-08-31 11:35:00-04:00,765.739990234375,765.844970703125,765.4299926757812,765.5900268554688
2026-08-31 11:40:00-04:00,765.5963745117188,765.8699951171875,765.4000244140625,765.8350219726562
2026-08-31 11:45:00-04:00,765.8499755859375,766.010009765625,765.6599731445312,765.851806640625
2026-08-31 11:50:00-04:00,765.8599853515625,766.3400268554688,765.8599853515625,766.0800170898438
2026-08-31 11:55:00-04:00,766.0599975585938,766.1199951171875,765.3099975585938,765.419921875
2026-08-31 12:00:00-04:00,765.4199829101562,765.4199829101562,765.0599975585938,765.1599731445312
2026-08-31 12:05:00-04:00,765.1400146484375,765.2100219726562,764.97998046875,765.135009765625
2026-08-31 12:10:00-04:00,765.1300048828125,765.77001953125,765.0800170898438,765.7100219726562
2026-08-31 12:15:00-04:00,765.7150268554688,765.760009765625,765.27001953125,765.580078125
2026-08-31 12:20:00-04:00,765.6099853515625,765.6900024414062,765.27001953125,765.469970703125
2026-08-31 12:25:00-04:00,765.489990234375,765.9500122070312,765.469970703125,765.9000244140625
2026-08-31 12:30:00-04:00,765.8948974609375,765.9500122070312,765.6300048828125,765.8049926757812
2026-08-31 12:35:00-04:00,765.8200073242188,765.9299926757812,765.2150268554688,765.219970703125
2026-08-31 12:40:00-04:00,765.22998046875,765.75,765.1900024414062,765.4149780273438
2026-08-31 12:45:00-04:00,765.4199829101562,765.8599853515625,765.4199829101562,765.75
2026-08-31 12:50:00-04:00,765.739990234375,765.9600219726562,765.6799926757812,765.8099975585938
2026-08-31 12:55:00-04:00,765.7999877929688,765.97998046875,765.760009765625,765.8400268554688
2026-08-31 13:00:00-04:00,765.8499755859375,765.8900146484375,765.5700073242188,765.6500244140625
2026-08-31 13:05:00-04:00,765.6900024414062,765.8400268554688,765.5399780273438,765.5850219726562
2026-08-31 13:10:00-04:00,765.5800170898438,765.9398803710938,765.5700073242188,765.9199829101562
2026-08-31 13:15:00-04:00,765.9099731445312,766.0599975585938,765.7000122070312,765.8599853515625
2026-08-31 13:20:00-04:00,765.8499755859375,765.9400024414062,765.7100219726562,765.7999877929688
2026-08-31 13:25:00-04:00,765.7899780273438,765.8200073242188,765.3900146484375,765.4199829101562
2026-08-31 13:30:00-04:00,765.4249877929688,765.5499877929688,765.1699829101562,765.2899780273438
2026-08-31 13:35:00-04:00,765.3200073242188,765.8400268554688,765.3049926757812,765.8400268554688
2026-08-31 13:40:00-04:00,765.8400268554688,766.239990234375,765.780029296875,766.239990234375
2026-08-31 13:45:00-04:00,766.260009765625,766.4500122070312,766.1400146484375,766.3250122070312
2026-08-31 13:50:00-04:00,766.3200073242188,766.7698974609375,766.3150024414062,766.7698974609375
2026-08-31 13:55:00-04:00,766.75,766.8099975585938,766.3800048828125,766.52001953125
2026-08-31 14:00:00-04:00,766.5,766.64990234375,766.1799926757812,766.5999755859375
2026-08-31 14:05:00-04:00,766.5900268554688,766.7000122070312,766.469970703125,766.6699829101562
2026-08-31 14:10:00-04:00,766.6699829101562,766.72998046875,766.4500122070312,766.719970703125
2026-08-31 14:15:00-04:00,766.7000122070312,766.780029296875,766.5499877929688,766.6950073242188
2026-08-31 14:20:00-04:00,766.6950073242188,766.8400268554688,766.5,766.614990234375
2026-08-31 14:25:00-04:00,766.6199951171875,766.639892578125,766.280029296875,766.2999877929688
2026-08-31 14:30:00-04:00,766.2999877929688,766.4199829101562,766.0,766.030029296875
2026-08-31 14:35:00-04:00,766.010009765625,766.0800170898438,765.27001953125,765.4550170898438
2026-08-31 14:40:00-04:00,765.4550170898438,765.5700073242188,765.0499877929688,765.3499145507812
2026-08-31 14:45:00-04:00,765.3499755859375,765.4400024414062,765.1900024414062,765.4246215820312
2026-08-31 14:50:00-04:00,765.4299926757812,765.719970703125,765.22998046875,765.6500244140625
2026-08-31 14:55:00-04:00,765.6400146484375,765.89501953125,765.5499877929688,765.6699829101562
2026-08-31 15:00:00-04:00,765.6699829101562,766.0499877929688,765.6699829101562,765.8099975585938
2026-08-31 15:05:00-04:00,765.7899780273438,766.0399780273438,765.6799926757812,766.0150146484375
2026-08-31 15:10:00-04:00,766.030029296875,766.2164916992188,765.9409790039062,766.1799926757812
2026-08-31 15:15:00-04:00,766.1799926757812,766.25,765.97998046875,766.0349731445312
2026-08-31 15:20:00-04:00,766.030029296875,766.489990234375,765.989990234375,766.4099731445312
2026-08-31 15:25:00-04:00,766.4199829101562,766.75,766.27001953125,766.635009765625
2026-08-31 15:30:00-04:00,766.6199951171875,766.6300048828125,766.1799926757812,766.4400024414062
2026-08-31 15:35:00-04:00,766.4600219726562,766.7000122070312,766.3900146484375,766.6400146484375
2026-08-31 15:40:00-04:00,766.6300048828125,767.2050170898438,766.5999755859375,767.010009765625
2026-08-31 15:45:00-04:00,767.0,767.1599731445312,766.5999755859375,766.8499755859375
2026-08-31 15:50:00-04:00,766.8699951171875,767.6500244140625,766.8699951171875,767.3825073242188
2026-08-31 15:55:00-04:00,767.3599853515625,767.9949951171875,766.5800170898438,766.9500122070312
2026-09-01 09:30:00-04:00,762.010009765625,762.1395263671875,761.1799926757812,761.9299926757812
2026-09-01 09:35:00-04:00,761.9400024414062,762.39990234375,761.6099853515625,761.7698974609375
2026-09-01 09:40:00-04:00,761.760009765625,762.1199951171875,761.4299926757812,761.9600219726562
2026-09-01 09:45:00-04:00,761.9600219726562,762.2000122070312,761.6799926757812,762.2000122070312
2026-09-01 09:50:00-04:00,762.1799926757812,762.47998046875,761.5946044921875,761.8099975585938
2026-09-01 09:55:00-04:00,761.8200073242188,762.094970703125,761.4749755859375,762.0150146484375
2026-09-01 10:00:00-04:00,762.02001953125,762.5599975585938,761.739990234375,762.1699829101562
2026-09-01 10:05:00-04:00,762.1699829101562,762.9600219726562,762.1699829101562,762.9000244140625
2026-09-01 10:10:00-04:00,762.9202270507812,763.083984375,762.4931030273438,763.0
2026-09-01 10:15:00-04:00,762.989990234375,763.52001953125,762.9000244140625,763.3099975585938
2026-09-01 10:20:00-04:00,763.3200073242188,764.0,763.3200073242188,763.6799926757812
2026-09-01 10:25:00-04:00,763.6900024414062,764.0,763.6199951171875,763.7694702148438
2026-09-01 10:30:00-04:00,763.760009765625,764.4998779296875,763.75,764.4500122070312
2026-09-01 10:35:00-04:00,764.4509887695312,764.5499877929688,764.0700073242188,764.27001953125
2026-09-01 10:40:00-04:00,764.27001953125,764.3400268554688,763.8961791992188,764.1599731445312
2026-09-01 10:45:00-04:00,764.1599731445312,764.3599853515625,763.9199829101562,763.9199829101562
2026-09-01 10:50:00-04:00,763.9299926757812,763.9299926757812,763.5,763.5900268554688
2026-09-01 10:55:00-04:00,763.5900268554688,763.6998901367188,763.35009765625,763.5399780273438
2026-09-01 11:00:00-04:00,763.5599975585938,763.6599731445312,763.010009765625,763.1099853515625
2026-09-01 11:05:00-04:00,763.0700073242188,763.1699829101562,762.6699829101562,762.7999877929688
2026-09-01 11:10:00-04:00,762.7825927734375,763.1701049804688,762.7100219726562,762.9255981445312
2026-09-01 11:15:00-04:00,762.9400024414062,763.3499755859375,762.8499755859375,763.2899780273438
2026-09-01 11:20:00-04:00,763.289794921875,763.469970703125,763.0700073242188,763.4500122070312
2026-09-01 11:25:00-04:00,763.4299926757812,763.6099853515625,763.2100219726562,763.5900268554688
2026-09-01 11:30:00-04:00,763.5900268554688,763.780029296875,763.4400024414062,763.6199951171875
2026-09-01 11:35:00-04:00,763.6199951171875,764.1094970703125,763.47998046875,764.0999755859375
2026-09-01 11:40:00-04:00,764.0900268554688,764.27001953125,763.989990234375,764.22998046875
2026-09-01 11:45:00-04:00,764.219970703125,764.5999755859375,764.1300048828125,764.5599975585938
2026-09-01 11:50:00-04:00,764.5599975585938,764.6699829101562,764.280029296875,764.5499877929688
2026-09-01 11:55:00-04:00,764.5449829101562,764.5800170898438,764.1199951171875,764.2899780273438
2026-09-01 12:00:00-04:00,764.2899780273438,764.3400268554688,764.0599975585938,764.260009765625
2026-09-01 12:05:00-04:00,764.22998046875,764.2999877929688,763.8099975585938,763.8900146484375
2026-09-01 12:10:00-04:00,763.9099731445312,764.0999755859375,763.510009765625,763.5399780273438
2026-09-01 12:15:00-04:00,763.5349731445312,763.6199951171875,762.9600219726562,763.02001953125
2026-09-01 12:20:00-04:00,763.0050048828125,763.0900268554688,762.4000244140625,762.8699951171875
2026-09-01 12:25:00-04:00,762.8499755859375,762.9400024414062,762.2899780273438,762.5399169921875
2026-09-01 12:30:00-04:00,762.5399780273438,762.6300048828125,761.5800170898438,761.69921875
2026-09-01 12:35:00-04:00,761.7100219726562,762.22998046875,761.6900024414062,762.2100219726562
2026-09-01 12:40:00-04:00,762.22998046875,762.3699951171875,761.6599731445312,761.7100219726562
2026-09-01 12:45:00-04:00,761.7000122070312,762.02001953125,761.6400146484375,761.9600219726562
2026-09-01 12:50:00-04:00,761.9500122070312,762.0800170898438,761.739990234375,761.8800048828125
2026-09-01 12:55:00-04:00,761.9000244140625,762.3900146484375,761.9000244140625,762.260009765625
2026-09-01 13:00:00-04:00,762.260009765625,762.2899780273438,761.6900024414062,761.7100219726562
2026-09-01 13:05:00-04:00,761.7100219726562,761.8300170898438,761.5,761.7000122070312
2026-09-01 13:10:00-04:00,761.7000122070312,762.0900268554688,761.6199951171875,761.9650268554688
2026-09-01 13:15:00-04:00,761.9600219726562,762.1500244140625,761.5,761.60498046875
2026-09-01 13:20:00-04:00,761.6199951171875,761.780029296875,761.489990234375,761.5999755859375
2026-09-01 13:25:00-04:00,761.6199951171875,761.739990234375,760.72998046875,761.6799926757812
2026-09-01 13:30:00-04:00,761.6799926757812,762.0499877929688,761.6199951171875,761.989990234375
2026-09-01 13:35:00-04:00,761.9949951171875,762.2000122070312,761.780029296875,761.9149780273438
2026-09-01 13:40:00-04:00,761.9199829101562,762.22998046875,761.8599853515625,762.0700073242188
2026-09-01 13:45:00-04:00,762.0499877929688,762.1400146484375,761.5599975585938,761.5750122070312
2026-09-01 13:50:00-04:00,761.5750122070312,761.8400268554688,761.47998046875,761.5599975585938
2026-09-01 13:55:00-04:00,761.5650024414062,761.8800048828125,761.4600219726562,761.8200073242188
2026-09-01 14:00:00-04:00,761.8099975585938,762.0399780273438,761.5565185546875,761.60009765625
2026-09-01 14:05:00-04:00,761.5999755859375,761.6900024414062,761.4218139648438,761.655029296875
2026-09-01 14:10:00-04:00,761.64501953125,761.7100219726562,761.30322265625,761.3800048828125
2026-09-01 14:15:00-04:00,761.3699951171875,761.8200073242188,761.280029296875,761.7550048828125
2026-09-01 14:20:00-04:00,761.760009765625,761.8300170898438,761.5,761.6599731445312
2026-09-01 14:25:00-04:00,761.6400146484375,761.6400146484375,761.0700073242188,761.2100219726562
2026-09-01 14:30:00-04:00,761.2199096679688,761.2449951171875,760.6699829101562,760.75
2026-09-01 14:35:00-04:00,760.75,760.9099731445312,760.5,760.5399780273438
2026-09-01 14:40:00-04:00,760.5399780273438,760.6199951171875,759.7100219726562,759.739990234375
2026-09-01 14:45:00-04:00,759.7249755859375,760.260009765625,759.47998046875,760.1900024414062
2026-09-01 14:50:00-04:00,760.2000122070312,760.3900146484375,760.030029296875,760.25
2026-09-01 14:55:00-04:00,760.219970703125,760.8900146484375,760.1699829101562,760.7294921875
2026-09-01 15:00:00-04:00,760.719970703125,761.2000122070312,760.6199951171875,761.1400146484375
2026-09-01 15:05:00-04:00,761.1599731445312,761.1699829101562,760.8405151367188,761.094970703125
2026-09-01 15:10:00-04:00,761.0800170898438,761.47998046875,761.0499877929688,761.4600219726562
2026-09-01 15:15:00-04:00,761.4600219726562,761.6099853515625,761.1099853515625,761.4000244140625
2026-09-01 15:20:00-04:00,761.3800048828125,761.47998046875,761.0700073242188,761.280029296875
2026-09-01 15:25:00-04:00,761.2899780273438,761.4400024414062,761.1799926757812,761.3599853515625
2026-09-01 15:30:00-04:00,761.39990234375,761.39990234375,760.760009765625,761.1400756835938
2026-09-01 15:35:00-04:00,761.1400146484375,761.3400268554688,760.8300170898438,760.8499755859375
2026-09-01 15:40:00-04:00,760.8699951171875,761.2598876953125,760.739990234375,761.0499877929688
2026-09-01 15:45:00-04:00,761.0599975585938,761.4450073242188,760.969970703125,761.260009765625
2026-09-01 15:50:00-04:00,761.25,761.2899780273438,760.5800170898438,760.9299926757812
2026-09-01 15:55:00-04:00,760.9500122070312,761.75,760.594970703125,761.7000122070312
2026-09-02 09:30:00-04:00,762.4500122070312,762.52001953125,761.739990234375,762.3800048828125
2026-09-02 09:35:00-04:00,762.4000244140625,762.47998046875,761.72998046875,762.469970703125
2026-09-02 09:40:00-04:00,762.4500122070312,762.8300170898438,762.260009765625,762.7999877929688
2026-09-02 09:45:00-04:00,762.8099975585938,762.9000244140625,761.9609985351562,762.0900268554688
2026-09-02 09:50:00-04:00,762.0800170898438,762.6110229492188,762.0499877929688,762.4600219726562
2026-09-02 09:55:00-04:00,762.4600219726562,763.0650024414062,762.1799926757812,763.0650024414062
2026-09-02 10:00:00-04:00,763.030029296875,763.739990234375,762.8599853515625,763.739990234375
2026-09-02 10:05:00-04:00,763.739990234375,764.1400146484375,763.6300048828125,763.72998046875
2026-09-02 10:10:00-04:00,763.72998046875,764.2899780273438,763.6500244140625,764.25
2026-09-02 10:15:00-04:00,764.260009765625,764.989990234375,764.0850219726562,764.8599853515625
2026-09-02 10:20:00-04:00,764.8599853515625,765.3350219726562,764.77001953125,765.2092895507812
2026-09-02 10:25:00-04:00,765.2100219726562,765.5850219726562,765.0399780273438,765.27001953125
2026-09-02 10:30:00-04:00,765.2750244140625,765.5900268554688,764.9299926757812,765.5800170898438
2026-09-02 10:35:00-04:00,765.6099853515625,765.8800048828125,765.489990234375,765.8800048828125
2026-09-02 10:40:00-04:00,765.8699951171875,766.3400268554688,765.7899780273438,766.2999877929688
2026-09-02 10:45:00-04:00,766.2899780273438,766.3099975585938,765.6199951171875,765.8200073242188
2026-09-02 10:50:00-04:00,765.8099975585938,765.8150024414062,765.3200073242188,765.4299926757812
2026-09-02 10:55:00-04:00,765.4099731445312,765.6300048828125,765.1599731445312,765.3099975585938
2026-09-02 11:00:00-04:00,765.3099975585938,765.6699829101562,765.1400146484375,765.4299926757812
2026-09-02 11:05:00-04:00,765.4400024414062,765.6300048828125,765.2150268554688,765.4400024414062
2026-09-02 11:10:00-04:00,765.4299926757812,765.7799072265625,765.22998046875,765.5280151367188
2026-09-02 11:15:00-04:00,765.530029296875,766.02001953125,765.4000244140625,765.9749755859375
2026-09-02 11:20:00-04:00,765.989990234375,766.0399780273438,765.7100219726562,765.8800048828125
2026-09-02 11:25:00-04:00,765.8900146484375,766.4000244140625,765.8699951171875,766.2949829101562
2026-09-02 11:30:00-04:00,766.3250122070312,766.4299926757812,766.010009765625,766.02001953125
2026-09-02 11:35:00-04:00,766.02001953125,766.1400146484375,765.77001953125,765.85498046875
2026-09-02 11:40:00-04:00,765.8699951171875,765.97998046875,765.644287109375,765.6500244140625
2026-09-02 11:45:00-04:00,765.6599731445312,765.6599731445312,765.0,765.0399780273438
2026-09-02 11:50:00-04:00,765.0499877929688,765.5798950195312,764.969970703125,765.2550048828125
2026-09-02 11:55:00-04:00,765.2650146484375,765.9600219726562,765.1599731445312,765.9249877929688
2026-09-02 12:00:00-04:00,765.9199829101562,765.9199829101562,765.5499877929688,765.7999877929688
2026-09-02 12:05:00-04:00,765.8400268554688,765.8900146484375,765.6300048828125,765.739990234375
2026-09-02 12:10:00-04:00,765.739990234375,765.8499755859375,765.625,765.6900024414062
2026-09-02 12:15:00-04:00,765.6950073242188,765.6950073242188,765.3150024414062,765.4498901367188
2026-09-02 12:20:00-04:00,765.4500122070312,765.5599975585938,764.969970703125,764.9849853515625
2026-09-02 12:25:00-04:00,764.9849853515625,765.14501953125,764.6900024414062,764.8499755859375
2026-09-02 12:30:00-04:00,764.8499755859375,765.3200073242188,764.8099975585938,765.0999755859375
2026-09-02 12:35:00-04:00,765.1099853515625,765.27001953125,765.0,765.0872802734375
2026-09-02 12:40:00-04:00,765.0700073242188,765.0999755859375,764.7000122070312,764.7000122070312
2026-09-02 12:45:00-04:00,764.72998046875,764.97998046875,764.719970703125,764.8499755859375
2026-09-02 12:50:00-04:00,764.8599853515625,765.2000122070312,764.7100219726562,765.1400146484375
2026-09-02 12:55:00-04:00,765.1599731445312,765.25,764.8800048828125,764.9199829101562
2026-09-02 13:00:00-04:00,764.9199829101562,765.47998046875,764.9199829101562,765.468505859375
2026-09-02 13:05:00-04:00,765.4500122070312,765.47802734375,764.6099853515625,764.6799926757812
2026-09-02 13:10:00-04:00,764.6614990234375,765.0599975585938,764.6599731445312,764.9000244140625
2026-09-02 13:15:00-04:00,764.9202880859375,764.9500122070312,764.52001953125,764.5999755859375
2026-09-02 13:20:00-04:00,764.5900268554688,764.780029296875,764.4600219726562,764.6199951171875
2026-09-02 13:25:00-04:00,764.6375732421875,764.864990234375,764.5999755859375,764.7100219726562
2026-09-02 13:30:00-04:00,764.75,764.7899780273438,764.3900146484375,764.3900146484375
2026-09-02 13:35:00-04:00,764.39501953125,764.5800170898438,764.3699951171875,764.4600219726562
2026-09-02 13:40:00-04:00,764.4550170898438,764.9400024414062,764.3499755859375,764.9000244140625
2026-09-02 13:45:00-04:00,764.9099731445312,765.27001953125,764.9000244140625,764.989990234375
2026-09-02 13:50:00-04:00,764.9998779296875,765.0800170898438,764.8300170898438,764.989990234375
2026-09-02 13:55:00-04:00,764.9758911132812,765.2899780273438,764.739990234375,765.1799926757812
2026-09-02 14:00:00-04:00,765.1799926757812,765.3300170898438,764.72998046875,765.2899780273438
2026-09-02 14:05:00-04:00,765.27001953125,765.4099731445312,765.0700073242188,765.0800170898438
2026-09-02 14:10:00-04:00,765.0800170898438,765.2899780273438,765.0599975585938,765.1799926757812
2026-09-02 14:15:00-04:00,765.1900024414062,766.0899047851562,765.1500244140625,765.5999755859375
2026-09-02 14:20:00-04:00,765.5999755859375,765.719970703125,765.4000244140625,765.489990234375
2026-09-02 14:25:00-04:00,765.489990234375,765.5399780273438,765.2100219726562,765.3200073242188
2026-09-02 14:30:00-04:00,765.3400268554688,765.5252075195312,765.260009765625,765.2899780273438
2026-09-02 14:35:00-04:00,765.280029296875,765.3699951171875,764.7899780273438,764.8099975585938
2026-09-02 14:40:00-04:00,764.8300170898438,764.8889770507812,764.6400146484375,764.719970703125
2026-09-02 14:45:00-04:00,764.739990234375,764.97998046875,764.5900268554688,764.8699951171875
2026-09-02 14:50:00-04:00,764.8900146484375,764.989990234375,764.6699829101562,764.8099975585938
2026-09-02 14:55:00-04:00,764.8049926757812,765.0,764.6799926757812,764.8099975585938
2026-09-02 15:00:00-04:00,764.7899780273438,764.97998046875,764.6699829101562,764.885009765625
2026-09-02 15:05:00-04:00,764.9000244140625,765.22998046875,764.8900146484375,765.2100219726562
2026-09-02 15:10:00-04:00,765.219970703125,765.4799194335938,765.219970703125,765.3900146484375
2026-09-02 15:15:00-04:00,765.385009765625,765.4199829101562,765.2000122070312,765.4099731445312
2026-09-02 15:20:00-04:00,765.4000244140625,765.4099731445312,765.0700073242188,765.239990234375
2026-09-02 15:25:00-04:00,765.239990234375,765.52001953125,765.1599731445312,765.47998046875
2026-09-02 15:30:00-04:00,765.469970703125,765.47998046875,765.1500244140625,765.3049926757812
2026-09-02 15:35:00-04:00,765.3099975585938,765.3599853515625,765.0800170898438,765.0800170898438
2026-09-02 15:40:00-04:00,765.0999755859375,765.3900146484375,765.030029296875,765.364990234375
2026-09-02 15:45:00-04:00,765.3599853515625,765.4849853515625,765.219970703125,765.375
2026-09-02 15:50:00-04:00,765.3699951171875,765.4500122070312,764.9500122070312,765.219970703125
2026-09-02 15:55:00-04:00,765.219970703125,765.260009765625,764.75,765.1500244140625
2026-09-03 09:30:00-04:00,768.4299926757812,769.2349853515625,768.1500244140625,768.969970703125
2026-09-03 09:35:00-04:00,768.969970703125,769.7999877929688,768.510009765625,769.72998046875
2026-09-03 09:40:00-04:00,769.739990234375,769.8900146484375,769.3499755859375,769.7899780273438
2026-09-03 09:45:00-04:00,769.8099975585938,769.9600219726562,769.4299926757812,769.6400146484375
2026-09-03 09:50:00-04:00,769.6400146484375,770.0449829101562,769.3099975585938,769.5900268554688
2026-09-03 09:55:00-04:00,769.5800170898438,769.6099853515625,769.1099853515625,769.5599975585938
2026-09-03 10:00:00-04:00,769.530029296875,769.5700073242188,768.1099853515625,768.125
2026-09-03 10:05:00-04:00,768.1199951171875,768.3400268554688,767.6099853515625,767.8099975585938
2026-09-03 10:10:00-04:00,767.8300170898438,768.3800048828125,767.530029296875,768.3599853515625
2026-09-03 10:15:00-04:00,768.3599853515625,768.8800048828125,768.22021484375,768.8499755859375
2026-09-03 10:20:00-04:00,768.8499755859375,769.0700073242188,768.5,768.8599853515625
2026-09-03 10:25:00-04:00,768.8800048828125,768.9598999023438,768.510009765625,768.6699829101562
2026-09-03 10:30:00-04:00,768.6699829101562,768.969970703125,767.8300170898438,767.9000244140625
2026-09-03 10:35:00-04:00,767.8800048828125,768.52001953125,767.8400268554688,768.1500244140625
2026-09-03 10:40:00-04:00,768.155029296875,768.6599731445312,768.030029296875,768.2000122070312
2026-09-03 10:45:00-04:00,768.1699829101562,768.7750244140625,768.030029296875,768.719970703125
2026-09-03 10:50:00-04:00,768.72998046875,768.8300170898438,768.2000122070312,768.6099853515625
2026-09-03 10:55:00-04:00,768.6199951171875,769.3300170898438,767.469970703125,769.280029296875
2026-09-03 11:00:00-04:00,769.260009765625,770.489990234375,769.25,770.4450073242188
2026-09-03 11:05:00-04:00,770.4600219726562,770.8900146484375,770.4299926757812,770.72998046875
2026-09-03 11:10:00-04:00,770.7315063476562,771.52001953125,770.6699829101562,771.52001953125
2026-09-03 11:15:00-04:00,771.5399780273438,772.0399780273438,771.489990234375,772.0100708007812
2026-09-03 11:20:00-04:00,772.010009765625,772.2249755859375,771.469970703125,772.0599975585938
2026-09-03 11:25:00-04:00,772.0800170898438,772.9500122070312,772.010009765625,772.9400024414062
2026-09-03 11:30:00-04:00,772.9400024414062,773.2100219726562,772.5,772.8558959960938
2026-09-03 11:35:00-04:00,772.8599853515625,772.97998046875,772.4199829101562,772.4650268554688
2026-09-03 11:40:00-04:00,772.469970703125,772.8400268554688,772.2750244140625,772.5800170898438
2026-09-03 11:45:00-04:00,772.5850219726562,773.0,772.5800170898438,772.9349975585938
2026-09-03 11:50:00-04:00,772.9400024414062,773.260009765625,772.9199829101562,773.14501953125
2026-09-03 11:55:00-04:00,773.14501953125,773.3200073242188,772.9500122070312,773.3200073242188
2026-09-03 12:00:00-04:00,773.3099975585938,773.3099975585938,772.780029296875,772.7999877929688
2026-09-03 12:05:00-04:00,772.7999267578125,772.8699951171875,772.469970703125,772.530029296875
2026-09-03 12:10:00-04:00,772.510009765625,772.7100219726562,772.375,772.6799926757812
2026-09-03 12:15:00-04:00,772.6900024414062,772.8699951171875,772.5399780273438,772.72998046875
2026-09-03 12:20:00-04:00,772.75,772.8099975585938,772.4849853515625,772.510009765625
2026-09-03 12:25:00-04:00,772.510009765625,772.510009765625,772.2100219726562,772.4349975585938
2026-09-03 12:30:00-04:00,772.4500122070312,772.6099853515625,772.2999877929688,772.4600219726562
2026-09-03 12:35:00-04:00,772.4600219726562,773.0599975585938,772.3699951171875,772.9600219726562
2026-09-03 12:40:00-04:00,772.969970703125,773.2000122070312,772.9199829101562,773.1400146484375
2026-09-03 12:45:00-04:00,773.1300048828125,773.22998046875,773.0150146484375,773.0900268554688
2026-09-03 12:50:00-04:00,773.1099853515625,773.1300048828125,772.72998046875,772.8400268554688
2026-09-03 12:55:00-04:00,772.8300170898438,773.010009765625,772.739990234375,772.8800048828125
2026-09-03 13:00:00-04:00,772.9000244140625,773.0,772.6599731445312,772.7899780273438
2026-09-03 13:05:00-04:00,772.7999877929688,772.8900146484375,772.4199829101562,772.4299926757812
2026-09-03 13:10:00-04:00,772.4199829101562,772.510009765625,772.3300170898438,772.4349975585938
2026-09-03 13:15:00-04:00,772.4400024414062,772.5700073242188,772.3300170898438,772.3350219726562
2026-09-03 13:20:00-04:00,772.3300170898438,772.3300170898438,772.1199951171875,772.2750244140625
2026-09-03 13:25:00-04:00,772.280029296875,772.6799926757812,772.260009765625,772.668701171875
2026-09-03 13:30:00-04:00,772.6500244140625,772.9400024414062,772.6475219726562,772.8599853515625
2026-09-03 13:35:00-04:00,772.8400268554688,773.1400146484375,772.8300170898438,773.010009765625
2026-09-03 13:40:00-04:00,773.0399780273438,773.1900024414062,773.010009765625,773.0599975585938
2026-09-03 13:45:00-04:00,773.0599975585938,773.1900024414062,772.9199829101562,772.97998046875
2026-09-03 13:50:00-04:00,773.02001953125,773.4550170898438,773.0,773.4400024414062
2026-09-03 13:55:00-04:00,773.403076171875,773.47998046875,773.219970703125,773.2750244140625
2026-09-03 14:00:00-04:00,773.260009765625,773.9400024414062,773.260009765625,773.77001953125
2026-09-03 14:05:00-04:00,773.760009765625,773.9099731445312,773.6599731445312,773.7949829101562
2026-09-03 14:10:00-04:00,773.7949829101562,773.9199829101562,773.719970703125,773.8150024414062
2026-09-03 14:15:00-04:00,773.8300170898438,774.030029296875,773.6594848632812,773.719970703125
2026-09-03 14:20:00-04:00,773.72998046875,773.8200073242188,773.5599975585938,773.75
2026-09-03 14:25:00-04:00,773.75,773.8599853515625,773.6400146484375,773.72998046875
2026-09-03 14:30:00-04:00,773.7589721679688,773.8800048828125,773.5499877929688,773.8599853515625
2026-09-03 14:35:00-04:00,773.8599243164062,773.9000244140625,773.760009765625,773.8200073242188
2026-09-03 14:40:00-04:00,773.8200073242188,773.8200073242188,773.5097045898438,773.5999755859375
2026-09-03 14:45:00-04:00,773.5999145507812,773.7999877929688,773.5900268554688,773.7550048828125
2026-09-03 14:50:00-04:00,773.77001953125,773.8499755859375,773.5499877929688,773.6199951171875
2026-09-03 14:55:00-04:00,773.6199951171875,773.6699829101562,773.4000244140625,773.6699829101562
2026-09-03 15:00:00-04:00,773.6649780273438,773.7050170898438,773.4400024414062,773.5599975585938
2026-09-03 15:05:00-04:00,773.5900268554688,773.6900024414062,773.47900390625,773.5599975585938
2026-09-03 15:10:00-04:00,773.5800170898438,773.6300048828125,773.3104248046875,773.3800048828125
2026-09-03 15:15:00-04:00,773.375,773.5999755859375,773.2999877929688,773.5999755859375
2026-09-03 15:20:00-04:00,773.5999755859375,773.5999755859375,773.1300048828125,773.1799926757812
2026-09-03 15:25:00-04:00,773.1849975585938,773.4199829101562,773.1400146484375,773.4099731445312
2026-09-03 15:30:00-04:00,773.4149780273438,773.5349731445312,773.27001953125,773.3099975585938
2026-09-03 15:35:00-04:00,773.3049926757812,773.5499877929688,773.2999877929688,773.4390258789062
2026-09-03 15:40:00-04:00,773.4500122070312,773.530029296875,773.2050170898438,773.22998046875
2026-09-03 15:45:00-04:00,773.219970703125,773.4199829101562,773.1400146484375,773.239990234375
2026-09-03 15:50:00-04:00,773.260009765625,773.3699951171875,773.0800170898438,773.22998046875
2026-09-03 15:55:00-04:00,773.239990234375,773.25,772.7000122070312,773.1099853515625
2026-09-04 09:30:00-04:00,772.010009765625,772.8300170898438,771.8800048828125,772.7100219726562
2026-09-04 09:35:00-04:00,772.7100219726562,772.8699951171875,772.25048828125,772.4650268554688
2026-09-04 09:40:00-04:00,772.469970703125,772.489990234375,771.8499755859375,772.169921875
2026-09-04 09:45:00-04:00,772.1649780273438,772.6199951171875,771.8099975585938,772.5150146484375
2026-09-04 09:50:00-04:00,772.510009765625,772.510009765625,771.969970703125,772.385009765625
2026-09-04 09:55:00-04:00,772.385009765625,772.5784912109375,772.1199951171875,772.3099975585938
2026-09-04 10:00:00-04:00,772.3200073242188,772.3599853515625,771.8200073242188,771.989990234375
2026-09-04 10:05:00-04:00,772.02001953125,772.1500244140625,771.5250244140625,771.5250244140625
2026-09-04 10:10:00-04:00,771.530029296875,771.659912109375,770.8400268554688,771.6300048828125
2026-09-04 10:15:00-04:00,771.6300048828125,771.6892700195312,770.9400024414062,770.9650268554688
2026-09-04 10:20:00-04:00,770.9650268554688,771.239990234375,770.8499755859375,771.0800170898438
2026-09-04 10:25:00-04:00,771.0800170898438,771.260009765625,770.760009765625,771.2100219726562
2026-09-04 10:30:00-04:00,771.2050170898438,771.2899780273438,770.72998046875,770.7999877929688
2026-09-04 10:35:00-04:00,770.8250122070312,771.1619873046875,770.77001953125,771.1300048828125
2026-09-04 10:40:00-04:00,771.1300048828125,771.1300048828125,770.27001953125,770.2999877929688
2026-09-04 10:45:00-04:00,770.3099975585938,770.489990234375,769.75,769.780029296875
2026-09-04 10:50:00-04:00,769.7799072265625,770.1596069335938,769.547607421875,769.5900268554688
2026-09-04 10:55:00-04:00,769.5900268554688,769.7650146484375,769.2999877929688,769.4500122070312
2026-09-04 11:00:00-04:00,769.469970703125,769.6300048828125,769.0499877929688,769.489990234375
2026-09-04 11:05:00-04:00,769.5,769.760009765625,769.3599853515625,769.6998901367188
2026-09-04 11:10:00-04:00,769.6950073242188,769.9400024414062,769.4199829101562,769.9400024414062
2026-09-04 11:15:00-04:00,769.9500122070312,769.989990234375,769.260009765625,769.3599853515625
2026-09-04 11:20:00-04:00,769.3400268554688,769.4500122070312,769.1099853515625,769.2999877929688
2026-09-04 11:25:00-04:00,769.3099975585938,769.4993286132812,769.14501953125,769.4299926757812
2026-09-04 11:30:00-04:00,769.47998046875,769.489990234375,769.0,769.239990234375
2026-09-04 11:35:00-04:00,769.239990234375,769.5499877929688,769.2100219726562,769.5399780273438
2026-09-04 11:40:00-04:00,769.5399780273438,770.0499877929688,769.489990234375,769.9974975585938
2026-09-04 11:45:00-04:00,769.989990234375,770.0599975585938,769.6199951171875,769.8099975585938
2026-09-04 11:50:00-04:00,769.8200073242188,769.97998046875,769.7100219726562,769.9099731445312
2026-09-04 11:55:00-04:00,769.9099731445312,770.0399780273438,769.6649780273438,769.95751953125
2026-09-04 12:00:00-04:00,769.9550170898438,770.1300048828125,769.8300170898438,770.0900268554688
2026-09-04 12:05:00-04:00,770.094970703125,770.4299926757812,769.9099731445312,770.35498046875
2026-09-04 12:10:00-04:00,770.3400268554688,770.739990234375,770.280029296875,770.72998046875
2026-09-04 12:15:00-04:00,770.7249755859375,770.8800048828125,770.5599975585938,770.8499755859375
2026-09-04 12:20:00-04:00,770.8599853515625,771.1500244140625,770.7650146484375,770.8900146484375
2026-09-04 12:25:00-04:00,770.8800048828125,770.8800048828125,770.6099853515625,770.6599731445312
2026-09-04 12:30:00-04:00,770.6599731445312,770.9249877929688,770.5551147460938,770.9249877929688
2026-09-04 12:35:00-04:00,770.9199829101562,770.9199829101562,770.6799926757812,770.7894897460938
2026-09-04 12:40:00-04:00,770.780029296875,770.97998046875,770.7100219726562,770.9400024414062
2026-09-04 12:45:00-04:00,770.9500122070312,771.239990234375,770.8900146484375,771.219970703125
2026-09-04 12:50:00-04:00,771.219970703125,771.3200073242188,771.0800170898438,771.0999755859375
2026-09-04 12:55:00-04:00,771.0800170898438,771.1600952148438,770.8800048828125,770.8900146484375
2026-09-04 13:00:00-04:00,770.9000244140625,770.969970703125,770.3699951171875,770.4600219726562
2026-09-04 13:05:00-04:00,770.4500122070312,770.6699829101562,770.3400268554688,770.3499755859375
2026-09-04 13:10:00-04:00,770.35498046875,770.5,770.3099975585938,770.3499755859375
2026-09-04 13:15:00-04:00,770.369873046875,770.47998046875,770.219970703125,770.280029296875
2026-09-04 13:20:00-04:00,770.27001953125,770.3699951171875,770.0800170898438,770.0800170898438
2026-09-04 13:25:00-04:00,770.0999755859375,770.219970703125,769.7999877929688,769.8519897460938
2026-09-04 13:30:00-04:00,769.8499755859375,769.8699951171875,769.469970703125,769.6500244140625
2026-09-04 13:35:00-04:00,769.64501953125,769.7550048828125,769.530029296875,769.6900024414062
2026-09-04 13:40:00-04:00,769.6898803710938,769.7000122070312,769.2899780273438,769.3200073242188
2026-09-04 13:45:00-04:00,769.3200073242188,769.52001953125,769.1300048828125,769.385009765625
2026-09-04 13:50:00-04:00,769.385009765625,769.52001953125,769.280029296875,769.3900146484375
2026-09-04 13:55:00-04:00,769.3900146484375,769.5399780273438,769.2980346679688,769.458984375
2026-09-04 14:00:00-04:00,769.4400024414062,769.6099853515625,769.22998046875,769.3200073242188
2026-09-04 14:05:00-04:00,769.3400268554688,769.5999755859375,769.2100830078125,769.5800170898438
2026-09-04 14:10:00-04:00,769.5900268554688,769.739990234375,769.530029296875,769.6599731445312
2026-09-04 14:15:00-04:00,769.6599731445312,769.8300170898438,769.5599975585938,769.7899780273438
2026-09-04 14:20:00-04:00,769.7899780273438,769.989990234375,769.72998046875,769.9099731445312
2026-09-04 14:25:00-04:00,769.8900146484375,769.9741821289062,769.75048828125,769.8800048828125
2026-09-04 14:30:00-04:00,769.8900146484375,770.030029296875,769.8400268554688,770.0
2026-09-04 14:35:00-04:00,770.0,770.02001953125,769.7899780273438,769.8900146484375
2026-09-04 14:40:00-04:00,769.8800048828125,770.1900024414062,769.7830810546875,770.1500244140625
2026-09-04 14:45:00-04:00,770.1599731445312,770.239990234375,770.0800170898438,770.2249755859375
2026-09-04 14:50:00-04:00,770.22998046875,770.2999877929688,770.1500244140625,770.219970703125
2026-09-04 14:55:00-04:00,770.2100219726562,770.3699951171875,770.1500244140625,770.25
2026-09-04 15:00:00-04:00,770.260009765625,770.3800048828125,769.6699829101562,769.7150268554688
2026-09-04 15:05:00-04:00,769.719970703125,769.8150024414062,769.6300048828125,769.6849975585938
2026-09-04 15:10:00-04:00,769.6900024414062,769.8300170898438,769.5900268554688,769.6199951171875
2026-09-04 15:15:00-04:00,769.6199951171875,769.760009765625,769.5900268554688,769.6500244140625
2026-09-04 15:20:00-04:00,769.6599731445312,769.8400268554688,769.6199951171875,769.760009765625
2026-09-04 15:25:00-04:00,769.77001953125,770.0700073242188,769.77001953125,770.010009765625
2026-09-04 15:30:00-04:00,770.0,770.0700073242188,769.8499755859375,769.9849853515625
2026-09-04 15:35:00-04:00,769.97998046875,770.0,769.6300048828125,769.72998046875
2026-09-04 15:40:00-04:00,769.72998046875,769.9500122070312,769.6599731445312,769.9000244140625
2026-09-04 15:45:00-04:00,769.8900146484375,770.2000122070312,769.8699951171875,770.1099853515625
2026-09-04 15:50:00-04:00,770.1199951171875,770.4199829101562,770.0399780273438,770.39501953125
2026-09-04 15:55:00-04:00,770.4000244140625,770.47998046875,769.7999877929688,770.239990234375
2026-09-08 09:30:00-04:00,769.0700073242188,769.6900024414062,768.6699829101562,768.8049926757812
2026-09-08 09:35:00-04:00,768.7999877929688,768.8200073242188,768.1199951171875,768.1400146484375
2026-09-08 09:40:00-04:00,768.1199951171875,768.1300048828125,767.0900268554688,767.2899780273438
2026-09-08 09:45:00-04:00,767.3049926757812,767.8099975585938,767.2000122070312,767.719970703125
2026-09-08 09:50:00-04:00,767.72998046875,767.75,766.8200073242188,767.3699951171875
2026-09-08 09:55:00-04:00,767.35498046875,768.0800170898438,767.2899780273438,767.4600219726562
2026-09-08 10:00:00-04:00,767.4500122070312,767.6300048828125,766.530029296875,766.9500122070312
2026-09-08 10:05:00-04:00,766.9600219726562,767.0700073242188,766.3900146484375,766.4199829101562
2026-09-08 10:10:00-04:00,766.4199829101562,766.77001953125,765.989990234375,766.4600219726562
2026-09-08 10:15:00-04:00,766.4500122070312,766.72998046875,766.1199951171875,766.5599975585938
2026-09-08 10:20:00-04:00,766.5650024414062,767.1298828125,766.3499755859375,767.0999755859375
2026-09-08 10:25:00-04:00,767.0999145507812,767.1494750976562,766.4099731445312,766.7000122070312
2026-09-08 10:30:00-04:00,766.7000122070312,767.0399780273438,766.4400024414062,767.0050048828125
2026-09-08 10:35:00-04:00,767.02001953125,767.0800170898438,766.6400146484375,766.8900146484375
2026-09-08 10:40:00-04:00,766.9000244140625,767.22998046875,766.780029296875,767.1199951171875
2026-09-08 10:45:00-04:00,767.1400146484375,767.2999877929688,766.6699829101562,767.260009765625
2026-09-08 10:50:00-04:00,767.25,767.719970703125,767.2100219726562,767.6199951171875
2026-09-08 10:55:00-04:00,767.6400146484375,767.948974609375,767.3400268554688,767.6500244140625
2026-09-08 11:00:00-04:00,767.6699829101562,767.8699951171875,767.489990234375,767.6950073242188
2026-09-08 11:05:00-04:00,767.6900024414062,767.8300170898438,767.469970703125,767.6799926757812
2026-09-08 11:10:00-04:00,767.6699829101562,768.3099975585938,767.6599731445312,768.0399780273438
2026-09-08 11:15:00-04:00,768.0399780273438,768.3400268554688,767.9199829101562,768.0800170898438
2026-09-08 11:20:00-04:00,768.0800170898438,768.0800170898438,767.3499755859375,768.0
2026-09-08 11:25:00-04:00,767.989990234375,768.3699951171875,767.8049926757812,767.8049926757812
2026-09-08 11:30:00-04:00,767.7999877929688,768.0800170898438,767.6199951171875,767.7899780273438
2026-09-08 11:35:00-04:00,767.7899780273438,767.8099975585938,767.3400268554688,767.510009765625
2026-09-08 11:40:00-04:00,767.510009765625,768.02001953125,767.4099731445312,767.97998046875
2026-09-08 11:45:00-04:00,767.9949951171875,768.0399780273438,767.469970703125,767.5399780273438
2026-09-08 11:50:00-04:00,767.5599975585938,767.7849731445312,767.510009765625,767.5700073242188
2026-09-08 11:55:00-04:00,767.5599975585938,767.7100219726562,767.3499755859375,767.3900146484375
2026-09-08 12:00:00-04:00,767.4000244140625,767.6599731445312,767.1950073242188,767.6599731445312
2026-09-08 12:05:00-04:00,767.6599731445312,767.7899780273438,767.3200073242188,767.3300170898438
2026-09-08 12:10:00-04:00,767.3200073242188,767.3400268554688,767.030029296875,767.219970703125
2026-09-08 12:15:00-04:00,767.219970703125,767.22998046875,766.8099975585938,766.9149780273438
2026-09-08 12:20:00-04:00,766.9199829101562,767.4199829101562,766.8099975585938,767.3900756835938
2026-09-08 12:25:00-04:00,767.4099731445312,767.6500244140625,767.0800170898438,767.0999755859375
2026-09-08 12:30:00-04:00,767.0999755859375,767.3200073242188,767.0,767.2000122070312
2026-09-08 12:35:00-04:00,767.1799926757812,767.24169921875,766.9400024414062,766.989990234375
2026-09-08 12:40:00-04:00,766.9998779296875,767.1400146484375,766.8099975585938,767.010009765625
2026-09-08 12:45:00-04:00,767.02001953125,767.3200073242188,766.9149780273438,767.2449951171875
2026-09-08 12:50:00-04:00,767.260009765625,767.6099853515625,767.0900268554688,767.2349853515625
2026-09-08 12:55:00-04:00,767.25,767.2999877929688,766.5499877929688,766.9400024414062
2026-09-08 13:00:00-04:00,766.92919921875,767.9000244140625,766.92919921875,767.9000244140625
2026-09-08 13:05:00-04:00,767.9000244140625,768.1199951171875,767.5399780273438,767.5399780273438
2026-09-08 13:10:00-04:00,767.5700073242188,767.72998046875,767.52001953125,767.635009765625
2026-09-08 13:15:00-04:00,767.6400146484375,767.719970703125,767.52001953125,767.60498046875
2026-09-08 13:20:00-04:00,767.5999755859375,767.708984375,767.4199829101562,767.5900268554688
2026-09-08 13:25:00-04:00,767.5900268554688,767.6099853515625,767.1900024414062,767.4749755859375
2026-09-08 13:30:00-04:00,767.489990234375,767.8200073242188,767.4400024414062,767.6799926757812
2026-09-08 13:35:00-04:00,767.6799926757812,767.8800048828125,767.6300048828125,767.6799926757812
2026-09-08 13:40:00-04:00,767.6900024414062,767.6900024414062,767.3150024414062,767.344970703125
2026-09-08 13:45:00-04:00,767.3400268554688,767.6199951171875,767.3400268554688,767.5800170898438
2026-09-08 13:50:00-04:00,767.5700073242188,767.8499755859375,767.47998046875,767.7999877929688
2026-09-08 13:55:00-04:00,767.780029296875,767.780029296875,767.4600219726562,767.4600219726562
2026-09-08 14:00:00-04:00,767.47998046875,767.6500244140625,767.4600219726562,767.6199951171875
2026-09-08 14:05:00-04:00,767.6099853515625,767.8300170898438,767.5399780273438,767.77001953125
2026-09-08 14:10:00-04:00,767.780029296875,767.8800048828125,767.6749877929688,767.77001953125
2026-09-08 14:15:00-04:00,767.760009765625,767.8800048828125,767.6699829101562,767.8049926757812
2026-09-08 14:20:00-04:00,767.7999877929688,767.8900146484375,767.5800170898438,767.5999755859375
2026-09-08 14:25:00-04:00,767.5900268554688,767.7999877929688,767.5250244140625,767.7650146484375
2026-09-08 14:30:00-04:00,767.77001953125,767.7899780273438,767.52001953125,767.530029296875
2026-09-08 14:35:00-04:00,767.5399780273438,767.5499877929688,767.1400146484375,767.2000122070312
2026-09-08 14:40:00-04:00,767.1900024414062,767.5399780273438,767.0700073242188,767.52001953125
2026-09-08 14:45:00-04:00,767.52001953125,767.6199951171875,765.6699829101562,766.260009765625
2026-09-08 14:50:00-04:00,766.280029296875,767.0380249023438,766.2000122070312,766.969970703125
2026-09-08 14:55:00-04:00,766.9749755859375,767.0800170898438,766.740478515625,766.77001953125
2026-09-08 15:00:00-04:00,766.780029296875,766.9400024414062,766.4849853515625,766.6171875
2026-09-08 15:05:00-04:00,766.6300048828125,766.97998046875,766.5499877929688,766.8400268554688
2026-09-08 15:10:00-04:00,766.8201293945312,767.0999755859375,766.7899780273438,766.9000244140625
2026-09-08 15:15:00-04:00,766.9099731445312,767.030029296875,766.6099853515625,766.7000122070312
2026-09-08 15:20:00-04:00,766.7050170898438,766.8699951171875,766.510009765625,766.5700073242188
2026-09-08 15:25:00-04:00,766.5700073242188,767.0399780273438,766.510009765625,766.97998046875
2026-09-08 15:30:00-04:00,766.969970703125,767.1500244140625,766.7000122070312,767.0900268554688
2026-09-08 15:35:00-04:00,767.0900268554688,767.1199951171875,766.77001953125,766.9600219726562
2026-09-08 15:40:00-04:00,766.9749755859375,767.0800170898438,766.6799926757812,766.8099975585938
2026-09-08 15:45:00-04:00,766.8200073242188,766.8800048828125,766.3200073242188,766.5399780273438
2026-09-08 15:50:00-04:00,766.5599975585938,766.6300048828125,765.52001953125,765.6849975585938
2026-09-08 15:55:00-04:00,765.72998046875,766.1400146484375,765.1400146484375,765.989990234375
2026-09-09 09:30:00-04:00,764.0800170898438,764.3800048828125,763.239990234375,764.1199951171875
2026-09-09 09:35:00-04:00,764.1199951171875,764.1900024414062,763.6099853515625,763.7999877929688
2026-09-09 09:40:00-04:00,763.8300170898438,764.030029296875,763.4199829101562,763.75
2026-09-09 09:45:00-04:00,763.7000122070312,764.219970703125,763.4299926757812,763.8699951171875
2026-09-09 09:50:00-04:00,763.8800048828125,763.969970703125,763.4600219726562,763.7849731445312
2026-09-09 09:55:00-04:00,763.7750244140625,764.2000122070312,763.6599731445312,764.0999755859375
2026-09-09 10:00:00-04:00,764.0900268554688,764.2000122070312,763.4000244140625,763.8400268554688
2026-09-09 10:05:00-04:00,763.8499755859375,764.1500244140625,763.7700805664062,764.0700073242188
2026-09-09 10:10:00-04:00,764.0601196289062,764.1300048828125,763.6099853515625,763.8775024414062
2026-09-09 10:15:00-04:00,763.8800048828125,763.8800048828125,762.7999877929688,763.0549926757812
2026-09-09 10:20:00-04:00,763.0401000976562,763.1500244140625,762.489990234375,762.510009765625
2026-09-09 10:25:00-04:00,762.510009765625,764.0700073242188,762.5,763.97998046875
2026-09-09 10:30:00-04:00,763.969970703125,764.010009765625,763.4199829101562,763.489990234375
2026-09-09 10:35:00-04:00,763.489990234375,763.7999877929688,763.25,763.60498046875
2026-09-09 10:40:00-04:00,763.5900268554688,763.8699951171875,763.4600219726562,763.77001953125
2026-09-09 10:45:00-04:00,763.7534790039062,763.780029296875,763.4099731445312,763.7249755859375
2026-09-09 10:50:00-04:00,763.72998046875,763.9400024414062,763.530029296875,763.6500244140625
2026-09-09 10:55:00-04:00,763.6649780273438,763.9099731445312,763.4600219726562,763.780029296875
2026-09-09 11:00:00-04:00,763.7899780273438,764.469970703125,762.7000122070312,762.8400268554688
2026-09-09 11:05:00-04:00,762.8800048828125,763.0399780273438,762.1599731445312,762.239990234375
2026-09-09 11:10:00-04:00,762.25,762.280029296875,761.39501953125,761.6300048828125
2026-09-09 11:15:00-04:00,761.6400146484375,762.169921875,761.5,762.0501098632812
2026-09-09 11:20:00-04:00,762.030029296875,762.1300048828125,761.0,761.0499877929688
2026-09-09 11:25:00-04:00,761.0499877929688,761.5750122070312,760.9400024414062,761.5399780273438
2026-09-09 11:30:00-04:00,761.5401000976562,762.1500244140625,761.47998046875,762.1500244140625
2026-09-09 11:35:00-04:00,762.1500244140625,762.9794921875,761.760009765625,762.9099731445312
2026-09-09 11:40:00-04:00,762.9199829101562,763.095703125,761.989990234375,762.239990234375
2026-09-09 11:45:00-04:00,762.260009765625,762.3585815429688,762.02001953125,762.27001953125
2026-09-09 11:50:00-04:00,762.2899780273438,762.6199951171875,762.2899780273438,762.5499877929688
2026-09-09 11:55:00-04:00,762.52001953125,762.52001953125,761.8400268554688,762.1699829101562
2026-09-09 12:00:00-04:00,762.1699829101562,762.4099731445312,762.0499877929688,762.3699951171875
2026-09-09 12:05:00-04:00,762.3599853515625,762.3699951171875,761.5150146484375,761.5150146484375
2026-09-09 12:10:00-04:00,761.52001953125,761.8900146484375,761.4299926757812,761.64501953125
2026-09-09 12:15:00-04:00,761.64501953125,761.6599731445312,761.3599853515625,761.4500122070312
2026-09-09 12:20:00-04:00,761.4450073242188,761.739990234375,761.3200073242188,761.719970703125
2026-09-09 12:25:00-04:00,761.72998046875,761.8099975585938,761.4299926757812,761.6300048828125
2026-09-09 12:30:00-04:00,761.614990234375,762.2349853515625,761.5800170898438,762.0999755859375
2026-09-09 12:35:00-04:00,762.0900268554688,762.27001953125,761.9201049804688,762.25
2026-09-09 12:40:00-04:00,762.239990234375,762.4600219726562,762.1099853515625,762.4600219726562
2026-09-09 12:45:00-04:00,762.4600219726562,762.530029296875,762.1900024414062,762.469970703125
2026-09-09 12:50:00-04:00,762.47998046875,762.8599853515625,762.469970703125,762.6400146484375
2026-09-09 12:55:00-04:00,762.6300048828125,762.77001953125,762.510009765625,762.5659790039062
2026-09-09 13:00:00-04:00,762.5750122070312,763.02001953125,762.3720092773438,762.4000244140625
2026-09-09 13:05:00-04:00,762.39990234375,762.77001953125,762.3900146484375,762.5900268554688
2026-09-09 13:10:00-04:00,762.5800170898438,763.219970703125,762.5499877929688,763.1500244140625
2026-09-09 13:15:00-04:00,763.1500244140625,763.2899780273438,762.8599853515625,762.8701171875
2026-09-09 13:20:00-04:00,762.8699951171875,763.1900024414062,762.780029296875,763.1900024414062
2026-09-09 13:25:00-04:00,763.1900024414062,763.2100219726562,762.8599853515625,762.9199829101562
2026-09-09 13:30:00-04:00,762.9299926757812,763.0499877929688,762.7000122070312,762.8200073242188
2026-09-09 13:35:00-04:00,762.7899780273438,762.8900146484375,762.3800048828125,762.4400024414062
2026-09-09 13:40:00-04:00,762.4500122070312,762.969970703125,762.4400024414062,762.9000244140625
2026-09-09 13:45:00-04:00,762.9099731445312,763.1599731445312,762.8800048828125,763.0700073242188
2026-09-09 13:50:00-04:00,763.0700073242188,763.3200073242188,762.9299926757812,763.27001953125
2026-09-09 13:55:00-04:00,763.260009765625,763.3150024414062,763.02001953125,763.0250244140625
2026-09-09 14:00:00-04:00,763.02001953125,763.1699829101562,762.97998046875,763.10498046875
2026-09-09 14:05:00-04:00,763.094970703125,763.1099853515625,762.719970703125,762.75
2026-09-09 14:10:00-04:00,762.760009765625,762.7899780273438,762.4000244140625,762.4000244140625
2026-09-09 14:15:00-04:00,762.3900146484375,762.6799926757812,762.280029296875,762.5599975585938
2026-09-09 14:20:00-04:00,762.5700073242188,763.02001953125,762.5700073242188,762.9600219726562
2026-09-09 14:25:00-04:00,762.9500122070312,763.0399780273438,762.72998046875,762.8400268554688
2026-09-09 14:30:00-04:00,762.844970703125,762.9000244140625,762.5900268554688,762.780029296875
2026-09-09 14:35:00-04:00,762.77001953125,763.0296020507812,762.719970703125,763.0
2026-09-09 14:40:00-04:00,763.0150146484375,763.2999877929688,763.0,763.1900024414062
2026-09-09 14:45:00-04:00,763.1799926757812,763.2100219726562,762.9600219726562,763.010009765625
2026-09-09 14:50:00-04:00,763.02001953125,763.355224609375,763.010009765625,763.27001953125
2026-09-09 14:55:00-04:00,763.260009765625,763.3900146484375,762.8800048828125,762.9000244140625
2026-09-09 15:00:00-04:00,762.9199829101562,763.0800170898438,762.6400146484375,762.6900024414062
2026-09-09 15:05:00-04:00,762.6900024414062,763.1300048828125,762.6519775390625,763.0900268554688
2026-09-09 15:10:00-04:00,763.0800170898438,763.1400146484375,762.9600219726562,762.9600219726562
2026-09-09 15:15:00-04:00,762.967529296875,763.3400268554688,762.9600219726562,763.27001953125
2026-09-09 15:20:00-04:00,763.2799072265625,763.3300170898438,763.0999755859375,763.219970703125
2026-09-09 15:25:00-04:00,763.219970703125,763.4097290039062,763.0900268554688,763.0999755859375
2026-09-09 15:30:00-04:00,763.0999755859375,763.2100219726562,762.9099731445312,763.02001953125
2026-09-09 15:35:00-04:00,763.02001953125,763.0999755859375,762.77001953125,762.780029296875
2026-09-09 15:40:00-04:00,762.77001953125,762.8400268554688,762.60498046875,762.7999877929688
2026-09-09 15:45:00-04:00,762.8099975585938,762.9249877929688,762.6300048828125,762.8300170898438
2026-09-09 15:50:00-04:00,762.8400268554688,762.8400268554688,762.2000122070312,762.4249877929688
2026-09-09 15:55:00-04:00,762.4299926757812,762.510009765625,762.0999755859375,762.3900146484375
2026-09-10 09:30:00-04:00,758.030029296875,758.4000244140625,757.6099853515625,757.760009765625
2026-09-10 09:35:00-04:00,757.7999877929688,758.5549926757812,757.5499877929688,758.4299926757812
2026-09-10 09:40:00-04:00,758.4199829101562,758.739990234375,758.0700073242188,758.1400146484375
2026-09-10 09:45:00-04:00,758.135009765625,758.97998046875,758.0999755859375,758.64501953125
2026-09-10 09:50:00-04:00,758.6400146484375,758.8599853515625,757.260986328125,757.3200073242188
2026-09-10 09:55:00-04:00,757.3499755859375,757.3599853515625,756.7022094726562,756.780029296875
2026-09-10 10:00:00-04:00,756.7520141601562,757.77001953125,756.739990234375,757.280029296875
2026-09-10 10:05:00-04:00,757.2899780273438,757.3900146484375,756.6400146484375,756.82470703125
2026-09-10 10:10:00-04:00,756.8350219726562,757.7750244140625,756.75,757.4199829101562
2026-09-10 10:15:00-04:00,757.39501953125,758.0800170898438,757.1500244140625,758.02001953125
2026-09-10 10:20:00-04:00,758.02001953125,760.1099853515625,757.9500122070312,759.4124145507812
2026-09-10 10:25:00-04:00,759.3800048828125,759.875,758.5599975585938,758.7100219726562
2026-09-10 10:30:00-04:00,758.7150268554688,759.22998046875,758.64501953125,758.8900146484375
2026-09-10 10:35:00-04:00,758.875,759.5999755859375,758.875,759.2999877929688
2026-09-10 10:40:00-04:00,759.2999877929688,759.4000244140625,758.6699829101562,758.844970703125
2026-09-10 10:45:00-04:00,758.8300170898438,759.0399780273438,758.4304809570312,758.7999877929688
2026-09-10 10:50:00-04:00,758.7899780273438,759.1799926757812,758.5,759.1599731445312
2026-09-10 10:55:00-04:00,759.1799926757812,759.5,758.8800048828125,759.3994750976562
2026-09-10 11:00:00-04:00,759.4000244140625,759.4199829101562,758.5499877929688,758.8599853515625
2026-09-10 11:05:00-04:00,758.8497924804688,759.4349975585938,758.8497924804688,759.0
2026-09-10 11:10:00-04:00,758.989990234375,759.469970703125,758.9299926757812,759.0599975585938
2026-09-10 11:15:00-04:00,759.0499877929688,759.239990234375,758.8704833984375,759.094970703125
2026-09-10 11:20:00-04:00,759.0900268554688,759.3400268554688,758.6300048828125,759.302490234375
2026-09-10 11:25:00-04:00,759.3099975585938,759.5599975585938,759.1400146484375,759.1849975585938
2026-09-10 11:30:00-04:00,759.1900024414062,759.5800170898438,759.02001953125,759.4500122070312
2026-09-10 11:35:00-04:00,759.4575805664062,759.969970703125,759.0599975585938,759.2100219726562
2026-09-10 11:40:00-04:00,759.239990234375,759.4600219726562,759.0800170898438,759.4000244140625
2026-09-10 11:45:00-04:00,759.4299926757812,759.5150146484375,758.760009765625,759.1489868164062
2026-09-10 11:50:00-04:00,759.1099853515625,759.3300170898438,758.6099853515625,758.6099853515625
2026-09-10 11:55:00-04:00,758.5999755859375,758.6950073242188,758.219970703125,758.5399780273438
2026-09-10 12:00:00-04:00,758.5499877929688,759.0791015625,758.4500122070312,758.5399780273438
2026-09-10 12:05:00-04:00,758.5499877929688,758.6400146484375,758.0700073242188,758.094970703125
2026-09-10 12:10:00-04:00,758.0800170898438,758.3400268554688,757.8300170898438,758.094970703125
2026-09-10 12:15:00-04:00,758.0999755859375,758.4349975585938,757.9000244140625,758.030029296875
2026-09-10 12:20:00-04:00,758.0499877929688,758.2899780273438,758.010009765625,758.0499877929688
2026-09-10 12:25:00-04:00,758.030029296875,758.0999755859375,757.7899780273438,758.0850219726562
2026-09-10 12:30:00-04:00,758.0800170898438,758.4099731445312,757.52001953125,757.52001953125
2026-09-10 12:35:00-04:00,757.530029296875,758.25,757.260009765625,758.1901245117188
2026-09-10 12:40:00-04:00,758.1900024414062,758.8900146484375,758.1199951171875,758.8099975585938
2026-09-10 12:45:00-04:00,758.8300170898438,759.3300170898438,758.7999877929688,758.7999877929688
2026-09-10 12:50:00-04:00,758.8400268554688,759.1799926757812,758.7000122070312,759.1599731445312
2026-09-10 12:55:00-04:00,759.155029296875,759.344970703125,759.0499877929688,759.2050170898438
2026-09-10 13:00:00-04:00,759.2000122070312,759.8499755859375,758.7899780273438,759.0250244140625
2026-09-10 13:05:00-04:00,759.0401000976562,759.27001953125,758.8499755859375,758.969970703125
2026-09-10 13:10:00-04:00,758.9500122070312,759.4400024414062,758.9450073242188,759.02001953125
2026-09-10 13:15:00-04:00,759.010009765625,759.1998901367188,758.8599853515625,758.9949951171875
2026-09-10 13:20:00-04:00,758.989990234375,759.0999755859375,758.6099853515625,758.6799926757812
2026-09-10 13:25:00-04:00,758.6599731445312,758.7150268554688,758.510009765625,758.5900268554688
2026-09-10 13:30:00-04:00,758.5800170898438,758.77001953125,758.3499755859375,758.5999755859375
2026-09-10 13:35:00-04:00,758.5599975585938,758.77001953125,758.0399780273438,758.0800170898438
2026-09-10 13:40:00-04:00,758.0549926757812,758.4600219726562,758.030029296875,758.4450073242188
2026-09-10 13:45:00-04:00,758.4500122070312,758.489990234375,758.1900024414062,758.260009765625
2026-09-10 13:50:00-04:00,758.239990234375,758.5399780273438,758.1799926757812,758.4000244140625
2026-09-10 13:55:00-04:00,758.3800048828125,758.5250244140625,758.2100219726562,758.27001953125
2026-09-10 14:00:00-04:00,758.27001953125,758.5599975585938,757.8300170898438,757.9550170898438
2026-09-10 14:05:00-04:00,757.9400024414062,758.1699829101562,757.6602172851562,757.739990234375
2026-09-10 14:10:00-04:00,757.719970703125,757.909912109375,757.47998046875,757.6900024414062
2026-09-10 14:15:00-04:00,757.6799926757812,757.75,757.469970703125,757.6799926757812
2026-09-10 14:20:00-04:00,757.6900024414062,758.0399780273438,757.6900024414062,757.7999877929688
2026-09-10 14:25:00-04:00,757.8099975585938,757.9199829101562,757.5900268554688,757.6900024414062
2026-09-10 14:30:00-04:00,757.6699829101562,757.7000122070312,757.2598876953125,757.6099853515625
2026-09-10 14:35:00-04:00,757.6199951171875,757.8679809570312,757.47998046875,757.8400268554688
2026-09-10 14:40:00-04:00,757.8499755859375,757.9099731445312,757.6849975585938,757.8150024414062
2026-09-10 14:45:00-04:00,757.7999877929688,758.0900268554688,757.4099731445312,757.77001953125
2026-09-10 14:50:00-04:00,757.75,758.3900146484375,757.5499877929688,757.9650268554688
2026-09-10 14:55:00-04:00,757.9650268554688,758.119873046875,757.6699829101562,757.7750244140625
2026-09-10 15:00:00-04:00,757.7750244140625,757.7750244140625,757.3099975585938,757.3350219726562
2026-09-10 15:05:00-04:00,757.3309936523438,758.030029296875,757.3099975585938,758.0
2026-09-10 15:10:00-04:00,757.9600219726562,757.9600219726562,757.530029296875,757.8099975585938
2026-09-10 15:15:00-04:00,757.8099975585938,757.9600219726562,757.3699951171875,757.5499877929688
2026-09-10 15:20:00-04:00,757.52001953125,757.7150268554688,757.3599853515625,757.6799926757812
2026-09-10 15:25:00-04:00,757.6799926757812,757.7899780273438,757.510009765625,757.614990234375
2026-09-10 15:30:00-04:00,757.6099853515625,758.0,757.4400024414062,757.9498901367188
2026-09-10 15:35:00-04:00,757.9299926757812,758.1300048828125,757.6500244140625,758.010009765625
2026-09-10 15:40:00-04:00,757.989990234375,758.2750244140625,757.97998046875,758.02001953125
2026-09-10 15:45:00-04:00,758.030029296875,758.219970703125,757.77001953125,758.0999755859375
2026-09-10 15:50:00-04:00,758.0800170898438,758.2899780273438,757.6099853515625,757.8499755859375
2026-09-10 15:55:00-04:00,757.8699951171875,758.030029296875,757.6300048828125,757.8800048828125
2026-09-11 09:30:00-04:00,764.719970703125,765.8599853515625,764.2249755859375,765.77001953125
2026-09-11 09:35:00-04:00,765.760009765625,765.989990234375,765.3800048828125,765.5599975585938
2026-09-11 09:40:00-04:00,765.5599975585938,765.8099975585938,764.6699829101562,765.4600219726562
2026-09-11 09:45:00-04:00,765.47998046875,765.9299926757812,764.7999877929688,764.969970703125
2026-09-11 09:50:00-04:00,764.989990234375,765.2899169921875,764.7000122070312,765.1300048828125
2026-09-11 09:55:00-04:00,765.1300048828125,766.3800048828125,765.0250244140625,766.3099975585938
2026-09-11 10:00:00-04:00,766.3099975585938,766.3300170898438,765.3800048828125,765.4500122070312
2026-09-11 10:05:00-04:00,765.4500122070312,765.5999755859375,764.9400024414062,765.4099731445312
2026-09-11 10:10:00-04:00,765.4099731445312,765.6900024414062,764.780029296875,764.9000244140625
2026-09-11 10:15:00-04:00,764.9000244140625,765.75,764.6300048828125,765.719970703125
2026-09-11 10:20:00-04:00,765.719970703125,766.0250244140625,765.5800170898438,765.760009765625
2026-09-11 10:25:00-04:00,765.760009765625,766.0999755859375,765.5700073242188,765.72998046875
2026-09-11 10:30:00-04:00,765.75,765.780029296875,764.6900024414062,764.72998046875
2026-09-11 10:35:00-04:00,764.72998046875,764.72998046875,764.0399780273438,764.2999877929688
2026-09-11 10:40:00-04:00,764.2999877929688,764.739990234375,763.8800048828125,764.0499877929688
2026-09-11 10:45:00-04:00,764.0399780273438,764.7999877929688,763.5999755859375,764.6900024414062
2026-09-11 10:50:00-04:00,764.7150268554688,764.8499755859375,764.0,764.0700073242188
2026-09-11 10:55:00-04:00,764.0750122070312,764.2100219726562,763.7000122070312,763.969970703125
2026-09-11 11:00:00-04:00,763.9537963867188,764.6680297851562,763.8099975585938,764.6680297851562
2026-09-11 11:05:00-04:00,764.6500244140625,765.25,764.6033935546875,764.9000244140625
2026-09-11 11:10:00-04:00,764.9099731445312,764.9600219726562,764.1199951171875,764.6099853515625
2026-09-11 11:15:00-04:00,764.6099853515625,765.5499877929688,764.6099853515625,765.4000244140625
2026-09-11 11:20:00-04:00,765.3900146484375,765.8900146484375,765.3400268554688,765.8350219726562
2026-09-11 11:25:00-04:00,765.8699951171875,766.239990234375,765.6849975585938,766.0
2026-09-11 11:30:00-04:00,765.97998046875,766.1900024414062,765.760009765625,765.9000244140625
2026-09-11 11:35:00-04:00,765.8900146484375,766.0499877929688,765.6199951171875,765.9500122070312
2026-09-11 11:40:00-04:00,765.9401245117188,766.27001953125,765.8599853515625,766.1199951171875
2026-09-11 11:45:00-04:00,766.1199951171875,766.1400146484375,765.760009765625,765.8800048828125
2026-09-11 11:50:00-04:00,765.8798828125,765.9600219726562,765.4249877929688,765.52099609375
2026-09-11 11:55:00-04:00,765.5399780273438,765.8049926757812,765.3820190429688,765.7100219726562
2026-09-11 12:00:00-04:00,765.719970703125,766.2000122070312,765.719970703125,766.1400756835938
2026-09-11 12:05:00-04:00,766.1400146484375,766.1799926757812,765.739990234375,765.9000244140625
2026-09-11 12:10:00-04:00,765.9099731445312,765.989990234375,765.530029296875,765.5800170898438
2026-09-11 12:15:00-04:00,765.5850219726562,765.6500244140625,765.4000244140625,765.489990234375
2026-09-11 12:20:00-04:00,765.52001953125,765.5999755859375,765.260009765625,765.3599853515625
2026-09-11 12:25:00-04:00,765.3599853515625,765.5999755859375,764.8699951171875,764.9199829101562
2026-09-11 12:30:00-04:00,764.9400024414062,765.760009765625,764.8099975585938,765.580078125
2026-09-11 12:35:00-04:00,765.5800170898438,765.5900268554688,764.9099731445312,764.9500122070312
2026-09-11 12:40:00-04:00,764.9400024414062,765.47998046875,764.8499755859375,765.4500122070312
2026-09-11 12:45:00-04:00,765.4400024414062,765.60498046875,765.2999877929688,765.3099975585938
2026-09-11 12:50:00-04:00,765.3250122070312,765.5499877929688,765.2705078125,765.4199829101562
2026-09-11 12:55:00-04:00,765.4099731445312,765.6699829101562,765.3800048828125,765.6199951171875
2026-09-11 13:00:00-04:00,765.6400146484375,765.8499755859375,765.5499877929688,765.6300048828125
2026-09-11 13:05:00-04:00,765.6400146484375,766.0800170898438,765.5999755859375,765.739990234375
2026-09-11 13:10:00-04:00,765.7349853515625,765.8699951171875,765.510009765625,765.5582885742188
2026-09-11 13:15:00-04:00,765.5599975585938,765.9201049804688,765.5599975585938,765.9199829101562
2026-09-11 13:20:00-04:00,765.9199829101562,766.25,765.8699951171875,766.239501953125
2026-09-11 13:25:00-04:00,766.22998046875,766.3300170898438,765.9099731445312,765.9949951171875
2026-09-11 13:30:00-04:00,765.9949951171875,766.260009765625,765.9149780273438,765.9794921875
2026-09-11 13:35:00-04:00,765.97998046875,766.0499877929688,765.780029296875,765.8099975585938
2026-09-11 13:40:00-04:00,765.8099975585938,766.0,765.7899780273438,765.8599853515625
2026-09-11 13:45:00-04:00,765.8599853515625,765.9400024414062,765.719970703125,765.905029296875
2026-09-11 13:50:00-04:00,765.9099731445312,765.97998046875,765.8200073242188,765.8499755859375
2026-09-11 13:55:00-04:00,765.8599853515625,765.8800048828125,765.6400146484375,765.739990234375
2026-09-11 14:00:00-04:00,765.739990234375,765.969970703125,765.6900024414062,765.8599853515625
2026-09-11 14:05:00-04:00,765.8499755859375,765.8499755859375,765.5994873046875,765.7000122070312
2026-09-11 14:10:00-04:00,765.7000122070312,765.72998046875,765.5084838867188,765.5700073242188
2026-09-11 14:15:00-04:00,765.5599975585938,765.7249755859375,765.530029296875,765.5800170898438
2026-09-11 14:20:00-04:00,765.5900268554688,765.60498046875,765.1400146484375,765.3400268554688
2026-09-11 14:25:00-04:00,765.3699951171875,765.5399780273438,765.1950073242188,765.4099731445312
2026-09-11 14:30:00-04:00,765.4199829101562,765.5800170898438,765.1500244140625,765.4450073242188
2026-09-11 14:35:00-04:00,765.4600219726562,765.5599975585938,765.25,765.2999877929688
2026-09-11 14:40:00-04:00,765.2999877929688,765.4099731445312,765.0974731445312,765.1500244140625
2026-09-11 14:45:00-04:00,765.1500244140625,765.3200073242188,764.9600219726562,765.0399780273438
2026-09-11 14:50:00-04:00,765.0399780273438,765.1699829101562,765.030029296875,765.0599975585938
2026-09-11 14:55:00-04:00,765.0399780273438,765.260009765625,764.9400024414062,765.0250244140625
2026-09-11 15:00:00-04:00,765.0399780273438,765.1900024414062,765.0,765.1400146484375
2026-09-11 15:05:00-04:00,765.1300048828125,765.1400146484375,764.719970703125,764.760009765625
2026-09-11 15:10:00-04:00,764.75,764.9199829101562,764.5499877929688,764.9000244140625
2026-09-11 15:15:00-04:00,764.9000244140625,765.0999755859375,764.8800048828125,764.989990234375
2026-09-11 15:20:00-04:00,765.0,765.219970703125,764.9000244140625,765.2000122070312
2026-09-11 15:25:00-04:00,765.2000122070312,765.2999877929688,765.010009765625,765.02001953125
2026-09-11 15:30:00-04:00,765.0250244140625,765.1300048828125,764.9000244140625,764.97998046875
2026-09-11 15:35:00-04:00,764.97998046875,765.030029296875,764.8699951171875,764.9349975585938
2026-09-11 15:40:00-04:00,764.9299926757812,765.0499877929688,764.8800048828125,765.010009765625
2026-09-11 15:45:00-04:00,765.010009765625,765.0399780273438,764.719970703125,764.75
2026-09-11 15:50:00-04:00,764.739990234375,764.8200073242188,764.4199829101562,764.6599731445312
2026-09-11 15:55:00-04:00,764.6599731445312,764.7000122070312,764.0399780273438,764.1799926757812
2026-09-14 09:30:00-04:00,759.0,759.2100219726562,758.5800170898438,758.6849975585938
2026-09-14 09:35:00-04:00,758.6849975585938,758.89990234375,758.4542236328125,758.5700073242188
2026-09-14 09:40:00-04:00,758.5800170898438,759.52001953125,758.469970703125,759.4099731445312
2026-09-14 09:45:00-04:00,759.4299926757812,760.5599975585938,759.4299926757812,760.2899780273438
2026-09-14 09:50:00-04:00,760.280029296875,760.5900268554688,760.0700073242188,760.1699829101562
2026-09-14 09:55:00-04:00,760.1799926757812,760.239990234375,759.760009765625,759.9949951171875
2026-09-14 10:00:00-04:00,759.9863891601562,760.5900268554688,759.9099731445312,760.4600219726562
2026-09-14 10:05:00-04:00,760.4613037109375,761.114990234375,760.3200073242188,760.8699951171875
2026-09-14 10:10:00-04:00,760.8699951171875,761.010009765625,760.4199829101562,760.4400024414062
2026-09-14 10:15:00-04:00,760.4600219726562,760.6500244140625,759.77001953125,759.8400268554688
2026-09-14 10:20:00-04:00,759.8499755859375,759.8499755859375,758.8099975585938,758.8200073242188
2026-09-14 10:25:00-04:00,758.8200073242188,758.8699951171875,758.22998046875,758.8400268554688
2026-09-14 10:30:00-04:00,758.8250122070312,759.135009765625,758.530029296875,759.0999755859375
2026-09-14 10:35:00-04:00,759.0999755859375,759.0999755859375,758.2999877929688,758.5
2026-09-14 10:40:00-04:00,758.47998046875,758.6799926757812,758.1199951171875,758.6799926757812
2026-09-14 10:45:00-04:00,758.6799926757812,759.030029296875,758.4600219726562,758.6199951171875
2026-09-14 10:50:00-04:00,758.639892578125,758.655029296875,758.1099853515625,758.219970703125
2026-09-14 10:55:00-04:00,758.219970703125,758.5900268554688,757.9299926757812,758.5700073242188
2026-09-14 11:00:00-04:00,758.5900268554688,758.60498046875,758.1500244140625,758.1799926757812
2026-09-14 11:05:00-04:00,758.1799926757812,759.8800048828125,758.1699829101562,759.1099853515625
2026-09-14 11:10:00-04:00,759.1300048828125,759.2100219726562,758.6300048828125,758.630126953125
2026-09-14 11:15:00-04:00,758.6199951171875,759.1799926757812,758.52001953125,759.0701293945312
2026-09-14 11:20:00-04:00,759.0900268554688,759.5800170898438,758.989990234375,759.5449829101562
2026-09-14 11:25:00-04:00,759.5399780273438,759.8952026367188,759.3200073242188,759.594970703125
2026-09-14 11:30:00-04:00,759.5499877929688,760.8900146484375,759.4500122070312,760.8049926757812
2026-09-14 11:35:00-04:00,760.8070068359375,761.239990234375,760.4500122070312,761.2000122070312
2026-09-14 11:40:00-04:00,761.219970703125,762.22998046875,760.969970703125,762.0900268554688
2026-09-14 11:45:00-04:00,762.0999755859375,762.1500244140625,761.469970703125,761.47998046875
2026-09-14 11:50:00-04:00,761.469970703125,761.8900146484375,761.2899780273438,761.8300170898438
2026-09-14 11:55:00-04:00,761.8300170898438,762.030029296875,761.6799926757812,761.75
2026-09-14 12:00:00-04:00,761.77001953125,761.9099731445312,761.3300170898438,761.3300170898438
2026-09-14 12:05:00-04:00,761.3200073242188,761.52001953125,761.2100219726562,761.4000244140625
2026-09-14 12:10:00-04:00,761.4000244140625,761.6699829101562,761.3599853515625,761.4674072265625
2026-09-14 12:15:00-04:00,761.469970703125,762.4500122070312,761.469970703125,762.3499755859375
2026-09-14 12:20:00-04:00,762.3499755859375,762.5999755859375,762.02001953125,762.4000244140625
2026-09-14 12:25:00-04:00,762.4099731445312,762.4600219726562,761.8800048828125,762.02001953125
2026-09-14 12:30:00-04:00,762.010009765625,762.4500122070312,761.9500122070312,761.9500122070312
2026-09-14 12:35:00-04:00,761.969970703125,762.1300048828125,761.8300170898438,762.0499877929688
2026-09-14 12:40:00-04:00,762.0499877929688,762.3099975585938,761.9199829101562,762.3099975585938
2026-09-14 12:45:00-04:00,762.3200073242188,763.5,762.0499877929688,763.263916015625
2026-09-14 12:50:00-04:00,763.280029296875,763.52001953125,763.02001953125,763.0599975585938
2026-09-14 12:55:00-04:00,763.0599975585938,763.1099853515625,762.5700073242188,762.9000244140625
2026-09-14 13:00:00-04:00,762.9000244140625,763.0599975585938,762.530029296875,762.6599731445312
2026-09-14 13:05:00-04:00,762.6699829101562,762.8099975585938,762.3400268554688,762.4500122070312
2026-09-14 13:10:00-04:00,762.4550170898438,762.8599853515625,762.1799926757812,762.1799926757812
2026-09-14 13:15:00-04:00,762.1807250976562,762.27001953125,761.9039916992188,762.0499877929688
2026-09-14 13:20:00-04:00,762.0700073242188,762.4199829101562,762.0399780273438,762.2899780273438
2026-09-14 13:25:00-04:00,762.3200073242188,762.719970703125,762.1900024414062,762.6799926757812
2026-09-14 13:30:00-04:00,762.7150268554688,762.8300170898438,762.489990234375,762.6400146484375
2026-09-14 13:35:00-04:00,762.6500244140625,762.8699951171875,762.510009765625,762.8099975585938
2026-09-14 13:40:00-04:00,762.8300170898438,762.8345947265625,762.5399780273438,762.5999755859375
2026-09-14 13:45:00-04:00,762.6500244140625,762.8499755859375,762.5499877929688,762.6300048828125
2026-09-14 13:50:00-04:00,762.6400146484375,762.869873046875,762.5750122070312,762.7899780273438
2026-09-14 13:55:00-04:00,762.780029296875,762.8499755859375,762.3400268554688,762.3499755859375
2026-09-14 14:00:00-04:00,762.35498046875,762.8300170898438,762.2100219726562,762.25
2026-09-14 14:05:00-04:00,762.260009765625,762.5880126953125,762.125,762.4299926757812
2026-09-14 14:10:00-04:00,762.4299926757812,762.4500122070312,762.1599731445312,762.3400268554688
2026-09-14 14:15:00-04:00,762.3499755859375,762.47998046875,762.1849975585938,762.280029296875
2026-09-14 14:20:00-04:00,762.27001953125,762.3300170898438,762.0999755859375,762.1170043945312
2026-09-14 14:25:00-04:00,762.1300048828125,762.1900024414062,761.91748046875,762.0108032226562
2026-09-14 14:30:00-04:00,762.0399780273438,762.3499755859375,761.969970703125,762.219970703125
2026-09-14 14:35:00-04:00,762.219970703125,762.469970703125,762.1900024414062,762.3499755859375
2026-09-14 14:40:00-04:00,762.3200073242188,762.52001953125,762.25,762.3499755859375
2026-09-14 14:45:00-04:00,762.3499755859375,762.7000122070312,762.1099853515625,762.5
2026-09-14 14:50:00-04:00,762.5,762.5399780273438,762.2899780273438,762.3200073242188
2026-09-14 14:55:00-04:00,762.3099975585938,762.469970703125,762.0900268554688,762.1279907226562
2026-09-14 15:00:00-04:00,762.1400146484375,762.2100219726562,761.8400268554688,761.9299926757812
2026-09-14 15:05:00-04:00,761.9400024414062,761.97998046875,761.6099853515625,761.8300170898438
2026-09-14 15:10:00-04:00,761.8499755859375,762.0900268554688,761.8200073242188,762.030029296875
2026-09-14 15:15:00-04:00,762.0250244140625,762.0250244140625,761.77001953125,761.873779296875
2026-09-14 15:20:00-04:00,761.8599853515625,761.9299926757812,761.6489868164062,761.8099975585938
2026-09-14 15:25:00-04:00,761.7899780273438,761.8599853515625,761.6900024414062,761.7249755859375
2026-09-14 15:30:00-04:00,761.7249755859375,761.9299926757812,761.6599731445312,761.6900024414062
2026-09-14 15:35:00-04:00,761.7000122070312,761.739990234375,761.5499877929688,761.5999755859375
2026-09-14 15:40:00-04:00,761.60498046875,761.719970703125,761.5399780273438,761.5999755859375
2026-09-14 15:45:00-04:00,761.5902099609375,761.8300170898438,761.5499877929688,761.7100219726562
2026-09-14 15:50:00-04:00,761.7150268554688,761.8200073242188,761.114990234375,761.25
2026-09-14 15:55:00-04:00,761.25,761.3400268554688,760.6599731445312,760.77001953125
2026-09-15 09:30:00-04:00,760.1170043945312,760.3400268554688,758.72998046875,758.9199829101562
2026-09-15 09:35:00-04:00,758.9199829101562,759.8699951171875,758.9199829101562,759.8099975585938
2026-09-15 09:40:00-04:00,759.7999877929688,760.02001953125,759.4000244140625,759.9500122070312
2026-09-15 09:45:00-04:00,759.9500122070312,760.1900024414062,759.219970703125,759.3499755859375
2026-09-15 09:50:00-04:00,759.3499755859375,759.77001953125,759.1799926757812,759.6799926757812
2026-09-15 09:55:00-04:00,759.6599731445312,759.7000122070312,759.364990234375,759.5499877929688
2026-09-15 10:00:00-04:00,759.5405883789062,759.5405883789062,758.8300170898438,758.8300170898438
2026-09-15 10:05:00-04:00,758.8104858398438,759.0700073242188,758.4832763671875,758.510009765625
2026-09-15 10:10:00-04:00,758.5,758.5170288085938,757.8800048828125,757.969970703125
2026-09-15 10:15:00-04:00,757.969970703125,758.4299926757812,757.9299926757812,758.2100219726562
2026-09-15 10:20:00-04:00,758.219970703125,758.3400268554688,757.1799926757812,757.6599731445312
2026-09-15 10:25:00-04:00,757.6500244140625,757.739990234375,757.469970703125,757.47998046875
2026-09-15 10:30:00-04:00,757.469970703125,757.6500244140625,757.0800170898438,757.3499755859375
2026-09-15 10:35:00-04:00,757.3400268554688,757.6099853515625,757.0499877929688,757.1400146484375
2026-09-15 10:40:00-04:00,757.1400146484375,757.239990234375,756.8800048828125,757.2000122070312
2026-09-15 10:45:00-04:00,757.1900024414062,757.3800048828125,756.9099731445312,756.9099731445312
2026-09-15 10:50:00-04:00,756.8900146484375,757.02001953125,756.1500244140625,756.5599975585938
2026-09-15 10:55:00-04:00,756.5599975585938,756.8599853515625,756.3502807617188,756.4400024414062
2026-09-15 11:00:00-04:00,756.4500122070312,757.1900024414062,756.4349975585938,757.1900024414062
2026-09-15 11:05:00-04:00,757.1900024414062,757.27001953125,756.7999877929688,756.8699951171875
2026-09-15 11:10:00-04:00,756.864990234375,757.0499877929688,756.7000122070312,756.97998046875
2026-09-15 11:15:00-04:00,756.969970703125,757.3599853515625,756.8099975585938,757.25
2026-09-15 11:20:00-04:00,757.25,757.5,756.9827880859375,757.448974609375
2026-09-15 11:25:00-04:00,757.4500122070312,757.489990234375,757.1900024414062,757.47998046875
2026-09-15 11:30:00-04:00,757.47998046875,757.5549926757812,756.9299926757812,757.3099975585938
2026-09-15 11:35:00-04:00,757.3300170898438,757.510009765625,757.1599731445312,757.2899780273438
2026-09-15 11:40:00-04:00,757.3049926757812,757.75,757.2999877929688,757.52001953125
2026-09-15 11:45:00-04:00,757.52001953125,757.5700073242188,756.926025390625,757.0
2026-09-15 11:50:00-04:00,756.9749755859375,757.5900268554688,756.9749755859375,757.1099853515625
2026-09-15 11:55:00-04:00,757.1300048828125,757.7000122070312,756.97998046875,757.114990234375
2026-09-15 12:00:00-04:00,757.114990234375,757.35498046875,757.0123291015625,757.3300170898438
2026-09-15 12:05:00-04:00,757.291015625,757.3099975585938,756.6300048828125,756.739990234375
2026-09-15 12:10:00-04:00,756.739990234375,756.8499755859375,756.6699829101562,756.780029296875
2026-09-15 12:15:00-04:00,756.77001953125,757.0900268554688,756.7100219726562,757.0800170898438
2026-09-15 12:20:00-04:00,757.0800170898438,757.6900024414062,757.0599975585938,757.655029296875
2026-09-15 12:25:00-04:00,757.6599731445312,757.8699951171875,757.47998046875,757.5750122070312
2026-09-15 12:30:00-04:00,757.5800170898438,757.8200073242188,757.3200073242188,757.6699829101562
2026-09-15 12:35:00-04:00,757.6699829101562,757.72998046875,757.4600219726562,757.5499877929688
2026-09-15 12:40:00-04:00,757.5499877929688,757.6799926757812,757.4600219726562,757.6099853515625
2026-09-15 12:45:00-04:00,757.60498046875,757.72998046875,757.3200073242188,757.4600219726562
2026-09-15 12:50:00-04:00,757.4500122070312,758.010009765625,757.4199829101562,757.9749755859375
2026-09-15 12:55:00-04:00,757.97998046875,758.0599975585938,757.5599975585938,757.739990234375
2026-09-15 13:00:00-04:00,757.739990234375,757.8499755859375,757.1799926757812,757.1799926757812
2026-09-15 13:05:00-04:00,757.1699829101562,757.4500122070312,757.0499877929688,757.22998046875
2026-09-15 13:10:00-04:00,757.1900024414062,757.530029296875,757.0800170898438,757.0850219726562
2026-09-15 13:15:00-04:00,757.0850219726562,757.1199951171875,756.8599853515625,757.0
2026-09-15 13:20:00-04:00,756.989990234375,757.0599975585938,756.6500244140625,756.6500244140625
2026-09-15 13:25:00-04:00,756.655029296875,756.9199829101562,756.5999755859375,756.8800048828125
2026-09-15 13:30:00-04:00,756.8599853515625,757.1900024414062,756.8150024414062,757.0
2026-09-15 13:35:00-04:00,757.010009765625,757.1699829101562,756.9299926757812,757.0999755859375
2026-09-15 13:40:00-04:00,757.1099853515625,757.25,756.9000244140625,757.1300048828125
2026-09-15 13:45:00-04:00,757.1500244140625,757.27001953125,756.9299926757812,756.969970703125
2026-09-15 13:50:00-04:00,756.9650268554688,757.27001953125,756.9500122070312,757.27001953125
2026-09-15 13:55:00-04:00,757.27001953125,757.4000244140625,757.1400146484375,757.27001953125
2026-09-15 14:00:00-04:00,757.280029296875,757.5198974609375,757.1400146484375,757.4749755859375
2026-09-15 14:05:00-04:00,757.5050048828125,757.6900024414062,757.4099731445312,757.6699829101562
2026-09-15 14:10:00-04:00,757.6900024414062,757.9349975585938,757.5650024414062,757.7650146484375
2026-09-15 14:15:00-04:00,757.7750244140625,757.8300170898438,757.47998046875,757.5567016601562
2026-09-15 14:20:00-04:00,757.5700073242188,757.6517944335938,757.4199829101562,757.4799194335938
2026-09-15 14:25:00-04:00,757.47998046875,757.6900024414062,757.3599853515625,757.6699829101562
2026-09-15 14:30:00-04:00,757.6599731445312,757.6599731445312,757.1300048828125,757.219970703125
2026-09-15 14:35:00-04:00,757.2050170898438,757.3200073242188,757.1599731445312,757.260009765625
2026-09-15 14:40:00-04:00,757.260009765625,757.6199951171875,757.1300048828125,757.1900024414062
2026-09-15 14:45:00-04:00,757.2100219726562,757.2150268554688,756.739990234375,756.844970703125
2026-09-15 14:50:00-04:00,756.844970703125,757.1500244140625,756.8400268554688,757.0900268554688
2026-09-15 14:55:00-04:00,757.0850219726562,757.489990234375,757.0399780273438,757.489990234375
2026-09-15 15:00:00-04:00,757.469970703125,757.6199951171875,757.27001953125,757.3397216796875
2026-09-15 15:05:00-04:00,757.3350219726562,757.4000244140625,757.219970703125,757.3300170898438
2026-09-15 15:10:00-04:00,757.3300170898438,757.3690185546875,757.0800170898438,757.1699829101562
2026-09-15 15:15:00-04:00,757.1500244140625,757.2899780273438,757.0800170898438,757.2100219726562
2026-09-15 15:20:00-04:00,757.205078125,757.22998046875,757.0399780273438,757.0999755859375
2026-09-15 15:25:00-04:00,757.1099853515625,757.1400146484375,756.9400024414062,756.9849853515625
2026-09-15 15:30:00-04:00,756.97998046875,757.0700073242188,756.8900146484375,756.9199829101562
2026-09-15 15:35:00-04:00,756.9199829101562,756.9249877929688,756.5700073242188,756.6599731445312
2026-09-15 15:40:00-04:00,756.6599731445312,756.8049926757812,756.510009765625,756.7150268554688
2026-09-15 15:45:00-04:00,756.7100219726562,757.0,756.6199951171875,756.9600830078125
2026-09-15 15:50:00-04:00,756.9600219726562,757.0399780273438,756.5399780273438,756.9849853515625
2026-09-15 15:55:00-04:00,756.97998046875,757.4600219726562,756.8300170898438,757.4199829101562
2026-09-16 09:30:00-04:00,759.5399780273438,759.6649780273438,759.1400146484375,759.2100219726562
2026-09-16 09:35:00-04:00,759.2100219726562,759.489990234375,758.75,758.8099975585938
2026-09-16 09:40:00-04:00,758.8200073242188,759.139892578125,758.7230224609375,758.7999877929688
2026-09-16 09:45:00-04:00,758.8099975585938,759.9290161132812,758.739990234375,759.8900146484375
2026-09-16 09:50:00-04:00,759.8900146484375,760.4299926757812,759.8499755859375,760.2371215820312
2026-09-16 09:55:00-04:00,760.2210083007812,760.4000244140625,759.969970703125,760.2000122070312
2026-09-16 10:00:00-04:00,760.22998046875,760.4199829101562,759.6300048828125,759.6799926757812
2026-09-16 10:05:00-04:00,759.6799926757812,759.8400268554688,759.3402709960938,759.7000122070312
2026-09-16 10:10:00-04:00,759.6900024414062,759.780029296875,759.0999755859375,759.5499877929688
2026-09-16 10:15:00-04:00,759.541015625,759.7213745117188,759.22998046875,759.280029296875
2026-09-16 10:20:00-04:00,759.280029296875,759.3499755859375,758.9299926757812,758.9600219726562
2026-09-16 10:25:00-04:00,758.9533081054688,759.02001953125,758.760009765625,758.9600219726562
2026-09-16 10:30:00-04:00,758.9738159179688,759.219970703125,758.7999877929688,759.1500244140625
2026-09-16 10:35:00-04:00,759.1500244140625,759.4957275390625,758.9199829101562,759.3699951171875
2026-09-16 10:40:00-04:00,759.3699951171875,759.8599853515625,759.3400268554688,759.8400268554688
2026-09-16 10:45:00-04:00,759.8400268554688,759.9500122070312,759.5999755859375,759.6199951171875
2026-09-16 10:50:00-04:00,759.6199951171875,759.8800048828125,759.5900268554688,759.6799926757812
2026-09-16 10:55:00-04:00,759.6900024414062,760.25,759.6799926757812,760.2100219726562
2026-09-16 11:00:00-04:00,760.2150268554688,760.6099853515625,760.1599731445312,760.530029296875
2026-09-16 11:05:00-04:00,760.5150146484375,761.030029296875,760.27001953125,760.9099731445312
2026-09-16 11:10:00-04:00,760.9099731445312,761.0,760.4805297851562,760.7401123046875
2026-09-16 11:15:00-04:00,760.75,760.7899780273438,760.3699951171875,760.60498046875
2026-09-16 11:20:00-04:00,760.5999755859375,760.6300048828125,760.4000244140625,760.5399780273438
2026-09-16 11:25:00-04:00,760.5399780273438,760.8300170898438,760.2899780273438,760.340087890625
2026-09-16 11:30:00-04:00,760.3699951171875,760.469970703125,760.010009765625,760.130126953125
2026-09-16 11:35:00-04:00,760.1699829101562,760.5601196289062,760.1599731445312,760.3900146484375
2026-09-16 11:40:00-04:00,760.4000244140625,760.5999755859375,760.3200073242188,760.5650024414062
2026-09-16 11:45:00-04:00,760.5599975585938,761.6699829101562,760.489990234375,761.0499877929688
2026-09-16 11:50:00-04:00,761.0599975585938,761.0999755859375,760.6799926757812,760.7899780273438
2026-09-16 11:55:00-04:00,760.780029296875,760.8599853515625,760.6500244140625,760.6900024414062
2026-09-16 12:00:00-04:00,760.6900024414062,760.739990234375,760.3300170898438,760.3300170898438
2026-09-16 12:05:00-04:00,760.3300170898438,760.510009765625,760.2800903320312,760.47998046875
2026-09-16 12:10:00-04:00,760.4840087890625,760.52001953125,760.1699829101562,760.3699951171875
2026-09-16 12:15:00-04:00,760.3972778320312,760.4749755859375,760.280029296875,760.3300170898438
2026-09-16 12:20:00-04:00,760.3200073242188,760.3200073242188,759.9400024414062,759.97998046875
2026-09-16 12:25:00-04:00,760.0,760.1799926757812,759.8599853515625,760.1400146484375
2026-09-16 12:30:00-04:00,760.1300048828125,760.219970703125,759.6699829101562,759.6900024414062
2026-09-16 12:35:00-04:00,759.7000122070312,759.9400024414062,759.7000122070312,759.8900146484375
2026-09-16 12:40:00-04:00,759.8900146484375,760.030029296875,759.8300170898438,759.9030151367188
2026-09-16 12:45:00-04:00,759.9199829101562,760.1900024414062,759.9199829101562,760.0999755859375
2026-09-16 12:50:00-04:00,760.0900268554688,760.1500244140625,759.72998046875,759.8900146484375
2026-09-16 12:55:00-04:00,759.8905029296875,760.010009765625,759.77001953125,759.77001953125
2026-09-16 13:00:00-04:00,759.7750244140625,759.7899780273438,759.260009765625,759.409912109375
2026-09-16 13:05:00-04:00,759.4099731445312,759.5900268554688,759.3909912109375,759.5700073242188
2026-09-16 13:10:00-04:00,759.5700073242188,759.8099975585938,759.4299926757812,759.7349853515625
2026-09-16 13:15:00-04:00,759.72998046875,759.8400268554688,759.6699829101562,759.760009765625
2026-09-16 13:20:00-04:00,759.7550048828125,759.9199829101562,759.5399780273438,759.635009765625
2026-09-16 13:25:00-04:00,759.6400146484375,759.9400024414062,759.6345825195312,759.9299926757812
2026-09-16 13:30:00-04:00,759.9349975585938,760.0599975585938,759.6599731445312,759.7899780273438
2026-09-16 13:35:00-04:00,759.7999877929688,759.8900146484375,759.6300048828125,759.6300048828125
2026-09-16 13:40:00-04:00,759.6300048828125,759.6400146484375,759.3099975585938,759.3400268554688
2026-09-16 13:45:00-04:00,759.3400268554688,759.760009765625,759.3400268554688,759.5700073242188
2026-09-16 13:50:00-04:00,759.5700073242188,759.8599853515625,759.5,759.7899780273438
2026-09-16 13:55:00-04:00,759.780029296875,760.280029296875,759.6599731445312,760.280029296875
2026-09-16 14:00:00-04:00,760.1815795898438,760.9788818359375,758.77001953125,760.2100219726562
2026-09-16 14:05:00-04:00,760.219970703125,761.2249755859375,760.1300048828125,760.667724609375
2026-09-16 14:10:00-04:00,760.6599731445312,760.847900390625,759.8099975585938,759.969970703125
2026-09-16 14:15:00-04:00,759.9500122070312,760.3599853515625,759.6599731445312,759.9400024414062
2026-09-16 14:20:00-04:00,759.9400024414062,760.2999877929688,759.6099853515625,759.8499755859375
2026-09-16 14:25:00-04:00,759.844970703125,759.9849853515625,758.7849731445312,759.6799926757812
2026-09-16 14:30:00-04:00,759.6400146484375,759.8900146484375,757.5399780273438,757.6500244140625
2026-09-16 14:35:00-04:00,757.6400146484375,758.030029296875,756.0499877929688,757.8900756835938
2026-09-16 14:40:00-04:00,757.8900146484375,760.2100219726562,757.7999877929688,759.0
2026-09-16 14:45:00-04:00,758.989990234375,759.5499877929688,757.4299926757812,757.5599975585938
2026-09-16 14:50:00-04:00,757.5850219726562,757.8300170898438,755.0999755859375,755.1400146484375
2026-09-16 14:55:00-04:00,755.1599731445312,755.760009765625,753.75,753.8900146484375
2026-09-16 15:00:00-04:00,753.9000244140625,755.3599853515625,753.7349853515625,754.7550048828125
2026-09-16 15:05:00-04:00,754.7451782226562,754.77001953125,752.97998046875,753.1950073242188
2026-09-16 15:10:00-04:00,753.2000122070312,753.3400268554688,751.1400146484375,751.3099975585938
2026-09-16 15:15:00-04:00,751.3200073242188,752.1199951171875,750.489990234375,750.9450073242188
2026-09-16 15:20:00-04:00,750.9500122070312,751.3400268554688,750.1300048828125,750.6799926757812
2026-09-16 15:25:00-04:00,750.6900024414062,751.3099975585938,749.5999755859375,751.260009765625
2026-09-16 15:30:00-04:00,751.239990234375,752.6199951171875,751.1099853515625,752.5650024414062
2026-09-16 15:35:00-04:00,752.5599975585938,752.6500244140625,751.469970703125,752.4249877929688
2026-09-16 15:40:00-04:00,752.4299926757812,752.8200073242188,751.7750244140625,752.0900268554688
2026-09-16 15:45:00-04:00,752.0900268554688,753.6500244140625,752.0399780273438,753.4600219726562
2026-09-16 15:50:00-04:00,753.489990234375,754.22998046875,753.3499755859375,754.0850219726562
2026-09-16 15:55:00-04:00,754.0599975585938,754.3699951171875,753.75,754.0700073242188
2026-09-17 09:30:00-04:00,763.1500244140625,763.4099731445312,761.3699951171875,761.3699951171875
2026-09-17 09:35:00-04:00,761.3699951171875,761.5499877929688,761.010009765625,761.125
2026-09-17 09:40:00-04:00,761.125,761.25,760.4000244140625,760.9299926757812
2026-09-17 09:45:00-04:00,760.9400024414062,761.47998046875,760.72998046875,761.3900146484375
2026-09-17 09:50:00-04:00,761.3900146484375,761.9000244140625,761.0,761.0399780273438
2026-09-17 09:55:00-04:00,761.0599975585938,761.2694702148438,760.760009765625,761.25
2026-09-17 10:00:00-04:00,761.25,761.25,760.280029296875,760.6099853515625
2026-09-17 10:05:00-04:00,760.6199951171875,760.64990234375,759.9600219726562,760.25
2026-09-17 10:10:00-04:00,760.219970703125,761.1900024414062,760.0999755859375,761.1400146484375
2026-09-17 10:15:00-04:00,761.1500244140625,761.47998046875,761.0399780273438,761.47998046875
2026-09-17 10:20:00-04:00,761.47998046875,762.0399780273438,761.2650146484375,761.9075927734375
2026-09-17 10:25:00-04:00,761.969970703125,762.27001953125,761.6400146484375,761.6749877929688
2026-09-17 10:30:00-04:00,761.6699829101562,762.0399780273438,761.5499877929688,762.0
2026-09-17 10:35:00-04:00,762.0,762.0599975585938,761.6599731445312,761.6699829101562
2026-09-17 10:40:00-04:00,761.6799926757812,762.219970703125,761.6500244140625,761.889892578125
2026-09-17 10:45:00-04:00,761.8900146484375,761.9299926757812,761.0700073242188,761.260009765625
2026-09-17 10:50:00-04:00,761.25,761.280029296875,760.530029296875,760.6099853515625
2026-09-17 10:55:00-04:00,760.6182861328125,761.1099853515625,760.4400024414062,760.7849731445312
2026-09-17 11:00:00-04:00,760.7899780273438,761.0,760.5800170898438,760.6199951171875
2026-09-17 11:05:00-04:00,760.6199951171875,760.8699951171875,760.3599853515625,760.760009765625
2026-09-17 11:10:00-04:00,760.760009765625,761.239990234375,760.6500244140625,761.1400146484375
2026-09-17 11:15:00-04:00,761.1500244140625,761.5,760.9299926757812,761.4400024414062
2026-09-17 11:20:00-04:00,761.4500122070312,761.4600219726562,761.0700073242188,761.2899780273438
2026-09-17 11:25:00-04:00,761.2899780273438,761.72998046875,761.2849731445312,761.5700073242188
2026-09-17 11:30:00-04:00,761.5700073242188,761.7899780273438,761.4849853515625,761.719970703125
2026-09-17 11:35:00-04:00,761.75,762.0399780273438,761.7000122070312,762.0198974609375
2026-09-17 11:40:00-04:00,762.010009765625,762.52001953125,762.0,762.260009765625
2026-09-17 11:45:00-04:00,762.2650146484375,762.4199829101562,762.1900024414062,762.3300170898438
2026-09-17 11:50:00-04:00,762.3699951171875,762.4561767578125,762.0900268554688,762.3800048828125
2026-09-17 11:55:00-04:00,762.3900146484375,762.5599975585938,762.0700073242188,762.5399780273438
2026-09-17 12:00:00-04:00,762.5499877929688,762.6199951171875,762.3400268554688,762.3416748046875
2026-09-17 12:05:00-04:00,762.3400268554688,762.530029296875,762.0549926757812,762.47998046875
2026-09-17 12:10:00-04:00,762.47998046875,762.510009765625,762.1500244140625,762.2999877929688
2026-09-17 12:15:00-04:00,762.2999877929688,762.4099731445312,762.2000122070312,762.3099975585938
2026-09-17 12:20:00-04:00,762.2999877929688,762.5800170898438,762.22998046875,762.489990234375
2026-09-17 12:25:00-04:00,762.47998046875,762.6300048828125,762.4000244140625,762.530029296875
2026-09-17 12:30:00-04:00,762.510009765625,762.6524047851562,761.97998046875,762.0900268554688
2026-09-17 12:35:00-04:00,762.0999755859375,762.2999877929688,762.010009765625,762.2000122070312
2026-09-17 12:40:00-04:00,762.1900024414062,762.6199951171875,762.0999755859375,762.614990234375
2026-09-17 12:45:00-04:00,762.6400146484375,762.6599731445312,762.4099731445312,762.4400024414062
2026-09-17 12:50:00-04:00,762.4550170898438,762.5499877929688,762.3800048828125,762.4099731445312
2026-09-17 12:55:00-04:00,762.3900146484375,762.4600219726562,761.6099853515625,762.4550170898438
2026-09-17 13:00:00-04:00,762.4550170898438,762.739990234375,762.3101196289062,762.6400146484375
2026-09-17 13:05:00-04:00,762.6500244140625,762.7999267578125,762.3599853515625,762.3900146484375
2026-09-17 13:10:00-04:00,762.3900146484375,762.4299926757812,762.1799926757812,762.22998046875
2026-09-17 13:15:00-04:00,762.2449951171875,762.3400268554688,762.1099853515625,762.1799926757812
2026-09-17 13:20:00-04:00,762.1799926757812,762.239990234375,761.8699951171875,761.9199829101562
2026-09-17 13:25:00-04:00,761.9099731445312,762.0999755859375,761.8150024414062,762.0349731445312
2026-09-17 13:30:00-04:00,762.0599975585938,762.3150024414062,761.9000244140625,762.3150024414062
2026-09-17 13:35:00-04:00,762.3099975585938,762.3800048828125,762.1649780273438,762.219970703125
2026-09-17 13:40:00-04:00,762.239990234375,762.469970703125,762.239990234375,762.4299926757812
2026-09-17 13:45:00-04:00,762.4299926757812,762.6400146484375,762.3800048828125,762.4600219726562
2026-09-17 13:50:00-04:00,762.4450073242188,762.4500122070312,762.2849731445312,762.375
2026-09-17 13:55:00-04:00,762.375,762.6389770507812,762.375,762.6300048828125
2026-09-17 14:00:00-04:00,762.6199951171875,762.8099975585938,762.530029296875,762.7609252929688
2026-09-17 14:05:00-04:00,762.760009765625,762.8499755859375,762.4299926757812,762.52001953125
2026-09-17 14:10:00-04:00,762.5150146484375,762.7999877929688,762.4598999023438,762.719970703125
2026-09-17 14:15:00-04:00,762.739990234375,762.9500122070312,762.6199951171875,762.8699951171875
2026-09-17 14:20:00-04:00,762.8699951171875,762.9199829101562,762.5399780273438,762.5900268554688
2026-09-17 14:25:00-04:00,762.5800170898438,762.8099975585938,762.510009765625,762.72998046875
2026-09-17 14:30:00-04:00,762.72998046875,762.8499755859375,762.469970703125,762.47998046875
2026-09-17 14:35:00-04:00,762.47998046875,762.510009765625,762.1699829101562,762.2100219726562
2026-09-17 14:40:00-04:00,762.2050170898438,762.390380859375,762.1400146484375,762.3499755859375
2026-09-17 14:45:00-04:00,762.3599853515625,762.6500244140625,762.2899780273438,762.4650268554688
2026-09-17 14:50:00-04:00,762.4650268554688,762.52001953125,762.1900024414062,762.3200073242188
2026-09-17 14:55:00-04:00,762.3104858398438,762.47998046875,762.25,762.4400024414062
2026-09-17 15:00:00-04:00,762.4450073242188,762.8699951171875,762.4400024414062,762.8699951171875
2026-09-17 15:05:00-04:00,762.8499755859375,763.0599975585938,762.75,762.7849731445312
2026-09-17 15:10:00-04:00,762.7849731445312,762.9000244140625,762.719970703125,762.77001953125
2026-09-17 15:15:00-04:00,762.760009765625,762.9400024414062,762.6699829101562,762.9000244140625
2026-09-17 15:20:00-04:00,762.905029296875,762.9099731445312,762.6099853515625,762.6199951171875
2026-09-17 15:25:00-04:00,762.6199951171875,762.780029296875,762.5499877929688,762.6099243164062
2026-09-17 15:30:00-04:00,762.5999755859375,762.9400024414062,762.5900268554688,762.8300170898438
2026-09-17 15:35:00-04:00,762.8400268554688,763.0800170898438,762.8200073242188,762.989990234375
2026-09-17 15:40:00-04:00,762.97998046875,763.1699829101562,762.75,763.1199951171875
2026-09-17 15:45:00-04:00,763.1099853515625,763.1300048828125,762.77001953125,762.8099975585938
2026-09-17 15:50:00-04:00,762.8200073242188,763.5700073242188,762.7741088867188,763.1300048828125
2026-09-17 15:55:00-04:00,763.1400146484375,763.27001953125,762.4299926757812,762.6799926757812
2026-09-18 09:30:00-04:00,761.3099975585938,761.760009765625,760.9500122070312,761.0800170898438
2026-09-18 09:35:00-04:00,761.0800170898438,761.1799926757812,760.5800170898438,760.9100952148438
2026-09-18 09:40:00-04:00,760.9000244140625,761.4199829101562,760.75,760.9199829101562
2026-09-18 09:45:00-04:00,760.9199829101562,761.1500244140625,760.4600219726562,760.5
2026-09-18 09:50:00-04:00,760.47998046875,760.5399780273438,759.9000244140625,759.9249877929688
2026-09-18 09:55:00-04:00,759.9249877929688,760.1199951171875,759.5599975585938,759.7100219726562
2026-09-18 10:00:00-04:00,759.7100219726562,759.9349975585938,758.9600219726562,759.0999755859375
2026-09-18 10:05:00-04:00,759.0800170898438,759.4400024414062,758.8499755859375,759.4246215820312
2026-09-18 10:10:00-04:00,759.4299926757812,759.9099731445312,759.1799926757812,759.2100219726562
2026-09-18 10:15:00-04:00,759.219970703125,759.3699951171875,758.75,759.3693237304688
2026-09-18 10:20:00-04:00,759.3499755859375,759.6199951171875,759.1099853515625,759.1599731445312
2026-09-18 10:25:00-04:00,759.1699829101562,759.64501953125,759.0800170898438,759.3399047851562
2026-09-18 10:30:00-04:00,759.3200073242188,759.4400024414062,759.0700073242188,759.2249755859375
2026-09-18 10:35:00-04:00,759.25,759.760009765625,758.97998046875,759.4949951171875
2026-09-18 10:40:00-04:00,759.489990234375,759.52001953125,758.8499755859375,758.989990234375
2026-09-18 10:45:00-04:00,759.0,759.52001953125,758.8699951171875,759.4299926757812
2026-09-18 10:50:00-04:00,759.4600219726562,759.9600219726562,759.3200073242188,759.8200073242188
2026-09-18 10:55:00-04:00,759.8400268554688,759.9500122070312,759.6199951171875,759.9299926757812
2026-09-18 11:00:00-04:00,759.9500122070312,760.0,759.4199829101562,759.6799926757812
2026-09-18 11:05:00-04:00,759.6799926757812,760.0408935546875,759.6300048828125,759.75
2026-09-18 11:10:00-04:00,759.760009765625,759.9500122070312,759.5,759.5599975585938
2026-09-18 11:15:00-04:00,759.5800170898438,759.7999877929688,759.4500122070312,759.780029296875
2026-09-18 11:20:00-04:00,759.760009765625,759.875,759.6400146484375,759.8099975585938
2026-09-18 11:25:00-04:00,759.7999877929688,760.0598754882812,759.77001953125,759.97998046875
2026-09-18 11:30:00-04:00,759.969970703125,760.0700073242188,759.5,759.780029296875
2026-09-18 11:35:00-04:00,759.780029296875,759.8900146484375,759.22998046875,759.2899780273438
2026-09-18 11:40:00-04:00,759.27001953125,759.3900146484375,759.10498046875,759.2949829101562
2026-09-18 11:45:00-04:00,759.2999877929688,759.3900146484375,759.0900268554688,759.1400146484375
2026-09-18 11:50:00-04:00,759.1400146484375,759.3300170898438,758.9000244140625,758.9450073242188
2026-09-18 11:55:00-04:00,758.9600219726562,759.2000122070312,758.8499755859375,759.0
2026-09-18 12:00:00-04:00,758.989990234375,759.010009765625,758.6799926757812,758.8400268554688
2026-09-18 12:05:00-04:00,758.8400268554688,759.2276000976562,758.7899780273438,759.14501953125
2026-09-18 12:10:00-04:00,759.1500244140625,759.2000122070312,758.9500122070312,759.010009765625
2026-09-18 12:15:00-04:00,759.030029296875,759.1738891601562,758.8800048828125,759.0900268554688
2026-09-18 12:20:00-04:00,759.0900268554688,759.0999755859375,758.2100219726562,758.2698974609375
2026-09-18 12:25:00-04:00,758.25,758.9149780273438,757.9710083007812,758.780029296875
2026-09-18 12:30:00-04:00,758.760009765625,759.2999877929688,758.5700073242188,759.1099853515625
2026-09-18 12:35:00-04:00,759.1500244140625,759.25,758.8200073242188,758.9600219726562
2026-09-18 12:40:00-04:00,758.969970703125,759.27001953125,758.8405151367188,759.0900268554688
2026-09-18 12:45:00-04:00,759.0900268554688,759.1900024414062,758.780029296875,759.1699829101562
2026-09-18 12:50:00-04:00,759.1599731445312,759.52001953125,759.1500244140625,759.469970703125
2026-09-18 12:55:00-04:00,759.4600219726562,759.5449829101562,759.3200073242188,759.3994750976562
2026-09-18 13:00:00-04:00,759.39501953125,759.4500122070312,759.1799926757812,759.3699951171875
2026-09-18 13:05:00-04:00,759.3599853515625,759.530029296875,759.260009765625,759.3099975585938
2026-09-18 13:10:00-04:00,759.3200073242188,759.330078125,759.0250244140625,759.3099975585938
2026-09-18 13:15:00-04:00,759.3099975585938,759.47998046875,759.260009765625,759.3499755859375
2026-09-18 13:20:00-04:00,759.3699951171875,759.509521484375,759.27001953125,759.509521484375
2026-09-18 13:25:00-04:00,759.489990234375,759.5798950195312,759.3699951171875,759.4000244140625
2026-09-18 13:30:00-04:00,759.405029296875,759.4600219726562,759.22998046875,759.4299926757812
2026-09-18 13:35:00-04:00,759.4500122070312,759.75,759.4299926757812,759.7100219726562
2026-09-18 13:40:00-04:00,759.697998046875,759.780029296875,759.5601196289062,759.760986328125
2026-09-18 13:45:00-04:00,759.780029296875,759.7999877929688,759.6199951171875,759.6500244140625
2026-09-18 13:50:00-04:00,759.6500244140625,759.8599853515625,759.6500244140625,759.7949829101562
2026-09-18 13:55:00-04:00,759.7899780273438,759.9000244140625,759.719970703125,759.8300170898438
2026-09-18 14:00:00-04:00,759.8300170898438,759.9650268554688,759.6799926757812,759.8909301757812
2026-09-18 14:05:00-04:00,759.89501953125,759.9600219726562,759.739990234375,759.780029296875
2026-09-18 14:10:00-04:00,759.7899780273438,759.8900146484375,759.6599731445312,759.8131713867188
2026-09-18 14:15:00-04:00,759.8099975585938,760.0999755859375,759.7899780273438,760.0999145507812
2026-09-18 14:20:00-04:00,760.0905151367188,760.6099853515625,760.0800170898438,760.3250122070312
2026-09-18 14:25:00-04:00,760.3250122070312,760.469970703125,760.2105712890625,760.469970703125
2026-09-18 14:30:00-04:00,760.47998046875,760.510009765625,760.260009765625,760.510009765625
2026-09-18 14:35:00-04:00,760.510986328125,760.530029296875,760.2338256835938,760.3599853515625
2026-09-18 14:40:00-04:00,760.3599853515625,760.5449829101562,760.2849731445312,760.5361938476562
2026-09-18 14:45:00-04:00,760.5499877929688,761.4799194335938,760.5449829101562,761.27001953125
2026-09-18 14:50:00-04:00,761.2899780273438,761.8300170898438,761.1900024414062,761.4849853515625
2026-09-18 14:55:00-04:00,761.4874877929688,761.5,761.1699829101562,761.260009765625
2026-09-18 15:00:00-04:00,761.260009765625,761.4400024414062,761.0999755859375,761.3300170898438
2026-09-18 15:05:00-04:00,761.3300170898438,761.469970703125,761.0900268554688,761.2150268554688
2026-09-18 15:10:00-04:00,761.219970703125,761.3900146484375,761.0599975585938,761.1849975585938
2026-09-18 15:15:00-04:00,761.1900024414062,761.2349853515625,761.0200805664062,761.1699829101562
2026-09-18 15:20:00-04:00,761.1699829101562,761.27001953125,761.0197143554688,761.0800170898438
2026-09-18 15:25:00-04:00,761.0800170898438,761.1300048828125,760.8350219726562,760.8599853515625
2026-09-18 15:30:00-04:00,760.8699951171875,760.9199829101562,760.6900024414062,760.7000122070312
2026-09-18 15:35:00-04:00,760.7100219726562,761.219970703125,760.6799926757812,761.1699829101562
2026-09-18 15:40:00-04:00,761.1749877929688,761.4400024414062,761.041015625,761.4299926757812
2026-09-18 15:45:00-04:00,761.4249877929688,761.6599731445312,761.2999877929688,761.6500244140625
2026-09-18 15:50:00-04:00,761.6400146484375,761.7899780273438,761.1799926757812,761.4099731445312
2026-09-18 15:55:00-04:00,761.4099731445312,762.0,761.3900146484375,761.6300048828125
2026-09-21 09:30:00-04:00,766.2509765625,766.6500244140625,766.030029296875,766.4349975585938
2026-09-21 09:35:00-04:00,766.4299926757812,766.72998046875,766.3599853515625,766.6649780273438
2026-09-21 09:40:00-04:00,766.6599731445312,766.85498046875,766.47998046875,766.85498046875
2026-09-21 09:45:00-04:00,766.8599853515625,767.1500244140625,766.8200073242188,767.02001953125
2026-09-21 09:50:00-04:00,767.0001220703125,767.5599975585938,766.969970703125,767.52001953125
2026-09-21 09:55:00-04:00,767.530029296875,767.719970703125,767.27001953125,767.6900024414062
2026-09-21 10:00:00-04:00,767.6849975585938,767.8099975585938,767.4400024414062,767.47998046875
2026-09-21 10:05:00-04:00,767.489990234375,767.510009765625,767.0449829101562,767.3699951171875
2026-09-21 10:10:00-04:00,767.385009765625,767.9199829101562,767.3800048828125,767.7899780273438
2026-09-21 10:15:00-04:00,767.7899780273438,768.4849853515625,767.7899780273438,768.4199829101562
2026-09-21 10:20:00-04:00,768.4299926757812,769.1483154296875,768.27001953125,769.030029296875
2026-09-21 10:25:00-04:00,769.030029296875,769.2899780273438,768.9400024414062,769.0333251953125
2026-09-21 10:30:00-04:00,769.0150146484375,769.3599853515625,768.8800048828125,769.1699829101562
2026-09-21 10:35:00-04:00,769.1599731445312,769.5499877929688,769.1400146484375,769.27001953125
2026-09-21 10:40:00-04:00,769.280029296875,769.52001953125,768.8800048828125,768.989990234375
2026-09-21 10:45:00-04:00,768.989990234375,769.3099975585938,768.72998046875,768.9949951171875
2026-09-21 10:50:00-04:00,768.989990234375,769.219970703125,768.8699951171875,769.1699829101562
2026-09-21 10:55:00-04:00,769.1900024414062,769.4400024414062,768.989990234375,769.219970703125
2026-09-21 11:00:00-04:00,769.219970703125,769.5399780273438,769.114990234375,769.530029296875
2026-09-21 11:05:00-04:00,769.530029296875,769.6300048828125,769.3499755859375,769.5499877929688
2026-09-21 11:10:00-04:00,769.5599975585938,769.8200073242188,769.3900146484375,769.7999877929688
2026-09-21 11:15:00-04:00,769.8099975585938,770.1799926757812,769.8099975585938,770.1500244140625
2026-09-21 11:20:00-04:00,770.1500244140625,770.1699829101562,769.8900146484375,769.9349975585938
2026-09-21 11:25:00-04:00,769.9299926757812,770.0800170898438,769.8200073242188,769.8599853515625
2026-09-21 11:30:00-04:00,769.8699951171875,770.030029296875,769.8099975585938,769.86376953125
2026-09-21 11:35:00-04:00,769.8800048828125,770.5599975585938,769.8699951171875,770.489990234375
2026-09-21 11:40:00-04:00,770.5,770.719970703125,770.3499755859375,770.7100219726562
2026-09-21 11:45:00-04:00,770.719970703125,771.1900024414062,770.719970703125,770.9650268554688
2026-09-21 11:50:00-04:00,770.9600219726562,771.3599853515625,770.6699829101562,770.6900024414062
2026-09-21 11:55:00-04:00,770.6900024414062,770.7899780273438,770.530029296875,770.739990234375
2026-09-21 12:00:00-04:00,770.7349853515625,771.0999755859375,770.5189819335938,771.0449829101562
2026-09-21 12:05:00-04:00,771.0499877929688,771.7100219726562,770.869873046875,771.65087890625
2026-09-21 12:10:00-04:00,771.6599731445312,771.8499755859375,771.4299926757812,771.5499877929688
2026-09-21 12:15:00-04:00,771.5700073242188,771.7999877929688,771.4199829101562,771.5999755859375
2026-09-21 12:20:00-04:00,771.6099243164062,771.719970703125,771.4498901367188,771.655029296875
2026-09-21 12:25:00-04:00,771.6599731445312,772.0399780273438,771.6099853515625,771.8200073242188
2026-09-21 12:30:00-04:00,771.8400268554688,772.6500244140625,771.8099975585938,772.4099731445312
2026-09-21 12:35:00-04:00,772.4199829101562,772.5399780273438,771.880126953125,771.8900146484375
2026-09-21 12:40:00-04:00,771.9000244140625,772.1599731445312,771.7999877929688,772.0
2026-09-21 12:45:00-04:00,772.0,772.3300170898438,772.0,772.22998046875
2026-09-21 12:50:00-04:00,772.25,772.3400268554688,771.97998046875,772.155029296875
2026-09-21 12:55:00-04:00,772.1599731445312,772.3400268554688,772.0499877929688,772.3200073242188
2026-09-21 13:00:00-04:00,772.3400268554688,772.5,772.1900024414062,772.2650146484375
2026-09-21 13:05:00-04:00,772.27001953125,772.52001953125,772.27001953125,772.3800048828125
2026-09-21 13:10:00-04:00,772.3900146484375,772.9000244140625,772.35498046875,772.8200073242188
2026-09-21 13:15:00-04:00,772.8099975585938,772.969970703125,772.6199951171875,772.8400268554688
2026-09-21 13:20:00-04:00,772.85498046875,772.97998046875,772.52001953125,772.5900268554688
2026-09-21 13:25:00-04:00,772.5999755859375,772.8049926757812,772.4199829101562,772.8049926757812
2026-09-21 13:30:00-04:00,772.8200073242188,772.8400268554688,772.3200073242188,772.364990234375
2026-09-21 13:35:00-04:00,772.3699951171875,772.5399780273438,772.25,772.2849731445312
2026-09-21 13:40:00-04:00,772.2899780273438,772.9099731445312,772.239990234375,772.8699951171875
2026-09-21 13:45:00-04:00,772.8800048828125,773.1699829101562,772.719970703125,772.7899780273438
2026-09-21 13:50:00-04:00,772.7899780273438,773.0399780273438,772.75,772.9400024414062
2026-09-21 13:55:00-04:00,772.9400024414062,772.969970703125,772.7349853515625,772.89501953125
2026-09-21 14:00:00-04:00,772.9000244140625,773.2000122070312,772.9000244140625,773.1799926757812
2026-09-21 14:05:00-04:00,773.2000122070312,773.3599853515625,773.131103515625,773.1799926757812
2026-09-21 14:10:00-04:00,773.1799926757812,773.4000244140625,773.0900268554688,773.27001953125
2026-09-21 14:15:00-04:00,773.280029296875,773.4199829101562,773.1599731445312,773.3300170898438
2026-09-21 14:20:00-04:00,773.3300170898438,773.844970703125,773.2899780273438,773.8200073242188
2026-09-21 14:25:00-04:00,773.82470703125,773.989990234375,773.719970703125,773.85498046875
2026-09-21 14:30:00-04:00,773.8599853515625,773.97998046875,773.5850219726562,773.719970703125
2026-09-21 14:35:00-04:00,773.72998046875,773.9400024414062,773.5999755859375,773.9099731445312
2026-09-21 14:40:00-04:00,773.9099731445312,774.1400146484375,773.8599853515625,774.1199951171875
2026-09-21 14:45:00-04:00,774.1300048828125,774.3599853515625,774.0650024414062,774.3499755859375
2026-09-21 14:50:00-04:00,774.344970703125,774.6199951171875,774.3099975585938,774.4500122070312
2026-09-21 14:55:00-04:00,774.4600219726562,774.5399780273438,774.1699829101562,774.2949829101562
2026-09-21 15:00:00-04:00,774.2999877929688,774.4849853515625,774.1599731445312,774.1599731445312
2026-09-21 15:05:00-04:00,774.1699829101562,774.2100219726562,773.97998046875,774.2000122070312
2026-09-21 15:10:00-04:00,774.2000122070312,774.4650268554688,773.9600219726562,774.4600219726562
2026-09-21 15:15:00-04:00,774.4500122070312,774.4650268554688,774.25,774.3699951171875
2026-09-21 15:20:00-04:00,774.3599853515625,774.3900146484375,774.0800170898438,774.0999755859375
2026-09-21 15:25:00-04:00,774.10498046875,774.3200073242188,774.02001953125,774.0999755859375
2026-09-21 15:30:00-04:00,774.0999755859375,774.5499877929688,774.0599975585938,774.489990234375
2026-09-21 15:35:00-04:00,774.489990234375,774.8900146484375,774.4199829101562,774.77001953125
2026-09-21 15:40:00-04:00,774.77001953125,774.8400268554688,774.2899780273438,774.4500122070312
2026-09-21 15:45:00-04:00,774.4500122070312,774.5499877929688,774.0999755859375,774.219970703125
2026-09-21 15:50:00-04:00,774.2100219726562,774.2100219726562,773.6900024414062,773.7000122070312
2026-09-21 15:55:00-04:00,773.7000122070312,773.9199829101562,773.4099731445312,773.52001953125
2026-09-22 09:30:00-04:00,774.030029296875,775.02001953125,773.8900146484375,774.7999877929688
2026-09-22 09:35:00-04:00,774.8099975585938,775.1400146484375,774.5900268554688,774.9600219726562
2026-09-22 09:40:00-04:00,774.9600219726562,774.9600219726562,774.4000244140625,774.6099853515625
2026-09-22 09:45:00-04:00,774.5999755859375,774.6400146484375,773.8800048828125,774.2999877929688
2026-09-22 09:50:00-04:00,774.2899780273438,774.4299926757812,773.989990234375,774.0800170898438
2026-09-22 09:55:00-04:00,774.0700073242188,774.0999755859375,773.6500244140625,773.8250122070312
2026-09-22 10:00:00-04:00,773.8250122070312,774.239990234375,773.77001953125,774.0601196289062
2026-09-22 10:05:00-04:00,774.0800170898438,774.1699829101562,773.7650146484375,773.780029296875
2026-09-22 10:10:00-04:00,773.7899780273438,774.9099731445312,773.7899780273438,774.3504028320312
2026-09-22 10:15:00-04:00,774.3400268554688,774.4500122070312,773.5499877929688,773.8300170898438
2026-09-22 10:20:00-04:00,773.8206176757812,773.9650268554688,773.5999755859375,773.75
2026-09-22 10:25:00-04:00,773.72998046875,773.8599853515625,773.5,773.5399169921875
2026-09-22 10:30:00-04:00,773.530029296875,774.0599975585938,773.4949951171875,773.72998046875
2026-09-22 10:35:00-04:00,773.72998046875,774.4199829101562,773.27001953125,773.47998046875
2026-09-22 10:40:00-04:00,773.5,773.5599975585938,773.0050048828125,773.27001953125
2026-09-22 10:45:00-04:00,773.27001953125,773.697998046875,772.969970703125,773.6900024414062
2026-09-22 10:50:00-04:00,773.6787109375,773.8699951171875,773.2999877929688,773.5399780273438
2026-09-22 10:55:00-04:00,773.5499877929688,773.739990234375,773.260009765625,773.4099731445312
2026-09-22 11:00:00-04:00,773.3800048828125,773.7000122070312,773.3200073242188,773.5
2026-09-22 11:05:00-04:00,773.510009765625,773.7899780273438,773.33642578125,773.3699951171875
2026-09-22 11:10:00-04:00,773.364990234375,773.5999755859375,773.1799926757812,773.5599975585938
2026-09-22 11:15:00-04:00,773.5615234375,773.7100219726562,773.3900146484375,773.5349731445312
2026-09-22 11:20:00-04:00,773.52001953125,773.6500244140625,773.3900146484375,773.47998046875
2026-09-22 11:25:00-04:00,773.4749755859375,773.7100219726562,773.2899780273438,773.3499755859375
2026-09-22 11:30:00-04:00,773.3400268554688,773.3400268554688,772.9099731445312,772.97998046875
2026-09-22 11:35:00-04:00,772.97998046875,773.010009765625,772.6500244140625,772.7598876953125
2026-09-22 11:40:00-04:00,772.7061157226562,772.9099731445312,772.5700073242188,772.8300170898438
2026-09-22 11:45:00-04:00,772.8300170898438,773.1099853515625,772.75,772.9400024414062
2026-09-22 11:50:00-04:00,772.9000244140625,772.9876708984375,772.7899780273438,772.8200073242188
2026-09-22 11:55:00-04:00,772.8099975585938,773.0499877929688,772.6500244140625,773.0349731445312
2026-09-22 12:00:00-04:00,773.0349731445312,773.2349853515625,772.875,773.030029296875
2026-09-22 12:05:00-04:00,773.02001953125,773.4000244140625,772.8809814453125,773.27001953125
2026-09-22 12:10:00-04:00,773.27001953125,773.3800048828125,773.1799926757812,773.3599853515625
2026-09-22 12:15:00-04:00,773.3790283203125,773.3790283203125,773.030029296875,773.0700073242188
2026-09-22 12:20:00-04:00,773.0645751953125,773.2100219726562,772.72998046875,772.760009765625
2026-09-22 12:25:00-04:00,772.75,772.9400024414062,772.6900024414062,772.9199829101562
2026-09-22 12:30:00-04:00,772.9099731445312,773.25,772.8800048828125,773.219970703125
2026-09-22 12:35:00-04:00,773.2449951171875,773.2449951171875,772.8400268554688,773.030029296875
2026-09-22 12:40:00-04:00,773.030029296875,773.0599975585938,772.7899780273438,773.0499877929688
2026-09-22 12:45:00-04:00,773.0599975585938,773.7100219726562,773.010009765625,773.6500244140625
2026-09-22 12:50:00-04:00,773.6500244140625,773.719970703125,773.4500122070312,773.52001953125
2026-09-22 12:55:00-04:00,773.5275268554688,773.6300048828125,773.3699951171875,773.5800170898438
2026-09-22 13:00:00-04:00,773.5700073242188,773.6400146484375,773.3300170898438,773.3300170898438
2026-09-22 13:05:00-04:00,773.3300170898438,773.6599731445312,773.2550048828125,773.3699951171875
2026-09-22 13:10:00-04:00,773.3800048828125,773.4500122070312,773.22998046875,773.2899780273438
2026-09-22 13:15:00-04:00,773.3099975585938,773.3400268554688,773.1699829101562,773.27001953125
2026-09-22 13:20:00-04:00,773.27001953125,773.27001953125,773.0900268554688,773.1900024414062
2026-09-22 13:25:00-04:00,773.2000122070312,773.5850219726562,773.1599731445312,773.5800170898438
2026-09-22 13:30:00-04:00,773.5499877929688,773.5800170898438,773.3099975585938,773.364990234375
2026-09-22 13:35:00-04:00,773.364990234375,773.4000244140625,773.1799926757812,773.2100219726562
2026-09-22 13:40:00-04:00,773.2000122070312,773.5,773.0999755859375,773.4949951171875
2026-09-22 13:45:00-04:00,773.5,773.5900268554688,773.3499755859375,773.469970703125
2026-09-22 13:50:00-04:00,773.4600219726562,774.3099975585938,773.3599853515625,774.0900268554688
2026-09-22 13:55:00-04:00,774.0999755859375,774.239990234375,773.969970703125,774.1099853515625
2026-09-22 14:00:00-04:00,774.1099853515625,774.1900024414062,773.719970703125,773.9000244140625
2026-09-22 14:05:00-04:00,773.9199829101562,774.1300048828125,773.8699951171875,774.1199951171875
2026-09-22 14:10:00-04:00,774.1099853515625,774.1599731445312,773.8900146484375,773.9500122070312
2026-09-22 14:15:00-04:00,773.9299926757812,774.1099853515625,773.9299926757812,774.0700073242188
2026-09-22 14:20:00-04:00,774.0549926757812,774.4099731445312,774.0399780273438,774.2899780273438
2026-09-22 14:25:00-04:00,774.280029296875,774.3400268554688,774.1199951171875,774.135009765625
2026-09-22 14:30:00-04:00,774.1400146484375,774.25,774.010009765625,774.0399780273438
2026-09-22 14:35:00-04:00,774.0599975585938,774.0800170898438,773.719970703125,773.9000244140625
2026-09-22 14:40:00-04:00,773.9000244140625,774.2000122070312,773.739990234375,774.1199951171875
2026-09-22 14:45:00-04:00,774.1300048828125,774.2100219726562,774.0700073242188,774.1599731445312
2026-09-22 14:50:00-04:00,774.1500244140625,774.1799926757812,774.010009765625,774.0700073242188
2026-09-22 14:55:00-04:00,774.0599975585938,774.0700073242188,773.6799926757812,773.760009765625
2026-09-22 15:00:00-04:00,773.77001953125,773.9400024414062,773.7100219726562,773.9000244140625
2026-09-22 15:05:00-04:00,773.885009765625,774.02001953125,773.8099975585938,773.9000244140625
2026-09-22 15:10:00-04:00,773.9000244140625,774.1099853515625,773.8699951171875,774.0349731445312
2026-09-22 15:15:00-04:00,774.0549926757812,774.280029296875,774.0,774.280029296875
2026-09-22 15:20:00-04:00,774.280029296875,774.3499755859375,774.0999755859375,774.219970703125
2026-09-22 15:25:00-04:00,774.22998046875,774.489990234375,774.2100219726562,774.3900146484375
2026-09-22 15:30:00-04:00,774.3800048828125,774.8800048828125,774.3099975585938,774.8599853515625
2026-09-22 15:35:00-04:00,774.8599853515625,774.9400024414062,774.7000122070312,774.8200073242188
2026-09-22 15:40:00-04:00,774.8300170898438,774.8499755859375,774.25,774.4500122070312
2026-09-22 15:45:00-04:00,774.469970703125,774.75,774.469970703125,774.72998046875
2026-09-22 15:50:00-04:00,774.72998046875,774.9000244140625,774.3499755859375,774.3599853515625
2026-09-22 15:55:00-04:00,774.3599853515625,774.3599853515625,773.2979736328125,773.4400024414062
2026-09-23 09:30:00-04:00,772.7899780273438,773.0499877929688,772.4400024414062,772.4500122070312
2026-09-23 09:35:00-04:00,772.4299926757812,772.4400024414062,772.0399780273438,772.1599731445312
2026-09-23 09:40:00-04:00,772.155029296875,772.25,771.8800048828125,771.9149780273438
2026-09-23 09:45:00-04:00,771.9000244140625,771.969970703125,771.0,771.1199951171875
2026-09-23 09:50:00-04:00,771.1099853515625,771.2999877929688,770.6900024414062,770.739990234375
2026-09-23 09:55:00-04:00,770.739990234375,770.9099731445312,770.4600219726562,770.6799926757812
2026-09-23 10:00:00-04:00,770.6799926757812,771.0399780273438,770.3599853515625,770.469970703125
2026-09-23 10:05:00-04:00,770.489990234375,770.5800170898438,769.9199829101562,770.0
2026-09-23 10:10:00-04:00,770.010009765625,770.0999755859375,769.2799072265625,769.6099853515625
2026-09-23 10:15:00-04:00,769.5999755859375,769.899169921875,769.0800170898438,769.139892578125
2026-09-23 10:20:00-04:00,769.1099853515625,769.3400268554688,768.5,768.8599853515625
2026-09-23 10:25:00-04:00,768.8599853515625,769.02001953125,768.3699951171875,768.8599853515625
2026-09-23 10:30:00-04:00,768.8499755859375,769.5,768.8250122070312,769.4149780273438
2026-09-23 10:35:00-04:00,769.4038696289062,769.8699951171875,768.8599853515625,768.8599853515625
2026-09-23 10:40:00-04:00,768.864990234375,769.3400268554688,768.6799926757812,769.1900024414062
2026-09-23 10:45:00-04:00,769.1699829101562,769.3499755859375,769.0399780273438,769.239990234375
2026-09-23 10:50:00-04:00,769.22998046875,770.5999755859375,768.8577270507812,770.3800048828125
2026-09-23 10:55:00-04:00,770.3699951171875,770.489990234375,769.8499755859375,770.25
2026-09-23 11:00:00-04:00,770.239990234375,770.27001953125,769.5700073242188,769.8275756835938
2026-09-23 11:05:00-04:00,769.8300170898438,770.02001953125,769.5800170898438,769.9299926757812
2026-09-23 11:10:00-04:00,769.9600219726562,770.010009765625,769.5900268554688,769.6400146484375
2026-09-23 11:15:00-04:00,769.6400146484375,769.8250122070312,769.3200073242188,769.6400146484375
2026-09-23 11:20:00-04:00,769.60302734375,769.9600219726562,769.469970703125,769.8800048828125
2026-09-23 11:25:00-04:00,769.875,769.989990234375,768.9450073242188,769.02001953125
2026-09-23 11:30:00-04:00,769.02001953125,769.0999755859375,768.8300170898438,768.9500122070312
2026-09-23 11:35:00-04:00,768.9199829101562,769.0800170898438,768.77001953125,768.9400024414062
2026-09-23 11:40:00-04:00,768.9400024414062,769.27001953125,768.6500244140625,769.1900024414062
2026-09-23 11:45:00-04:00,769.1900024414062,769.25,768.4500122070312,768.5100708007812
2026-09-23 11:50:00-04:00,768.510009765625,768.719970703125,768.22998046875,768.719970703125
2026-09-23 11:55:00-04:00,768.7205200195312,768.8599853515625,768.5341796875,768.6300048828125
2026-09-23 12:00:00-04:00,768.6300048828125,768.6300048828125,768.25,768.4099731445312
2026-09-23 12:05:00-04:00,768.4099731445312,768.6649780273438,768.2800903320312,768.489990234375
2026-09-23 12:10:00-04:00,768.489990234375,768.7000122070312,768.4099731445312,768.6199951171875
2026-09-23 12:15:00-04:00,768.5800170898438,768.739990234375,768.1599731445312,768.375
2026-09-23 12:20:00-04:00,768.3699951171875,768.409912109375,768.1400146484375,768.3800048828125
2026-09-23 12:25:00-04:00,768.3800048828125,768.47998046875,768.2316284179688,768.4199829101562
2026-09-23 12:30:00-04:00,768.4099731445312,768.72998046875,768.3800048828125,768.4299926757812
2026-09-23 12:35:00-04:00,768.4199829101562,768.530029296875,768.1900024414062,768.2999877929688
2026-09-23 12:40:00-04:00,768.2999877929688,768.3040161132812,767.7999877929688,767.7999877929688
2026-09-23 12:45:00-04:00,767.8099975585938,768.0700073242188,767.5250244140625,767.5700073242188
2026-09-23 12:50:00-04:00,767.5800170898438,767.5900268554688,767.02001953125,767.0599975585938
2026-09-23 12:55:00-04:00,767.030029296875,767.5250244140625,767.02001953125,767.4199829101562
2026-09-23 13:00:00-04:00,767.4099731445312,767.7000122070312,766.5,766.739990234375
2026-09-23 13:05:00-04:00,766.739990234375,767.1900024414062,766.5900268554688,767.1190185546875
2026-09-23 13:10:00-04:00,767.1199951171875,767.260009765625,766.8200073242188,767.1099853515625
2026-09-23 13:15:00-04:00,767.0999755859375,767.9199829101562,766.9400024414062,767.875
2026-09-23 13:20:00-04:00,767.8900146484375,767.9299926757812,767.1799926757812,767.1799926757812
2026-09-23 13:25:00-04:00,767.1699829101562,767.3994750976562,767.1099853515625,767.27001953125
2026-09-23 13:30:00-04:00,767.260009765625,767.5800170898438,767.0599975585938,767.5449829101562
2026-09-23 13:35:00-04:00,767.5499877929688,767.6099853515625,767.280029296875,767.3577270507812
2026-09-23 13:40:00-04:00,767.3641967773438,768.594970703125,767.1699829101562,768.489990234375
2026-09-23 13:45:00-04:00,768.47998046875,768.8400268554688,768.239990234375,768.4099731445312
2026-09-23 13:50:00-04:00,768.4199829101562,768.5900268554688,768.22998046875,768.4500122070312
2026-09-23 13:55:00-04:00,768.5,769.0449829101562,768.3699951171875,769.0
2026-09-23 14:00:00-04:00,768.9849853515625,769.0087890625,768.1300048828125,768.1799926757812
2026-09-23 14:05:00-04:00,768.1799926757812,768.47998046875,768.0499877929688,768.3900146484375
2026-09-23 14:10:00-04:00,768.4149780273438,768.5399780273438,768.2899780273438,768.469970703125
2026-09-23 14:15:00-04:00,768.4699096679688,768.7449951171875,768.27001953125,768.530029296875
2026-09-23 14:20:00-04:00,768.530029296875,768.5800170898438,768.3099975585938,768.5150146484375
2026-09-23 14:25:00-04:00,768.52001953125,768.5999755859375,768.1900024414062,768.27001953125
2026-09-23 14:30:00-04:00,768.280029296875,768.3499755859375,767.9199829101562,768.0999755859375
2026-09-23 14:35:00-04:00,768.0900268554688,768.1699829101562,767.5800170898438,767.6799926757812
2026-09-23 14:40:00-04:00,767.6900024414062,768.0399780273438,767.6900024414062,767.8323974609375
2026-09-23 14:45:00-04:00,767.85498046875,768.10498046875,767.7899780273438,768.0999755859375
2026-09-23 14:50:00-04:00,768.0999755859375,768.1699829101562,767.7899780273438,767.9299926757812
2026-09-23 14:55:00-04:00,767.9299926757812,768.3099975585938,767.8599853515625,768.1799926757812
2026-09-23 15:00:00-04:00,768.1849975585938,768.3200073242188,767.760009765625,767.7899780273438
2026-09-23 15:05:00-04:00,767.7999877929688,768.3200073242188,767.7100219726562,768.125
2026-09-23 15:10:00-04:00,768.125,768.2061157226562,767.8200073242188,767.9349975585938
2026-09-23 15:15:00-04:00,767.9500122070312,768.0,767.5999755859375,767.8200073242188
2026-09-23 15:20:00-04:00,767.7999877929688,767.7999877929688,767.5599975585938,767.6749877929688
2026-09-23 15:25:00-04:00,767.6749877929688,767.8150024414062,767.4299926757812,767.6400756835938
2026-09-23 15:30:00-04:00,767.6599731445312,768.02001953125,767.5399780273438,767.989990234375
2026-09-23 15:35:00-04:00,767.989990234375,768.02001953125,767.7999877929688,768.0050048828125
2026-09-23 15:40:00-04:00,768.0050048828125,768.1500244140625,767.2999877929688,767.5700073242188
2026-09-23 15:45:00-04:00,767.5399780273438,768.010009765625,767.52001953125,767.97998046875
2026-09-23 15:50:00-04:00,767.9600219726562,767.989990234375,766.5700073242188,766.8400268554688
2026-09-23 15:55:00-04:00,766.8400268554688,767.97998046875,766.8200073242188,767.780029296875
2026-09-24 09:30:00-04:00,764.0650024414062,764.8499755859375,763.6199951171875,764.7000122070312
2026-09-24 09:35:00-04:00,764.70361328125,765.0599975585938,764.47998046875,765.0120239257812
2026-09-24 09:40:00-04:00,765.0150146484375,765.030029296875,764.3599853515625,764.6500244140625
2026-09-24 09:45:00-04:00,764.6599731445312,765.364990234375,764.489990234375,764.9600219726562
2026-09-24 09:50:00-04:00,764.9849853515625,765.22998046875,764.75048828125,764.9199829101562
2026-09-24 09:55:00-04:00,764.9000244140625,765.489990234375,764.75,765.3800048828125
2026-09-24 10:00:00-04:00,765.3699951171875,765.97998046875,765.25,765.97998046875
2026-09-24 10:05:00-04:00,765.969970703125,766.4324951171875,765.942626953125,766.1900024414062
2026-09-24 10:10:00-04:00,766.2000122070312,766.21142578125,765.7999877929688,766.010009765625
2026-09-24 10:15:00-04:00,766.0150146484375,766.3687133789062,765.6199951171875,766.2000122070312
2026-09-24 10:20:00-04:00,766.2100219726562,766.22998046875,765.7999877929688,765.8400268554688
2026-09-24 10:25:00-04:00,765.8400268554688,766.3200073242188,765.6599731445312,766.0399780273438
2026-09-24 10:30:00-04:00,766.0850219726562,766.1099853515625,765.52001953125,765.9299926757812
2026-09-24 10:35:00-04:00,765.9299926757812,766.1400146484375,765.7000122070312,765.9000244140625
2026-09-24 10:40:00-04:00,765.9099731445312,766.0250244140625,765.1799926757812,765.2899780273438
2026-09-24 10:45:00-04:00,765.260009765625,765.52001953125,764.969970703125,765.2999877929688
2026-09-24 10:50:00-04:00,765.2899780273438,765.6699829101562,764.8049926757812,764.8800048828125
2026-09-24 10:55:00-04:00,764.8800048828125,764.9000244140625,764.1799926757812,764.489990234375
2026-09-24 11:00:00-04:00,764.5,764.77001953125,764.3150024414062,764.3699951171875
2026-09-24 11:05:00-04:00,764.3699951171875,764.4600219726562,764.02001953125,764.0800170898438
2026-09-24 11:10:00-04:00,764.0999755859375,764.2650146484375,763.2449951171875,763.364990234375
2026-09-24 11:15:00-04:00,763.364990234375,764.1599731445312,763.260009765625,763.85498046875
2026-09-24 11:20:00-04:00,763.85498046875,764.5599975585938,763.6699829101562,764.4650268554688
2026-09-24 11:25:00-04:00,764.4699096679688,764.47998046875,763.530029296875,763.6400146484375
2026-09-24 11:30:00-04:00,763.5999755859375,763.760009765625,763.3900146484375,763.510009765625
2026-09-24 11:35:00-04:00,763.510009765625,764.0399780273438,763.510009765625,763.77001953125
2026-09-24 11:40:00-04:00,763.7401123046875,764.1749877929688,763.5650024414062,764.0499877929688
2026-09-24 11:45:00-04:00,764.0650024414062,764.2999877929688,763.4299926757812,763.5700073242188
2026-09-24 11:50:00-04:00,763.5700073242188,764.4299926757812,763.5050048828125,764.2899780273438
2026-09-24 11:55:00-04:00,764.2999877929688,764.3800048828125,763.9600219726562,764.2849731445312
2026-09-24 12:00:00-04:00,764.27001953125,764.3150024414062,763.7000122070312,764.1099853515625
2026-09-24 12:05:00-04:00,764.0999755859375,764.1900024414062,763.75,763.8900146484375
2026-09-24 12:10:00-04:00,763.8800048828125,764.6699829101562,763.6500244140625,764.6199951171875
2026-09-24 12:15:00-04:00,764.6199951171875,768.4000244140625,764.5499877929688,766.8499755859375
2026-09-24 12:20:00-04:00,766.8499755859375,767.3300170898438,766.5999755859375,766.97998046875
2026-09-24 12:25:00-04:00,767.010009765625,767.3579711914062,766.280029296875,767.1500244140625
2026-09-24 12:30:00-04:00,767.1699829101562,767.2550048828125,766.3900146484375,766.8599853515625
2026-09-24 12:35:00-04:00,766.89501953125,767.7899169921875,766.75,767.7698974609375
2026-09-24 12:40:00-04:00,767.77001953125,768.8800048828125,767.5999755859375,767.6300048828125
2026-09-24 12:45:00-04:00,767.6400146484375,768.64501953125,767.2100219726562,768.5499877929688
2026-09-24 12:50:00-04:00,768.5599975585938,768.75,767.8599853515625,768.0800170898438
2026-09-24 12:55:00-04:00,768.0800170898438,768.9500122070312,768.0150146484375,768.260009765625
2026-09-24 13:00:00-04:00,768.260009765625,768.6599731445312,767.530029296875,768.25
2026-09-24 13:05:00-04:00,768.260009765625,768.6599731445312,768.02001953125,768.239990234375
2026-09-24 13:10:00-04:00,768.219970703125,768.530029296875,767.6500244140625,768.3900146484375
2026-09-24 13:15:00-04:00,768.3800048828125,768.4199829101562,767.5050048828125,767.510009765625
2026-09-24 13:20:00-04:00,767.5,767.8599853515625,767.25,767.3624877929688
2026-09-24 13:25:00-04:00,767.3499755859375,767.3800048828125,766.594970703125,767.2249755859375
2026-09-24 13:30:00-04:00,767.219970703125,767.6599731445312,766.8099975585938,766.8499755859375
2026-09-24 13:35:00-04:00,766.8400268554688,767.02001953125,766.530029296875,766.8599853515625
2026-09-24 13:40:00-04:00,766.8800048828125,767.0700073242188,766.1500244140625,766.219970703125
2026-09-24 13:45:00-04:00,766.2100219726562,766.8300170898438,766.0250244140625,766.6599731445312
2026-09-24 13:50:00-04:00,766.655029296875,766.8099975585938,766.4000244140625,766.5399780273438
2026-09-24 13:55:00-04:00,766.5349731445312,767.0800170898438,766.4299926757812,766.9299926757812
2026-09-24 14:00:00-04:00,766.9500122070312,767.010009765625,765.6199951171875,765.6900024414062
2026-09-24 14:05:00-04:00,765.7000122070312,766.969970703125,765.6849975585938,766.7650146484375
2026-09-24 14:10:00-04:00,766.760009765625,767.1099853515625,766.594970703125,767.0150146484375
2026-09-24 14:15:00-04:00,767.0,767.530029296875,766.8499755859375,767.260009765625
2026-09-24 14:20:00-04:00,767.25,767.3099975585938,766.8300170898438,767.1900024414062
2026-09-24 14:25:00-04:00,767.1799926757812,768.030029296875,767.1500244140625,767.6099853515625
2026-09-24 14:30:00-04:00,767.5999755859375,767.6900024414062,767.0999755859375,767.1119995117188
2026-09-24 14:35:00-04:00,767.0999755859375,768.3800048828125,766.9099731445312,767.8200073242188
2026-09-24 14:40:00-04:00,767.7999877929688,767.7999877929688,767.1799926757812,767.489990234375
2026-09-24 14:45:00-04:00,767.5,767.6900024414062,767.4299926757812,767.52001953125
2026-09-24 14:50:00-04:00,767.530029296875,768.0599975585938,767.4849853515625,767.739990234375
2026-09-24 14:55:00-04:00,767.739990234375,768.2849731445312,767.72998046875,767.9400024414062
2026-09-24 15:00:00-04:00,767.9400024414062,768.0399780273438,767.0499877929688,767.2100219726562
2026-09-24 15:05:00-04:00,767.2000122070312,767.5900268554688,767.1799926757812,767.4400024414062
2026-09-24 15:10:00-04:00,767.4500122070312,767.5700073242188,767.22998046875,767.3099975585938
2026-09-24 15:15:00-04:00,767.3099975585938,767.739990234375,767.3099975585938,767.6799926757812
2026-09-24 15:20:00-04:00,767.6799926757812,767.8699951171875,767.510009765625,767.8009033203125
2026-09-24 15:25:00-04:00,767.8099975585938,767.8900146484375,767.47998046875,767.5750122070312
2026-09-24 15:30:00-04:00,767.5800170898438,767.75,767.4199829101562,767.75
2026-09-24 15:35:00-04:00,767.739990234375,767.77001953125,767.4299926757812,767.7650146484375
2026-09-24 15:40:00-04:00,767.7650146484375,767.889892578125,767.530029296875,767.5900268554688
2026-09-24 15:45:00-04:00,767.5800170898438,767.7100219726562,767.3400268554688,767.35498046875
2026-09-24 15:50:00-04:00,767.3699951171875,768.1500244140625,767.3699951171875,767.97998046875
2026-09-24 15:55:00-04:00,767.969970703125,767.97998046875,767.239990234375,767.239990234375
2026-09-25 09:30:00-04:00,768.780029296875,769.52001953125,767.75,769.4400024414062
2026-09-25 09:35:00-04:00,769.4400024414062,769.780029296875,769.25,769.7680053710938
2026-09-25 09:40:00-04:00,769.72998046875,770.0549926757812,769.3300170898438,769.489990234375
2026-09-25 09:45:00-04:00,769.5,769.655029296875,769.0,769.510009765625
2026-09-25 09:50:00-04:00,769.5,770.2550048828125,769.375,770.0900268554688
2026-09-25 09:55:00-04:00,770.094970703125,770.3099975585938,769.5327758789062,769.72998046875
2026-09-25 10:00:00-04:00,769.7249755859375,769.8400268554688,767.530029296875,767.60498046875
2026-09-25 10:05:00-04:00,767.5900268554688,767.75,766.5419921875,767.6599731445312
2026-09-25 10:10:00-04:00,767.6799926757812,767.9299926757812,766.8099975585938,766.9299926757812
2026-09-25 10:15:00-04:00,766.923583984375,767.22998046875,766.2899780273438,767.0499877929688
2026-09-25 10:20:00-04:00,767.0211791992188,767.6599731445312,766.9199829101562,767.469970703125
2026-09-25 10:25:00-04:00,767.5150146484375,767.969970703125,767.2000122070312,767.3900146484375
2026-09-25 10:30:00-04:00,767.4000244140625,767.97998046875,767.219970703125,767.77001953125
2026-09-25 10:35:00-04:00,767.77001953125,768.530029296875,767.6599731445312,768.239990234375
2026-09-25 10:40:00-04:00,768.239990234375,768.3099975585938,767.4749755859375,767.9400024414062
2026-09-25 10:45:00-04:00,767.9199829101562,768.4299926757812,767.5999755859375,768.3499755859375
2026-09-25 10:50:00-04:00,768.2999877929688,768.3300170898438,767.5250244140625,768.2050170898438
2026-09-25 10:55:00-04:00,768.1699829101562,768.8599853515625,768.1599731445312,768.775390625
2026-09-25 11:00:00-04:00,768.77001953125,769.5999755859375,768.6500244140625,769.3499755859375
2026-09-25 11:05:00-04:00,769.3699951171875,769.7999877929688,769.0700073242188,769.0900268554688
2026-09-25 11:10:00-04:00,769.0900268554688,769.1400146484375,768.3350219726562,768.9349975585938
2026-09-25 11:15:00-04:00,768.9500122070312,769.1798706054688,768.4299926757812,768.52001953125
2026-09-25 11:20:00-04:00,768.530029296875,769.3095092773438,768.4099731445312,768.6290283203125
2026-09-25 11:25:00-04:00,768.6099853515625,769.0499877929688,768.530029296875,768.72998046875
2026-09-25 11:30:00-04:00,768.75,769.780029296875,768.72998046875,769.0800170898438
2026-09-25 11:35:00-04:00,769.0800170898438,769.1300048828125,768.1300048828125,768.2100219726562
2026-09-25 11:40:00-04:00,768.2100219726562,768.5449829101562,767.6849975585938,767.739990234375
2026-09-25 11:45:00-04:00,767.7623901367188,768.3250122070312,767.4450073242188,768.2949829101562
2026-09-25 11:50:00-04:00,768.2949829101562,768.614990234375,767.5,768.4000244140625
2026-09-25 11:55:00-04:00,768.3900146484375,769.969970703125,768.3900146484375,769.9400024414062
2026-09-25 12:00:00-04:00,769.9500122070312,771.4400024414062,769.7899780273438,771.2706298828125
2026-09-25 12:05:00-04:00,771.280029296875,771.760009765625,771.1199951171875,771.47998046875
2026-09-25 12:10:00-04:00,771.5,771.97998046875,771.25,771.52001953125
2026-09-25 12:15:00-04:00,771.530029296875,771.8300170898438,770.7265014648438,770.97998046875
2026-09-25 12:20:00-04:00,771.0,771.0800170898438,769.989990234375,770.39501953125
2026-09-25 12:25:00-04:00,770.4400024414062,771.5999755859375,770.3300170898438,771.541015625
2026-09-25 12:30:00-04:00,771.5549926757812,771.719970703125,770.3599853515625,770.6599731445312
2026-09-25 12:35:00-04:00,770.6649780273438,771.3400268554688,770.6400146484375,770.982177734375
2026-09-25 12:40:00-04:00,770.9749755859375,771.4299926757812,770.6699829101562,771.1599731445312
2026-09-25 12:45:00-04:00,771.1300048828125,771.1400146484375,770.280029296875,770.6799926757812
2026-09-25 12:50:00-04:00,770.6799926757812,770.8800048828125,770.5360107421875,770.8300170898438
2026-09-25 12:55:00-04:00,770.8400268554688,770.989990234375,770.1400146484375,770.4400024414062
2026-09-25 13:00:00-04:00,770.4400024414062,771.1694946289062,770.3300170898438,771.0299072265625
2026-09-25 13:05:00-04:00,771.0333862304688,771.1799926757812,770.5349731445312,771.0549926757812
2026-09-25 13:10:00-04:00,771.0399780273438,771.280029296875,770.6799926757812,771.22998046875
2026-09-25 13:15:00-04:00,771.27001953125,771.2999877929688,770.8099975585938,770.9000244140625
2026-09-25 13:20:00-04:00,770.9000244140625,771.219970703125,770.8099975585938,771.2000122070312
2026-09-25 13:25:00-04:00,771.2100219726562,771.2899780273438,771.1099853515625,771.260009765625
2026-09-25 13:30:00-04:00,771.27001953125,771.3699951171875,770.5800170898438,770.75
2026-09-25 13:35:00-04:00,770.780029296875,771.1599731445312,770.5059204101562,770.880126953125
2026-09-25 13:40:00-04:00,770.9199829101562,771.2100219726562,770.8699951171875,770.9400024414062
2026-09-25 13:45:00-04:00,770.9400024414062,771.1799926757812,770.8099975585938,771.1199951171875
2026-09-25 13:50:00-04:00,771.1300048828125,771.1300048828125,770.5999755859375,770.7849731445312
2026-09-25 13:55:00-04:00,770.7849731445312,771.1599731445312,770.7214965820312,771.155029296875
2026-09-25 14:00:00-04:00,771.1500244140625,771.260009765625,771.030029296875,771.0700073242188
2026-09-25 14:05:00-04:00,771.0700073242188,771.1300048828125,770.8300170898438,771.0800170898438
2026-09-25 14:10:00-04:00,771.0800170898438,771.4600219726562,770.9450073242188,771.4600219726562
2026-09-25 14:15:00-04:00,771.4600219726562,771.510009765625,771.22998046875,771.280029296875
2026-09-25 14:20:00-04:00,771.3099975585938,771.3599853515625,771.0999755859375,771.317626953125
2026-09-25 14:25:00-04:00,771.3099975585938,771.4000244140625,770.4199829101562,770.9000244140625
2026-09-25 14:30:00-04:00,770.9099731445312,771.344970703125,770.8900146484375,771.1799926757812
2026-09-25 14:35:00-04:00,771.1799926757812,771.219970703125,770.5,770.6300048828125
2026-09-25 14:40:00-04:00,770.6599731445312,771.030029296875,770.4910278320312,771.030029296875
2026-09-25 14:45:00-04:00,771.0250244140625,771.0999755859375,770.6900024414062,770.8599853515625
2026-09-25 14:50:00-04:00,770.8499755859375,770.9099731445312,770.6199951171875,770.6199951171875
2026-09-25 14:55:00-04:00,770.6300048828125,770.8300170898438,770.5999755859375,770.6699829101562
2026-09-25 15:00:00-04:00,770.7000122070312,771.0,770.4299926757812,770.5900268554688
2026-09-25 15:05:00-04:00,770.5999755859375,770.8699951171875,770.5399780273438,770.6950073242188
2026-09-25 15:10:00-04:00,770.6950073242188,771.10498046875,770.6300048828125,771.0800170898438
2026-09-25 15:15:00-04:00,771.0900268554688,771.1599731445312,770.780029296875,770.7949829101562
2026-09-25 15:20:00-04:00,770.7999877929688,770.864990234375,770.480224609375,770.5599975585938
2026-09-25 15:25:00-04:00,770.5499877929688,770.5499877929688,770.1799926757812,770.3300170898438
2026-09-25 15:30:00-04:00,770.3300170898438,770.5,770.219970703125,770.22998046875
2026-09-25 15:35:00-04:00,770.25,770.9550170898438,770.2100219726562,770.9349975585938
2026-09-25 15:40:00-04:00,770.9400024414062,771.3300170898438,770.75,771.1799926757812
2026-09-25 15:45:00-04:00,771.1900024414062,771.969970703125,771.1900024414062,771.7100219726562
2026-09-25 15:50:00-04:00,771.7100219726562,772.280029296875,771.7100219726562,771.7999877929688
2026-09-25 15:55:00-04:00,771.8200073242188,771.9099731445312,771.1500244140625,771.2999877929688
2026-09-28 09:30:00-04:00,768.3499755859375,768.6099853515625,767.489990234375,767.77001953125
2026-09-28 09:35:00-04:00,767.72998046875,767.740478515625,766.969970703125,767.469970703125
2026-09-28 09:40:00-04:00,767.4600219726562,767.780029296875,767.030029296875,767.6300048828125
2026-09-28 09:45:00-04:00,767.5999755859375,768.3400268554688,767.3599853515625,768.0407104492188
2026-09-28 09:50:00-04:00,768.0399780273438,768.5,767.5700073242188,768.239990234375
2026-09-28 09:55:00-04:00,768.2100219726562,768.4000244140625,767.6300048828125,768.3599853515625
2026-09-28 10:00:00-04:00,768.3400268554688,768.4193725585938,767.6799926757812,767.7100219726562
2026-09-28 10:05:00-04:00,767.719970703125,768.02001953125,767.4500122070312,767.77001953125
2026-09-28 10:10:00-04:00,767.75,767.7999877929688,766.97998046875,767.25
2026-09-28 10:15:00-04:00,767.2501220703125,767.6900024414062,767.030029296875,767.489990234375
2026-09-28 10:20:00-04:00,767.4799194335938,767.9199829101562,767.1900024414062,767.7000122070312
2026-09-28 10:25:00-04:00,767.7000122070312,767.8200073242188,767.3350219726562,767.4500122070312
2026-09-28 10:30:00-04:00,767.4401245117188,767.4600219726562,767.0700073242188,767.1699829101562
2026-09-28 10:35:00-04:00,767.1500244140625,767.22998046875,766.3499755859375,766.4376831054688
2026-09-28 10:40:00-04:00,766.4400024414062,766.5599975585938,765.219970703125,765.259521484375
2026-09-28 10:45:00-04:00,765.2650146484375,765.3400268554688,763.7899780273438,764.260009765625
2026-09-28 10:50:00-04:00,764.239990234375,764.8099975585938,763.9349975585938,763.9349975585938
2026-09-28 10:55:00-04:00,763.9299926757812,764.4600219726562,763.7150268554688,764.1500244140625
2026-09-28 11:00:00-04:00,764.155029296875,764.72998046875,764.1199951171875,764.614990234375
2026-09-28 11:05:00-04:00,764.6099853515625,765.6599731445312,764.3599853515625,765.6586303710938
2026-09-28 11:10:00-04:00,765.6599731445312,765.77001953125,765.0399780273438,765.1400146484375
2026-09-28 11:15:00-04:00,765.1500244140625,765.2449951171875,764.7520141601562,765.0850219726562
2026-09-28 11:20:00-04:00,765.0800170898438,765.0800170898438,764.6217041015625,764.8350219726562
2026-09-28 11:25:00-04:00,764.8300170898438,765.239990234375,764.6199951171875,765.0700073242188
2026-09-28 11:30:00-04:00,765.0900268554688,765.1799926757812,764.719970703125,765.0449829101562
2026-09-28 11:35:00-04:00,765.0599975585938,765.72998046875,764.9299926757812,765.719970703125
2026-09-28 11:40:00-04:00,765.719970703125,765.72998046875,764.6599731445312,764.9500122070312
2026-09-28 11:45:00-04:00,764.9500122070312,765.0800170898438,764.739990234375,764.9400024414062
2026-09-28 11:50:00-04:00,764.9149780273438,765.22998046875,764.8200073242188,765.22998046875
2026-09-28 11:55:00-04:00,765.22998046875,765.5700073242188,765.1900024414062,765.5050048828125
2026-09-28 12:00:00-04:00,765.489990234375,765.6400146484375,765.1502075195312,765.2999877929688
2026-09-28 12:05:00-04:00,765.2899780273438,765.6950073242188,765.1400146484375,765.6005249023438
2026-09-28 12:10:00-04:00,765.5938720703125,765.8300170898438,765.3200073242188,765.4000244140625
2026-09-28 12:15:00-04:00,765.3900146484375,766.8699951171875,765.3333740234375,766.5499877929688
2026-09-28 12:20:00-04:00,766.5399780273438,767.9500122070312,766.4000244140625,767.7901000976562
2026-09-28 12:25:00-04:00,767.8099975585938,769.5399780273438,767.7600708007812,768.7100219726562
2026-09-28 12:30:00-04:00,768.7000122070312,768.77001953125,767.4400024414062,767.8300170898438
2026-09-28 12:35:00-04:00,767.8499755859375,768.1900024414062,767.3599853515625,767.47998046875
2026-09-28 12:40:00-04:00,767.5,767.6649780273438,766.6400146484375,766.989990234375
2026-09-28 12:45:00-04:00,766.989990234375,767.4500122070312,766.6699829101562,766.8800048828125
2026-09-28 12:50:00-04:00,766.8800048828125,767.2999877929688,766.6799926757812,767.219970703125
2026-09-28 12:55:00-04:00,767.2150268554688,767.3099975585938,767.0449829101562,767.1967163085938
2026-09-28 13:00:00-04:00,767.1199951171875,767.1500244140625,766.6300048828125,766.8599853515625
2026-09-28 13:05:00-04:00,766.8699951171875,766.9199829101562,766.4600219726562,766.6199951171875
2026-09-28 13:10:00-04:00,766.6300048828125,769.280029296875,766.5900268554688,768.8900146484375
2026-09-28 13:15:00-04:00,768.89501953125,768.89501953125,767.281005859375,767.2849731445312
2026-09-28 13:20:00-04:00,767.2849731445312,767.4749755859375,767.0599975585938,767.3145141601562
2026-09-28 13:25:00-04:00,767.3300170898438,767.489990234375,766.8800048828125,767.0599975585938
2026-09-28 13:30:00-04:00,767.0399780273438,767.52001953125,766.9249877929688,767.1699829101562
2026-09-28 13:35:00-04:00,767.1900024414062,767.4500122070312,766.8499755859375,767.1900024414062
2026-09-28 13:40:00-04:00,767.2100219726562,767.3499755859375,767.0349731445312,767.1699829101562
2026-09-28 13:45:00-04:00,767.1749877929688,767.4409790039062,767.0,767.3800048828125
2026-09-28 13:50:00-04:00,767.3599853515625,767.47998046875,767.1400146484375,767.4400024414062
2026-09-28 13:55:00-04:00,767.4500122070312,767.489990234375,767.0399780273438,767.2899780273438
2026-09-28 14:00:00-04:00,767.2999877929688,767.4600219726562,766.8900146484375,767.4099731445312
2026-09-28 14:05:00-04:00,767.4299926757812,767.4600219726562,767.1099853515625,767.2899169921875
2026-09-28 14:10:00-04:00,767.280029296875,767.530029296875,767.1900024414062,767.4400024414062
2026-09-28 14:15:00-04:00,767.4500122070312,767.5599975585938,767.02001953125,767.02001953125
2026-09-28 14:20:00-04:00,767.02001953125,767.25,766.6799926757812,766.8400268554688
2026-09-28 14:25:00-04:00,766.8699951171875,767.0499877929688,766.8300170898438,766.9000244140625
2026-09-28 14:30:00-04:00,766.905029296875,767.0700073242188,766.5,766.7899780273438
2026-09-28 14:35:00-04:00,766.780029296875,766.9199829101562,766.3400268554688,766.4000854492188
2026-09-28 14:40:00-04:00,766.4199829101562,767.155029296875,766.3200073242188,767.1099853515625
2026-09-28 14:45:00-04:00,767.1199951171875,767.2562255859375,766.7999877929688,767.1500244140625
2026-09-28 14:50:00-04:00,767.1400146484375,767.3049926757812,766.760009765625,767.0499877929688
2026-09-28 14:55:00-04:00,767.0399780273438,767.1799926757812,766.8599853515625,766.97998046875
2026-09-28 15:00:00-04:00,767.0,767.030029296875,766.25,766.5599975585938
2026-09-28 15:05:00-04:00,766.5399780273438,766.6599731445312,766.27001953125,766.280029296875
2026-09-28 15:10:00-04:00,766.280029296875,766.2899169921875,765.780029296875,765.8699951171875
2026-09-28 15:15:00-04:00,765.8499755859375,766.0900268554688,765.6300048828125,765.9099731445312
2026-09-28 15:20:00-04:00,765.9298706054688,766.1099853515625,765.8099975585938,766.0499877929688
2026-09-28 15:25:00-04:00,766.0399780273438,766.239990234375,765.8200073242188,765.989990234375
2026-09-28 15:30:00-04:00,766.0,766.0549926757812,765.5599975585938,765.8699951171875
2026-09-28 15:35:00-04:00,765.8599853515625,766.0399780273438,765.125,765.1849975585938
2026-09-28 15:40:00-04:00,765.1900024414062,765.5800170898438,765.1300048828125,765.4500122070312
2026-09-28 15:45:00-04:00,765.4400024414062,765.6900024414062,765.219970703125,765.2899780273438
2026-09-28 15:50:00-04:00,765.280029296875,765.5700073242188,764.8599853515625,764.8699951171875
2026-09-28 15:55:00-04:00,764.8599853515625,765.6799926757812,764.8300170898438,765.5
2026-09-29 09:30:00-04:00,766.8300170898438,766.97998046875,765.1199951171875,765.385009765625
2026-09-29 09:35:00-04:00,765.3900146484375,765.8300170898438,765.2899780273438,765.8099975585938
2026-09-29 09:40:00-04:00,765.8699951171875,765.9299926757812,764.9349975585938,765.114990234375
2026-09-29 09:45:00-04:00,765.114990234375,765.5,764.6400146484375,764.9901123046875
2026-09-29 09:50:00-04:00,765.010009765625,765.530029296875,764.8798828125,765.2550048828125
2026-09-29 09:55:00-04:00,765.260009765625,765.6589965820312,764.5999755859375,764.719970703125
2026-09-29 10:00:00-04:00,764.6900024414062,765.6300048828125,764.6799926757812,764.905029296875
2026-09-29 10:05:00-04:00,764.8900146484375,765.1199951171875,764.6099853515625,765.030029296875
2026-09-29 10:10:00-04:00,765.030029296875,765.4600219726562,764.6699829101562,765.1649780273438
2026-09-29 10:15:00-04:00,765.1699829101562,765.5399780273438,764.8200073242188,765.3800048828125
2026-09-29 10:20:00-04:00,765.4400024414062,765.5449829101562,764.77001953125,765.030029296875
2026-09-29 10:25:00-04:00,765.02001953125,765.75,764.9600219726562,765.3099975585938
2026-09-29 10:30:00-04:00,765.2999877929688,765.6300048828125,764.9400024414062,765.3300170898438
2026-09-29 10:35:00-04:00,765.3250122070312,765.4500122070312,764.9500122070312,765.3599853515625
2026-09-29 10:40:00-04:00,765.3499755859375,765.75,764.7999877929688,765.0800170898438
2026-09-29 10:45:00-04:00,765.0900268554688,765.27001953125,764.489990234375,764.52001953125
2026-09-29 10:50:00-04:00,764.52001953125,765.5499877929688,764.5,765.5499877929688
2026-09-29 10:55:00-04:00,765.530029296875,765.5750122070312,764.8117065429688,764.8599853515625
2026-09-29 11:00:00-04:00,764.8699951171875,764.9500122070312,764.2001953125,764.239990234375
2026-09-29 11:05:00-04:00,764.22998046875,764.419921875,763.8599853515625,764.0499877929688
2026-09-29 11:10:00-04:00,764.0499877929688,764.2698974609375,763.5800170898438,764.1599731445312
2026-09-29 11:15:00-04:00,764.1599731445312,764.3300170898438,763.280029296875,763.2849731445312
2026-09-29 11:20:00-04:00,763.2999267578125,763.3900146484375,762.6400146484375,762.9000244140625
2026-09-29 11:25:00-04:00,762.9000244140625,763.1199951171875,762.5700073242188,762.9398193359375
2026-09-29 11:30:00-04:00,762.989990234375,763.8599853515625,762.864990234375,763.7899780273438
2026-09-29 11:35:00-04:00,763.8074951171875,764.1199951171875,763.6199951171875,763.8400268554688
2026-09-29 11:40:00-04:00,763.8499755859375,763.9000244140625,763.4400024414062,763.7349853515625
2026-09-29 11:45:00-04:00,763.739990234375,764.2899780273438,763.3099975585938,763.9000244140625
2026-09-29 11:50:00-04:00,763.905029296875,764.0999755859375,762.89501953125,763.105712890625
2026-09-29 11:55:00-04:00,763.1199951171875,763.3200073242188,762.9650268554688,763.2999877929688
2026-09-29 12:00:00-04:00,763.25,763.280029296875,762.6699829101562,762.7899780273438
2026-09-29 12:05:00-04:00,762.77001953125,763.3499755859375,762.6500244140625,763.2739868164062
2026-09-29 12:10:00-04:00,763.27001953125,763.4600219726562,762.8599853515625,762.97998046875
2026-09-29 12:15:00-04:00,762.989990234375,763.1900024414062,762.9000244140625,763.1400146484375
2026-09-29 12:20:00-04:00,763.1699829101562,763.4299926757812,762.87060546875,763.1400146484375
2026-09-29 12:25:00-04:00,763.14501953125,763.5599975585938,763.1099853515625,763.39501953125
2026-09-29 12:30:00-04:00,763.3795166015625,763.4000244140625,763.0900268554688,763.22998046875
2026-09-29 12:35:00-04:00,763.219970703125,763.47998046875,763.219970703125,763.4099731445312
2026-09-29 12:40:00-04:00,763.4099731445312,763.4149780273438,762.65478515625,762.6699829101562
2026-09-29 12:45:00-04:00,762.6749877929688,763.1300048828125,762.4000244140625,763.02001953125
2026-09-29 12:50:00-04:00,763.02001953125,763.3300170898438,762.8701171875,763.0513916015625
2026-09-29 12:55:00-04:00,763.0599975585938,763.0599975585938,762.5700073242188,762.9948120117188
2026-09-29 13:00:00-04:00,762.989990234375,762.989990234375,762.3699951171875,762.7000122070312
2026-09-29 13:05:00-04:00,762.6699829101562,762.8099975585938,762.510009765625,762.52001953125
2026-09-29 13:10:00-04:00,762.5399780273438,762.885009765625,762.469970703125,762.760009765625
2026-09-29 13:15:00-04:00,762.77001953125,762.8400268554688,762.3499755859375,762.5700073242188
2026-09-29 13:20:00-04:00,762.5800170898438,763.030029296875,762.4299926757812,763.0225219726562
2026-09-29 13:25:00-04:00,763.030029296875,763.1599731445312,762.905029296875,763.0800170898438
2026-09-29 13:30:00-04:00,763.0700073242188,763.25,762.9099731445312,763.2000122070312
2026-09-29 13:35:00-04:00,763.2100219726562,763.2999877929688,763.0349731445312,763.1799926757812
2026-09-29 13:40:00-04:00,763.1799926757812,763.3250122070312,762.7999877929688,763.2700805664062
2026-09-29 13:45:00-04:00,763.2899780273438,763.469970703125,763.02001953125,763.0499877929688
2026-09-29 13:50:00-04:00,763.0599975585938,763.1400146484375,762.5700073242188,762.7449951171875
2026-09-29 13:55:00-04:00,762.75,762.75,762.385009765625,762.6199951171875
2026-09-29 14:00:00-04:00,762.6500244140625,763.8800048828125,762.6400146484375,763.714111328125
2026-09-29 14:05:00-04:00,763.719970703125,764.019775390625,762.969970703125,763.030029296875
2026-09-29 14:10:00-04:00,763.030029296875,763.8294067382812,762.97998046875,763.739990234375
2026-09-29 14:15:00-04:00,763.7449951171875,763.9600219726562,763.6651000976562,763.9000244140625
2026-09-29 14:20:00-04:00,763.9000244140625,764.3900146484375,763.7999877929688,763.9099731445312
2026-09-29 14:25:00-04:00,763.9199829101562,764.2100830078125,763.8400268554688,763.969970703125
2026-09-29 14:30:00-04:00,763.9650268554688,764.4000244140625,763.5700073242188,763.8800048828125
2026-09-29 14:35:00-04:00,763.8900146484375,764.9600219726562,763.7999877929688,764.8800048828125
2026-09-29 14:40:00-04:00,764.8800048828125,765.2999877929688,764.6400146484375,764.844970703125
2026-09-29 14:45:00-04:00,764.8499755859375,764.97998046875,764.3900146484375,764.6793212890625
2026-09-29 14:50:00-04:00,764.6599731445312,764.8300170898438,764.5399780273438,764.6300048828125
2026-09-29 14:55:00-04:00,764.6199951171875,764.9199829101562,764.510009765625,764.8699951171875
2026-09-29 15:00:00-04:00,764.8599853515625,765.0499877929688,764.7100219726562,765.0100708007812
2026-09-29 15:05:00-04:00,765.02001953125,765.0599975585938,764.719970703125,764.72998046875
2026-09-29 15:10:00-04:00,764.719970703125,764.8200073242188,764.3400268554688,764.3699951171875
2026-09-29 15:15:00-04:00,764.3800048828125,764.5800170898438,764.280029296875,764.530029296875
2026-09-29 15:20:00-04:00,764.52001953125,764.8300170898438,764.3800048828125,764.5599975585938
2026-09-29 15:25:00-04:00,764.5599975585938,764.6749877929688,764.4099731445312,764.5700073242188
2026-09-29 15:30:00-04:00,764.5900268554688,764.8300170898438,764.3900146484375,764.5449829101562
2026-09-29 15:35:00-04:00,764.5399780273438,764.6799926757812,764.4199829101562,764.510009765625
2026-09-29 15:40:00-04:00,764.489990234375,764.5399780273438,764.02001953125,764.1099853515625
2026-09-29 15:45:00-04:00,764.1199951171875,764.3599853515625,763.9099731445312,764.219970703125
2026-09-29 15:50:00-04:00,764.2100219726562,764.7999877929688,764.1599731445312,764.5700073242188
2026-09-29 15:55:00-04:00,764.5800170898438,764.5900268554688,763.760009765625,764.2899780273438
2026-09-30 09:30:00-04:00,766.4500122070312,767.2899780273438,766.0,766.739990234375
2026-09-30 09:35:00-04:00,766.72998046875,766.9400024414062,766.1300048828125,766.8499755859375
2026-09-30 09:40:00-04:00,766.8599853515625,767.0700073242188,766.4199829101562,766.6599731445312
2026-09-30 09:45:00-04:00,766.6799926757812,767.1699829101562,766.0700073242188,767.1199951171875
2026-09-30 09:50:00-04:00,767.1199951171875,767.3900146484375,766.5120239257812,767.3150024414062
2026-09-30 09:55:00-04:00,767.3099975585938,767.97998046875,767.0599975585938,767.969970703125
2026-09-30 10:00:00-04:00,767.9500122070312,768.6699829101562,767.9500122070312,768.5900268554688
2026-09-30 10:05:00-04:00,768.5900268554688,769.1500244140625,768.4149780273438,768.5599975585938
2026-09-30 10:10:00-04:00,768.5499877929688,768.5750122070312,767.9500122070312,768.1500244140625
2026-09-30 10:15:00-04:00,768.1599731445312,768.7999877929688,768.1599731445312,768.7498779296875
2026-09-30 10:20:00-04:00,768.7501220703125,769.0999755859375,768.3800048828125,768.4400024414062
2026-09-30 10:25:00-04:00,768.4199829101562,768.4500122070312,767.469970703125,767.8699951171875
2026-09-30 10:30:00-04:00,767.8699951171875,768.260009765625,767.4000244140625,767.5399780273438
2026-09-30 10:35:00-04:00,767.530029296875,768.0050048828125,767.25,767.719970703125
2026-09-30 10:40:00-04:00,767.7100219726562,768.4099731445312,767.3699951171875,767.6500244140625
2026-09-30 10:45:00-04:00,767.6400146484375,768.6699829101562,767.5753784179688,768.6500244140625
2026-09-30 10:50:00-04:00,768.677978515625,769.4099731445312,768.4401245117188,769.239990234375
2026-09-30 10:55:00-04:00,769.239990234375,769.3499755859375,768.510986328125,768.5282592773438
2026-09-30 11:00:00-04:00,768.52001953125,768.5800170898438,768.02001953125,768.5399780273438
2026-09-30 11:05:00-04:00,768.530029296875,768.5999755859375,767.8699951171875,768.52001953125
2026-09-30 11:10:00-04:00,768.52001953125,768.6799926757812,767.75,768.2100219726562
2026-09-30 11:15:00-04:00,768.1799926757812,768.9400024414062,768.1799926757812,768.469970703125
2026-09-30 11:20:00-04:00,768.489990234375,768.510009765625,767.9000244140625,768.1199951171875
2026-09-30 11:25:00-04:00,768.1500244140625,768.7551879882812,767.9000854492188,768.7551879882812
2026-09-30 11:30:00-04:00,768.7501220703125,769.02001953125,768.5800170898438,768.6300048828125
2026-09-30 11:35:00-04:00,768.6500244140625,768.8300170898438,768.2960205078125,768.6599731445312
2026-09-30 11:40:00-04:00,768.6599731445312,768.8499755859375,767.8800048828125,767.989990234375
2026-09-30 11:45:00-04:00,768.0,769.219970703125,767.8900146484375,769.1799926757812
2026-09-30 11:50:00-04:00,769.1699829101562,769.2449951171875,768.22998046875,768.22998046875
2026-09-30 11:55:00-04:00,768.25,768.72998046875,768.10498046875,768.7100219726562
2026-09-30 12:00:00-04:00,768.72998046875,769.02001953125,768.47998046875,768.8900146484375
2026-09-30 12:05:00-04:00,768.9099731445312,769.0800170898438,768.739990234375,768.7999877929688
2026-09-30 12:10:00-04:00,768.7999877929688,769.0999755859375,768.6699829101562,769.0
2026-09-30 12:15:00-04:00,768.989990234375,769.0399780273438,768.1799926757812,768.45947265625
2026-09-30 12:20:00-04:00,768.4600219726562,768.530029296875,768.2899780273438,768.2999877929688
2026-09-30 12:25:00-04:00,768.3099975585938,768.3800048828125,768.0399780273438,768.0700073242188
2026-09-30 12:30:00-04:00,768.0700073242188,768.0999755859375,767.780029296875,768.0
2026-09-30 12:35:00-04:00,767.989990234375,768.0800170898438,767.6799926757812,767.9099731445312
2026-09-30 12:40:00-04:00,767.9099731445312,768.5,767.8699951171875,768.3499755859375
2026-09-30 12:45:00-04:00,768.364990234375,768.364990234375,767.7100219726562,767.8400268554688
2026-09-30 12:50:00-04:00,767.8400268554688,768.119873046875,767.8200073242188,767.989990234375
2026-09-30 12:55:00-04:00,767.97998046875,768.2999877929688,767.8499755859375,768.27001953125
2026-09-30 13:00:00-04:00,768.2449951171875,768.4600219726562,768.1599731445312,768.27001953125
2026-09-30 13:05:00-04:00,768.25,768.469970703125,768.219970703125,768.2550048828125
2026-09-30 13:10:00-04:00,768.260009765625,768.3099975585938,767.5999755859375,767.69921875
2026-09-30 13:15:00-04:00,767.6900024414062,767.6900024414062,766.8049926757812,766.8200073242188
2026-09-30 13:20:00-04:00,766.8099975585938,767.1799926757812,766.6489868164062,767.010009765625
2026-09-30 13:25:00-04:00,767.0198974609375,767.0399780273438,766.260009765625,767.0
2026-09-30 13:30:00-04:00,766.989990234375,767.3699951171875,766.969970703125,767.1950073242188
2026-09-30 13:35:00-04:00,767.2100219726562,767.510009765625,767.02001953125,767.4699096679688
2026-09-30 13:40:00-04:00,767.489990234375,767.719970703125,767.3099975585938,767.4849853515625
2026-09-30 13:45:00-04:00,767.5,767.8599853515625,767.2000122070312,767.85498046875
2026-09-30 13:50:00-04:00,767.8699951171875,767.969970703125,767.5599975585938,767.72998046875
2026-09-30 13:55:00-04:00,767.739990234375,767.75,767.5399780273438,767.7000122070312
2026-09-30 14:00:00-04:00,767.6950073242188,767.7000122070312,767.14501953125,767.2999877929688
2026-09-30 14:05:00-04:00,767.3099975585938,767.3795166015625,766.8499755859375,767.1900024414062
2026-09-30 14:10:00-04:00,767.1900024414062,767.5399780273438,767.0850219726562,767.3350219726562
2026-09-30 14:15:00-04:00,767.3300170898438,767.3800048828125,766.9500122070312,766.989990234375
2026-09-30 14:20:00-04:00,766.989990234375,767.0599975585938,766.5900268554688,766.5900268554688
2026-09-30 14:25:00-04:00,766.5900268554688,766.8200073242188,766.3099975585938,766.760009765625
2026-09-30 14:30:00-04:00,766.75,766.8400268554688,766.1011962890625,766.239990234375
2026-09-30 14:35:00-04:00,766.2449951171875,766.8699951171875,766.1500244140625,766.7899780273438
2026-09-30 14:40:00-04:00,766.7899780273438,766.969970703125,766.6950073242188,766.846923828125
2026-09-30 14:45:00-04:00,766.8599853515625,766.8900146484375,766.1500244140625,766.27001953125
2026-09-30 14:50:00-04:00,766.280029296875,766.4199829101562,766.010009765625,766.2098999023438
2026-09-30 14:55:00-04:00,766.1900024414062,766.6300048828125,766.1599731445312,766.4600219726562
2026-09-30 15:00:00-04:00,766.47998046875,766.8300170898438,766.4600219726562,766.760009765625
2026-09-30 15:05:00-04:00,766.77001953125,766.8499755859375,766.6300048828125,766.7999877929688
2026-09-30 15:10:00-04:00,766.8099975585938,766.8800048828125,766.52001953125,766.8300170898438
2026-09-30 15:15:00-04:00,766.7999877929688,766.8300170898438,766.4600219726562,766.6699829101562
2026-09-30 15:20:00-04:00,766.6699829101562,766.6799926757812,766.239990234375,766.3200073242188
2026-09-30 15:25:00-04:00,766.3200073242188,766.5,766.239990234375,766.3400268554688
2026-09-30 15:30:00-04:00,766.3400268554688,766.4349975585938,766.0499877929688,766.1599731445312
2026-09-30 15:35:00-04:00,766.1599731445312,766.4400024414062,765.72998046875,765.97998046875
2026-09-30 15:40:00-04:00,765.9600219726562,766.0800170898438,765.52001953125,765.75
2026-09-30 15:45:00-04:00,765.75,765.8499755859375,765.2899780273438,765.3200073242188
2026-09-30 15:50:00-04:00,765.3099975585938,765.3099975585938,763.780029296875,763.8400268554688
2026-09-30 15:55:00-04:00,763.8200073242188,764.0599975585938,762.2000122070312,762.4400024414062
2026-10-01 09:30:00-04:00,764.3599853515625,765.260009765625,763.3900146484375,764.780029296875
2026-10-01 09:35:00-04:00,764.75,765.3400268554688,764.4600219726562,764.6300048828125
2026-10-01 09:40:00-04:00,764.6099853515625,764.6199951171875,763.2100219726562,763.4199829101562
2026-10-01 09:45:00-04:00,763.4199829101562,763.9299926757812,762.5932006835938,762.6199951171875
2026-10-01 09:50:00-04:00,762.6099853515625,763.989990234375,762.6099853515625,763.760009765625
2026-10-01 09:55:00-04:00,763.760009765625,764.0399780273438,762.4500122070312,762.5800170898438
2026-10-01 10:00:00-04:00,762.5601196289062,762.72998046875,759.8900146484375,760.0900268554688
2026-10-01 10:05:00-04:00,760.0800170898438,761.6384887695312,759.7100219726562,761.5599975585938
2026-10-01 10:10:00-04:00,761.5750122070312,761.5850219726562,760.2999877929688,760.89501953125
2026-10-01 10:15:00-04:00,760.8800048828125,761.280029296875,760.1300048828125,760.580078125
2026-10-01 10:20:00-04:00,760.5999755859375,760.8599853515625,759.780029296875,760.3900146484375
2026-10-01 10:25:00-04:00,760.3900146484375,761.0399780273438,760.0399780273438,760.5
2026-10-01 10:30:00-04:00,760.4400024414062,761.5349731445312,760.1300048828125,761.530029296875
2026-10-01 10:35:00-04:00,761.530029296875,762.1099853515625,761.1500244140625,762.030029296875
2026-10-01 10:40:00-04:00,762.0,762.1799926757812,761.2899780273438,761.4199829101562
2026-10-01 10:45:00-04:00,761.4299926757812,762.1099853515625,760.8399047851562,761.239990234375
2026-10-01 10:50:00-04:00,761.239990234375,761.4500122070312,760.0900268554688,760.469970703125
2026-10-01 10:55:00-04:00,760.47998046875,761.3200073242188,759.9299926757812,760.4099731445312
2026-10-01 11:00:00-04:00,760.4099731445312,760.5499877929688,759.2899780273438,759.530029296875
2026-10-01 11:05:00-04:00,759.5599975585938,759.8699951171875,759.0,759.3099975585938
2026-10-01 11:10:00-04:00,759.2999877929688,760.3499755859375,758.7901000976562,760.260009765625
2026-10-01 11:15:00-04:00,760.260009765625,761.1699829101562,760.0,760.72998046875
2026-10-01 11:20:00-04:00,760.72998046875,761.1400146484375,760.3499755859375,760.6799926757812
2026-10-01 11:25:00-04:00,760.7000122070312,761.3300170898438,760.3699951171875,760.4000244140625
2026-10-01 11:30:00-04:00,760.4199829101562,760.510009765625,759.530029296875,759.5499877929688
2026-10-01 11:35:00-04:00,759.5399780273438,760.8699951171875,759.25,760.510009765625
2026-10-01 11:40:00-04:00,760.510009765625,760.8602905273438,759.3699951171875,759.6749877929688
2026-10-01 11:45:00-04:00,759.6900024414062,760.3699951171875,759.52001953125,760.1589965820312
2026-10-01 11:50:00-04:00,760.1400146484375,760.1599731445312,759.27001953125,759.719970703125
2026-10-01 11:55:00-04:00,759.7050170898438,760.9000244140625,759.6849975585938,760.6699829101562
2026-10-01 12:00:00-04:00,760.6599731445312,761.25,760.25,761.0850219726562
2026-10-01 12:05:00-04:00,761.0549926757812,761.280029296875,760.5900268554688,760.9000244140625
2026-10-01 12:10:00-04:00,760.9199829101562,761.1799926757812,760.4299926757812,760.5700073242188
2026-10-01 12:15:00-04:00,760.5700073242188,761.5999755859375,760.4400024414062,761.030029296875
2026-10-01 12:20:00-04:00,761.0399780273438,761.75,760.8099975585938,761.6500244140625
2026-10-01 12:25:00-04:00,761.6400146484375,761.7100219726562,761.2650146484375,761.2849731445312
2026-10-01 12:30:00-04:00,761.2899780273438,762.4000244140625,761.1699829101562,762.3201293945312
2026-10-01 12:35:00-04:00,762.3200073242188,762.5800170898438,761.0,761.8800048828125
2026-10-01 12:40:00-04:00,761.8900146484375,762.1699829101562,761.469970703125,762.0
2026-10-01 12:45:00-04:00,762.02001953125,762.280029296875,761.80126953125,761.8599853515625
2026-10-01 12:50:00-04:00,761.8300170898438,762.0,760.8099975585938,760.8800048828125
2026-10-01 12:55:00-04:00,760.8900146484375,761.010009765625,760.2899780273438,760.9349975585938
2026-10-01 13:00:00-04:00,760.9099731445312,761.9299926757812,760.739990234375,761.8499755859375
2026-10-01 13:05:00-04:00,761.8599853515625,762.02001953125,761.5700073242188,761.625
2026-10-01 13:10:00-04:00,761.6500244140625,762.27001953125,761.5599975585938,761.9299926757812
2026-10-01 13:15:00-04:00,761.9299926757812,762.739990234375,761.7899780273438,762.5499877929688
2026-10-01 13:20:00-04:00,762.5599975585938,763.6699829101562,762.548828125,763.6599731445312
2026-10-01 13:25:00-04:00,763.6699829101562,763.9600219726562,763.47998046875,763.6849975585938
2026-10-01 13:30:00-04:00,763.6900024414062,765.1699829101562,763.6599731445312,764.6099853515625
2026-10-01 13:35:00-04:00,764.6199951171875,764.6300048828125,764.0599975585938,764.280029296875
2026-10-01 13:40:00-04:00,764.280029296875,764.9650268554688,764.1033935546875,764.8200073242188
2026-10-01 13:45:00-04:00,764.8150024414062,765.3200073242188,764.489990234375,764.530029296875
2026-10-01 13:50:00-04:00,764.5050048828125,764.72998046875,763.780029296875,763.8200073242188
2026-10-01 13:55:00-04:00,763.7899780273438,764.1300048828125,763.260009765625,763.530517578125
2026-10-01 14:00:00-04:00,763.5599975585938,763.75,762.8800048828125,763.0700073242188
2026-10-01 14:05:00-04:00,763.0800170898438,763.1699829101562,762.2009887695312,762.6500244140625
2026-10-01 14:10:00-04:00,762.6699829101562,763.5399780273438,762.47998046875,763.3300170898438
2026-10-01 14:15:00-04:00,763.3400268554688,763.8099975585938,763.27001953125,763.489990234375
2026-10-01 14:20:00-04:00,763.489990234375,764.219970703125,763.010009765625,763.969970703125
2026-10-01 14:25:00-04:00,763.9600219726562,764.25,763.72998046875,764.1199951171875
2026-10-01 14:30:00-04:00,764.1300048828125,765.1500244140625,763.72998046875,765.114990234375
2026-10-01 14:35:00-04:00,765.0999755859375,765.1300048828125,764.2899780273438,764.3800048828125
2026-10-01 14:40:00-04:00,764.3800048828125,764.5800170898438,764.1099853515625,764.3250122070312
2026-10-01 14:45:00-04:00,764.3300170898438,764.4099731445312,764.0599975585938,764.2999877929688
2026-10-01 14:50:00-04:00,764.2999877929688,764.6900024414062,764.1583251953125,764.5499877929688
2026-10-01 14:55:00-04:00,764.5599975585938,764.8400268554688,764.4099731445312,764.7999877929688
2026-10-01 15:00:00-04:00,764.8060302734375,764.905029296875,764.2100219726562,764.530029296875
2026-10-01 15:05:00-04:00,764.530029296875,764.6400146484375,764.2100219726562,764.5499877929688
2026-10-01 15:10:00-04:00,764.5504760742188,764.77001953125,764.4199829101562,764.5800170898438
2026-10-01 15:15:00-04:00,764.5700073242188,764.6900024414062,764.3200073242188,764.6799926757812
2026-10-01 15:20:00-04:00,764.6799926757812,764.8200073242188,764.3400268554688,764.3800048828125
2026-10-01 15:25:00-04:00,764.3800048828125,764.5399780273438,764.260009765625,764.5150756835938
2026-10-01 15:30:00-04:00,764.510009765625,764.8099975585938,764.344970703125,764.4199829101562
2026-10-01 15:35:00-04:00,764.4199829101562,764.75,764.219970703125,764.6199951171875
2026-10-01 15:40:00-04:00,764.6199951171875,764.9199829101562,764.5900268554688,764.6400146484375
2026-10-01 15:45:00-04:00,764.6199951171875,765.030029296875,764.5499877929688,764.8599853515625
2026-10-01 15:50:00-04:00,764.8599853515625,765.6500244140625,764.4949951171875,764.52001953125
2026-10-01 15:55:00-04:00,764.5,764.5,763.469970703125,764.02001953125
2026-10-02 09:30:00-04:00,770.5800170898438,770.8400268554688,769.489990234375,770.7000122070312
2026-10-02 09:35:00-04:00,770.6900024414062,771.1199951171875,770.4099731445312,770.7899780273438
2026-10-02 09:40:00-04:00,770.8099975585938,771.6500244140625,770.2520141601562,771.625
2026-10-02 09:45:00-04:00,771.6400146484375,772.0900268554688,771.1699829101562,771.3499755859375
2026-10-02 09:50:00-04:00,771.3699951171875,771.75,770.1599731445312,770.2100219726562
2026-10-02 09:55:00-04:00,770.1900024414062,770.6699829101562,769.0700073242188,770.5499877929688
2026-10-02 10:00:00-04:00,770.5599975585938,771.6599731445312,769.8800048828125,771.6300048828125
2026-10-02 10:05:00-04:00,771.6199951171875,771.7999877929688,771.0499877929688,771.1400146484375
2026-10-02 10:10:00-04:00,771.1599731445312,771.6799926757812,770.7000122070312,771.469970703125
2026-10-02 10:15:00-04:00,771.4749755859375,772.0700073242188,771.1799926757812,771.97998046875
2026-10-02 10:20:00-04:00,771.97998046875,772.3499755859375,771.6799926757812,772.3499755859375
2026-10-02 10:25:00-04:00,772.3400268554688,772.489990234375,772.02001953125,772.0800170898438
2026-10-02 10:30:00-04:00,772.0800170898438,772.1300048828125,771.3049926757812,771.7650146484375
2026-10-02 10:35:00-04:00,771.77001953125,772.1900024414062,771.6599731445312,772.0599975585938
2026-10-02 10:40:00-04:00,772.0800170898438,772.6500244140625,771.8699951171875,772.1300048828125
2026-10-02 10:45:00-04:00,772.135009765625,772.4425048828125,771.7899780273438,772.0750122070312
2026-10-02 10:50:00-04:00,772.0800170898438,772.094970703125,770.8200073242188,770.9400024414062
2026-10-02 10:55:00-04:00,770.969970703125,771.6300048828125,770.75,770.969970703125
2026-10-02 11:00:00-04:00,770.989990234375,771.1199951171875,769.9099731445312,769.969970703125
2026-10-02 11:05:00-04:00,769.969970703125,770.0399780273438,768.9390258789062,769.030029296875
2026-10-02 11:10:00-04:00,769.02001953125,769.260009765625,768.1699829101562,768.6699829101562
2026-10-02 11:15:00-04:00,768.6599731445312,769.0700073242188,767.9299926757812,768.1605224609375
2026-10-02 11:20:00-04:00,768.1599731445312,768.510009765625,767.35498046875,767.35498046875
2026-10-02 11:25:00-04:00,767.35498046875,768.8599853515625,767.14501953125,768.7899780273438
2026-10-02 11:30:00-04:00,768.7999877929688,769.239990234375,768.1400146484375,769.1900024414062
2026-10-02 11:35:00-04:00,769.1699829101562,769.469970703125,768.8200073242188,769.2899780273438
2026-10-02 11:40:00-04:00,769.2899780273438,769.510009765625,768.739990234375,769.0399780273438
2026-10-02 11:45:00-04:00,769.030029296875,769.3200073242188,768.8499755859375,768.9400024414062
2026-10-02 11:50:00-04:00,768.9400024414062,769.2899780273438,768.510009765625,768.6699829101562
2026-10-02 11:55:00-04:00,768.6500244140625,769.280029296875,768.52001953125,769.22998046875
2026-10-02 12:00:00-04:00,769.260009765625,769.8599853515625,769.0900268554688,769.5
2026-10-02 12:05:00-04:00,769.52001953125,769.8599853515625,769.280029296875,769.781005859375
2026-10-02 12:10:00-04:00,769.7899780273438,769.9099731445312,769.280029296875,769.5599975585938
2026-10-02 12:15:00-04:00,769.5399780273438,769.7999877929688,769.364990234375,769.6799926757812
2026-10-02 12:20:00-04:00,769.6900024414062,769.72998046875,769.030029296875,769.1099853515625
2026-10-02 12:25:00-04:00,769.1199951171875,769.4249877929688,768.8099975585938,768.9600219726562
2026-10-02 12:30:00-04:00,768.969970703125,769.4450073242188,768.9650268554688,769.239990234375
2026-10-02 12:35:00-04:00,769.22998046875,769.8499755859375,769.0999755859375,769.72998046875
2026-10-02 12:40:00-04:00,769.7579956054688,769.7698974609375,768.7100219726562,769.02001953125
2026-10-02 12:45:00-04:00,769.02001953125,769.3300170898438,768.8599853515625,769.0
2026-10-02 12:50:00-04:00,768.9500122070312,769.60498046875,768.8300170898438,769.47998046875
2026-10-02 12:55:00-04:00,769.489990234375,769.6099853515625,769.1900024414062,769.3125
2026-10-02 13:00:00-04:00,769.3300170898438,770.0499877929688,769.3150024414062,769.75
2026-10-02 13:05:00-04:00,769.7670288085938,769.8599853515625,769.2000122070312,769.5
2026-10-02 13:10:00-04:00,769.510009765625,769.6599731445312,769.0238037109375,769.3049926757812
2026-10-02 13:15:00-04:00,769.2899780273438,769.6599731445312,769.155029296875,769.530029296875
2026-10-02 13:20:00-04:00,769.530029296875,769.5800170898438,768.6400146484375,768.780029296875
2026-10-02 13:25:00-04:00,768.780029296875,768.89501953125,768.3200073242188,768.5399780273438
2026-10-02 13:30:00-04:00,768.47998046875,769.2999877929688,768.4199829101562,769.0900268554688
2026-10-02 13:35:00-04:00,769.0999755859375,769.1099853515625,768.6699829101562,768.8699951171875
2026-10-02 13:40:00-04:00,768.8699951171875,769.0599975585938,768.5650024414062,768.969970703125
2026-10-02 13:45:00-04:00,768.9500122070312,769.2100219726562,768.864990234375,769.2000122070312
2026-10-02 13:50:00-04:00,769.1849975585938,769.469970703125,768.6599731445312,769.4000244140625
2026-10-02 13:55:00-04:00,769.4005737304688,769.4199829101562,768.8300170898438,769.1699829101562
2026-10-02 14:00:00-04:00,769.1799926757812,769.3699951171875,768.9299926757812,769.260009765625
2026-10-02 14:05:00-04:00,769.1699829101562,769.239990234375,768.885009765625,769.1300048828125
2026-10-02 14:10:00-04:00,769.1400146484375,769.3499755859375,768.9600219726562,769.25
2026-10-02 14:15:00-04:00,769.25,769.260009765625,768.739990234375,768.8800048828125
2026-10-02 14:20:00-04:00,768.8699951171875,768.9400024414062,768.510009765625,768.5999755859375
2026-10-02 14:25:00-04:00,768.6119995117188,769.02001953125,768.5,768.969970703125
2026-10-02 14:30:00-04:00,768.9500122070312,769.22998046875,768.75,768.989990234375
2026-10-02 14:35:00-04:00,768.989990234375,769.1500244140625,768.77001953125,768.8400268554688
2026-10-02 14:40:00-04:00,768.8300170898438,769.2999877929688,768.760009765625,769.219970703125
2026-10-02 14:45:00-04:00,769.2249755859375,769.3256225585938,769.1099853515625,769.1799926757812
2026-10-02 14:50:00-04:00,769.1849975585938,769.3400268554688,769.0999755859375,769.3400268554688
2026-10-02 14:55:00-04:00,769.3400268554688,769.3900146484375,769.1400146484375,769.2899780273438
2026-10-02 15:00:00-04:00,769.2999877929688,769.4299926757812,769.1400146484375,769.2899780273438
2026-10-02 15:05:00-04:00,769.3099975585938,769.3200073242188,768.9600219726562,769.030029296875
2026-10-02 15:10:00-04:00,769.02001953125,769.2100219726562,768.97998046875,769.1500244140625
2026-10-02 15:15:00-04:00,769.1699829101562,769.52001953125,769.030029296875,769.3350219726562
2026-10-02 15:20:00-04:00,769.3400268554688,769.4453125,769.1400146484375,769.4000244140625
2026-10-02 15:25:00-04:00,769.4000244140625,769.5999755859375,769.1599731445312,769.3499755859375
2026-10-02 15:30:00-04:00,769.3499755859375,769.760009765625,769.2999877929688,769.72998046875
2026-10-02 15:35:00-04:00,769.719970703125,770.0499877929688,769.64501953125,769.7999877929688
2026-10-02 15:40:00-04:00,769.8005981445312,769.875,769.52001953125,769.6300048828125
2026-10-02 15:45:00-04:00,769.6400146484375,770.0767822265625,769.4099731445312,769.5549926757812
2026-10-02 15:50:00-04:00,769.5700073242188,769.969970703125,769.469970703125,769.530029296875
2026-10-02 15:55:00-04:00,769.5399780273438,769.72998046875,769.1699829101562,769.6699829101562
