date,dir,ret,gross,stop_pct,stopped,setup,instrument,slot
2000-10-31,-1.0,0.004545167971214434,0.004917770710940461,0.037943308070569025,False,CLOSE,US500,1460849
2000-11-06,-1.0,0.0040833485172146215,0.004455951256940649,0.031064694803774995,False,CLOSE,US500,1460861
2000-11-07,-1.0,-0.0025471155833286215,-0.002174512843602594,0.027694130700496665,False,CLOSE,US500,1460863
2000-12-05,-1.0,-0.0008264706516488391,-0.00045386791192281173,0.03172714749051022,False,CLOSE,US500,1460919
2000-12-28,-1.0,-0.0029431615658951056,-0.002570558826169078,0.03732146809350068,False,CLOSE,US500,1460965
2001-01-17,-1.0,-0.00025537699143559923,0.0001172257482904282,0.03492397497270089,False,CLOSE,US500,1461005
2001-01-18,-1.0,-0.0108059556578762,-0.010433352918150174,0.03480341776359185,False,CLOSE,US500,1461007
2001-01-24,-1.0,0.0005432933688364366,0.000915896108562464,0.02747316614444098,False,CLOSE,US500,1461019
2001-01-30,-1.0,0.0025305211560318367,0.0029031238957578642,0.023644516585689772,False,CLOSE,US500,1461031
2001-03-08,-1.0,0.007651139091644418,0.008023741831370446,0.03348638520672969,False,CLOSE,US500,1461105
2001-03-27,-1.0,0.011545129475546232,0.011917732215272259,0.04145705378397312,False,CLOSE,US500,1461143
2001-04-12,-1.0,0.004421665024505393,0.004712075983409503,0.040116690815319066,False,CLOSE,US500,1461175
2001-04-18,-1.0,-0.0023887978122606153,-0.002016195072534588,0.04086126592446368,False,CLOSE,US500,1461187
2001-04-19,-1.0,0.005596146806997412,0.00596874954672344,0.0385339924863013,False,CLOSE,US500,1461189
2001-04-27,-1.0,-0.005644346244864693,-0.005326538025686611,0.033110588956269116,False,CLOSE,US500,1461205
2001-04-30,-1.0,0.01218050683761299,0.012553109577339017,0.033210454706867884,False,CLOSE,US500,1461211
2001-05-01,-1.0,-0.003206146636334531,-0.0028335438966085036,0.03256880325133715,False,CLOSE,US500,1461213
2001-05-16,-1.0,-0.0007605422194517348,-0.0003879394797257074,0.025591298953617052,False,CLOSE,US500,1461243
2001-05-17,-1.0,9.18790481876679e-05,0.0004644817879136953,0.02505387264745401,False,CLOSE,US500,1461245
2001-05-18,-1.0,-0.0010884698059862455,-0.0007706615868081634,0.0241471416714771,False,CLOSE,US500,1461247
2001-05-21,-1.0,-0.0017397348573383292,-0.001367132117612302,0.023910752070432743,False,CLOSE,US500,1461253
2001-06-05,-1.0,-0.000605519436962379,-0.00023291669723635167,0.02267633877791305,False,CLOSE,US500,1461283
2001-06-21,-1.0,0.0022925707965425783,0.0026651735362686058,0.023234068906766554,False,CLOSE,US500,1461315
2001-07-02,-1.0,0.0008355316265644979,0.0012081343662905253,0.02348279186279859,False,CLOSE,US500,1461337
2001-07-03,-1.0,0.007954361688358275,0.008299567167810329,0.022759303614749,False,CLOSE,US500,1461339
2001-07-31,-1.0,-0.005481427094975758,-0.00510882435524973,0.02481905927948038,False,CLOSE,US500,1461395
2001-08-01,-1.0,-0.009545459280895088,-0.009172856541169061,0.023137815816383387,False,CLOSE,US500,1461397
2001-08-02,-1.0,0.0016668494536542817,0.002039452193380309,0.022746337369981398,False,CLOSE,US500,1461399
2001-09-28,-1.0,0.004853111564964998,0.00517091978414308,0.055829728571229614,False,CLOSE,US500,1461513
2001-10-02,-1.0,0.008909621804635868,0.009282224544361894,0.05359242294516163,False,CLOSE,US500,1461521
2001-10-03,-1.0,-0.009129052888469182,-0.008756450148743156,0.053626808736572884,False,CLOSE,US500,1461523
2001-10-04,-1.0,0.0013959966913470762,0.0017685994310731035,0.05316295268811711,False,CLOSE,US500,1461525
2001-10-11,-1.0,0.007355483758257705,0.007728086497983733,0.03562029868703654,False,CLOSE,US500,1461539
2001-11-05,-1.0,0.0026085014305932434,0.002981104170319271,0.03120963295163854,False,CLOSE,US500,1461589
2001-11-06,-1.0,0.005232927951511454,0.005605530691237481,0.029902729327691085,False,CLOSE,US500,1461591
2001-11-08,-1.0,0.0027356802052386523,0.00310828294496468,0.03018266397085441,False,CLOSE,US500,1461595
2001-11-09,-1.0,0.014941348232921772,0.015259156452099853,0.029352087482081853,False,CLOSE,US500,1461597
2001-11-15,-1.0,-0.002201181456893489,-0.0018285787171674617,0.027935326596752994,False,CLOSE,US500,1461609
2001-12-05,-1.0,0.00013901664725427245,0.0005116193869802999,0.021392030313923616,False,CLOSE,US500,1461649
2001-12-10,1.0,0.010628030430037006,0.011219811251954814,0.052839763620939645,False,CLOSE,US100,1461659
2001-12-11,1.0,0.005956551053971405,0.006548331875889213,0.050596048206157165,False,CLOSE,US100,1461661
2001-12-19,-1.0,0.0021321326951551393,0.002504735434881167,0.021217524132513356,False,CLOSE,US500,1461677
2001-12-19,1.0,-0.010712632663987042,-0.010120851842069234,0.050331460175790335,False,CLOSE,US100,1461677
2001-12-28,1.0,-0.0014711268553389543,-0.0004957843895855296,0.04240014406061474,False,CLOSE,US100,1461695
2002-01-09,1.0,0.0008682302272462368,0.001460011049164045,0.044514657226307,False,CLOSE,US100,1461719
2002-06-18,-1.0,0.01363144444894163,0.014004047188667657,0.030376097925643733,False,CLOSE,US500,1462039
2002-07-29,-1.0,0.004640325351114946,0.0050129280908409735,0.06368662453426022,False,CLOSE,US500,1462121
2002-07-30,-1.0,0.0045760598395347156,0.004948662579260743,0.06127673360039365,False,CLOSE,US500,1462123
2002-07-31,-1.0,0.0026987260546575157,0.0030713287943835432,0.0602708844796699,False,CLOSE,US500,1462125
2002-08-19,-1.0,0.005707744974885384,0.0060803477146114115,0.04561991106410475,False,CLOSE,US500,1462163
2002-10-15,-1.0,0.014169818946171229,0.014542421685897255,0.051046813269238545,False,CLOSE,US500,1462277
2002-11-05,-1.0,-0.007231771111144783,-0.006859168371418756,0.038389467522224316,False,CLOSE,US500,1462319
2002-11-06,-1.0,0.010590886850632728,0.010963489590358755,0.03735722701116057,False,CLOSE,US500,1462321
2002-11-15,-1.0,-0.008524464766269377,-0.008206656547091296,0.0347336253474931,False,CLOSE,US500,1462339
2002-11-21,-1.0,0.006110894608465397,0.006483497348191425,0.031702328787025606,False,CLOSE,US500,1462351
2003-01-02,-1.0,0.001384766974768889,0.0017573697144949163,0.026421366834484192,False,CLOSE,US500,1462435
2003-01-03,-1.0,0.0008856824460156806,0.0012034906651937627,0.025866908149063807,False,CLOSE,US500,1462437
2003-01-06,-1.0,0.00027300627892493367,0.0006456090186509611,0.026372450633927326,False,CLOSE,US500,1462443
2003-02-18,-1.0,0.0032479273391538303,0.0036205300788798578,0.03233181335470234,False,CLOSE,US500,1462529
2003-03-17,-1.0,-0.004637211846004155,-0.004264609106278128,0.031927993004629694,False,CLOSE,US500,1462583
2003-03-18,-1.0,-0.00025738017891626953,0.0001152225608097579,0.03127500045915499,False,CLOSE,US500,1462585
2003-03-19,-1.0,0.006790429940378736,0.007163032680104764,0.030902815841520923,False,CLOSE,US500,1462587
2003-03-20,-1.0,-0.011808186248924182,-0.011435583509198155,0.03225831597892845,False,CLOSE,US500,1462589
2003-03-24,1.0,0.003632329672663904,0.004224110494581712,0.04707037002969479,False,CLOSE,US100,1462597
2003-03-31,1.0,0.006932356878191149,0.007524137700108957,0.049943323267408773,False,CLOSE,US100,1462611
2003-04-04,1.0,0.03971574931804784,0.04069109178380126,0.04293936644254506,False,CLOSE,US100,1462619
2003-04-07,1.0,0.001707931375202188,0.0022997121971199963,0.04533754369179521,False,CLOSE,US100,1462625
2003-04-09,1.0,-0.0005915986995510651,1.8212236674308713e-07,0.04515485071480521,False,CLOSE,US100,1462629
2003-04-11,1.0,0.0025532656042815413,0.0035286080700349665,0.04040433477706337,False,CLOSE,US100,1462633
2003-04-16,1.0,-0.002880201059933706,-0.002288420238015898,0.04037267109537787,False,CLOSE,US100,1462643
2003-04-25,1.0,0.002735265090864137,0.0037106075566175623,0.037291300645532786,False,CLOSE,US100,1462661
2003-04-30,1.0,-0.0009566267711014313,-0.0003648459491836231,0.033723639472989564,False,CLOSE,US100,1462671
2003-05-05,1.0,-0.0016534964219671149,-0.0010617156000493067,0.032844495419903384,False,CLOSE,US100,1462681
2003-05-08,1.0,0.009130642690892355,0.009722423512810163,0.032023212575878285,False,CLOSE,US100,1462687
2003-05-19,1.0,0.001243400121363248,0.0018351809432810562,0.023776014433103503,False,CLOSE,US500,1462709
2003-05-19,1.0,0.0019367819604318886,0.002528562782349697,0.03335393964324343,False,CLOSE,US100,1462709
2003-05-20,1.0,-0.004377521531817485,-0.0037857407098996765,0.02414933783642446,False,CLOSE,US500,1462711
2003-06-06,1.0,-0.005289780627653339,-0.004314438161899914,0.036876010094721495,False,CLOSE,US100,1462745
2003-06-13,1.0,0.00603435022007598,0.007009692685829405,0.03865868452983094,False,CLOSE,US100,1462759
2003-06-19,1.0,0.008284376380774939,0.008876157202692747,0.0386728925570866,False,CLOSE,US100,1462771
2003-06-23,1.0,-0.0026237209801095555,-0.0020319401581917473,0.02353839552460952,False,CLOSE,US500,1462779
2003-06-25,1.0,0.005844638283134741,0.006436419105052549,0.03858162863495653,False,CLOSE,US100,1462783
2003-06-25,1.0,0.001971926003660352,0.0025637068255781603,0.023567945651532703,False,CLOSE,US500,1462783
2003-06-27,1.0,0.010087481681480494,0.011062824147233918,0.036169310396448086,False,CLOSE,US100,1462787
2003-07-03,1.0,0.011585952540496526,0.01275307582816776,0.03601801469586451,False,CLOSE,US100,1462799
2003-07-17,1.0,0.00646425534546612,0.007056036167383928,0.038039506345428735,False,CLOSE,US100,1462827
2003-07-17,1.0,0.004686869355448254,0.005278650177366062,0.02475698413358475,False,CLOSE,US500,1462827
2003-07-24,1.0,-0.0021952075841380585,-0.0016034267622202503,0.03742095934967099,False,CLOSE,US100,1462841
2003-08-05,1.0,0.004373651310422878,0.004965432132340686,0.03926091399860093,False,CLOSE,US100,1462865
2003-08-05,1.0,0.002208739904622215,0.0028005207265400234,0.0253465920956689,False,CLOSE,US500,1462865
2003-08-06,1.0,0.0004017830532221274,0.0009935638751399356,0.037689875377216346,False,CLOSE,US100,1462867
2003-08-22,1.0,-0.003441130230263988,-0.002465787764510563,0.029857314521748453,False,CLOSE,US100,1462899
2003-09-15,1.0,0.00030387978824441067,0.0008956606101622189,0.0287932466514315,False,CLOSE,US100,1462947
2003-09-24,1.0,0.004224679571884316,0.004816460393802124,0.03363947731732121,False,CLOSE,US100,1462965
2003-09-25,1.0,0.0024578523622151745,0.0030496331841329827,0.03509355897632441,False,CLOSE,US100,1462967
2003-09-25,1.0,0.001003638416350084,0.0015954192382678922,0.018987242435222887,False,CLOSE,US500,1462967
2003-09-26,1.0,0.004549331564037974,0.005524674029791399,0.03551707540589825,False,CLOSE,US100,1462969
2003-09-26,1.0,0.0025267757735552574,0.0035021182393086825,0.0187969676063085,False,CLOSE,US500,1462969
2003-09-30,1.0,0.005268548281954544,0.005860329103872353,0.03549405049892537,False,CLOSE,US100,1462977
2003-10-15,1.0,-0.0028656661513543173,-0.002273885329436509,0.028293317045315642,False,CLOSE,US100,1463007
2003-10-17,1.0,0.0001811148160411626,0.0011564572817945873,0.028728352424793796,False,CLOSE,US100,1463011
2003-11-04,1.0,-0.0005920609670283621,-2.8014511055385327e-07,0.027087329962610034,False,CLOSE,US100,1463047
2003-11-07,1.0,0.000989509302102677,0.0019648517678561017,0.027033768435045204,False,CLOSE,US100,1463053
2003-11-10,1.0,-0.0017282642482097203,-0.0011364834262919121,0.027798039060631687,False,CLOSE,US100,1463059
2003-11-14,1.0,-0.006683331009669945,-0.00570798854391652,0.028803777397733966,False,CLOSE,US100,1463067
2003-11-18,1.0,0.0032455482940616405,0.0038373291159794487,0.031023433052374687,False,CLOSE,US100,1463075
2003-11-18,1.0,0.001237917806202738,0.0018296986281205463,0.016013619323058857,False,CLOSE,US500,1463075
2003-11-20,1.0,0.005311589961800135,0.005903370783717943,0.031339707435468066,False,CLOSE,US100,1463079
2003-12-03,1.0,0.0030966800848168836,0.003688460906734692,0.02924016757812424,False,CLOSE,US100,1463105
2003-12-05,1.0,-0.001546781214628977,-0.0005714387488755523,0.029048385371080346,False,CLOSE,US100,1463109
2003-12-09,1.0,0.00144148303029289,0.0020332638522106983,0.028722819644586096,False,CLOSE,US100,1463117
2003-12-15,1.0,-0.0003040361925152995,0.0002877446294025088,0.029388718237462513,False,CLOSE,US100,1463129
2003-12-26,1.0,0.004046542014306377,0.005021884480059802,0.02536425910769253,False,CLOSE,US100,1463151
2004-01-09,1.0,0.002205381394431217,0.003180723860184642,0.019251961858213637,False,CLOSE,US100,1463179
2004-01-22,1.0,0.0009798738401434089,0.001571654662061217,0.024742514250660513,False,CLOSE,US100,1463205
2004-01-27,1.0,0.00470767232758117,0.005299453149498978,0.02668635322214513,False,CLOSE,US100,1463215
2004-01-28,1.0,0.0031819593629205285,0.0037737401848383367,0.028446288602758593,False,CLOSE,US100,1463217
2004-02-04,1.0,0.004362631173443699,0.004954411995361507,0.028134925710372093,False,CLOSE,US100,1463231
2004-02-12,1.0,0.0031662499284745745,0.0037580307503923827,0.024592503016661618,False,CLOSE,US100,1463247
2004-02-13,1.0,0.008036932129707443,0.009204055417378676,0.02595907966787734,False,CLOSE,US100,1463249
2004-02-19,1.0,-5.099303695367199e-05,0.0005407877849641363,0.02436642415226046,False,CLOSE,US100,1463261
2004-02-24,1.0,2.0042160956846385e-05,0.0006118229828746546,0.016166482721328403,False,CLOSE,US500,1463271
2004-03-02,1.0,-0.0035949686584568867,-0.0030031878365390785,0.026771074875962246,False,CLOSE,US100,1463285
2004-03-08,1.0,0.0005268075493429676,0.0011185883712607758,0.02677822416971703,False,CLOSE,US100,1463297
2004-03-10,1.0,-0.002191176130246008,-0.0015993953083281998,0.01735904576204044,False,CLOSE,US500,1463301
2004-03-10,1.0,-0.0040020929060930015,-0.0034103120841751933,0.026915098918671013,False,CLOSE,US100,1463301
2004-03-11,1.0,0.008298345847093092,0.0088901266690109,0.027592271705605118,False,CLOSE,US100,1463303
2004-03-11,1.0,0.004898318723383966,0.005490099545301774,0.01848384869835034,False,CLOSE,US500,1463303
2004-03-15,1.0,0.005713500763192981,0.006305281585110789,0.027422859018185475,False,CLOSE,US100,1463311
2004-03-19,1.0,-0.007306333552215493,-0.006330991086462068,0.028828344246060993,False,CLOSE,US100,1463319
2004-03-22,1.0,0.004880106586700562,0.00547188740861837,0.020611416609494934,False,CLOSE,US500,1463325
2004-03-23,1.0,0.0005046793063325679,0.001096460128250376,0.020738534688140818,False,CLOSE,US500,1463327
2004-03-26,1.0,0.007258490051317791,0.008233832517071216,0.028717425815309464,False,CLOSE,US100,1463333
2004-04-06,1.0,-0.000321413958494176,0.00027036686342363225,0.025351535629567684,False,CLOSE,US100,1463355
2004-04-13,1.0,-0.006597293386142466,-0.006005512564224658,0.024628491991449588,False,CLOSE,US100,1463369
2004-04-15,1.0,0.0007914097400634097,0.001383190561981218,0.024273822456901822,False,CLOSE,US100,1463373
2004-04-20,1.0,0.00557408247911283,0.0061658633010306385,0.026845741722340524,False,CLOSE,US100,1463383
2004-04-29,1.0,0.002448205342046029,0.003039986163963837,0.019544907334605937,False,CLOSE,US500,1463401
2004-04-30,1.0,0.0027199921359167276,0.0036953346016701527,0.02044169087768521,False,CLOSE,US500,1463403
2004-05-07,1.0,-0.005704546917020103,-0.0047292044512666775,0.02187486688415114,False,CLOSE,US500,1463417
2004-05-10,1.0,0.0051970296968528625,0.005788810518770671,0.02117659758589316,False,CLOSE,US500,1463423
2004-06-04,1.0,0.005932462868303124,0.006907805334056549,0.02312197917336356,False,CLOSE,US100,1463473
2004-06-09,1.0,0.002415161990273019,0.003006942812190827,0.02243614934665023,False,CLOSE,US100,1463483
2004-06-21,1.0,-0.00031479071503893666,0.0002769901068788716,0.02252512522108176,False,CLOSE,US100,1463507
2004-06-28,1.0,0.001568858738831603,0.002160639560749411,0.021243244287154024,False,CLOSE,US100,1463521
2004-07-06,1.0,-0.0013075878609999474,-0.0007158070390821392,0.014196406811864596,False,CLOSE,US500,1463537
2004-07-15,1.0,0.00635766527982894,0.006949446101746748,0.014195389421461403,False,CLOSE,US500,1463555
2004-07-16,1.0,-0.0006139273651881148,0.0003614151005653099,0.014177890628573511,False,CLOSE,US500,1463557
2004-07-19,1.0,0.002038448709601893,0.002630229531519701,0.014014802086657615,False,CLOSE,US500,1463563
2004-08-18,-1.0,0.0016260507382637485,0.0019986534779897758,0.017362071929841186,False,CLOSE,US500,1463623
2004-10-04,1.0,-0.0027950480744830634,-0.0022032672525652552,0.02100966490608334,False,CLOSE,US100,1463717
2004-10-07,1.0,-0.005006949547925365,-0.004415168726007557,0.021345807493200586,False,CLOSE,US100,1463723
2004-10-19,1.0,-0.0019852643761066983,-0.0013934835541888901,0.02493431809981949,False,CLOSE,US100,1463747
2004-11-19,1.0,-0.002784187786430469,-0.0018088453206770438,0.020636402844700315,False,CLOSE,US100,1463809
2004-11-26,1.0,0.005400478747757121,0.006375821213510546,0.018553970002914276,False,CLOSE,US100,1463823
2004-11-30,1.0,0.0032425796388379953,0.0038343604607558035,0.019719565396826774,False,CLOSE,US100,1463831
2004-12-03,1.0,-0.0012247654918769433,-0.00024942302612351863,0.020291257950826067,False,CLOSE,US100,1463837
2004-12-07,1.0,-8.66686711238456e-05,0.0005051121507939627,0.022251545274900426,False,CLOSE,US100,1463845
2004-12-07,1.0,0.000338902864156488,0.0009306836860742962,0.013299827550469632,False,CLOSE,US500,1463845
2004-12-17,1.0,0.0015587502050827273,0.002534092670836152,0.02114367699898645,False,CLOSE,US100,1463865
2004-12-20,1.0,0.004254803505994598,0.0048465843279124066,0.02225449332524042,False,CLOSE,US100,1463871
2005-01-03,1.0,0.0007385338405998428,0.001330314662517651,0.011461441612362762,False,CLOSE,US500,1463899
2005-01-03,1.0,0.003711182652050827,0.004302963473968635,0.01791793392253204,False,CLOSE,US100,1463899
2005-01-04,1.0,-0.0013491248103757562,-0.000757343988457948,0.012796705046370746,False,CLOSE,US500,1463901
2005-01-04,1.0,-0.0031702201891195096,-0.0025784393672017014,0.020607948517178443,False,CLOSE,US100,1463901
2005-01-05,1.0,0.0030519466798917157,0.003643727501809524,0.013297595913800128,False,CLOSE,US500,1463903
2005-01-05,1.0,0.0017433864751445934,0.0023351672970624016,0.020639049245080143,False,CLOSE,US100,1463903
2005-01-06,1.0,0.00488398480526352,0.005475765627181328,0.02003160482046618,False,CLOSE,US100,1463905
2005-01-13,1.0,0.002822471164629182,0.00341425198654699,0.022008237622270686,False,CLOSE,US100,1463919
2005-01-19,1.0,-0.01188378220152354,-0.011292001379605732,0.02318415185801941,False,CLOSE,US100,1463931
2005-01-20,1.0,0.0028888378397970878,0.003480618661714896,0.02527240351563623,False,CLOSE,US100,1463933
2005-01-21,1.0,0.0009146004789384889,0.0018899429446919136,0.026113235785586206,False,CLOSE,US100,1463935
2005-01-24,1.0,0.0059776789346153054,0.006569459756533114,0.025956995439108205,False,CLOSE,US100,1463941
2005-01-24,1.0,0.0024964970257541526,0.003088277847671961,0.01600479209234609,False,CLOSE,US500,1463941
2005-01-25,1.0,0.0062186025839947486,0.006810383405912557,0.023990939071404625,False,CLOSE,US100,1463943
2005-02-09,1.0,0.0034507169710515824,0.004042497792969391,0.021855899281847686,False,CLOSE,US100,1463973
2005-02-17,1.0,-0.00032517506918528996,0.0002666057527325183,0.02113120285113726,False,CLOSE,US100,1463989
2005-02-22,1.0,0.0034744098417478393,0.0040661906636656475,0.021986213042675333,False,CLOSE,US100,1463999
2005-02-22,1.0,0.0021908517198263484,0.0027826325417441566,0.011816344080143718,False,CLOSE,US500,1463999
2005-03-08,1.0,-0.0008573504945878045,-0.0002655696726699963,0.022463646796085774,False,CLOSE,US100,1464027
2005-03-11,1.0,0.0009086506603364643,0.001883993126089889,0.02421311839679784,False,CLOSE,US100,1464033
2005-03-15,1.0,-0.004102003025965317,-0.0035102222040475084,0.023401382585795345,False,CLOSE,US100,1464041
2005-03-16,1.0,-0.000864520598256379,-0.00027273977633857083,0.023582018282674477,False,CLOSE,US100,1464043
2005-03-21,1.0,0.0016941179827281057,0.002285898804645914,0.014955272231888153,False,CLOSE,US500,1464053
2005-03-22,1.0,-0.0001637109623955462,0.00042806985952226206,0.015800785995615078,False,CLOSE,US500,1464055
2005-04-08,1.0,0.0020267875313704784,0.0030021299971239035,0.02032333867211952,False,CLOSE,US100,1464089
2005-04-14,1.0,-0.0008511895061770296,-0.00025940868425922137,0.016279146584267316,False,CLOSE,US500,1464101
2005-06-03,1.0,-0.0004504076792732335,0.0005249347864801912,0.016872916092558587,False,CLOSE,US100,1464201
2005-06-07,1.0,0.001789256362424208,0.0023810371843420164,0.017068017330674888,False,CLOSE,US100,1464209
2005-06-23,1.0,-0.000424991516835737,0.00016678930508207124,0.012454292264569143,False,CLOSE,US500,1464241
2005-06-23,1.0,-0.0008592741620177084,-0.0002674933400999002,0.019646370581061327,False,CLOSE,US100,1464241
2005-06-24,1.0,-0.0010593726043781047,-8.403013862468e-05,0.01301703652672551,False,CLOSE,US500,1464243
2005-07-25,1.0,0.002464105044695842,0.00305588586661365,0.017297810312520902,False,CLOSE,US100,1464305
2005-07-29,1.0,0.0005409986987521833,0.001516341164505608,0.015483978317203433,False,CLOSE,US100,1464313
2005-08-05,1.0,3.7854607918553964e-05,0.0010131970736719786,0.015930335702356357,False,CLOSE,US100,1464327
2005-08-08,1.0,0.0027509735233532846,0.003342754345271093,0.012055163603435186,False,CLOSE,US500,1464333
2005-08-08,1.0,0.004000979224357593,0.0045927600462754015,0.01604825393369027,False,CLOSE,US100,1464333
2005-08-10,1.0,-8.013621700065856e-05,0.0005116446049171497,0.01599887945604747,False,CLOSE,US100,1464337
2005-08-16,1.0,0.002242619372446953,0.002834400194364761,0.01747531084525453,False,CLOSE,US100,1464349
2005-08-19,1.0,0.0005705807990515357,0.0015459232648049603,0.017277601474240834,False,CLOSE,US100,1464355
2005-08-24,1.0,0.0012262549546348984,0.0018180357765527067,0.01847863261121066,False,CLOSE,US100,1464365
2005-08-24,1.0,0.0010594194037438671,0.0016512002256616753,0.01455691496171466,False,CLOSE,US500,1464365
2005-09-02,1.0,0.0034755509202904836,0.004642674207961717,0.01655365525369585,False,CLOSE,US100,1464383
2005-09-14,1.0,0.0014500802595869174,0.0020418610815047256,0.015095121993156749,False,CLOSE,US100,1464407
2005-09-20,1.0,-0.0034173275294884335,-0.0028255467075706253,0.016017742953765637,False,CLOSE,US100,1464419
2005-09-21,1.0,-0.0021501925743940935,-0.0015584117524762853,0.016001832510537564,False,CLOSE,US100,1464421
2005-09-21,1.0,-0.0002605693866217889,0.0003312114352960194,0.013221151012703013,False,CLOSE,US500,1464421
2005-10-04,1.0,-0.00033749337670908533,0.00025428744520872293,0.017802635823159083,False,CLOSE,US100,1464447
2005-10-05,1.0,-0.001365925123233424,-0.0007741443013156157,0.0189352280745246,False,CLOSE,US100,1464449
2005-10-05,1.0,0.0006620889884825128,0.001253869810400321,0.016006546131218914,False,CLOSE,US500,1464449
2005-10-10,1.0,0.002293637573558483,0.0028854183954762913,0.019697652298392602,False,CLOSE,US100,1464459
2005-10-18,1.0,-0.005603092205399684,-0.005011311383481876,0.019925054970765504,False,CLOSE,US100,1464475
2005-10-26,1.0,-0.0013646308692300095,-0.0007728500473122013,0.02042917786384814,False,CLOSE,US100,1464491
2005-10-27,1.0,0.002826717532176993,0.003418498354094801,0.021946922301501012,False,CLOSE,US100,1464493
2005-11-11,1.0,0.0004985306524088475,0.0014738731181622722,0.01889675317715196,False,CLOSE,US100,1464523
2005-11-28,1.0,0.004945023386123671,0.005536804208041479,0.014598703092656744,False,CLOSE,US100,1464557
2005-11-29,1.0,-0.0020435729776268168,-0.0014517921557090085,0.01505809720916143,False,CLOSE,US100,1464559
2005-11-30,1.0,0.005955088894230121,0.0065468697161479295,0.015094615624752145,False,CLOSE,US100,1464561
2005-11-30,1.0,0.00427261211189477,0.004864392933812578,0.012874902492864188,False,CLOSE,US500,1464561
2005-12-06,1.0,0.0008388696052852203,0.0014306504272030285,0.015328051091339546,False,CLOSE,US100,1464573
2005-12-16,1.0,0.0011889692691909328,0.0021643117349443575,0.0163000022022723,False,CLOSE,US100,1464593
2005-12-19,1.0,0.00014144530528214025,0.0007332261271999485,0.017351624534361502,False,CLOSE,US100,1464599
2005-12-27,1.0,-0.00010442391730648362,0.00048735690461132464,0.016950136355834946,False,CLOSE,US100,1464615
2005-12-29,1.0,-0.00501240775448587,-0.004420626932568061,0.016301131928819268,False,CLOSE,US100,1464619
2005-12-30,1.0,0.004294292615010999,0.005461415902682232,0.011469471031580821,False,CLOSE,US500,1464621
2006-01-18,1.0,0.0018334531179215912,0.0024252339398393996,0.011626311540442311,False,CLOSE,US500,1464659
2006-01-20,1.0,0.0016913729096599839,0.0026667153754134088,0.021558465920839393,False,CLOSE,US100,1464663
2006-01-20,1.0,0.0009304063521480845,0.0019057488179015092,0.013396084061651629,False,CLOSE,US500,1464663
2006-02-02,1.0,-0.008074127223594029,-0.007482346401676221,0.020895950610612373,False,CLOSE,US100,1464689
2006-02-09,1.0,-0.0013290650813620013,-0.0007372842594441931,0.019581057703072488,False,CLOSE,US100,1464703
2006-02-17,1.0,-0.0011674817986082814,-3.5851093704852843e-07,0.020357410023974808,False,CLOSE,US100,1464719
2006-02-23,1.0,0.00037998672274318704,0.0009717675446609952,0.02119425623460895,False,CLOSE,US100,1464731
2006-02-28,1.0,0.002571488979512305,0.003163269801430113,0.021428659660856695,False,CLOSE,US100,1464741
2006-03-03,1.0,0.001195894220407835,0.0021712366861612598,0.020368871399978748,False,CLOSE,US100,1464747
2006-03-06,1.0,-0.0022956865571228773,-0.001703905735205069,0.020573416091259365,False,CLOSE,US100,1464753
2006-03-09,1.0,-0.0015790209381932978,-0.0009872401162754896,0.02131238825950103,False,CLOSE,US100,1464759
2006-03-13,1.0,-0.0015749904877882075,-0.0009832096658703993,0.021175851743637404,False,CLOSE,US100,1464767
2006-03-16,1.0,-0.0006161134925932836,-2.43326706754754e-05,0.021262927833532553,False,CLOSE,US100,1464773
2006-03-21,1.0,-0.006186729745757746,-0.0055949489238399375,0.02018715054502656,False,CLOSE,US100,1464783
2006-03-28,1.0,0.0008787835766950088,0.001470564398612817,0.011685451185273353,False,CLOSE,US500,1464797
2006-04-03,1.0,0.001075520027627997,0.0016673008495458053,0.01811903924896274,False,CLOSE,US100,1464809
2006-04-07,1.0,0.0009147530194567057,0.0018900954852101304,0.019139843494738976,False,CLOSE,US100,1464817
2006-04-11,1.0,0.0004190528277625456,0.0010108336496803538,0.013750988608872588,False,CLOSE,US500,1464825
2006-04-21,1.0,-0.0021659351266412595,-0.0011905926608878348,0.02020410752077001,False,CLOSE,US100,1464845
2006-04-28,1.0,0.0006976020069340851,0.0016729444726875098,0.02045571142760652,False,CLOSE,US100,1464859
2006-05-01,1.0,0.003751089343788195,0.004342870165706003,0.021511298348928797,False,CLOSE,US100,1464865
2006-05-11,1.0,-0.005009666360761732,-0.004417885538843924,0.0181727478694852,False,CLOSE,US100,1464885
2006-05-11,1.0,-0.005097235417557921,-0.004505454595640113,0.012510331394639413,False,CLOSE,US500,1464885
2006-05-12,1.0,-0.004456916548538358,-0.003481574082784933,0.013496587310588299,False,CLOSE,US500,1464887
2006-05-17,1.0,0.0033496791084175366,0.003941459930335345,0.014240754691671015,False,CLOSE,US500,1464897
2006-05-18,1.0,0.004637895038368967,0.0052296758602867754,0.014822331001730658,False,CLOSE,US500,1464899
2006-06-07,1.0,-0.0028161011668006546,-0.0022243203448828464,0.020643770402876398,False,CLOSE,US500,1464939
2006-06-08,1.0,0.004258939835635179,0.004850720657552987,0.021505330293315437,False,CLOSE,US500,1464941
2006-08-09,1.0,-0.0037418774637744227,-0.0031500966418566145,0.017027413220143096,False,CLOSE,US500,1465065
2006-09-21,1.0,-0.0013383302751497454,-0.0007465494532319372,0.021785780168205086,False,CLOSE,US100,1465151
2006-09-29,1.0,-0.0022056208740022774,-0.0012302784082488527,0.020300528450267422,False,CLOSE,US100,1465167
2006-10-02,1.0,-0.0035810374188806164,-0.002989256596962808,0.01994584550055184,False,CLOSE,US100,1465173
2006-10-27,1.0,-0.0021594192765310148,-0.00118407681077759,0.020154410593831038,False,CLOSE,US100,1465223
2006-11-01,1.0,-0.003149274381754174,-0.0025574935598363657,0.010646955811418089,False,CLOSE,US500,1465233
2006-11-01,1.0,-0.005115019870369896,-0.004523239048452088,0.02071438429414838,False,CLOSE,US100,1465233
2006-11-02,1.0,0.0029908638347608714,0.0035826446566786796,0.01063750239807305,False,CLOSE,US500,1465235
2006-11-03,1.0,0.00210048032359872,0.003075822789352145,0.011550755370900206,False,CLOSE,US500,1465237
2006-11-27,1.0,-0.0018918616949809113,-0.001300080873063103,0.011579693596425966,False,CLOSE,US500,1465285
2006-11-27,1.0,-0.003570804933946025,-0.002979024112028217,0.018683690196085085,False,CLOSE,US100,1465285
2006-12-07,1.0,-0.0037947906731253915,-0.0032030098512075833,0.019540634277357534,False,CLOSE,US100,1465305
2006-12-15,1.0,0.002401154517460092,0.003376496983213517,0.020507763990101558,False,CLOSE,US100,1465321
2006-12-20,1.0,0.0005526466828584715,0.0011444275047762797,0.022232943058284733,False,CLOSE,US100,1465331
2006-12-22,1.0,-0.0011666987034521165,4.245842191163973e-07,0.02051102063486211,False,CLOSE,US100,1465335
2006-12-22,1.0,-0.0007412909038903221,0.0004258323837809108,0.010153643518003715,False,CLOSE,US500,1465335
2006-12-29,1.0,0.005592096823002004,0.006951000932591045,0.018124730006058673,False,CLOSE,US100,1465349
2007-01-17,1.0,-0.0032644054518128456,-0.0026726246298950374,0.019682195641654746,False,CLOSE,US100,1465387
2007-01-18,1.0,-0.0030871152585249077,-0.0024953344366070995,0.021802948700300098,False,CLOSE,US100,1465389
2007-01-23,1.0,0.005833589094089032,0.00642536991600684,0.023159415385787675,False,CLOSE,US100,1465399
2007-01-25,1.0,0.0012377179756592922,0.0018294987975771004,0.02070342221655782,False,CLOSE,US100,1465403
2007-02-09,1.0,-0.0012029679401703284,-0.00022762547441690373,0.019753621356515143,False,CLOSE,US100,1465433
2007-02-09,1.0,-0.0009758547796847026,-5.123139312779301e-07,0.011359008161048633,False,CLOSE,US500,1465433
2007-02-12,1.0,0.0016394373134551617,0.00223121813537297,0.011270831506076705,False,CLOSE,US500,1465439
2007-02-23,1.0,0.0026721004163381976,0.0036474428820916227,0.010035838551232034,False,CLOSE,US500,1465461
2007-02-26,1.0,-0.009478204002792989,-0.00888642318087518,0.010487651693453136,False,CLOSE,US500,1465467
2007-02-27,1.0,0.0057885334494604986,0.006380314271378307,0.015115195156345802,False,CLOSE,US500,1465469
2007-02-27,1.0,-0.0015175371881786075,-0.0009257563662607993,0.02150793135208169,False,CLOSE,US100,1465469
2007-03-02,1.0,-0.008743786683286623,-0.007768444217533199,0.02401122805101201,False,CLOSE,US100,1465475
2007-03-05,1.0,0.008423117779032142,0.00901489860094995,0.025317669300656185,False,CLOSE,US100,1465481
2007-03-05,1.0,0.009819367052799278,0.010411147874717086,0.01957197893852962,False,CLOSE,US500,1465481
2007-03-07,1.0,0.00995163072707438,0.010543411548992188,0.025053448469485175,False,CLOSE,US100,1465485
2007-03-13,1.0,0.0008243054389789235,0.0014160862608967317,0.027537927328175532,False,CLOSE,US100,1465497
2007-03-23,1.0,-0.0005225608517886436,0.0004527816139647811,0.01968698091151333,False,CLOSE,US100,1465517
2007-03-27,1.0,-0.004910586241728587,-0.004318805419810778,0.01943037531198699,False,CLOSE,US100,1465525
2007-03-28,1.0,0.006301719576197396,0.006893500398115204,0.019542617042920332,False,CLOSE,US100,1465527
2007-03-28,1.0,0.004484368856069832,0.00507614967798764,0.016608087615242066,False,CLOSE,US500,1465527
2007-04-09,1.0,-0.0008165035296315952,-0.000224722707713787,0.01745136639372419,False,CLOSE,US100,1465551
2007-04-30,1.0,-0.00037400963611712237,0.00021777118580068588,0.01557264944611907,False,CLOSE,US100,1465593
2007-05-10,1.0,0.0004906077605362109,0.0010823885824540191,0.015402285745645925,False,CLOSE,US100,1465613
2007-05-15,1.0,0.001577579691088616,0.002169360513006424,0.016873312940166738,False,CLOSE,US100,1465623
2007-05-17,1.0,0.002645996891544867,0.003237777713462675,0.017205799917468106,False,CLOSE,US100,1465627
2007-05-23,1.0,4.86780381823044e-05,0.0006404588601001127,0.01665600156262728,False,CLOSE,US100,1465639
2007-05-24,1.0,0.002320671033875444,0.002912451855793252,0.013064883646533108,False,CLOSE,US500,1465641
2007-05-24,1.0,0.0015748777862749537,0.002166658608192762,0.01829042936934893,False,CLOSE,US100,1465641
2007-06-01,1.0,-0.004559124138248826,-0.003583781672495401,0.01752592920163257,False,CLOSE,US100,1465657
2007-06-06,1.0,-0.002435936426000495,-0.0018441556040826868,0.012165072891645399,False,CLOSE,US500,1465667
2007-06-07,1.0,0.002627747132498682,0.00321952795441649,0.0142497943900587,False,CLOSE,US500,1465669
2007-06-07,1.0,-0.0010236185088035137,-0.00043183768688570545,0.01831188225701472,False,CLOSE,US100,1465669
2007-06-11,1.0,-0.005931406751881651,-0.005339625929963843,0.018696229088510877,False,CLOSE,US100,1465677
2007-06-12,1.0,0.0037054488777030666,0.004297229699620875,0.019223102728215438,False,CLOSE,US100,1465679
2007-06-20,1.0,-0.0010140696592770941,-0.0004222888373592859,0.0168551840994018,False,CLOSE,US100,1465695
2007-06-26,1.0,-0.001659658668795149,-0.0010678778468773409,0.018522561940262645,False,CLOSE,US100,1465707
2007-06-26,1.0,-0.0016707645681080067,-0.0010789837461901985,0.019220990345918773,False,CLOSE,US500,1465707
2007-06-28,1.0,0.004880019694195593,0.005471800516113401,0.01730566551057549,False,CLOSE,US100,1465711
2007-07-10,1.0,-0.0028603255785484387,-0.0022685447566306305,0.01679625381965085,False,CLOSE,US100,1465735
2007-07-19,1.0,-0.0011875954813822635,-0.0005958146594644553,0.014138251723578521,False,CLOSE,US100,1465753
2007-07-24,1.0,0.004167101258726092,0.0047588820806439,0.015642991998728394,False,CLOSE,US500,1465763
2007-07-26,1.0,0.0006914502440118382,0.0012832310659296464,0.01974632191663237,False,CLOSE,US500,1465767
2007-07-27,1.0,0.003817250840199072,0.004792593305952497,0.020763442157852686,False,CLOSE,US100,1465769
2007-07-27,1.0,0.0046753785825926495,0.005650721048346075,0.02241644517054906,False,CLOSE,US500,1465769
2007-07-31,1.0,-0.0035375228106470195,-0.0029457419887292113,0.02407520446637088,False,CLOSE,US100,1465777
2007-08-09,1.0,-0.011281321638117469,-0.01068954081619966,0.03117040998868839,False,CLOSE,US100,1465795
2007-08-14,1.0,-0.00294303224694371,-0.002351251425025902,0.033523638048026765,False,CLOSE,US100,1465805
2007-08-15,1.0,-0.008652281399644923,-0.008060500577727114,0.03384686636924812,False,CLOSE,US100,1465807
2007-08-27,1.0,-0.00643923122982638,-0.005847450407908572,0.028486414608748702,False,CLOSE,US100,1465831
2007-08-28,1.0,0.006040534775448626,0.006632315597366434,0.030143924866751708,False,CLOSE,US100,1465833
2007-10-19,1.0,-0.006387158309964779,-0.005411815844211354,0.019506986570286284,False,CLOSE,US500,1465937
2007-10-19,1.0,-0.00631494961949569,-0.005339607153742265,0.022576767993458768,False,CLOSE,US100,1465937
2007-11-01,1.0,0.007186021949417299,0.007777802771335107,0.028154790101137972,False,CLOSE,US100,1465963
2007-11-07,1.0,-0.004528057442746435,-0.003936276620828627,0.029903541209247764,False,CLOSE,US100,1465975
2007-11-09,1.0,-0.0025753140085362216,-0.0015999715427827965,0.0357428625182365,False,CLOSE,US100,1465979
2007-11-12,1.0,0.012952180678240433,0.013543961500158241,0.037663807412236655,False,CLOSE,US100,1465985
2007-11-14,1.0,-0.00238868890892242,-0.0017969080870046117,0.03833099504982671,False,CLOSE,US100,1465989
2007-11-26,1.0,0.00798335187773146,0.008575132699649268,0.04464648428952152,False,CLOSE,US100,1466013
2007-12-03,1.0,-0.008256688193287742,-0.007664907371369933,0.037420017264375535,False,CLOSE,US100,1466027
2007-12-11,1.0,0.017529946567214284,0.018121727389132092,0.029437179408833357,False,CLOSE,US100,1466043
2007-12-14,1.0,-0.004702936734746143,-0.0037275942689927177,0.028735460230042163,False,CLOSE,US100,1466049
2007-12-17,1.0,0.009663473559393666,0.010255254381311474,0.029904398521336834,False,CLOSE,US100,1466055
2007-12-31,1.0,0.00019261203119038772,0.0009761736750260042,0.027285565370907115,False,CLOSE,US100,1466083
2008-02-01,-1.0,0.002332786886508799,0.0026505951056868815,0.041182192002356066,False,CLOSE,US500,1466147
2008-02-13,-1.0,-0.004625751862477126,-0.004253149122751099,0.032715517129679884,False,CLOSE,US500,1466171
2008-02-26,-1.0,0.005409141656759461,0.005781744396485489,0.02685538979819341,False,CLOSE,US500,1466197
2008-04-01,-1.0,-0.003593417353630804,-0.0032208146139047766,0.036960718944849605,False,CLOSE,US500,1466267
2008-04-02,-1.0,0.005040783045870775,0.005413385785596803,0.0362253881252754,False,CLOSE,US500,1466269
2008-04-03,-1.0,-0.0009566017588405724,-0.000583999019114545,0.03434503735202191,False,CLOSE,US500,1466271
2008-04-18,-1.0,0.0014875762106610476,0.0018053844298391297,0.023056547468107192,False,CLOSE,US500,1466301
2008-04-21,-1.0,0.002226032363985361,0.0025986351037113886,0.020152670645121468,False,CLOSE,US500,1466307
2008-04-25,-1.0,-0.002323104489579218,-0.0020052962704011357,0.02069188193092847,False,CLOSE,US500,1466315
2008-04-28,-1.0,0.0013461032402908607,0.001718705980016888,0.020580050821733968,False,CLOSE,US500,1466321
2008-05-14,1.0,-0.0003886604611707083,0.00020312036074709994,0.026202138482946488,False,CLOSE,US100,1466353
2008-05-21,1.0,0.0018980555473739784,0.002489836369291787,0.028175555677731695,False,CLOSE,US100,1466367
2008-06-06,1.0,0.0010643705601212652,0.00203971302587469,0.028954561723728893,False,CLOSE,US100,1466399
2008-06-17,1.0,-0.006360177955562329,-0.0057683971336445206,0.03103491247547875,False,CLOSE,US100,1466421
2008-07-22,-1.0,-0.0035891149374037397,-0.0032165121976777122,0.032937957484422666,False,CLOSE,US500,1466491
2008-07-23,-1.0,-0.001699039140809458,-0.0013264364010834306,0.03147329779579141,False,CLOSE,US500,1466493
2008-11-04,-1.0,0.011678297859835571,0.012050900599561598,0.08760509346704658,False,CLOSE,US500,1466701
2008-11-26,-1.0,0.0034765912238388036,0.0038217967032908584,0.09142735883995423,False,CLOSE,US500,1466745
2008-11-28,-1.0,0.028320011249181886,0.02863781946835997,0.0880905695681017,False,CLOSE,US500,1466749
2008-12-30,-1.0,-0.0016087859046590408,-0.0012361831649330135,0.04340900860266927,False,CLOSE,US500,1466813
2008-12-31,-1.0,-0.002561507358539112,-0.002216301879087057,0.04251195782647363,False,CLOSE,US500,1466815
2009-01-02,-1.0,0.0032319366743199366,0.003549744893498019,0.041255658277147125,False,CLOSE,US500,1466819
2009-01-05,-1.0,-0.00888127418108228,-0.008508671441356253,0.038917224548977225,False,CLOSE,US500,1466825
2009-01-06,-1.0,0.015355249449073325,0.01572785218879935,0.037436016419108896,False,CLOSE,US500,1466827
2009-01-28,-1.0,0.014273967143526276,0.014646569883252303,0.055244984868910996,False,CLOSE,US500,1466871
2009-02-06,-1.0,-8.820086486775833e-05,0.00022960735431032386,0.05639214819535142,False,CLOSE,US500,1466889
2009-02-09,-1.0,0.009156472002978009,0.009529074742704036,0.051898334435044505,False,CLOSE,US500,1466895
2009-03-12,-1.0,-0.007127313750139389,-0.006754711010413361,0.061518501246694224,False,CLOSE,US500,1466957
2009-03-13,-1.0,-0.01175160744421093,-0.011433799225032848,0.0590279177117978,False,CLOSE,US500,1466959
2009-03-17,-1.0,0.004360067097481299,0.004732669837207326,0.056052017081051494,False,CLOSE,US500,1466967
2009-03-18,-1.0,-0.012883736535628989,-0.012511133795902962,0.05440926436358891,False,CLOSE,US500,1466969
2009-04-03,-1.0,0.010600464354780528,0.01091827257395861,0.05137871341536619,False,CLOSE,US500,1467001
2009-05-01,-1.0,-0.007827006398095568,-0.007509198178917487,0.03565741131609526,False,CLOSE,US500,1467057
2009-05-04,-1.0,0.0030383647091624414,0.003410967448888469,0.03601688078128413,False,CLOSE,US500,1467063
2009-05-06,-1.0,-0.009814251958091793,-0.009441649218365766,0.03381504177501052,False,CLOSE,US500,1467067
2009-05-20,1.0,-0.008176468997105567,-0.007584688175187759,0.03628729551120275,False,CLOSE,US100,1467095
2009-05-27,1.0,0.005486532843239845,0.006078313665157653,0.040562342201129496,False,CLOSE,US100,1467109
2009-06-11,1.0,-0.004665354655638009,-0.004073573833720201,0.0313690331745615,False,CLOSE,US100,1467139
2009-06-16,1.0,0.003627297194917379,0.004219078016835187,0.030379946356876242,False,CLOSE,US100,1467149
2009-06-16,1.0,-0.001028472488394671,-0.00043669166647686275,0.03167279601966086,False,CLOSE,US500,1467149
2009-06-17,1.0,0.0009372523238446624,0.0015290331457624706,0.030837901955058433,False,CLOSE,US500,1467151
2009-06-22,1.0,0.00225895355768645,0.0028507343796042584,0.029456139636823052,False,CLOSE,US100,1467161
2009-07-01,1.0,-0.009108173724837309,-0.0085163929029195,0.029227560618508328,False,CLOSE,US100,1467179
2009-07-02,1.0,-0.007347175005456251,-0.006180051717785018,0.03072937863767667,False,CLOSE,US100,1467181
2009-07-07,1.0,0.005426761986182294,0.0060185428081001024,0.028207573713042017,False,CLOSE,US500,1467191
2009-07-07,1.0,0.005490154161310368,0.006081934983228177,0.031067692031516096,False,CLOSE,US100,1467191
2009-07-08,1.0,0.006339939977438636,0.0069317207993564445,0.028602329287738214,False,CLOSE,US500,1467193
2009-07-30,1.0,-0.0005916211652261631,1.5965669164508256e-07,0.025831247108879823,False,CLOSE,US100,1467237
2009-07-31,1.0,0.009671341585917594,0.010646684051671018,0.024062993573317752,False,CLOSE,US100,1467239
2009-08-17,1.0,0.005645402548424262,0.00623718337034207,0.02620093928021344,False,CLOSE,US100,1467273
2009-09-01,1.0,-0.005938309517293249,-0.005346528695375441,0.02877700106503968,False,CLOSE,US100,1467303
2009-09-01,1.0,-0.004783210602325349,-0.004191429780407541,0.026486270047443784,False,CLOSE,US500,1467303
2009-09-02,1.0,0.005218220072186631,0.005810000894104439,0.026071886112507325,False,CLOSE,US500,1467305
2009-09-23,1.0,0.003412833108061831,0.004004613929979639,0.019168844662473254,False,CLOSE,US100,1467347
2009-09-25,1.0,0.0028542263313656177,0.003829568797119043,0.020622822350040416,False,CLOSE,US500,1467351
2009-10-01,1.0,-0.009817463790703484,-0.009225682968785676,0.02409636019868961,False,CLOSE,US500,1467363
2009-10-01,1.0,-0.0074208341666414206,-0.006829053344723612,0.02445470683896471,False,CLOSE,US100,1467363
2009-10-02,1.0,0.003025044502688091,0.004000386968441516,0.022966178806070034,False,CLOSE,US500,1467365
2009-10-21,1.0,-0.0024464409203594044,-0.0018546600984415962,0.019421706924488694,False,CLOSE,US100,1467403
2009-10-23,1.0,0.0006473597962331503,0.001622702261986575,0.020196302410166476,False,CLOSE,US100,1467407
2009-10-27,1.0,-0.004134436305561217,-0.0035426554836434088,0.022243338415029172,False,CLOSE,US100,1467415
2009-10-27,1.0,-0.003128948261425079,-0.0025371674395072707,0.021766852755692793,False,CLOSE,US500,1467415
2009-10-28,1.0,0.005206587889825965,0.005798368711743773,0.023996462193696704,False,CLOSE,US100,1467417
2009-10-28,1.0,0.006878461177497897,0.0074702419994157054,0.022965789751446294,False,CLOSE,US500,1467417
2009-10-30,1.0,1.3772952714443364e-06,0.000976719761024869,0.026733369765094078,False,CLOSE,US100,1467421
2009-11-04,1.0,0.011022374125326351,0.01161415494724416,0.028360509395757065,False,CLOSE,US100,1467431
2009-11-12,1.0,0.0023869797577748993,0.0029787605796927075,0.0271477149481359,False,CLOSE,US100,1467447
2009-12-02,1.0,0.003038401969585259,0.003630182791503067,0.02112714036573266,False,CLOSE,US100,1467487
2009-12-03,1.0,0.012168014091536106,0.012759794913453915,0.021238202191322293,False,CLOSE,US100,1467489
2009-12-07,1.0,-0.006285541001726968,-0.00569376017980916,0.02218017643439545,False,CLOSE,US100,1467497
2009-12-10,1.0,0.004826453791640029,0.005418234613557837,0.02198493547440194,False,CLOSE,US100,1467503
2009-12-16,1.0,-0.005100255986524093,-0.004508475164606285,0.022027557976504193,False,CLOSE,US100,1467515
2009-12-17,1.0,0.00884869752544314,0.009440478347360948,0.020636323415788985,False,CLOSE,US100,1467517
2009-12-29,1.0,-0.001678118390983651,-0.0010863375690658428,0.016308799203887052,False,CLOSE,US100,1467541
2009-12-31,1.0,0.007178030917020275,0.008345154204691507,0.01181034577896397,False,CLOSE,US500,1467545
2009-12-31,1.0,0.011510752228704436,0.01267787551637567,0.015406542597707115,False,CLOSE,US100,1467545
2010-01-06,1.0,0.0009250416859458606,0.0015168225078636688,0.015166489571706906,False,CLOSE,US100,1467557
2010-01-21,1.0,-0.0038896495991209805,-0.0032978687772031723,0.022375383488143552,False,CLOSE,US100,1467587
2010-01-22,1.0,0.005138594186769042,0.006113936652522467,0.025281482787560056,False,CLOSE,US100,1467589
2010-01-22,1.0,0.008181714840299227,0.009157057306052652,0.020455391046945996,False,CLOSE,US500,1467589
2010-01-29,1.0,0.006101826497123154,0.007077168962876579,0.024643255080313682,False,CLOSE,US500,1467603
2010-01-29,1.0,0.0015949168100478095,0.0025702592758012344,0.03210032972326367,False,CLOSE,US100,1467603
2010-02-04,1.0,0.001988852056062241,0.002580632877980049,0.03356072359207104,False,CLOSE,US100,1467615
2010-02-08,1.0,0.011360233290791156,0.011952014112708964,0.03289366744171795,False,CLOSE,US100,1467623
2010-03-25,1.0,0.0035794143083913606,0.004171195130309169,0.014962277758027094,False,CLOSE,US100,1467713
2010-04-27,1.0,0.0042189467752244865,0.004810727597142295,0.017543796520454312,False,CLOSE,US500,1467779
2010-04-27,1.0,0.004677892780966964,0.005269673602884772,0.018305878010991605,False,CLOSE,US100,1467779
2010-04-30,1.0,0.003289312444748672,0.004264654910502097,0.02147641702504742,False,CLOSE,US100,1467785
2010-05-06,1.0,-0.003248484502056847,-0.0026567036801390387,0.0338107352595875,False,CLOSE,US500,1467797
2010-05-07,1.0,0.03991984054255344,0.04089518300830686,0.037113963369009156,False,CLOSE,US500,1467799
2010-05-13,1.0,-0.00811498380018184,-0.007523202978264032,0.04856690021483721,False,CLOSE,US100,1467811
2010-05-18,1.0,-0.006196313505761452,-0.005604532683843644,0.045688309962096635,False,CLOSE,US500,1467821
2010-05-18,1.0,-0.004253256225924883,-0.003661475404007075,0.05422901034591976,False,CLOSE,US100,1467821
2010-05-19,1.0,-0.021887715282036157,-0.02129593446011835,0.04660180574351851,False,CLOSE,US500,1467823
2010-05-24,1.0,-0.02253483282810721,-0.0219430520061894,0.05853738951216314,False,CLOSE,US100,1467833
2010-06-01,1.0,0.005163134028653527,0.0057549148505713354,0.04349267143693414,False,CLOSE,US100,1467849
2010-06-04,1.0,0.0041254785966809435,0.005100821062434369,0.04386469828152867,False,CLOSE,US100,1467855
2010-06-14,1.0,0.004683618367857346,0.005275399189775154,0.039051009831232386,False,CLOSE,US100,1467875
2010-06-21,1.0,0.003700237475666491,0.004292018297584299,0.03289323208459044,False,CLOSE,US100,1467889
2010-06-22,1.0,0.0004895102397592839,0.001081291061677092,0.03278361776634865,False,CLOSE,US100,1467891
2010-06-24,1.0,0.004909841416656836,0.005501622238574644,0.0315242226116141,False,CLOSE,US100,1467895
2010-07-07,-1.0,-0.008760059150155177,-0.00838745641042915,0.029690110998727683,False,CLOSE,US500,1467921
2010-07-08,-1.0,-9.253083879287315e-05,0.00028007190093315426,0.02949523729805678,False,CLOSE,US500,1467923
2010-07-09,-1.0,0.003016590050887681,0.0033343982700657637,0.02955456324173676,False,CLOSE,US500,1467925
2010-07-12,-1.0,-0.010739841479400516,-0.01036723873967449,0.02822624867440663,False,CLOSE,US500,1467931
2010-07-13,-1.0,0.0028189828282114996,0.003191585567937527,0.027386538131688305,False,CLOSE,US500,1467933
2010-07-14,-1.0,-7.683262904537127e-06,0.0003649194768214903,0.027066583225823736,False,CLOSE,US500,1467935
2010-07-15,-1.0,0.005006648047839598,0.005379250787565626,0.026863825677232216,False,CLOSE,US500,1467937
2010-09-02,-1.0,-0.010146983898515174,-0.009774381158789147,0.025515834213958012,False,CLOSE,US500,1468035
2010-09-03,-1.0,0.0043988591847778135,0.004689270143681923,0.025276049091071284,False,CLOSE,US500,1468037
2010-09-07,1.0,0.0022526054032601,0.0028443862251779084,0.027102032205748396,False,CLOSE,US100,1468045
2010-09-27,1.0,0.0018378482578116256,0.002429629079729434,0.01909104824201016,False,CLOSE,US100,1468085
2010-10-18,1.0,-0.00994791889478287,-0.009356138072865061,0.02188805401991277,False,CLOSE,US100,1468127
2010-10-25,1.0,-0.0056023344336783125,-0.005010553611760504,0.020049309364877185,False,CLOSE,US100,1468141
2010-10-29,1.0,0.002665940204929885,0.00364128267068331,0.019321904782089692,False,CLOSE,US100,1468149
2010-11-12,1.0,0.002186355265709817,0.003161697731463242,0.017542208999755136,False,CLOSE,US500,1468177
2010-11-15,1.0,-0.007664881485143781,-0.007073100663225973,0.01966296145105944,False,CLOSE,US100,1468183
2010-11-15,1.0,-0.0067566893509518715,-0.006164908529034063,0.017656318568951144,False,CLOSE,US500,1468183
2010-11-16,1.0,-0.00016884285113994915,0.0004229379707778591,0.018824395034291383,False,CLOSE,US500,1468185
2010-11-17,1.0,0.009051231418639494,0.009643012240557303,0.018425135431377422,False,CLOSE,US500,1468187
2010-12-07,1.0,0.0020065625750600342,0.0025983433969778424,0.02135708073016043,False,CLOSE,US100,1468227
2010-12-13,1.0,0.001986516562853192,0.002578297384771,0.019179265683104005,False,CLOSE,US100,1468239
2010-12-15,1.0,0.0003313667033959418,0.00092314752531375,0.016736205728842463,False,CLOSE,US100,1468243
2011-01-21,1.0,0.001000311298026192,0.0019756537637796168,0.017703186655433703,False,CLOSE,US100,1468317
2011-01-28,1.0,0.00045998753796478017,0.0014353300037182048,0.018687022838862106,False,CLOSE,US100,1468331
2011-02-22,1.0,-0.0005915947302750461,1.8609164276206513e-07,0.015443005807524487,False,CLOSE,US100,1468381
2011-02-23,1.0,-0.0016601245028080684,-0.0010683436808902602,0.0144579957280401,False,CLOSE,US500,1468383
2011-02-24,1.0,0.003608916515579697,0.004200697337497505,0.014737992924845582,False,CLOSE,US500,1468385
2011-03-01,1.0,-0.0011195415115376021,-0.0005277606896197939,0.01945312522119595,False,CLOSE,US100,1468395
2011-03-16,1.0,0.013831777969633741,0.01442355879155155,0.025261520010336748,False,CLOSE,US500,1468425
2011-03-18,1.0,0.014267461791463378,0.015242804257216802,0.030066059565101673,False,CLOSE,US100,1468429
2011-03-28,1.0,-0.0028916887328109923,-0.002299907910893184,0.02611507081067587,False,CLOSE,US100,1468449
2011-04-11,1.0,-0.0061778776349991175,-0.005586096813081309,0.013257421408128583,False,CLOSE,US500,1468477
2011-04-12,1.0,0.004047736668437708,0.004639517490355516,0.013186053825201709,False,CLOSE,US500,1468479
2011-04-13,1.0,-0.006373048219409216,-0.0057812673974914075,0.013015890553310006,False,CLOSE,US500,1468481
2011-05-04,1.0,-0.0061544597785194825,-0.005562678956601674,0.01393809691690321,False,CLOSE,US500,1468523
2011-05-05,1.0,0.009362029865871858,0.009953810687789666,0.014418209454219153,False,CLOSE,US500,1468525
2011-05-06,1.0,0.0007351888931848584,0.0017105313589382831,0.017572991790889177,False,CLOSE,US100,1468527
2011-05-13,1.0,-0.00559792239603668,-0.004622579930283255,0.017205864845770486,False,CLOSE,US100,1468541
2011-05-16,1.0,-0.005818255976495889,-0.005226475154578081,0.01862862078614888,False,CLOSE,US100,1468547
2011-05-20,1.0,-0.014650005130578623,-0.013674662664825199,0.01947376836536361,False,CLOSE,US100,1468555
2011-05-23,1.0,0.0022854161695844318,0.00287719699150224,0.018351931476210774,False,CLOSE,US500,1468561
2011-05-24,1.0,-0.0018297290492418454,-0.0012379482273240372,0.02026561274614061,False,CLOSE,US100,1468563
2011-05-24,1.0,-0.004608230761755549,-0.004016449939837741,0.017985595048399656,False,CLOSE,US500,1468563
2011-06-01,1.0,0.0013352454854760228,0.001927026307393831,0.01998729511351418,False,CLOSE,US100,1468579
2011-06-03,1.0,-0.0032821478945878604,-0.0023068054288344353,0.019850542508548695,False,CLOSE,US100,1468583
2011-06-03,1.0,-0.00350520245697744,-0.002529859991224015,0.017506659414010098,False,CLOSE,US500,1468583
2011-06-06,1.0,0.002092427172068357,0.002684207993986165,0.019112902452626056,False,CLOSE,US100,1468589
2011-06-06,1.0,0.0045225232604077965,0.005114304082325605,0.01761910247508319,False,CLOSE,US500,1468589
2011-06-07,1.0,-0.0021424138135537445,-0.0015506329916359363,0.017621721633797514,False,CLOSE,US500,1468591
2011-06-07,1.0,-0.0027433800875504948,-0.0021515992656326866,0.018993513500118204,False,CLOSE,US100,1468591
2011-06-08,1.0,0.002133706460508023,0.0027254872824258314,0.01724529088379647,False,CLOSE,US500,1468593
2011-06-10,1.0,-0.00042631648420171517,0.0005490259815517096,0.019883480813684823,False,CLOSE,US100,1468597
2011-06-22,1.0,-0.01135216948168961,-0.010760388659771802,0.021032544343641914,False,CLOSE,US100,1468621
2011-07-12,1.0,0.006709889108785328,0.007301669930703136,0.022240711106994136,False,CLOSE,US100,1468661
2011-07-14,1.0,0.010618511359200323,0.011210292181118131,0.023008785602984357,False,CLOSE,US100,1468665
2011-07-20,1.0,0.00043218370855390223,0.0010239645304717104,0.022525511058748716,False,CLOSE,US100,1468677
2011-07-27,1.0,-7.541921629617912e-05,0.0005163616056216291,0.024457041337784424,False,CLOSE,US100,1468691
2011-07-27,1.0,-0.0005917678201998837,1.3001717924510103e-08,0.0201814398173467,False,CLOSE,US500,1468691
2011-07-28,1.0,-0.010651437544101926,-0.010059656722184118,0.020067539534245588,False,CLOSE,US500,1468693
2011-07-29,1.0,0.010700129340287802,0.011675471806041227,0.02007311878775887,False,CLOSE,US500,1468695
2011-08-01,1.0,-0.008124043740011421,-0.007532262918093613,0.021831144869098654,False,CLOSE,US500,1468701
2011-08-02,1.0,0.0006525638394811913,0.0012443446613989995,0.029056243252689178,False,CLOSE,US100,1468703
2011-08-30,-1.0,-0.006782600912746598,-0.00640999817302057,0.043753552809401956,False,CLOSE,US500,1468759
2011-08-31,-1.0,-0.0009453185775932488,-0.0005727158378672215,0.039685487561977685,False,CLOSE,US500,1468761
2011-09-15,-1.0,-0.004387297378509594,-0.004014694638783567,0.038161399870780016,False,CLOSE,US500,1468791
2011-09-16,-1.0,0.01605799931834857,0.016375807537526654,0.035304131320322965,False,CLOSE,US500,1468793
2011-09-20,1.0,0.004553829473022731,0.005145610294940539,0.032713140885305414,False,CLOSE,US100,1468801
2011-10-11,-1.0,-0.007891576236278643,-0.007518973496552617,0.042418553471619776,False,CLOSE,US500,1468843
2011-10-12,1.0,-0.0025352875249189492,-0.001943506703001141,0.04068026725457387,False,CLOSE,US100,1468845
2011-10-12,-1.0,0.005507362210242758,0.005879964949968786,0.03948536132736885,False,CLOSE,US500,1468845
2011-10-14,-1.0,0.004414307907715755,0.004732116126893837,0.037395545395847225,False,CLOSE,US500,1468849
2011-10-19,1.0,-0.0007675385870558153,-0.00017575776513800712,0.03590894677292036,False,CLOSE,US100,1468859
2011-10-24,-1.0,0.00440852518035387,0.004781127920079897,0.03060862412066307,False,CLOSE,US500,1468869
2011-10-25,1.0,0.004988592572997764,0.005580373394915572,0.03084983025336075,False,CLOSE,US100,1468871
2011-10-31,1.0,-0.025268214319895687,-0.02467643349797788,0.030968778765129427,False,CLOSE,US100,1468883
2011-11-01,1.0,0.009861847898944499,0.010453628720862307,0.0335438013262333,False,CLOSE,US100,1468885
2011-11-09,1.0,0.009265065344314916,0.009856846166232724,0.03400428012842849,False,CLOSE,US100,1468901
2011-11-16,1.0,-0.0032152689998087396,-0.0026234881778909314,0.030360542396035146,False,CLOSE,US100,1468915
2011-11-30,-1.0,0.0007472083788206157,0.001119811118546643,0.03025099930449869,False,CLOSE,US500,1468943
2011-12-01,-1.0,-0.009574858102783326,-0.009202255363057299,0.029647108256256993,False,CLOSE,US500,1468945
2011-12-02,1.0,0.014037245475526485,0.015012587941279909,0.030106683379906508,False,CLOSE,US100,1468947
2012-02-15,1.0,-0.00027326934311112597,0.0003185114788066823,0.015925522727083488,False,CLOSE,US100,1469097
2012-03-06,1.0,0.0017085852126663588,0.002300366034584167,0.013580726708118999,False,CLOSE,US500,1469137
2012-03-21,1.0,-0.006551101679777582,-0.005959320857859773,0.014571297912533202,False,CLOSE,US100,1469167
2012-03-22,1.0,0.0002697317688391438,0.0008615125907569521,0.013328444076309367,False,CLOSE,US500,1469169
2012-04-09,1.0,-0.0025454385135972417,-0.0019536576916794335,0.015208785038823173,False,CLOSE,US500,1469205
2012-04-10,1.0,0.00963623756826103,0.010228018390178839,0.016548510699324614,False,CLOSE,US500,1469207
2012-04-10,1.0,0.00817915029845805,0.008770931120375858,0.018745499740684506,False,CLOSE,US100,1469207
2012-04-13,1.0,0.0040103148935602415,0.004985657359313667,0.02067103733537085,False,CLOSE,US100,1469213
2012-04-16,1.0,0.0036864548405748272,0.004278235662492635,0.0211502668004987,False,CLOSE,US100,1469219
2012-04-19,1.0,0.004874214446887393,0.005465995268805202,0.023605314727803278,False,CLOSE,US100,1469225
2012-04-20,1.0,-0.010414898696111284,-0.00943955623035786,0.023979958862854214,False,CLOSE,US100,1469227
2012-04-30,1.0,-0.0016400679206616357,-0.0010482870987438275,0.022709404223608558,False,CLOSE,US100,1469247
2012-05-03,1.0,-0.009785164013667035,-0.009193383191749227,0.023011140904161814,False,CLOSE,US100,1469253
2012-05-04,1.0,-0.00700320292101203,-0.006027860455258605,0.024161004773108775,False,CLOSE,US100,1469255
2012-05-04,1.0,-0.004551820347049206,-0.003576477881295781,0.016869077689885416,False,CLOSE,US500,1469255
2012-05-08,1.0,-0.011210218120725434,-0.010618437298807626,0.017136552820294283,False,CLOSE,US500,1469263
2012-05-09,1.0,0.006332989988958582,0.006924770810876391,0.01727038474397987,False,CLOSE,US500,1469265
2012-05-14,1.0,0.002082125414135428,0.002673906236053236,0.022867825094725718,False,CLOSE,US100,1469275
2012-05-14,1.0,-0.001263082293868633,-0.0006713014719508248,0.01796763174458488,False,CLOSE,US500,1469275
2012-05-15,1.0,0.002879893081605845,0.0034716739035236532,0.021675511703876525,False,CLOSE,US100,1469277
2012-05-15,1.0,0.00390813105864839,0.004499911880566199,0.017862465670481185,False,CLOSE,US500,1469277
2012-05-16,1.0,-0.00027392996529363936,0.0003178508566241689,0.02238535330722864,False,CLOSE,US100,1469279
2012-05-16,1.0,-0.0003661218222592682,0.00022565899965854008,0.01812462628504936,False,CLOSE,US500,1469279
2012-05-17,1.0,0.0033058189052381677,0.003897599727155976,0.019412761263795097,False,CLOSE,US500,1469281
2012-05-17,1.0,0.002492082519629058,0.0030838633415468664,0.02422505593572175,False,CLOSE,US100,1469281
2012-05-18,1.0,0.0022616980038115417,0.003237040469564967,0.020530082783278943,False,CLOSE,US500,1469283
2012-05-18,1.0,0.0009979281094084093,0.001973270575161834,0.025724214097552576,False,CLOSE,US100,1469283
2012-06-01,1.0,0.0008193521226938518,0.0017946945884472765,0.02421077994163056,False,CLOSE,US500,1469311
2012-06-01,1.0,0.0018389229586890943,0.002814265424442519,0.027668182516927802,False,CLOSE,US100,1469311
2012-06-04,1.0,-0.0025434000115270965,-0.0019516191896092883,0.024138484665639684,False,CLOSE,US500,1469317
2012-06-07,1.0,-0.0021978624930463313,-0.001606081671128523,0.026497580751703838,False,CLOSE,US100,1469323
2012-06-11,1.0,0.004099961907430439,0.004691742729348247,0.026070766911842666,False,CLOSE,US100,1469331
2012-06-21,1.0,0.0027580632460297745,0.0033498440679475827,0.024819312436473742,False,CLOSE,US100,1469351
2012-07-10,1.0,-6.955700999801076e-05,0.0005222238119197975,0.021254457326150073,False,CLOSE,US500,1469389
2012-07-10,1.0,-0.0018541559639980824,-0.0012623751420802742,0.024245423644277526,False,CLOSE,US100,1469389
2012-07-11,1.0,-0.006405952730806141,-0.005814171908888333,0.020764122435515637,False,CLOSE,US500,1469391
2012-07-12,1.0,0.0020301609785591153,0.0026219418004769235,0.01940464897014174,False,CLOSE,US500,1469393
2012-07-20,1.0,-0.020433631446053757,-0.01945828898030033,0.021715435429439104,False,CLOSE,US100,1469409
2012-07-24,1.0,0.0014990376785446353,0.0020908185004624436,0.019223865785191075,False,CLOSE,US500,1469417
2012-07-25,1.0,0.013815532271698395,0.014407313093616203,0.019059585234358634,False,CLOSE,US500,1469419
2012-07-31,1.0,0.006506853693062798,0.007098634514980606,0.02404105008513793,False,CLOSE,US100,1469431
2012-08-23,1.0,-0.003079936138834515,-0.002488155316916707,0.01040507619375928,False,CLOSE,US500,1469477
2012-08-30,1.0,0.005102431866359936,0.005694212688277744,0.010821881413941112,False,CLOSE,US500,1469491
2012-09-10,1.0,-0.0004461730445135641,0.00014560777740424413,0.016742021556553365,False,CLOSE,US100,1469513
2012-09-21,1.0,-0.009243637991658114,-0.00826829552590469,0.014485783127881326,False,CLOSE,US100,1469535
2012-09-25,1.0,-0.0019008690770476837,-0.0013090882551298755,0.015782285634970555,False,CLOSE,US100,1469543
2012-09-25,1.0,-0.0008003482593067594,-0.00020856743738895123,0.013239439979416144,False,CLOSE,US500,1469543
2012-09-26,1.0,0.003595764879959818,0.004187545701877626,0.012047045376203614,False,CLOSE,US500,1469545
2012-09-28,1.0,0.0038374316687477825,0.004812774134501208,0.015604105541504777,False,CLOSE,US100,1469549
2012-10-05,1.0,-0.006773964791703945,-0.00579862232595052,0.01650530043187127,False,CLOSE,US100,1469563
2012-10-09,1.0,-0.0008889738109411176,-0.0002971929890233094,0.018906251624369215,False,CLOSE,US100,1469571
2012-10-09,1.0,-0.0007306494254862954,-0.00013886860356848718,0.013771055121468104,False,CLOSE,US500,1469571
2012-10-10,1.0,0.0068795069970954865,0.007471287819013295,0.019164758093653943,False,CLOSE,US100,1469573
2012-10-10,1.0,0.006387745592437478,0.006979526414355286,0.013916448400531984,False,CLOSE,US500,1469573
2012-10-11,1.0,-0.0007419520869730405,-0.00015017126505523226,0.019771173433210006,False,CLOSE,US100,1469575
2012-10-12,1.0,0.0014038365680029707,0.0023791790337563956,0.014539310903347587,False,CLOSE,US500,1469577
2012-10-19,1.0,-0.0014317383675447868,-0.00045639590179136214,0.019787618669786282,False,CLOSE,US100,1469591
2012-10-23,1.0,0.0030143099199195673,0.0036060907418373755,0.015682944114594703,False,CLOSE,US500,1469599
2012-10-24,1.0,0.006499531104542367,0.007091311926460175,0.015765391868673394,False,CLOSE,US500,1469601
2012-10-24,1.0,0.006314249303182685,0.006906030125100493,0.02042237510527972,False,CLOSE,US100,1469601
2012-11-02,1.0,-0.0008220925812178468,0.00015324988453557786,0.020517888351627916,False,CLOSE,US100,1469619
2012-11-08,1.0,-0.003634238736247807,-0.003042457914329999,0.020956720860386472,False,CLOSE,US500,1469631
2012-12-03,1.0,-0.00013446642032756076,0.0004573144015902475,0.01921946700833247,False,CLOSE,US100,1469681
2012-12-19,1.0,0.0012191928170626094,0.0018109736389804176,0.01909692128331814,False,CLOSE,US100,1469713
2012-12-28,1.0,-0.0036175753282938197,-0.0026422328625403946,0.015084532472235183,False,CLOSE,US500,1469731
2013-01-24,1.0,0.002558409601461687,0.0031501904233794953,0.012745785832772662,False,CLOSE,US100,1469785
2013-01-31,1.0,0.006437094859083715,0.007028875681001523,0.012849948180344038,False,CLOSE,US100,1469799
2013-02-04,1.0,0.003769795859117398,0.004361576681035206,0.014907680806274594,False,CLOSE,US100,1469807
2013-02-12,1.0,0.002360843509211275,0.0029526243311290834,0.01575573871019244,False,CLOSE,US100,1469823
2013-02-20,1.0,-0.004312775713797078,-0.00372099489187927,0.015499724477685578,False,CLOSE,US100,1469839
2013-02-25,1.0,0.0007656037921483956,0.0013573846140662038,0.016594080724862494,False,CLOSE,US100,1469849
2013-02-28,1.0,-0.004019389721033561,-0.0034276088991157527,0.016462639394889178,False,CLOSE,US100,1469855
2013-03-06,1.0,0.0005758971359737138,0.001167677957891522,0.017938015880169876,False,CLOSE,US100,1469867
2013-04-03,1.0,-0.0010303280334139735,-0.00043854721149616527,0.015754539204631636,False,CLOSE,US100,1469923
2013-04-15,1.0,0.005096500692037365,0.0056882815139551735,0.017377880300111007,False,CLOSE,US100,1469947
2013-04-18,1.0,0.0013441522408858993,0.0019359330628037075,0.022012306502290996,False,CLOSE,US100,1469953
2013-05-16,1.0,0.004571969754350248,0.005163750576268056,0.01310337012656429,False,CLOSE,US100,1470009
2013-05-31,1.0,-0.000838663287230089,0.00013667917852333566,0.01614818182754364,False,CLOSE,US100,1470039
2013-06-05,1.0,0.0007960183558821561,0.0013877991777999643,0.01869234142240353,False,CLOSE,US100,1470049
2013-06-05,1.0,-0.0010254485167025089,-0.0004336676947847007,0.018721938069126646,False,CLOSE,US500,1470049
2013-06-12,1.0,-0.001984345423760924,-0.001392564601843116,0.019788208191654694,False,CLOSE,US100,1470063
2013-06-14,1.0,0.006910809844943134,0.00788615231069656,0.02038207435017203,False,CLOSE,US100,1470067
2013-06-19,1.0,-0.012136007461428521,-0.011544226639510713,0.020571532507188565,False,CLOSE,US100,1470077
2013-06-20,1.0,0.00621302156106961,0.006804802382987418,0.022006617485620245,False,CLOSE,US500,1470079
2013-06-20,1.0,-0.0009591706947568272,-0.00036738987283901903,0.022475316748692936,False,CLOSE,US100,1470079
2013-06-27,1.0,-0.0036827206490360857,-0.0030909398271182775,0.02172244693562571,False,CLOSE,US100,1470093
2013-07-01,1.0,-0.0010097467579161072,-0.000417965935998299,0.022238165465646994,False,CLOSE,US100,1470101
2013-07-23,1.0,0.009238258622475726,0.009830039444393535,0.013562340395818783,False,CLOSE,US100,1470145
2013-08-15,1.0,-0.0025152668437701357,-0.0019234860218523275,0.011881054301175175,False,CLOSE,US500,1470191
2013-08-16,1.0,-0.0021214223237974715,-0.0011460798580440468,0.012004521661583162,False,CLOSE,US500,1470193
2013-08-19,1.0,0.0010470867828839998,0.001638867604801808,0.012315855298994512,False,CLOSE,US500,1470199
2013-08-19,1.0,0.0012668233055919027,0.001858604127509711,0.014475357413994113,False,CLOSE,US100,1470199
2013-08-27,1.0,-0.0017895023301979333,-0.0011977215082801251,0.016897126506268335,False,CLOSE,US100,1470215
2013-09-16,1.0,0.0015919541256421595,0.0021837349475599677,0.01647386200407778,False,CLOSE,US100,1470255
2013-09-20,1.0,0.003202272253863437,0.004177614719616862,0.014026119938332053,False,CLOSE,US100,1470263
2013-09-25,1.0,0.0010652155086625544,0.0016569963305803626,0.012770753357295288,False,CLOSE,US500,1470273
2013-10-07,1.0,-0.0005912262194483035,5.546024695046725e-07,0.015546829341095957,False,CLOSE,US100,1470297
2013-10-08,1.0,0.001738766190751296,0.002330547012669104,0.016523574579195066,False,CLOSE,US100,1470299
2013-10-15,1.0,0.004063488193384524,0.004655269015302332,0.019331014074915498,False,CLOSE,US100,1470313
2013-11-07,1.0,0.0030920179825180034,0.0036837988044358116,0.014708471892768148,False,CLOSE,US100,1470359
2013-11-18,1.0,-0.0011929250879173618,-0.0006011442659995536,0.015619089651210076,False,CLOSE,US100,1470381
2013-11-19,1.0,0.002062352490363118,0.0026541333122809263,0.015431664079615218,False,CLOSE,US100,1470383
2013-12-03,1.0,-0.0042080070418826325,-0.0036162262199648243,0.010294034446868269,False,CLOSE,US500,1470411
2013-12-04,1.0,-0.0023724275113105146,-0.0017806466893927064,0.010169989924162449,False,CLOSE,US500,1470413
2013-12-05,1.0,0.009076759211868558,0.009668540033786366,0.010095140236783977,False,CLOSE,US500,1470415
2013-12-11,1.0,-0.0002399511705613138,0.00035182965135649447,0.011924308736211819,False,CLOSE,US100,1470427
2013-12-12,1.0,0.00411630839126741,0.004708089213185218,0.011463366907362726,False,CLOSE,US100,1470429
2013-12-12,1.0,0.0014856250074486328,0.002077405829366441,0.01020128549650028,False,CLOSE,US500,1470429
2013-12-13,1.0,0.0037409046987960113,0.004716247164549436,0.010100164986268062,False,CLOSE,US500,1470431
2013-12-16,1.0,-0.000591808904436119,-2.8082518310768023e-08,0.01238195664442367,False,CLOSE,US100,1470437
2014-01-03,1.0,-0.0007444419518859977,0.00023090051386742694,0.013165536649305106,False,CLOSE,US100,1470473
2014-01-13,1.0,0.002779917607974792,0.0033716984298926,0.01302987865590307,False,CLOSE,US100,1470493
2014-01-24,1.0,-2.4617942624148657e-05,0.000950724523129276,0.013991067890603623,False,CLOSE,US500,1470515
2014-01-24,1.0,-0.0009754953862666769,-1.5292051325221934e-07,0.016601294110595886,False,CLOSE,US100,1470515
2014-01-27,1.0,0.00013863635005194672,0.000730417171969755,0.014613976287859145,False,CLOSE,US500,1470521
2014-01-29,1.0,0.011653925722949088,0.012245706544866897,0.018304936524936588,False,CLOSE,US100,1470525
2014-02-03,1.0,0.00450992201024113,0.005101702832158939,0.020973495065640422,False,CLOSE,US100,1470535
2014-02-03,1.0,0.0038867231491497185,0.004478503971067527,0.018073560102337648,False,CLOSE,US500,1470535
2014-02-21,1.0,0.0013591770210137923,0.002334519486767217,0.017692290685884265,False,CLOSE,US100,1470571
2014-03-13,1.0,-0.0023739637328285094,-0.0017821829109107012,0.014412640610893302,False,CLOSE,US500,1470611
2014-03-13,1.0,-0.0038398645598338825,-0.0032480837379160743,0.017892473113800135,False,CLOSE,US100,1470611
2014-03-14,1.0,0.004061033823472394,0.005036376289225819,0.013931070248219286,False,CLOSE,US500,1470613
2014-03-14,1.0,0.005453124755808337,0.006428467221561762,0.01785090816031769,False,CLOSE,US100,1470613
2014-03-21,1.0,0.0026199381527132757,0.0035952806184667008,0.019054625412225037,False,CLOSE,US100,1470627
2014-03-26,1.0,-0.0019652097440182696,-0.0013734289221004614,0.022850552962847055,False,CLOSE,US100,1470637
2014-03-31,1.0,0.004313436097001178,0.0049052169189189865,0.02353845420535927,False,CLOSE,US100,1470647
2014-04-04,1.0,-0.007227249424485326,-0.006251906958731901,0.026127953306860737,False,CLOSE,US100,1470655
2014-04-07,1.0,-0.0010257968786301468,-0.00043401605671233856,0.01662327944466676,False,CLOSE,US500,1470661
2014-04-10,1.0,-0.009522358271244268,-0.00893057744932646,0.029221916625305263,False,CLOSE,US100,1470667
2014-04-11,1.0,0.007822218847789721,0.008797561313543145,0.028992639256217548,False,CLOSE,US100,1470669
2014-04-23,1.0,0.01589042529054251,0.016482206112460318,0.026946306426256415,False,CLOSE,US100,1470693
2014-04-25,1.0,0.0037814139254295784,0.0047567563911830035,0.02518526494376793,False,CLOSE,US100,1470697
2014-05-06,1.0,0.0014822674684160549,0.002074048290333863,0.01963653392301718,False,CLOSE,US100,1470719
2014-05-28,1.0,0.002935116796238136,0.003526897618155944,0.01621541295472489,False,CLOSE,US100,1470763
2014-06-12,1.0,0.0013717966646060627,0.001963577486523871,0.008237555887040292,False,CLOSE,US500,1470793
2014-07-16,1.0,-0.0033031212334974185,-0.0027113404115796103,0.013195831089730464,False,CLOSE,US100,1470861
2014-07-17,1.0,0.004586750054911482,0.00517853087682929,0.014403386372383893,False,CLOSE,US100,1470863
2014-07-29,1.0,0.002962259320982586,0.0035540401429003943,0.010934667213359391,False,CLOSE,US500,1470887
2014-07-29,1.0,0.004998422093578803,0.0055902029154966115,0.014818130131299123,False,CLOSE,US100,1470887
2014-07-31,1.0,-0.003336394676537135,-0.0027446138546193266,0.012668099906200457,False,CLOSE,US500,1470891
2014-07-31,1.0,-0.0026967181709830583,-0.00210493734906525,0.015898977086706054,False,CLOSE,US100,1470891
2014-08-01,1.0,0.0009467133856573841,0.0019220558514108088,0.013230107790768223,False,CLOSE,US500,1470893
2014-09-03,1.0,0.0017203431267913578,0.002312123948709166,0.008874678615354835,False,CLOSE,US100,1470959
2014-09-09,1.0,0.0007178822497488808,0.001309663071666689,0.009963998932167812,False,CLOSE,US100,1470971
2014-09-23,1.0,-0.00044065167513319617,0.0001511291467846121,0.011952664845433874,False,CLOSE,US500,1470999
2014-09-25,1.0,0.002682389409959008,0.0032741702318768162,0.01748168212987062,False,CLOSE,US100,1471003
2014-10-01,1.0,-0.001466850196388824,-0.0008750693744710158,0.014919179861442988,False,CLOSE,US500,1471015
2014-10-01,1.0,-0.0010032705442105765,-0.00041148972229276826,0.019031212783377216,False,CLOSE,US100,1471015
2014-10-02,1.0,0.006096607123180265,0.006688387945098073,0.015455974032492305,False,CLOSE,US500,1471017
2014-10-07,1.0,-7.423703587862088e-05,0.0005175437860391874,0.01980233347778043,False,CLOSE,US100,1471027
2014-10-09,1.0,-0.006476126588904962,-0.0058843457669871535,0.02286437974238905,False,CLOSE,US100,1471031
2014-10-10,1.0,-0.002775663154013285,-0.00180032068825986,0.024675478547208647,False,CLOSE,US100,1471033
2014-10-13,1.0,0.005648062296128565,0.006239843118046373,0.026762616257290706,False,CLOSE,US100,1471039
2014-10-14,1.0,-0.015651151514808236,-0.015059370692890428,0.026886492353773942,False,CLOSE,US100,1471041
2014-10-22,1.0,0.009473498758804978,0.010065279580722786,0.029518003833135256,False,CLOSE,US100,1471057
2014-12-10,1.0,0.002952402143699507,0.003544182965617315,0.011897643824678426,False,CLOSE,US500,1471155
2014-12-10,1.0,0.0023119615207498508,0.002903742342667659,0.015618726481284527,False,CLOSE,US100,1471155
2014-12-11,1.0,-0.010129232016492306,-0.009537451194574498,0.016226238901277085,False,CLOSE,US100,1471157
2014-12-12,1.0,0.004186906489971166,0.005162248955724591,0.016592659059007434,False,CLOSE,US100,1471159
2014-12-15,1.0,-0.005253214649205706,-0.0046614338272878975,0.015133478170856295,False,CLOSE,US500,1471165
2014-12-15,1.0,-0.006890364506546353,-0.006298583684628545,0.018241997600793803,False,CLOSE,US100,1471165
2014-12-16,1.0,0.0020861556459517046,0.0026779364678695128,0.01717769545852899,False,CLOSE,US500,1471167
2014-12-16,1.0,0.00010841225842005484,0.0007001930803378631,0.020607672295034754,False,CLOSE,US100,1471167
2014-12-23,1.0,0.0006558737248054565,0.0012476545467232647,0.022216625369753374,False,CLOSE,US100,1471181
2014-12-24,1.0,0.0020925164855878594,0.002876078129423476,0.021830899381434753,False,CLOSE,US100,1471183
2014-12-30,1.0,0.0011339559446428178,0.001725736766560626,0.019921521848269286,False,CLOSE,US100,1471195
2014-12-31,1.0,0.0033034695141918266,0.004087031158027443,0.020957278705749018,False,CLOSE,US500,1471197
2014-12-31,1.0,0.004155836090893783,0.0049393977347294005,0.020031563861462678,False,CLOSE,US100,1471197
2015-01-02,1.0,-0.007108641570141293,-0.006133299104387868,0.02080504688555719,False,CLOSE,US500,1471201
2015-01-05,1.0,0.001242301634744248,0.0018340824566620562,0.02159043402792872,False,CLOSE,US500,1471207
2015-01-05,1.0,0.0008870987491316103,0.0014788795710494185,0.02093117911219175,False,CLOSE,US100,1471207
2015-01-06,1.0,0.0074154525238891884,0.008007233345806997,0.02186574839730469,False,CLOSE,US500,1471209
2015-01-12,1.0,0.009157264518014675,0.009749045339932483,0.01950837353855503,False,CLOSE,US100,1471221
2015-01-15,1.0,-0.0018962325221893,-0.0013044517002714917,0.024772426347081353,False,CLOSE,US100,1471227
2015-01-15,1.0,-0.0018476289304109154,-0.0012558481084931072,0.021808640977074596,False,CLOSE,US500,1471227
2015-01-28,1.0,-0.0013839999145591857,-0.0007922190926413775,0.027688137867190328,False,CLOSE,US100,1471253
2015-01-28,1.0,0.000607737155731803,0.0011995179776496112,0.023881460450189587,False,CLOSE,US500,1471253
2015-01-30,1.0,0.0012995647759775366,0.0022749072417309613,0.027607031537411786,False,CLOSE,US100,1471257
2015-03-06,1.0,0.0010728328810230572,0.002048175346776482,0.01173073902326337,False,CLOSE,US100,1471327
2015-03-06,1.0,0.00018152426582257594,0.0011568667315760006,0.010704032942839458,False,CLOSE,US500,1471327
2015-03-10,1.0,0.0009218224855387265,0.0015136033074565347,0.013823582549060534,False,CLOSE,US100,1471335
2015-03-11,1.0,0.0031248411892712442,0.0037166220111890524,0.012191892532492168,False,CLOSE,US500,1471337
2015-03-11,1.0,-0.0013531503210518873,-0.0007613694991340791,0.014148443517297434,False,CLOSE,US100,1471337
2015-03-20,1.0,-0.0015282114697494063,-0.0005528690039959816,0.016853370699125545,False,CLOSE,US100,1471355
2015-03-23,1.0,-0.0006837947782568736,-9.20139563390654e-05,0.016186469925465456,False,CLOSE,US100,1471361
2015-03-24,1.0,0.0009829935727827428,0.001574774394700551,0.01613810159942078,False,CLOSE,US100,1471363
2015-03-25,1.0,-0.008841557416507505,-0.008249776594589697,0.018549813460640528,False,CLOSE,US100,1471365
2015-03-25,1.0,-0.004479895284142398,-0.00388811446222459,0.017968259959307512,False,CLOSE,US500,1471365
2015-03-26,1.0,-0.0012735483019260634,-0.0006817674800082552,0.01743955041017667,False,CLOSE,US500,1471367
2015-03-31,1.0,-0.0005913484915340932,4.323303837150405e-07,0.017989726966432404,False,CLOSE,US100,1471377
2015-04-07,1.0,-0.00021403936663323345,0.0003777414552845748,0.01804762892251762,False,CLOSE,US100,1471391
2015-04-13,1.0,-0.001615112913689997,-0.0010233320917721889,0.017016462930169278,False,CLOSE,US100,1471403
2015-04-30,1.0,0.003917387895642877,0.004509168717560685,0.013810516438548713,False,CLOSE,US500,1471437
2015-05-04,1.0,-0.004528353766376513,-0.003936572944458705,0.018401544565609346,False,CLOSE,US100,1471445
2015-05-05,1.0,0.0011762859794370757,0.001768066801354884,0.019633718093453587,False,CLOSE,US100,1471447
2015-05-11,1.0,-0.006502884449044909,-0.005911103627127101,0.019633455876418928,False,CLOSE,US100,1471459
2015-05-13,1.0,0.0075565333179816625,0.00814831413989947,0.019761876178318726,False,CLOSE,US100,1471463
2015-05-22,1.0,-0.003339799102482853,-0.00217267581481162,0.015973944287712403,False,CLOSE,US100,1471481
2015-05-26,1.0,0.0020185728919468356,0.0026103537138646438,0.012199100077507394,False,CLOSE,US500,1471489
2015-06-08,1.0,-0.002994759916698519,-0.0024029790947807106,0.015241091422905799,False,CLOSE,US100,1471515
2015-06-08,1.0,-0.000735660408057514,-0.00014387958613970575,0.011301174710770493,False,CLOSE,US500,1471515
2015-06-09,1.0,0.0038217085771428023,0.0044134893990606106,0.011575219233544005,False,CLOSE,US500,1471517
2015-06-19,1.0,0.006395149013563029,0.007370491479316454,0.01580909789038722,False,CLOSE,US100,1471537
2015-06-24,1.0,0.0033096739210520705,0.0039014547429698787,0.015272962869496212,False,CLOSE,US100,1471547
2015-06-25,1.0,-0.0007736659793367122,-0.000181885157418904,0.015188990210974317,False,CLOSE,US100,1471549
2015-06-29,1.0,0.006906942578442255,0.007498723400360063,0.017112279199677678,False,CLOSE,US100,1471557
2015-06-29,1.0,0.008365431445845884,0.008957212267763692,0.014436915841502352,False,CLOSE,US500,1471557
2015-07-08,1.0,0.012699221711295772,0.01329100253321358,0.01892184181844922,False,CLOSE,US100,1471575
2015-07-09,1.0,0.012706217150273414,0.013297997972191222,0.018734610057510565,False,CLOSE,US100,1471577
2015-07-23,1.0,-2.0427129369792656e-05,0.0005713536925480156,0.01450291617139756,False,CLOSE,US500,1471605
2015-07-24,1.0,-0.006071953917496874,-0.005096611451743449,0.014989730842697752,False,CLOSE,US500,1471607
2015-07-24,1.0,-0.00664580252188579,-0.005670460056132365,0.020657050383476264,False,CLOSE,US100,1471607
2015-07-27,1.0,0.004244257854503209,0.004836038676421017,0.013875455839266346,False,CLOSE,US500,1471613
2015-08-06,1.0,-0.003036266560912281,-0.002444485738994473,0.018353478078863825,False,CLOSE,US100,1471633
2015-08-20,1.0,-0.014693304658812367,-0.014101523836894558,0.02241313844608304,False,CLOSE,US100,1471661
2015-09-16,-1.0,0.0004265468476169236,0.000799149587342951,0.026130029332199878,False,CLOSE,US500,1471715
2015-10-02,-1.0,-0.0078049773152368135,-0.007487169096058732,0.02582550496096738,False,CLOSE,US500,1471747
2015-10-05,-1.0,0.00043357474970509834,0.0008061774894311258,0.025765726922878204,False,CLOSE,US500,1471753
2015-10-08,-1.0,-0.0012177306711070562,-0.0008451279313810289,0.024335006596149542,False,CLOSE,US500,1471759
2015-10-09,-1.0,-0.0007646537774625298,-0.0004468455582844477,0.02370849810590351,False,CLOSE,US500,1471761
2015-10-12,-1.0,0.003944124913762645,0.004316727653488672,0.0220645234791419,False,CLOSE,US500,1471767
2015-10-21,1.0,0.008336547376866833,0.00892832819878464,0.020149005882250444,False,CLOSE,US100,1471785
2015-10-30,1.0,0.0016719015765352407,0.0026472440422886656,0.01776411597900201,False,CLOSE,US100,1471803
2015-11-09,1.0,-0.0033312239160995342,-0.002739443094181726,0.015164120693798532,False,CLOSE,US500,1471823
2015-11-11,1.0,-0.0046576594005316545,-0.004065878578613846,0.017254251474217917,False,CLOSE,US100,1471827
2015-11-12,1.0,-0.0047863165640373954,-0.004194535742119587,0.01526244410649503,False,CLOSE,US100,1471829
2015-11-13,1.0,-0.0019768194880561128,-0.001001477022302688,0.016992236243855156,False,CLOSE,US100,1471831
2015-12-02,1.0,0.0021166933153060515,0.0027084741372238597,0.016719724314014785,False,CLOSE,US100,1471869
2015-12-11,1.0,0.0003786370296592913,0.001353979495412716,0.022059154312294688,False,CLOSE,US100,1471887
2015-12-15,1.0,0.006175232927859254,0.006767013749777062,0.022895836024034912,False,CLOSE,US100,1471895
2015-12-17,1.0,-0.0036998695500842886,-0.0031080887281664804,0.02612753006649604,False,CLOSE,US100,1471899
2015-12-18,1.0,0.008493993120276823,0.009469335586030247,0.027761442437835952,False,CLOSE,US100,1471901
2015-12-24,1.0,-0.0035653609991488575,-0.0023982377114776243,0.022204854643462967,False,CLOSE,US100,1471913
2015-12-30,1.0,-0.004123286536819492,-0.0035315057149016837,0.020904750842559744,False,CLOSE,US100,1471925
2015-12-31,1.0,-0.02271193251720007,-0.02154480922952884,0.021248835905459708,False,CLOSE,US100,1471927
2016-02-17,-1.0,-0.0020312814025914257,-0.0016586786628653982,0.029663285079959335,False,CLOSE,US500,1472023
2016-02-22,-1.0,0.0036318627993030842,0.004004465539029112,0.026997584347602542,False,CLOSE,US500,1472033
2016-03-03,-1.0,-0.0015238815193544225,-0.0011512787796283952,0.02096954949431783,False,CLOSE,US500,1472053
2016-03-04,-1.0,0.0051203381813243595,0.005438146400502442,0.02011569532473719,False,CLOSE,US500,1472055
2016-03-07,-1.0,0.005958632743172573,0.006331235482898601,0.019373217795256956,False,CLOSE,US500,1472061
2016-04-05,1.0,0.00041868347577510637,0.0010104642976929146,0.015540896888990758,False,CLOSE,US100,1472119
2016-04-11,1.0,0.00014514086803062495,0.0007369216899484332,0.018241946255154594,False,CLOSE,US100,1472131
2016-04-29,1.0,0.0018841546175294998,0.0028594970832829247,0.012524988787154027,False,CLOSE,US500,1472167
2016-06-07,1.0,0.0011328430380279537,0.001724623859945762,0.014110099858436469,False,CLOSE,US100,1472245
2016-06-13,1.0,-0.002750348924587597,-0.002158568102669789,0.011611245214940231,False,CLOSE,US500,1472257
2016-06-13,1.0,-0.003276228834546379,-0.002684448012628571,0.01333961270444654,False,CLOSE,US100,1472257
2016-06-14,1.0,-0.0005918617841175304,-8.096219972220098e-08,0.011010997406855278,False,CLOSE,US500,1472259
2016-06-15,1.0,-0.0005918267178657392,-4.589594793102947e-08,0.010990230585575193,False,CLOSE,US500,1472261
2016-06-20,1.0,0.0007146696766149215,0.0013064504985327297,0.015109071341242633,False,CLOSE,US100,1472271
2016-06-22,1.0,0.0071480845530140676,0.007739865374931876,0.015012543145626734,False,CLOSE,US100,1472275
2016-07-13,1.0,0.006061779289996617,0.006653560111914425,0.022821590246211772,False,CLOSE,US100,1472317
2016-08-02,1.0,-0.0009169562325031071,-0.00032517541058529886,0.009802135898971163,False,CLOSE,US500,1472357
2016-08-16,1.0,-0.0003351304008565419,0.00025665042106126634,0.010233759985863396,False,CLOSE,US100,1472385
2016-08-23,1.0,-0.0012721159748023785,-0.0006803351528845702,0.009250623769857556,False,CLOSE,US100,1472399
2016-08-26,1.0,-0.0002848627884754472,0.0006904796772779775,0.008446457802286929,False,CLOSE,US500,1472405
2016-09-09,1.0,-0.006575542269169509,-0.005600199803416084,0.01304132669971697,False,CLOSE,US100,1472433
2016-09-09,1.0,-0.005148546950325127,-0.004173204484571702,0.011614522018899528,False,CLOSE,US500,1472433
2016-09-19,1.0,0.0030047616147450447,0.003596542436662853,0.01695406160701143,False,CLOSE,US100,1472453
2016-10-14,1.0,-0.0018292347556238529,-0.0008538922898704282,0.014497357709243954,False,CLOSE,US100,1472503
2016-10-18,1.0,-0.0013554925270336075,-0.0007637117051157993,0.014527003780371257,False,CLOSE,US100,1472511
2016-10-27,1.0,-0.003477223837024989,-0.002885443015107181,0.0140930877124466,False,CLOSE,US100,1472529
2016-10-28,1.0,0.0008592479453482529,0.0018345904111016775,0.011891752517538115,False,CLOSE,US500,1472531
2016-10-31,1.0,0.0011176742241694078,0.001709455046087216,0.01304150126130502,False,CLOSE,US100,1472537
2016-10-31,1.0,0.001196437260396744,0.0017882180823145521,0.010504965705589975,False,CLOSE,US500,1472537
2016-11-01,1.0,-0.0022981138318948317,-0.0017063330099770235,0.011637767449409562,False,CLOSE,US500,1472539
2016-11-02,1.0,0.0005998391973027657,0.001191620019220574,0.011386451496158584,False,CLOSE,US500,1472541
2016-11-03,1.0,3.1445076814618585e-05,0.0006232258987324268,0.011490185202834227,False,CLOSE,US500,1472543
2016-11-03,1.0,-0.0030469049046612066,-0.0024551240827433984,0.014955907126581146,False,CLOSE,US100,1472543
2016-11-04,1.0,-0.0009756613922127775,-3.189264593528307e-07,0.011651835362695158,False,CLOSE,US500,1472545
2016-11-04,1.0,0.015214596732203989,0.016189939197957415,0.01544220737857636,False,CLOSE,US100,1472545
2016-11-18,1.0,0.0014965975472034942,0.002471940012956919,0.023260568216922795,False,CLOSE,US100,1472573
2016-11-28,1.0,0.00033639249005389463,0.0009281733119717028,0.018684283808488876,False,CLOSE,US100,1472593
2016-11-30,1.0,-0.0009321298466419374,-0.0003403490247241292,0.017899739545849877,False,CLOSE,US100,1472597
2016-12-01,1.0,1.4190388796231997e-05,0.0006059712107140403,0.016386478006852237,False,CLOSE,US100,1472599
2016-12-16,1.0,2.7902308489315044e-05,0.0010032447742427397,0.01655422139302745,False,CLOSE,US100,1472629
2016-12-28,1.0,-0.000841876709493327,-0.0002500958875755188,0.013101708854865803,False,CLOSE,US100,1472653
2016-12-30,1.0,0.005500422287298391,0.006667545574969624,0.014120024080353046,False,CLOSE,US100,1472657
2016-12-30,1.0,0.005588114346648167,0.0067552376343194,0.009582962929172436,False,CLOSE,US500,1472657
2017-03-02,1.0,-0.0012801464016830681,-0.0006883655797652599,0.00978194631591529,False,CLOSE,US100,1472781
2017-03-17,1.0,-0.0012791484072440227,-0.00030380594149059803,0.00933759495502055,False,CLOSE,US100,1472811
2017-03-21,1.0,-0.00042041038857344384,0.00017137043334436441,0.009564801376222972,False,CLOSE,US500,1472819
2017-03-21,1.0,-0.0002839879095195668,0.00030779291239824147,0.010219883030671808,False,CLOSE,US100,1472819
2017-04-05,1.0,0.0003936768009566889,0.0009854576228744971,0.01256780327745808,False,CLOSE,US100,1472849
2017-04-12,1.0,-0.001966490269871956,-0.0013747094479541477,0.011997514571302732,False,CLOSE,US100,1472863
2017-04-12,1.0,-0.0022580461377102005,-0.0016662653157923923,0.010987577945030715,False,CLOSE,US500,1472863
2017-04-13,1.0,0.0014132294107859003,0.0025803526984571334,0.011013336302752886,False,CLOSE,US500,1472865
2017-04-13,1.0,0.001669993477569777,0.00283711676524101,0.012020708201498208,False,CLOSE,US100,1472865
2017-04-19,1.0,0.0034389978330051536,0.004030778654922962,0.01107361682698334,False,CLOSE,US100,1472877
2017-04-26,1.0,0.0018534982361155699,0.0024452790580333783,0.011354239925244149,False,CLOSE,US100,1472891
2017-05-17,1.0,-0.0009594336141625186,-0.00036765279224471037,0.010126011024636497,False,CLOSE,US100,1472933
2017-05-17,1.0,-0.0009734735426172418,-0.0003816927206994336,0.008214572468329573,False,CLOSE,US500,1472933
2017-06-06,1.0,0.0022082182225753207,0.002799999044493129,0.012749763725970748,False,CLOSE,US100,1472973
2017-06-20,1.0,0.0017045016645542595,0.0022962824864720677,0.0191934380944635,False,CLOSE,US100,1473001
2017-06-26,1.0,-0.004362082894923246,-0.003770302073005438,0.020193861980199172,False,CLOSE,US100,1473013
2017-06-27,1.0,0.004256271014856806,0.004848051836774614,0.00949724765195222,False,CLOSE,US500,1473015
2017-06-27,1.0,0.003103366536744579,0.0036951473586623873,0.021826437624918458,False,CLOSE,US100,1473015
2017-07-03,1.0,0.0023740271943064836,0.0031575888381421002,0.021624911160385524,False,CLOSE,US100,1473027
2017-08-10,1.0,0.0007552557200145478,0.001347036541932356,0.015475480758785094,False,CLOSE,US100,1473103
2017-08-10,1.0,0.0004748457052561224,0.0010666265271739306,0.007779873549934676,False,CLOSE,US500,1473103
2017-08-17,1.0,-2.5444029731602118e-05,0.0005663367921862061,0.016352318753440218,False,CLOSE,US100,1473117
2017-08-25,1.0,0.0020533068550477327,0.003028649320801158,0.017938801674716606,False,CLOSE,US100,1473133
2017-09-08,1.0,0.006860213591161347,0.007835556056914772,0.015646811727657427,False,CLOSE,US100,1473161
2017-09-14,1.0,-0.000798094427578732,-0.00020631360566092383,0.014235719124341323,False,CLOSE,US100,1473173
2017-10-23,1.0,0.0013711066213273233,0.0019628874432451315,0.009144799567391662,False,CLOSE,US100,1473251
2017-10-26,1.0,0.016215117934960322,0.01680689875687813,0.009499551520812976,False,CLOSE,US100,1473257
2017-11-15,1.0,0.0036196462731425856,0.004211427095060394,0.008519092667237457,False,CLOSE,US500,1473297
2017-11-17,1.0,-0.00026089339425111477,0.00071444907150231,0.01215145169756038,False,CLOSE,US100,1473301
2017-12-04,1.0,-0.0007882116772335405,-0.00019643085531573234,0.015645912518528062,False,CLOSE,US100,1473335
2017-12-14,1.0,0.0033217115316972363,0.0039134923536150445,0.01607690820392577,False,CLOSE,US100,1473355
2017-12-29,1.0,0.003968979105188987,0.00513610239286022,0.010398618366000928,False,CLOSE,US100,1473385
2018-01-16,1.0,0.0041636522466628086,0.004755433068580617,0.012777292470295859,False,CLOSE,US100,1473421
2018-02-02,1.0,-0.010330415429661009,-0.009355072963907585,0.018726143619751993,False,CLOSE,US100,1473455
2018-02-02,1.0,-0.008236139525115536,-0.007260797059362112,0.014897763776984029,False,CLOSE,US500,1473455
2018-02-05,1.0,-0.01570920496769913,-0.015117424145781322,0.019051386628117846,False,CLOSE,US500,1473461
2018-02-05,1.0,-0.015201021246902601,-0.014609240424984793,0.0227879077018412,False,CLOSE,US100,1473461
2018-02-07,1.0,0.0019672331045699105,0.0025590139264877187,0.02761337240706928,False,CLOSE,US100,1473465
2018-02-08,1.0,0.011712683313025208,0.012304464134943016,0.028096841188263326,False,CLOSE,US500,1473467
2018-02-08,1.0,0.013549480325520936,0.014141261147438744,0.03321470124084254,False,CLOSE,US100,1473467
2018-02-16,1.0,-0.00468294648127978,-0.003515823193608547,0.03839242896930283,False,CLOSE,US100,1473483
2018-02-21,1.0,0.0037765311468476066,0.004368311968765415,0.03936116070666967,False,CLOSE,US100,1473493
2018-02-27,1.0,0.005112636873144217,0.005704417695062025,0.03167363653236534,False,CLOSE,US100,1473505
2018-02-28,1.0,-5.353698766042905e-05,0.0005382438342573792,0.031461708718498765,False,CLOSE,US100,1473507
2018-03-01,1.0,-0.007688996953567961,-0.0070972161316501525,0.02726799196810928,False,CLOSE,US500,1473509
2018-03-13,1.0,0.004649900255192952,0.00524168107711076,0.02450350499527925,False,CLOSE,US100,1473533
2018-03-16,1.0,-0.01059821224240892,-0.009622869776655496,0.022760478374120815,False,CLOSE,US100,1473539
2018-03-19,1.0,0.0010718328458796285,0.0016636136677974367,0.020936027125939907,False,CLOSE,US500,1473545
2018-03-22,1.0,-0.0017588541489975788,-0.0011670733270797706,0.023111965710160404,False,CLOSE,US100,1473551
2018-03-22,1.0,0.0013043465607747058,0.001896127382692514,0.019339171341946054,False,CLOSE,US500,1473551
2018-03-23,1.0,0.01927592761625513,0.020251270082008554,0.024552632243268313,False,CLOSE,US100,1473553
2018-03-23,1.0,0.014835493140325009,0.015810835606078433,0.020362840471056652,False,CLOSE,US500,1473553
2018-03-27,1.0,-0.0063122313542695145,-0.005720450532351706,0.0313992350071423,False,CLOSE,US100,1473561
2018-04-06,1.0,0.007643436086966661,0.008618778552720086,0.043740275619212426,False,CLOSE,US100,1473581
2018-04-09,1.0,0.015131004231282209,0.015722785053200017,0.04285576772597208,False,CLOSE,US100,1473587
2018-04-11,1.0,0.005460281256781652,0.0060520620786994606,0.0434440174173953,False,CLOSE,US100,1473591
2018-04-20,1.0,0.0038922528802852194,0.0048675953460386445,0.029323932260061213,False,CLOSE,US100,1473609
2018-04-24,1.0,-0.000857707441378263,-0.0002659266194604548,0.02170734312114101,False,CLOSE,US500,1473617
2018-04-24,1.0,0.0011752845867762825,0.0017670654086940907,0.029060887046498625,False,CLOSE,US100,1473617
2018-04-30,1.0,-0.0032016553508503846,-0.0026098745289325764,0.02713525622840337,False,CLOSE,US100,1473629
2018-05-02,1.0,-0.005658989990551599,-0.0050672091686337906,0.02712672816690432,False,CLOSE,US100,1473633
2018-05-22,1.0,-0.00820271820084174,-0.007610937378923932,0.018226668121600467,False,CLOSE,US100,1473673
2018-05-29,1.0,0.004909736583835079,0.005501517405752887,0.012844243842474078,False,CLOSE,US500,1473687
2018-06-19,1.0,0.0022028550858743563,0.0027946359077921645,0.010435347832830148,False,CLOSE,US500,1473729
2018-06-21,1.0,0.0027659059225966127,0.003357686744514421,0.015162530470520217,False,CLOSE,US100,1473733
2018-06-25,1.0,0.0017699219907605262,0.0023617028126783346,0.011580002793018813,False,CLOSE,US500,1473741
2018-06-27,1.0,-0.0018288507319787033,-0.001237069910060895,0.019531339938763437,False,CLOSE,US100,1473745
2018-06-29,1.0,-0.010355279861556542,-0.009379937395803117,0.02029653815623147,False,CLOSE,US100,1473749
2018-07-03,1.0,0.0057153058922052805,0.006498867536040898,0.022408614622207123,False,CLOSE,US100,1473757
2018-07-19,1.0,0.002424457933370306,0.0030162387552881142,0.01649365142730789,False,CLOSE,US100,1473789
2018-07-20,1.0,-0.003936278717739327,-0.0029609362519859017,0.01628782165680847,False,CLOSE,US100,1473791
2018-08-13,1.0,0.0032343607621227906,0.003826141584040599,0.01854440919583024,False,CLOSE,US100,1473839
2018-08-13,1.0,0.002314646058365833,0.0029064268802836413,0.011006736725758021,False,CLOSE,US500,1473839
2018-08-21,1.0,-0.0026988237493879123,-0.002107042927470104,0.015059158970540845,False,CLOSE,US100,1473855
2018-08-23,1.0,0.002726611782457356,0.0033183926043751644,0.013902491076553228,False,CLOSE,US100,1473859
2018-09-06,1.0,-0.004686888321774118,-0.00409510749985631,0.008916173066971164,False,CLOSE,US500,1473887
2018-09-07,1.0,0.0029879468665517392,0.003963289332305164,0.00885903416507583,False,CLOSE,US500,1473889
2018-09-17,1.0,0.00023537092374902377,0.000827151745666832,0.01744743181832048,False,CLOSE,US100,1473909
2018-09-21,1.0,-0.008227781144978406,-0.007252438679224982,0.0186745757240633,False,CLOSE,US100,1473917
2018-09-26,1.0,0.0034781226740920775,0.004069903496009886,0.017336863004172472,False,CLOSE,US100,1473927
2018-10-04,1.0,0.0002718033307102969,0.0008635841526281052,0.01014472763864941,False,CLOSE,US500,1473943
2018-10-05,1.0,-0.0036506934200135057,-0.0026753509542600806,0.011023910842718625,False,CLOSE,US500,1473945
2018-10-08,1.0,-0.00208570902028472,-0.0014939281983669117,0.01120637907524431,False,CLOSE,US500,1473951
2018-10-09,1.0,-0.002575020263089544,-0.001983239441171736,0.011682738123778345,False,CLOSE,US500,1473953
2018-10-10,1.0,-0.00472632152166309,-0.004134540699745282,0.02489769853961621,False,CLOSE,US100,1473955
2018-10-10,1.0,-0.004975633835373149,-0.004383853013455341,0.014687339254852015,False,CLOSE,US500,1473955
2018-10-18,1.0,0.0074918846077958075,0.008083665429713616,0.034169637087286986,False,CLOSE,US100,1473971
2018-10-19,1.0,0.005035900282875095,0.00601124274862852,0.035346867328258015,False,CLOSE,US100,1473973
2019-01-09,-1.0,0.0062560939033258515,0.006628696643051879,0.038875427661746675,False,CLOSE,US500,1474137
2019-01-10,-1.0,0.004262570021181719,0.0046351727609077464,0.03611829726891347,False,CLOSE,US500,1474139
2019-01-11,-1.0,0.007868415142321573,0.008186223361499656,0.034056670310300824,False,CLOSE,US500,1474141
2019-01-17,-1.0,-0.00805439981288555,-0.007681797073159524,0.022703118847223307,False,CLOSE,US500,1474153
2019-01-18,-1.0,0.005864081218517368,0.006154492177421478,0.022030963383881268,False,CLOSE,US500,1474155
2019-01-31,-1.0,-0.0011877639801121914,-0.0008151612403861641,0.01850485947493076,False,CLOSE,US500,1474181
2019-02-01,-1.0,-0.0005028210821135673,-0.00018501286293548524,0.01851182176986185,False,CLOSE,US500,1474183
2019-02-25,1.0,-0.003012149966435295,-0.002420369144517487,0.015992335659989018,False,CLOSE,US100,1474231
2019-03-06,1.0,-0.0023947007911296996,-0.0018029199692118913,0.012045956919315776,False,CLOSE,US500,1474249
2019-03-06,1.0,-0.0031272441483788486,-0.0025354633264610404,0.014544115156189561,False,CLOSE,US100,1474249
2019-03-07,1.0,-0.008118735341787097,-0.007526954519869289,0.01233846436828056,False,CLOSE,US500,1474251
2019-03-08,1.0,0.0019391176214694228,0.0029144600872228477,0.0121914252353501,False,CLOSE,US500,1474253
2019-03-14,1.0,0.0033128167574543073,0.0039045975793721155,0.016303968869800112,False,CLOSE,US100,1474265
2019-03-22,1.0,-0.004615788315064872,-0.0036404458493114467,0.018863702882147875,False,CLOSE,US100,1474281
2019-04-24,1.0,0.006893639145531195,0.007485419967449003,0.01091708920701882,False,CLOSE,US100,1474347
2019-05-01,1.0,-0.0009094735395421931,-0.0003176927176243849,0.012964019401192127,False,CLOSE,US100,1474361
2019-05-09,1.0,-0.004220457087260609,-0.0036286762653428006,0.015514891280607063,False,CLOSE,US500,1474377
2019-05-13,1.0,0.004672028632898496,0.005263809454816304,0.026896767219522444,False,CLOSE,US100,1474385
2019-05-13,1.0,0.0034317162475370096,0.004023497069454818,0.019867537846084554,False,CLOSE,US500,1474385
2019-05-17,1.0,-0.014906694673335772,-0.013931352207582348,0.030455919855282905,False,CLOSE,US100,1474393
2019-05-24,1.0,0.00163957597067408,0.002806699258345313,0.029720604506052233,False,CLOSE,US100,1474407
2019-05-28,1.0,-0.006789394729831765,-0.006197613907913957,0.027876921924531298,False,CLOSE,US100,1474415
2019-05-29,1.0,0.002426879619430434,0.003018660441348242,0.022085244608495938,False,CLOSE,US500,1474417
2019-05-31,1.0,-0.003677722198068666,-0.002702379732315241,0.026011213154755693,False,CLOSE,US100,1474421
2019-06-24,1.0,-0.0012829868507000623,-0.0006912060287822541,0.01818222745181698,False,CLOSE,US100,1474469
2019-06-25,1.0,0.006059706409826882,0.0066514872317446905,0.01924428745463369,False,CLOSE,US100,1474471
2019-06-26,1.0,0.003014659388188557,0.0036064402101063653,0.019210078021897642,False,CLOSE,US100,1474473
2019-07-17,1.0,-0.005326151493592734,-0.004734370671674926,0.01338446125343971,False,CLOSE,US100,1474515
2019-07-19,1.0,0.0012758836356910343,0.002251226101444459,0.015088910360553083,False,CLOSE,US100,1474519
2019-07-31,1.0,-2.021951051857032e-05,0.0005715613113992379,0.011260745315242604,False,CLOSE,US500,1474543
2019-08-01,1.0,-0.003949609388635322,-0.0033578285667175134,0.013354712423496076,False,CLOSE,US500,1474545
2019-08-01,1.0,-0.00811217532946119,-0.007520394507543382,0.018712628614085826,False,CLOSE,US100,1474545
2019-08-02,1.0,-0.01645655431377374,-0.015481211848020315,0.014554493372216492,False,CLOSE,US500,1474547
2019-08-05,1.0,0.0067723118281028845,0.007364092650020693,0.01857698582239414,False,CLOSE,US500,1474553
2019-08-14,1.0,0.0007213723864671791,0.0013131532083849873,0.03420174689902731,False,CLOSE,US100,1474571
2019-08-20,1.0,0.00817989012050412,0.008771670942421927,0.033437387304572484,False,CLOSE,US100,1474583
2019-08-23,1.0,0.01039359742892071,0.011368939894674135,0.03094179363771525,False,CLOSE,US100,1474589
2019-09-12,1.0,-0.002040756611375382,-0.0014489757894575739,0.022001974336764547,False,CLOSE,US100,1474629
2019-09-23,1.0,0.0034318520632976475,0.004023632885215456,0.011788757056600957,False,CLOSE,US500,1474651
2019-09-24,1.0,-0.001602721749419788,-0.0010109409275019798,0.01743085525881693,False,CLOSE,US100,1474653
2019-09-24,1.0,-0.000287557434408569,0.0003042233875092393,0.012506750027208031,False,CLOSE,US500,1474653
2019-10-01,1.0,-0.0073737873099800726,-0.006782006488062264,0.02034676384171579,False,CLOSE,US100,1474667
2019-10-02,1.0,-0.001459411739635607,-0.0008676309177177988,0.016360772097616976,False,CLOSE,US500,1474669
2019-10-07,1.0,-0.006860442293692769,-0.006268661471774961,0.024432487909554476,False,CLOSE,US100,1474679
2019-10-08,1.0,0.00787550137469738,0.008467282196615189,0.025084325401206246,False,CLOSE,US100,1474681
2019-10-22,1.0,-0.0026245220222854797,-0.0020327412003676715,0.019691731529398245,False,CLOSE,US100,1474709
2019-10-29,1.0,0.001346998631462027,0.0019387794533798353,0.016363301139947797,False,CLOSE,US100,1474723
2019-11-29,1.0,-0.0009265349283384392,4.880753741498545e-05,0.01080825353420681,False,CLOSE,US100,1474785
2019-12-03,1.0,0.003123313041446741,0.003715093863364549,0.009958119040507023,False,CLOSE,US500,1474793
2019-12-09,1.0,-0.00010190481100847906,0.0004898760109093292,0.013850323444208178,False,CLOSE,US100,1474805
2020-01-22,1.0,-0.0011724182860860625,-0.0005806374641682543,0.014621050853860257,False,CLOSE,US100,1474893
2020-01-27,1.0,0.004230219322127516,0.004822000144045324,0.011949673277776286,False,CLOSE,US500,1474903
2020-01-31,1.0,0.003909267369039794,0.004884609834793219,0.018766025390194195,False,CLOSE,US100,1474911
2020-02-24,1.0,0.0041223851072529245,0.004714165929170733,0.01745956537167117,False,CLOSE,US500,1474959
2020-02-25,1.0,0.004301833743440387,0.004893614565358195,0.02041429062671167,False,CLOSE,US500,1474961
2020-02-25,1.0,0.0056301315091740085,0.006221912331091817,0.027122780152430217,False,CLOSE,US100,1474961
2020-02-26,1.0,-0.019981718633332878,-0.01938993781141507,0.021652183760578113,False,CLOSE,US500,1474963
2020-02-27,1.0,-0.03463169884939688,-0.03403991802747908,0.03397584115257975,False,CLOSE,US100,1474965
2020-03-03,1.0,0.017739151877480087,0.018330932699397895,0.045444188292033214,False,CLOSE,US100,1474975
2020-03-26,-1.0,0.029987166900471568,0.030359769640197598,0.11387604115164064,False,CLOSE,US500,1475021
2020-04-08,-1.0,-0.013327490100021402,-0.012954887360295375,0.06933410961305175,False,CLOSE,US500,1475047
2020-04-09,-1.0,0.003519817450338279,0.003810228409242389,0.06490571874696069,False,CLOSE,US500,1475049
2020-04-20,1.0,-0.01065111102663453,-0.010059330204716721,0.04642991328929669,False,CLOSE,US100,1475071
2020-04-21,1.0,0.019956067058379368,0.020547847880297176,0.049808972989480296,False,CLOSE,US100,1475073
2020-04-23,1.0,0.0015460846305255134,0.0021378654524433216,0.04498050842985577,False,CLOSE,US100,1475077
2020-04-27,-1.0,-0.014202897749158918,-0.013830295009432891,0.03881849919835442,False,CLOSE,US500,1475085
2020-04-28,1.0,0.02158286657798846,0.022174647399906267,0.03817631937538262,False,CLOSE,US100,1475087
2020-04-29,-1.0,0.0047430504118186915,0.005115653151544719,0.03585068375871226,False,CLOSE,US500,1475089
2020-05-11,-1.0,-0.004782888359365548,-0.00441028561963952,0.030300280982351036,False,CLOSE,US500,1475113
2020-05-12,1.0,0.0018393816884576424,0.002431162510375451,0.032154375936703956,False,CLOSE,US100,1475115
2020-05-18,-1.0,0.0018308001624014775,0.0022034029021275048,0.03508464046785015,False,CLOSE,US500,1475127
2020-05-19,1.0,0.0110451496167152,0.011636930438633009,0.03186986859078991,False,CLOSE,US100,1475129
2020-05-21,1.0,-0.0024270172025057206,-0.0018352363805879124,0.03101883510617695,False,CLOSE,US100,1475133
2020-05-26,1.0,-0.0021198588981674697,-0.0015280780762496615,0.03001345715049877,False,CLOSE,US100,1475143
2020-06-11,1.0,0.02478987493791095,0.02538165575982876,0.02931542306934859,False,CLOSE,US500,1475175
2020-06-11,1.0,0.021072710196005085,0.021664491017922893,0.029654025944924823,False,CLOSE,US100,1475175
2020-06-26,1.0,-0.002016275504980568,-0.0010409330392271432,0.03508367389628603,False,CLOSE,US100,1475205
2020-07-02,1.0,0.011759437958383058,0.012926561246054291,0.029255205008967493,False,CLOSE,US100,1475217
2020-07-07,1.0,0.004747084336167651,0.00533886515808546,0.027800837163962852,False,CLOSE,US100,1475227
2020-07-13,1.0,-0.01068696567613726,-0.010095184854219452,0.03297913686488317,False,CLOSE,US100,1475239
2020-07-21,1.0,0.0013398201995600163,0.0019316010214778245,0.03284901877462603,False,CLOSE,US100,1475255
2020-07-23,1.0,-0.015978844487598575,-0.015387063665680767,0.035193815067727424,False,CLOSE,US100,1475259
2020-07-28,1.0,0.00559967018290174,0.006191451004819548,0.035533557112296776,False,CLOSE,US100,1475269
2020-08-11,1.0,0.00781716571275547,0.008408946534673278,0.02743732827079673,False,CLOSE,US100,1475297
2020-08-19,1.0,-0.0035614888748972777,-0.0029697080529794695,0.023004136816971447,False,CLOSE,US100,1475313
2020-09-08,1.0,0.020486188922160354,0.021077969744078162,0.03948737761111746,False,CLOSE,US100,1475353
2020-09-08,1.0,0.01243281469835521,0.013024595520273019,0.023665896794533084,False,CLOSE,US500,1475353
2020-09-10,1.0,0.00605410832836183,0.006645889150279638,0.044145075603428834,False,CLOSE,US100,1475357
2020-09-16,1.0,-0.02630130216543781,-0.025709521343520003,0.04722528548253618,False,CLOSE,US100,1475369
2020-09-18,1.0,-0.01594572965266122,-0.014970387186907796,0.03304589110450405,False,CLOSE,US500,1475373
2020-09-21,1.0,0.004301880994209462,0.0048936618161272705,0.03560966075893206,False,CLOSE,US500,1475379
2020-09-23,1.0,-0.011077550685586034,-0.010485769863668226,0.05611856574033329,False,CLOSE,US100,1475383
2020-10-02,1.0,0.006425448964020143,0.007400791429773568,0.03701237729615432,False,CLOSE,US100,1475401
2020-10-06,1.0,0.009329437041614364,0.009921217863532172,0.03755613060961861,False,CLOSE,US100,1475409
2020-10-16,1.0,0.005887606945530977,0.0068629494112844025,0.029508811913495407,False,CLOSE,US100,1475429
2020-10-19,1.0,0.00208607613959998,0.0026778569615177883,0.032395858033608615,False,CLOSE,US100,1475435
2020-10-19,1.0,0.0036478704490208076,0.004239651270938616,0.02351439464003597,False,CLOSE,US500,1475435
2020-10-21,1.0,0.002434161029144278,0.003025941851062086,0.03161248759908099,False,CLOSE,US100,1475439
2020-10-28,1.0,0.0044144233287282016,0.00500620415064601,0.033609355449956656,False,CLOSE,US100,1475453
2020-10-28,1.0,0.0001737286654093124,0.0007655094873271207,0.024842369305504097,False,CLOSE,US500,1475453
2020-11-09,1.0,-0.012442248998890248,-0.01185046817697244,0.038893435171390565,False,CLOSE,US100,1475477
2020-11-18,1.0,-0.002556274612941844,-0.0019644937910240357,0.03479711431733956,False,CLOSE,US100,1475495
2020-11-20,1.0,0.0025716589321954095,0.0035470013979488346,0.031355492557451924,False,CLOSE,US100,1475499
2020-12-09,1.0,-0.007561526594878531,-0.006969745772960723,0.019870414697829002,False,CLOSE,US100,1475537
2020-12-14,1.0,0.006922176052752905,0.007513956874670713,0.014984484692961552,False,CLOSE,US500,1475547
2020-12-23,1.0,0.0002843015643016928,0.0008760823862195011,0.019002545162189126,False,CLOSE,US100,1475565
2021-01-11,1.0,-0.0004645791404389692,0.00012720168147883903,0.021290529840774765,False,CLOSE,US100,1475603
2021-01-14,1.0,-0.001291702427400631,-0.0006999216054828228,0.02110473879788763,False,CLOSE,US100,1475609
2021-01-27,1.0,0.004616140113999679,0.005207920935917487,0.01795678463999957,False,CLOSE,US500,1475635
2021-02-03,1.0,0.003820068567225155,0.004411849389142963,0.027673794463288742,False,CLOSE,US100,1475649
2021-02-22,1.0,-0.006715582398041386,-0.0061238015761235776,0.01376970596267427,False,CLOSE,US500,1475687
2021-02-22,1.0,-0.017463419638951382,-0.016871638817033574,0.02069483605413358,False,CLOSE,US100,1475687
2021-02-25,1.0,0.009062273149502465,0.009654053971420273,0.027940807829720388,False,CLOSE,US100,1475693
2021-03-02,1.0,-0.004140687679942034,-0.0035489068580242256,0.033095159664012705,False,CLOSE,US100,1475703
2021-03-03,1.0,-0.0018209682146654964,-0.0012291873927476882,0.03524178616675595,False,CLOSE,US100,1475705
2021-03-08,1.0,0.024513469287106283,0.02510525010902409,0.044869661702830396,False,CLOSE,US100,1475715
2021-03-10,1.0,0.015137497368798759,0.015729278190716567,0.046402814147221486,False,CLOSE,US100,1475719
2021-03-18,1.0,-0.0011367624754898935,-0.0005449816535720853,0.042786364292610485,False,CLOSE,US100,1475735
2021-03-23,1.0,0.003853043149680147,0.004444823971597955,0.03950501546624817,False,CLOSE,US100,1475745
2021-03-24,1.0,-0.006684138488890389,-0.006092357666972581,0.03847699888199698,False,CLOSE,US100,1475747
2021-04-14,1.0,0.008204390882804436,0.008796171704722244,0.021138156564303557,False,CLOSE,US100,1475789
2021-05-03,1.0,-0.008414971792779512,-0.007823190970861704,0.01987713200386281,False,CLOSE,US100,1475827
2021-05-05,1.0,-0.0014125738295903793,-0.0008207930076725711,0.02154384992741253,False,CLOSE,US100,1475831
2021-05-10,1.0,-0.019194199507711184,-0.018602418685793376,0.023934255021122598,False,CLOSE,US100,1475841
2021-05-12,1.0,0.003502867845691638,0.004094648667609446,0.016718609348646166,False,CLOSE,US500,1475845
2021-05-12,1.0,0.008969934550694603,0.009561715372612412,0.026301491113543813,False,CLOSE,US100,1475845
2021-05-18,1.0,-0.017847193843520636,-0.017255413021602828,0.028879030608106624,False,CLOSE,US100,1475857
2021-05-21,1.0,0.0062417119007272545,0.00721705436648068,0.02995008356044212,False,CLOSE,US100,1475863
2021-05-27,1.0,0.003133327258042041,0.003725108079959849,0.025591674143826588,False,CLOSE,US100,1475875
2021-05-28,1.0,0.0029354267956446037,0.004102550083315837,0.023598866348434284,False,CLOSE,US100,1475877
2021-06-09,1.0,0.00044717538230320056,0.0010389562042210088,0.017345080149326078,False,CLOSE,US100,1475901
2021-06-18,1.0,0.003555758456083081,0.004531100921836506,0.011178999050977273,False,CLOSE,US500,1475919
2021-07-16,1.0,-0.010902801869336396,-0.009927459403582972,0.015694017802242888,False,CLOSE,US100,1475975
2021-07-16,1.0,-0.01291500759465841,-0.011939665128904986,0.011649723851407529,False,CLOSE,US500,1475975
2021-07-19,1.0,0.0010790488961132001,0.0016708297180310083,0.013760623493625066,False,CLOSE,US500,1475981
2021-08-18,1.0,-0.006085960634363962,-0.005494179812446154,0.015044644793037836,False,CLOSE,US100,1476041
2021-08-18,1.0,-0.007217763382896935,-0.006625982560979127,0.010270744294572736,False,CLOSE,US500,1476041
2021-08-26,1.0,0.0011532407666709939,0.001745021588588802,0.015264982910380682,False,CLOSE,US100,1476057
2021-09-01,1.0,0.003060410792035329,0.0036521916139531374,0.015109432437407429,False,CLOSE,US100,1476069
2021-09-09,1.0,0.003996515021827286,0.004588295843745094,0.009130208550901828,False,CLOSE,US500,1476085
2021-09-09,1.0,0.004046348862373195,0.004638129684291004,0.01275367267958395,False,CLOSE,US100,1476085
2021-09-10,1.0,0.0053977850536975356,0.006373127519450961,0.01328934783108705,False,CLOSE,US100,1476087
2021-09-10,1.0,0.0062083970754892035,0.007183739541242629,0.009727126637520934,False,CLOSE,US500,1476087
2021-09-20,1.0,0.0051448277135006555,0.005736608535418464,0.014566198656295458,False,CLOSE,US500,1476107
2021-09-21,1.0,0.004989095122383647,0.0055808759443014555,0.015389180606344532,False,CLOSE,US500,1476109
2021-09-28,1.0,0.0030207489437987685,0.0036125297657165767,0.023496470797163882,False,CLOSE,US100,1476123
2021-09-29,1.0,0.004111843762015333,0.004703624583933141,0.02407280643830397,False,CLOSE,US100,1476125
2021-09-30,1.0,0.0011962623784105182,0.0017880432003283264,0.024121570009728477,False,CLOSE,US100,1476127
2021-09-30,1.0,0.003695704465360484,0.004287485287278292,0.02030571854207223,False,CLOSE,US500,1476127
2021-10-08,1.0,-0.005349983746271102,-0.004374641280517677,0.02495827209603653,False,CLOSE,US100,1476143
2021-10-11,1.0,0.0035653995679076796,0.004157180389825488,0.02547404702686259,False,CLOSE,US100,1476149
2021-10-12,1.0,0.006044484515236082,0.0066362653371538904,0.02518519884412282,False,CLOSE,US100,1476151
2021-10-27,1.0,0.00453973439969645,0.005131515221614258,0.016858107809916114,False,CLOSE,US100,1476181
2021-11-11,1.0,0.00242932865176514,0.003021109473682948,0.017569530215523217,False,CLOSE,US100,1476211
2021-11-22,1.0,-0.003572008307250695,-0.002980227485332887,0.018358880535222985,False,CLOSE,US100,1476233
2021-11-26,1.0,0.01101324588133107,0.011988588347084495,0.02088350801591218,False,CLOSE,US100,1476241
2021-11-26,1.0,0.010136555523456327,0.011111897989209751,0.013450896404191833,False,CLOSE,US500,1476241
2021-12-01,1.0,-0.004001510825426335,-0.0034097300035085265,0.025839116508000352,False,CLOSE,US100,1476251
2021-12-09,1.0,0.006748050503750037,0.007339831325667845,0.03275264231670382,False,CLOSE,US100,1476267
2021-12-13,1.0,-0.013236465613629466,-0.012644684791711658,0.03241103861639088,False,CLOSE,US100,1476275
2021-12-16,1.0,-0.009665343571631412,-0.009073562749713604,0.036363295776789976,False,CLOSE,US100,1476281
2021-12-30,1.0,-0.002315252491332586,-0.0017234716694147778,0.026505318204591503,False,CLOSE,US100,1476309
2021-12-31,1.0,0.0020407392383866027,0.003016081704140028,0.02635039234507157,False,CLOSE,US100,1476311
2022-01-05,1.0,-0.005457849843273587,-0.004866069021355779,0.026696520030402834,False,CLOSE,US100,1476321
2022-01-05,1.0,-0.0016378102165105594,-0.0010460293945927512,0.017661624275065027,False,CLOSE,US500,1476321
2022-01-06,1.0,-0.0005704471711498564,2.1333650767951795e-05,0.017071068835962957,False,CLOSE,US500,1476323
2022-01-07,1.0,-0.008248590598366854,-0.00727324813261343,0.016631514148849776,False,CLOSE,US500,1476325
2022-01-10,1.0,-0.001193388637521841,-0.0006016078156040328,0.016827145471246654,False,CLOSE,US500,1476331
2022-01-13,1.0,-0.00744962345585155,-0.006857842633933742,0.02876737153161516,False,CLOSE,US100,1476337
2022-01-18,1.0,0.003726505995589314,0.004318286817507122,0.030851858540923267,False,CLOSE,US100,1476347
2022-01-18,1.0,0.0030007772973765674,0.0035925581192943756,0.019196969675534102,False,CLOSE,US500,1476347
2022-01-19,1.0,0.003835469038884199,0.004427249860802007,0.020705220973822953,False,CLOSE,US500,1476349
2022-01-19,1.0,0.008439864975045886,0.009031645796963694,0.03252177706934546,False,CLOSE,US100,1476349
2022-01-20,1.0,-0.00325533384121025,-0.0026635530192924417,0.023553469019602438,False,CLOSE,US500,1476351
2022-03-17,-1.0,0.0035027376469140307,0.003875340386640058,0.03262363211480085,False,CLOSE,US500,1476463
2022-05-26,-1.0,-0.006787541797999533,-0.0064149390582735055,0.03994303135355784,False,CLOSE,US500,1476603
2022-05-27,-1.0,0.003827867165986852,0.004118278124890962,0.037755224788537683,False,CLOSE,US500,1476605
2022-06-24,-1.0,-0.0028046939080194496,-0.002486885688841367,0.03758861652731793,False,CLOSE,US500,1476661
2022-07-07,-1.0,0.004048999338475387,0.004421602078201414,0.032439755668788484,False,CLOSE,US500,1476687
2022-07-21,-1.0,-0.0006985965530862088,-0.0003259938133601814,0.027283398285506116,False,CLOSE,US500,1476715
2022-07-29,-1.0,0.006575701920102885,0.006893510139280967,0.027431325753822913,False,CLOSE,US500,1476731
2022-08-12,-1.0,0.005137931213932203,0.005455739433110285,0.022467147723812687,False,CLOSE,US500,1476759
2022-08-15,-1.0,0.002262139302936203,0.0026347420426622303,0.0221451123936153,False,CLOSE,US500,1476765
2022-09-09,-1.0,-0.005679322519943118,-0.005361514300765036,0.0270307263995813,False,CLOSE,US500,1476815
2022-09-12,-1.0,0.021867618174037845,0.022240220913763875,0.0255414747894429,False,CLOSE,US500,1476821
2022-10-25,-1.0,0.008200416986445722,0.008573019726171749,0.03533668146226503,False,CLOSE,US500,1476907
2022-11-23,-1.0,0.0011209995806199463,0.0014662050600720011,0.025498446389774148,False,CLOSE,US500,1476965
2023-02-08,1.0,0.014094400815839226,0.014686181637757034,0.03486353297888078,False,CLOSE,US100,1477119
2023-02-09,1.0,-0.007884357271373942,-0.007292576449456134,0.03550112745405677,False,CLOSE,US100,1477121
2023-02-16,1.0,-0.007944347721948086,-0.007352566900030277,0.03460502830683579,False,CLOSE,US100,1477135
2023-02-21,1.0,0.00048578549590926404,0.0010775663178270722,0.02413525355792936,False,CLOSE,US500,1477145
2023-02-21,1.0,0.001414774048605228,0.0020065548705230363,0.03627181300465398,False,CLOSE,US100,1477145
2023-02-22,1.0,0.00698571674099412,0.007577497562911928,0.022230235085413212,False,CLOSE,US500,1477147
2023-02-27,1.0,-0.002769150902339989,-0.0021773700804221807,0.030848132812559614,False,CLOSE,US100,1477157
2023-02-28,1.0,-0.0016136158867542487,-0.0010218350648364405,0.028862443386596576,False,CLOSE,US100,1477159
2023-03-06,1.0,-0.0004251366987018217,0.00016664412321598654,0.02666608411703092,False,CLOSE,US100,1477171
2023-03-07,1.0,0.0008595035500011845,0.0014512843719189927,0.02644767159135672,False,CLOSE,US100,1477173
2023-03-09,1.0,-1.0985694537623463e-05,0.0005807951273801848,0.027395303747549907,False,CLOSE,US100,1477177
2023-03-09,1.0,-0.0020475625179147243,-0.001455781695996916,0.021521122812291824,False,CLOSE,US500,1477177
2023-03-22,1.0,0.011821807934445861,0.01241358875636367,0.03227577023969379,False,CLOSE,US100,1477203
2023-03-27,1.0,-0.002502687785662993,-0.0019109069637451848,0.032341451271609784,False,CLOSE,US100,1477213
2023-04-12,1.0,0.005126246348150055,0.005718027170067863,0.023116632471540596,False,CLOSE,US100,1477245
2023-04-25,1.0,0.0009842330729763378,0.001576013894894146,0.01382557201111359,False,CLOSE,US500,1477271
2023-04-25,1.0,0.01053775898590813,0.011129539807825939,0.021923515862642393,False,CLOSE,US100,1477271
2023-04-26,1.0,0.00593720689962195,0.0065289877215397585,0.014212940825490263,False,CLOSE,US500,1477273
2023-04-26,1.0,0.011688994246843876,0.012280775068761685,0.021774206017249987,False,CLOSE,US100,1477273
2023-05-03,1.0,-0.0013168732466372172,-0.000725092424719409,0.021327980432802048,False,CLOSE,US100,1477287
2023-05-04,1.0,0.00873860753888377,0.009330388360801578,0.016267264353618402,False,CLOSE,US500,1477289
2023-05-23,1.0,-0.006561207028974236,-0.0059694262070564275,0.017323670149885975,False,CLOSE,US100,1477327
2023-05-24,1.0,0.008287113983753692,0.0088788948056715,0.015124430022038417,False,CLOSE,US500,1477329
2023-06-07,1.0,0.00026821741180181943,0.0008599982337196277,0.02289247342772179,False,CLOSE,US100,1477357
2023-06-16,1.0,-0.005184162965693483,-0.0040170396780222495,0.02159277543010605,False,CLOSE,US100,1477375
2023-06-21,1.0,-0.004101063304933438,-0.00350928248301563,0.022148438730580294,False,CLOSE,US100,1477385
2023-06-26,1.0,0.003797513593146496,0.004389294415064304,0.02377553338997443,False,CLOSE,US100,1477395
2023-07-07,1.0,-0.0017397379496387187,-0.000764395483885294,0.020748299523967218,False,CLOSE,US100,1477417
2023-07-14,1.0,0.0009503988920603348,0.0019257413578137594,0.01957326330828671,False,CLOSE,US100,1477431
2023-07-20,1.0,0.005831251059089205,0.006423031881007013,0.0207340975129654,False,CLOSE,US100,1477443
2023-07-21,1.0,0.0016602466659554904,0.0026355891317089153,0.020240246254111943,False,CLOSE,US100,1477445
2023-07-27,1.0,0.010347749923456096,0.010939530745373904,0.021723258708383347,False,CLOSE,US100,1477457
2023-08-03,1.0,0.0035967035602597515,0.00418848438217756,0.012704194807636786,False,CLOSE,US500,1477471
2023-08-04,1.0,0.003970264833444371,0.004945607299197796,0.023111016945010783,False,CLOSE,US100,1477473
2023-08-04,1.0,0.0032770421582475904,0.0042523846240010155,0.013668340499415666,False,CLOSE,US500,1477473
2023-08-09,1.0,0.00772547948363166,0.008317260305549468,0.02183280887746144,False,CLOSE,US100,1477483
2023-08-15,1.0,-0.0020928362272942917,-0.0015010554053764835,0.023480104876958924,False,CLOSE,US100,1477495
2023-08-16,1.0,0.0033251004656395973,0.0039168812875574055,0.022428090220239755,False,CLOSE,US100,1477497
2023-08-16,1.0,0.0028657273356116238,0.003457508157529432,0.015879884352785426,False,CLOSE,US500,1477497
2023-08-17,1.0,-0.007284659940912441,-0.006692879118994632,0.016097580452609866,False,CLOSE,US500,1477499
2023-08-17,1.0,-0.009850470097817931,-0.009258689275900123,0.02215286416507657,False,CLOSE,US100,1477499
2023-08-22,1.0,0.002710688869449685,0.0033024696913674934,0.021815992464796916,False,CLOSE,US100,1477509
2023-08-24,1.0,0.0017613216673746275,0.0023531024892924357,0.024265971906906433,False,CLOSE,US100,1477513
2023-09-07,1.0,-0.000479486533498285,0.00011229428841952327,0.015421726526142304,False,CLOSE,US500,1477541
2023-09-12,1.0,5.207982963372279e-05,0.000643860651551531,0.022012664549341237,False,CLOSE,US100,1477551
2023-09-15,1.0,-0.0035517547867840995,-0.0025764123210306744,0.019246532083897767,False,CLOSE,US100,1477557
2023-09-20,1.0,-0.007294244780312053,-0.006702463958394245,0.012603449640176336,False,CLOSE,US500,1477567
2023-09-20,1.0,-0.010851363951587822,-0.010259583129670014,0.018765493070923303,False,CLOSE,US100,1477567
2023-09-21,1.0,0.0018653513332436038,0.0024571321551614123,0.013994849179195294,False,CLOSE,US500,1477569
2023-09-21,1.0,0.004354122153287444,0.004945902975205252,0.02031161658533765,False,CLOSE,US100,1477569
2023-09-22,1.0,-0.003879459440797094,-0.002904116975043669,0.014059749826059197,False,CLOSE,US500,1477571
2023-09-22,1.0,-0.0037133375310089414,-0.0027379950652555163,0.020149182291988955,False,CLOSE,US100,1477571
2023-10-03,1.0,0.0005469488364191373,0.0011387296583369455,0.018509231439324408,False,CLOSE,US500,1477593
2023-10-13,1.0,0.002692944137322518,0.003668286603075943,0.025624196674001995,False,CLOSE,US100,1477613
2023-10-19,1.0,-0.002008737416483563,-0.0014169565945657547,0.025889045888959877,False,CLOSE,US100,1477625
2023-10-19,1.0,-0.001646958679804699,-0.0010551778578868909,0.020894422605126448,False,CLOSE,US500,1477625
2023-10-20,1.0,-0.004754173236324154,-0.003778830770570729,0.026556076602026475,False,CLOSE,US100,1477627
2023-10-20,1.0,-0.004726774390158394,-0.0037514319244049688,0.021490152483184016,False,CLOSE,US500,1477627
2023-10-23,1.0,0.00461686179957942,0.005208642621497228,0.02138986806460031,False,CLOSE,US500,1477633
2023-10-25,1.0,-0.004074049852935923,-0.003482269031018115,0.027820922179744155,False,CLOSE,US100,1477637
2023-10-26,1.0,0.0074684181239090715,0.00806019894582688,0.027404553864194246,False,CLOSE,US100,1477639
2023-11-09,1.0,0.004136976484825795,0.004728757306743603,0.02303133376439475,False,CLOSE,US100,1477667
2023-11-29,1.0,0.00010081129867288771,0.000692592120590696,0.01672792967139682,False,CLOSE,US100,1477707
2023-12-06,1.0,0.007251340697848486,0.007843121519766294,0.016108295409487276,False,CLOSE,US100,1477721
2023-12-20,1.0,0.009282398444039764,0.009874179265957572,0.018241857320685912,False,CLOSE,US100,1477749
2023-12-28,1.0,-0.0006403014582573412,-4.852063633953296e-05,0.014625823120731426,False,CLOSE,US100,1477765
2024-01-03,1.0,-0.005336729514337401,-0.004744948692419593,0.016525560364491116,False,CLOSE,US100,1477777
2024-01-03,1.0,-0.0016370634875190297,-0.0010452826656012215,0.01290518792086633,False,CLOSE,US500,1477777
2024-01-04,1.0,-0.0001626057624188986,0.00042917505949890966,0.01603092219876749,False,CLOSE,US100,1477779
2024-01-04,1.0,-0.00014241957134554164,0.0004493612505722666,0.012322498101225727,False,CLOSE,US500,1477779
2024-01-17,1.0,0.003049922351084911,0.0036417031730027194,0.012683625417116737,False,CLOSE,US500,1477805
2024-01-22,1.0,0.0010679994964668434,0.0016597803183846516,0.02002722704070121,False,CLOSE,US100,1477815
2024-01-24,1.0,0.005349506775402125,0.005941287597319933,0.018707182553884562,False,CLOSE,US100,1477819
2024-01-31,1.0,0.0037730339654631247,0.004364814787380933,0.019030195348562727,False,CLOSE,US100,1477833
2024-02-12,1.0,-0.01910620987351076,-0.01851442905159295,0.017710297093082965,False,CLOSE,US100,1477857
2024-02-16,1.0,-0.005858828568688267,-0.0046917052810170334,0.019033773584915436,False,CLOSE,US100,1477865
2024-02-26,1.0,0.001973732394364703,0.002565513216282511,0.01942344147040559,False,CLOSE,US100,1477885
2024-03-04,1.0,-0.007528346687678555,-0.0069365658657607465,0.018915710357511765,False,CLOSE,US100,1477899
2024-03-08,1.0,-0.004414616103823154,-0.0034392736380697286,0.021727799348823903,False,CLOSE,US100,1477907
2024-03-15,1.0,0.011446672999143205,0.01242201546489663,0.020602892211806435,False,CLOSE,US100,1477921
2024-03-18,1.0,-0.005231883901425493,-0.004640103079507685,0.021568373045639237,False,CLOSE,US100,1477927
2024-03-21,1.0,-0.0017582314150842542,-0.001166450593166446,0.021484775530557425,False,CLOSE,US100,1477933
2024-03-26,1.0,0.006446091561928647,0.007037872383846455,0.019777497506471176,False,CLOSE,US100,1477943
2024-03-28,1.0,0.0009950218097395174,0.0021621450974107503,0.016946162094740754,False,CLOSE,US100,1477947
2024-04-04,1.0,0.0021173764510851074,0.0027091572730029156,0.012752007632333801,False,CLOSE,US500,1477961
2024-04-04,1.0,0.002715877464215078,0.0033076582861328863,0.019013397283403788,False,CLOSE,US100,1477961
2024-04-15,1.0,0.00037939273810837573,0.0009711735600261839,0.017887888771950116,False,CLOSE,US500,1477983
2024-04-15,1.0,-0.0009628229885128119,-0.00037104216659500366,0.022554067518274525,False,CLOSE,US100,1477983
2024-04-16,1.0,0.004412894908907495,0.005004675730825303,0.018156768076820592,False,CLOSE,US500,1477985
2024-04-17,1.0,0.000934721126158989,0.0015265019480767972,0.02371868880643064,False,CLOSE,US100,1477987
2024-04-17,1.0,0.00226531491400327,0.002857095735921078,0.01884278595464672,False,CLOSE,US500,1477987
2024-04-18,1.0,-0.0034024580308222967,-0.0028106772089044885,0.024720228172736843,False,CLOSE,US100,1477989
2024-04-18,1.0,-0.0007519927452854895,-0.0001602119233676813,0.019683845517534982,False,CLOSE,US500,1477989
2024-04-19,1.0,0.0054397360259890734,0.0064150784917424986,0.02674892616028921,False,CLOSE,US100,1477991
2024-04-19,1.0,0.0044167762385567974,0.0053921187043102226,0.020547414519401147,False,CLOSE,US500,1477991
2024-04-30,1.0,-0.003983257655998506,-0.0033914768340806978,0.026634979864686745,False,CLOSE,US100,1478013
2024-05-01,1.0,0.00837582222516663,0.008967603047084438,0.027111112541983607,False,CLOSE,US100,1478015
2024-05-16,1.0,-0.00030425214715369345,0.0002875286747641148,0.017290595430471862,False,CLOSE,US100,1478045
2024-05-30,1.0,0.0012835775867176998,0.001875358408635508,0.011296376391748188,False,CLOSE,US500,1478073
2024-06-24,1.0,0.0038600522551817014,0.00445183307709951,0.01671075505775389,False,CLOSE,US100,1478123
2024-06-28,1.0,0.0009657725356407311,0.0019411150013941558,0.016786446102930248,False,CLOSE,US100,1478131
2024-07-11,1.0,0.0005870573035659972,0.0011788381254838054,0.01720275705528059,False,CLOSE,US100,1478157
2024-07-17,1.0,0.007212770923999513,0.007804551745917321,0.02113632414398667,False,CLOSE,US100,1478169
2024-07-19,1.0,0.006328993183800481,0.007304335649553906,0.013989308589220657,False,CLOSE,US500,1478173
2024-07-19,1.0,0.011481470111391058,0.012456812577144483,0.02247507924261964,False,CLOSE,US100,1478173
2024-07-23,1.0,-0.014740144786940978,-0.01414836396502317,0.022091962779810424,False,CLOSE,US100,1478181
2024-07-24,1.0,0.00014199632219601474,0.000733777144113823,0.02595674372413056,False,CLOSE,US100,1478183
2024-07-24,1.0,-0.0003701062652350478,0.00022167455668276048,0.016432826560261113,False,CLOSE,US500,1478183
2024-07-25,1.0,0.006596249497756269,0.007188030319674077,0.017728811743446097,False,CLOSE,US500,1478185
2024-08-01,1.0,-0.019671050117102695,-0.019079269295184886,0.03450919094996793,False,CLOSE,US100,1478199
2024-08-05,1.0,0.002964708547494855,0.003556489369412663,0.02954319273101521,False,CLOSE,US500,1478207
2024-08-07,1.0,0.01387573327267132,0.014467514094589129,0.044208079297574414,False,CLOSE,US100,1478211
2024-08-22,1.0,0.008653293109211136,0.009245073931128944,0.03228164815372375,False,CLOSE,US100,1478241
2024-08-29,1.0,0.008714324604505597,0.009306105426423406,0.024769950373555852,False,CLOSE,US100,1478255
2024-09-03,1.0,-0.00739118671052531,-0.0067994058886075015,0.026627375715957996,False,CLOSE,US100,1478265
2024-09-06,1.0,0.006963902661052458,0.007939245126805883,0.01952667112992173,False,CLOSE,US500,1478271
2024-09-06,1.0,0.008764251804330327,0.009739594270083751,0.028268009206729252,False,CLOSE,US100,1478271
2024-09-18,1.0,0.023101689234564782,0.02369347005648259,0.027801609910371835,False,CLOSE,US100,1478295
2024-10-17,1.0,0.0051282012393931604,0.005719982061310969,0.019289013859732772,False,CLOSE,US100,1478353
2024-10-23,1.0,0.0028511647151050375,0.0034429455370228457,0.013111441203912479,False,CLOSE,US500,1478365
2024-10-25,1.0,0.00536397794011806,0.006339320405871485,0.018613494730189563,False,CLOSE,US100,1478369
2024-10-28,1.0,5.428761932123669e-05,0.0006460684412390449,0.01764373832799442,False,CLOSE,US100,1478375
2024-10-30,1.0,-0.008650172847351933,-0.008058392025434125,0.017876552140716654,False,CLOSE,US100,1478379
2024-10-31,1.0,0.0041210901466104295,0.004712870968528238,0.013907297172518067,False,CLOSE,US500,1478381
2024-10-31,1.0,0.0028184411747475997,0.003410221996665408,0.02020179360991719,False,CLOSE,US100,1478381
2024-11-14,1.0,-0.011895275249578573,-0.011303494427660765,0.01935856033387436,False,CLOSE,US100,1478409
2024-11-15,1.0,-0.00017279171780221078,0.000802550747951214,0.016537404680143197,False,CLOSE,US500,1478411
2024-12-05,1.0,0.0006921332545364207,0.001283914076454229,0.018364706456729257,False,CLOSE,US100,1478451
2024-12-12,1.0,0.006929458949502799,0.007521239771420607,0.015624777259299873,False,CLOSE,US100,1478465
2024-12-18,1.0,0.00807277984886844,0.008664560670786248,0.01193361662428859,False,CLOSE,US500,1478477
2024-12-18,1.0,0.008547175886438819,0.009138956708356627,0.019938254226042007,False,CLOSE,US100,1478477
2024-12-19,1.0,-0.007846085694932291,-0.007254304873014483,0.02062965432220594,False,CLOSE,US100,1478479
2024-12-19,1.0,-0.0046386353472947055,-0.004046854525376897,0.01241805714932536,False,CLOSE,US500,1478479
2024-12-31,1.0,0.00522145677375232,0.006005018417587937,0.026730353452618587,False,CLOSE,US100,1478503
2024-12-31,1.0,0.004863852497405419,0.005647414141241036,0.019924478133159965,False,CLOSE,US500,1478503
2025-01-02,1.0,0.0043516240153700265,0.004943404837287835,0.020893320418456356,False,CLOSE,US500,1478507
2025-01-07,1.0,-0.0007859091656982169,-0.00019412834378040866,0.029280438963455967,False,CLOSE,US100,1478517
2025-01-16,1.0,0.018450074710796505,0.019041855532714314,0.02711356588151896,False,CLOSE,US100,1478535
2025-01-31,1.0,-0.017862509275703153,-0.016887166809949727,0.02572873187507111,False,CLOSE,US100,1478565
2025-02-07,1.0,0.0072476374274373385,0.008222979893190763,0.02419786157161656,False,CLOSE,US100,1478579
2025-02-21,1.0,0.0024916185774564456,0.0034669610432098708,0.014512161076817888,False,CLOSE,US500,1478607
2025-02-21,1.0,0.0024462851435545505,0.0034216276093079756,0.019659525663131568,False,CLOSE,US100,1478607
2025-02-24,1.0,-0.0006923018602644875,-0.00010052103834667925,0.013719168459630837,False,CLOSE,US500,1478613
2025-02-24,1.0,-0.0018037406559721185,-0.0012119598340543103,0.019544000061153238,False,CLOSE,US100,1478613
2025-02-25,1.0,0.0022521603752691972,0.0028439411971870054,0.014384549403657486,False,CLOSE,US500,1478615
2025-02-26,1.0,0.0032934939854638474,0.0038852748073816556,0.014725109353209604,False,CLOSE,US500,1478617
2025-02-27,1.0,0.00028007199491807475,0.000871852816835883,0.016712896252912248,False,CLOSE,US500,1478619
2025-02-27,1.0,-0.0008716920817231182,-0.00027991125980530995,0.02465311729179476,False,CLOSE,US100,1478619
2025-03-03,1.0,-0.006365715423134587,-0.005773934601216779,0.027822021375308363,False,CLOSE,US100,1478627
2025-04-24,-1.0,-0.0002994723744905421,7.313036523548533e-05,0.06375774103511811,False,CLOSE,US500,1478731
2025-04-25,-1.0,-0.0016798742516665336,-0.0013620660324884515,0.05857600753771626,False,CLOSE,US500,1478733
2025-04-28,-1.0,0.00314938144351565,0.0035219841832416776,0.05216614400012546,False,CLOSE,US500,1478739
2025-04-29,-1.0,0.011804279293198525,0.012176882032924552,0.04624974057829013,False,CLOSE,US500,1478741
2025-04-30,-1.0,-0.010885809237861501,-0.010513206498135474,0.03839284111020487,False,CLOSE,US500,1478743
2025-05-01,-1.0,-0.011581729816681898,-0.011209127076955872,0.03241126952907841,False,CLOSE,US500,1478745
2025-05-02,-1.0,0.00707507846356721,0.007392886682745292,0.03071785345379835,False,CLOSE,US500,1478747
2025-05-21,1.0,0.0006167795429516849,0.0012085603648694931,0.02412510782911786,False,CLOSE,US100,1478785
2025-05-21,1.0,-0.0009348843091754426,-0.0003431034872576344,0.019549565344075398,False,CLOSE,US500,1478785
2025-05-23,1.0,0.010851435334713423,0.012018558622384656,0.019256195624078834,False,CLOSE,US500,1478789
2025-05-28,1.0,0.013707395365798004,0.014299176187715812,0.023990574400960793,False,CLOSE,US100,1478799
2025-07-15,1.0,0.00041426442996693805,0.0010060452518847462,0.013644980737515314,False,CLOSE,US100,1478895
2025-07-29,1.0,0.001030191817594995,0.0016219726395128031,0.012492335523948742,False,CLOSE,US100,1478923
2025-07-31,1.0,-0.01152962124392799,-0.010937840422010181,0.014066714181800118,False,CLOSE,US100,1478927
2025-07-31,1.0,-0.009736237820518922,-0.009144456998601114,0.01072817644905401,False,CLOSE,US500,1478927
2025-08-01,1.0,0.005378026036999385,0.00635336850275281,0.012532054893959914,False,CLOSE,US500,1478929
2025-08-05,1.0,0.0009074679500948764,0.0014992487720126846,0.016488182780462657,False,CLOSE,US100,1478937
2025-08-19,1.0,-0.002260555207575076,-0.0016687743856572679,0.018771849102001067,False,CLOSE,US100,1478965
2025-08-19,1.0,-0.001232406440937816,-0.0006406256190200077,0.01418562006591164,False,CLOSE,US500,1478965
2025-08-20,1.0,-0.003459594977155766,-0.0028678141552379577,0.013850646968842143,False,CLOSE,US500,1478967
2025-08-21,1.0,0.0028853800785994983,0.0034771609005173065,0.01247516492398233,False,CLOSE,US500,1478969
2025-10-10,1.0,0.010708862519736519,0.011684204985489943,0.013642662689894815,False,CLOSE,US500,1479069
2025-10-10,1.0,0.01629357172333351,0.017268914189086937,0.018473302111433023,False,CLOSE,US100,1479069
2025-10-30,1.0,0.012378461073996084,0.012970241895913892,0.02258891904169279,False,CLOSE,US100,1479109
2025-11-04,1.0,-0.0018191091636646887,-0.0012273283417468805,0.02140780063780623,False,CLOSE,US100,1479119
2025-11-06,1.0,-0.0060849029711432905,-0.005493122149225482,0.02174666727815996,False,CLOSE,US100,1479123
2025-11-13,1.0,-0.01513826669784991,-0.014546485875932103,0.02480453609182183,False,CLOSE,US100,1479137
2025-11-17,1.0,-0.005954860333991185,-0.0053630795120733765,0.018851058074476384,False,CLOSE,US500,1479145
2025-11-18,1.0,0.00046880194060493555,0.0010605827625227437,0.01949441119957072,False,CLOSE,US500,1479147
2025-11-20,1.0,0.003270017263616188,0.003861798085533996,0.02281669134522655,False,CLOSE,US500,1479151
2025-11-20,1.0,0.002481615047224873,0.003073395869142681,0.03293477439099959,False,CLOSE,US100,1479151
2025-12-12,1.0,0.006765504752180241,0.007740847217933666,0.0204849646504656,False,CLOSE,US100,1479195
2025-12-15,1.0,-0.004326156717439977,-0.0037343758955221684,0.01927039491514439,False,CLOSE,US100,1479201
2025-12-17,1.0,0.015047516864479239,0.015639297686397047,0.019547356131276596,False,CLOSE,US100,1479205
2025-12-17,1.0,0.0086427301619456,0.009234510983863409,0.01290053982134166,False,CLOSE,US500,1479205
2025-12-30,1.0,-0.00023663603079150322,0.00035514479112630504,0.01823244661158814,False,CLOSE,US100,1479231
2025-12-31,1.0,0.008576515667843478,0.009360077311679094,0.017983361382445717,False,CLOSE,US100,1479233
2025-12-31,1.0,0.004774397916909945,0.005557959560745562,0.012747216166529598,False,CLOSE,US500,1479233
2026-01-15,1.0,0.005391003404130446,0.0059827842260482544,0.016843965794026892,False,CLOSE,US100,1479263
2026-01-20,1.0,0.00246312716056284,0.003054907982480648,0.012918902606412371,False,CLOSE,US500,1479273
2026-01-20,1.0,0.0017271360001025367,0.002318916822020345,0.019667971263014304,False,CLOSE,US100,1479273
2026-02-05,1.0,0.005075126471262726,0.005666907293180534,0.017769159119255504,False,CLOSE,US500,1479305
2026-02-10,1.0,0.007438024556007273,0.008029805377925081,0.02517407286380987,False,CLOSE,US100,1479315
2026-02-12,1.0,-0.00094152808886162,-0.00034974726694381175,0.0279719308325293,False,CLOSE,US100,1479319
2026-02-12,1.0,2.4594647646026342e-05,0.0006163754695638346,0.019263940756514813,False,CLOSE,US500,1479319
2026-03-03,1.0,0.0013189030374847095,0.0019106838594025177,0.020235468335492224,False,CLOSE,US500,1479357
2026-03-06,1.0,-0.009883808536469139,-0.008908466070715715,0.02003494347375033,False,CLOSE,US500,1479363
2026-03-06,1.0,-0.010179166497767454,-0.00920382403201403,0.02574463049950088,False,CLOSE,US100,1479363
2026-03-12,1.0,0.004227757712104586,0.004819538534022394,0.022602575174187105,False,CLOSE,US500,1479375
2026-03-12,1.0,0.0035437365244765824,0.004135517346394391,0.02728707615695301,False,CLOSE,US100,1479375
2026-03-13,1.0,0.009669456608136397,0.010644799073889821,0.027678956545345273,False,CLOSE,US100,1479377
2026-03-13,1.0,0.008220050724230323,0.009195393189983747,0.022949639468452705,False,CLOSE,US500,1479377
2026-03-18,1.0,-0.009652309547199544,-0.009060528725281736,0.02645163020002082,False,CLOSE,US100,1479387
2026-04-06,-1.0,0.0030875091812596926,0.00346011192098572,0.02358708377218336,False,CLOSE,US500,1479425
2026-04-07,-1.0,-0.02641865363931925,-0.02604605089959322,0.024089454178435173,False,CLOSE,US500,1479427
2026-06-05,1.0,0.0069020786534404474,0.007877421119193873,0.014532696554202161,False,CLOSE,US500,1479545
2026-06-05,1.0,0.017108363975651353,0.01808370644140478,0.02499939855709719,False,CLOSE,US100,1479545
2026-06-10,1.0,0.003998641424087557,0.004590422246005366,0.01800412937627613,False,CLOSE,US500,1479555
2026-06-10,1.0,0.007481001615960093,0.008072782437877901,0.03151472879260894,False,CLOSE,US100,1479555
2026-06-16,1.0,0.006711063509162275,0.007302844331080083,0.03522890280095203,False,CLOSE,US100,1479567
2026-06-17,1.0,0.019740140118287498,0.020331920940205306,0.03627535844533112,False,CLOSE,US100,1479569
2026-06-23,1.0,0.0018183510081670633,0.0024101318300848718,0.04163444768116811,False,CLOSE,US100,1479581
2026-07-01,1.0,-2.6296280107206886e-05,0.0005654845418106014,0.035730015870931026,False,CLOSE,US100,1479597
2026-07-13,1.0,0.011322705777051956,0.011914486598969765,0.033866238576625164,False,CLOSE,US100,1479621
2026-07-20,1.0,0.005067861745677849,0.005659642567595657,0.014775818251300837,False,CLOSE,US500,1479635
2026-07-20,1.0,0.01450752153089362,0.015099302352811428,0.030570069744818434,False,CLOSE,US100,1479635
2026-07-24,1.0,0.009912828767682015,0.01088817123343544,0.02882334734603678,False,CLOSE,US100,1479643
2026-07-29,1.0,0.019099087851155206,0.019690868673073014,0.031008017532453806,False,CLOSE,US100,1479653
2026-07-29,1.0,0.008442196675899395,0.009033977497817203,0.01581600199940038,False,CLOSE,US500,1479653
2026-08-05,1.0,-0.009625647144632443,-0.009033866322714634,0.0327074672367077,False,CLOSE,US100,1479667
2026-08-10,1.0,0.00276522701083003,0.003357007832747838,0.029647198926661768,False,CLOSE,US100,1479677
2026-08-12,1.0,0.0014118070955129076,0.002003587917430716,0.02850380661678764,False,CLOSE,US100,1479681
2026-08-17,1.0,-0.013826961039847496,-0.013235180217929687,0.02545902478783675,False,CLOSE,US100,1479691
2026-08-28,1.0,-0.002734108081300756,-0.0017587656155473308,0.01760065807592793,False,CLOSE,US100,1479713
2026-09-01,1.0,0.00028772944025389277,0.000879510262171701,0.010382629568327181,False,CLOSE,US500,1479721
2026-09-10,1.0,0.008499920546881413,0.009091701368799221,0.01061491031866613,False,CLOSE,US500,1479739
2026-09-15,1.0,0.004319262361842647,0.004911043183760455,0.01652904338835611,False,CLOSE,US100,1479749
2026-09-30,1.0,0.003112059779937216,0.003703840601855024,0.019924573789019073,False,CLOSE,US100,1479779
